auc,auc_abs,ap,tpr@1fpr,tpr@5fpr,tpr@1fpr_abs,poison_rate,auc_target_class,auc_target_class_abs,tpr@1fpr_target_class,tpr@1fpr_target_class_abs,auc_target_class_best,direction,tpr@1fpr_target_class_best,elimination_rate,sacrifice_rate,precision,recall,f1,n_removed,residual_poison_rate,attack,rate,hash,n_bits,family,threshold,detector,rule,t_hash_s,t_detect_s
0.40156242947368415,0.5317882568421053,0.038501900182170486,0.0,0.006,0.0,0.05,0.4067179605539236,0.5234681074276122,0.0276,0.0088,0.5932820394460764,-1,0.0276,0.0,0.0009263157894736842,0.0,0.0,0.0,44,0.05004403875410361,badnets,0.05,ahash,64,spatial,mean,bit_llr,mad,0.15,0.06
0.6627743873684211,0.48946592,0.1485161257147826,0.0,0.4024,0.0,0.05,0.4209726395300042,0.4533143096936634,0.0,0.0,0.5790273604699958,-1,0.0,0.4044,0.33018947368421053,0.0605570530098832,0.4044,0.1053399322740297,16695,0.044708001801531304,badnets,0.05,ahash,64,spatial,mean,bit_em,mad,0.15,0.29
0.4152073936842105,0.4916877726315789,0.04083405509811366,0.0036,0.0372,0.004,0.05,0.358311540075535,0.47179823751573646,0.0004,0.0004,0.641688459924465,-1,0.026,0.0,0.0,0.0,0.0,0.0,0,0.05,badnets,0.05,ahash,64,spatial,mean,hamming_knn,mad,0.15,0.439
0.5099864715789474,0.18241448000000002,0.05929771539852941,0.0,0.0,0.0,0.05,0.4040703734788082,0.4040703734788082,0.0,0.0,0.5959296265211917,-1,0.0,0.0104,0.15317894736842105,0.0035606683100520404,0.0104,0.005305039787798408,7302,0.057941823973019814,badnets,0.05,ahash,64,spatial,mean,hamming_ball,mad,0.15,0.434
0.4248656421052631,0.4833536505263158,0.04935532772686452,0.0,0.0724,0.0,0.05,0.3756860679815358,0.4816316407889215,0.0,0.0,0.6243139320184642,-1,0.0288,0.1588,0.10484210526315789,0.07383299237493025,0.1588,0.10079979687698362,5377,0.047128162606727475,badnets,0.05,ahash,64,spatial,mean,block_collision,mad,0.15,0.159
0.506065292631579,0.45931205894736843,0.049106581970392665,0.004,0.0508,0.004,0.05,0.4782836760386068,0.45073994964330677,0.0068,0.0068,0.5217163239613932,-1,0.0084,0.0,0.0008842105263157895,0.0,0.0,0.0,42,0.050042035309660116,badnets,0.05,ahash,64,spatial,mean,hash_spectral,mad,0.15,0.046
0.4200170063157895,0.48401595789473684,0.04066565028414941,0.0012,0.0112,0.0008,0.05,0.3868864456567352,0.512418422156945,0.006,0.01,0.6131135543432649,-1,0.0104,0.0,0.00048421052631578945,0.0,0.0,0.0,23,0.05002301058486904,badnets,0.05,ahash,64,spatial,mean,hash_stability,mad,0.15,0.03
0.39841137684210526,0.5464621726315788,0.03847412797311566,0.0,0.0,0.0,0.05,0.41397398237515737,0.5504219890893831,0.0312,0.0096,0.5860260176248426,-1,0.0312,0.0,0.0013473684210526316,0.0,0.0,0.0,64,0.05006408202499199,badnets,0.05,ahash4,16,spatial,mean,bit_llr,mad,0.134,0.048
0.3494707873684211,0.6379769178947369,0.036971652594522786,0.0,0.0,0.0,0.05,0.40603810323122114,0.5736996223248007,0.0,0.0,0.5939618967687789,-1,0.0,0.5048,0.14482105263157893,0.15501781107971993,0.5048,0.23719575227892115,8141,0.029575479586229962,badnets,0.05,ahash4,16,spatial,mean,bit_em,mad,0.134,0.149
0.450374092631579,0.4906614189473684,0.046055146328372855,0.0,0.04,0.0,0.05,0.38877889215274863,0.4762279060008393,0.0,0.0088,0.6112211078472514,-1,0.0088,0.0,0.0,0.0,0.0,0.0,0,0.05,badnets,0.05,ahash4,16,spatial,mean,hamming_knn,mad,0.134,0.398
0.38415060210526314,0.4210112378947369,0.048692209356163044,0.0,0.026,0.0,0.05,0.4210131766680655,0.44052593369702053,0.0,0.0,0.5789868233319345,-1,0.0,0.0712,0.12751578947368422,0.02854851643945469,0.0712,0.04075558099599313,6235,0.05305609505312464,badnets,0.05,ahash4,16,spatial,mean,hamming_ball,mad,0.134,0.4
0.4405428042105263,0.47797741052631576,0.04711615218069641,0.0228,0.0316,0.0228,0.05,0.3959679395719681,0.43161838019303395,0.0,0.0,0.6040320604280319,-1,0.0,0.1524,0.18583157894736843,0.04137706342311034,0.1524,0.06508370345063205,9208,0.05194646009021377,badnets,0.05,ahash4,16,spatial,mean,block_collision,mad,0.134,0.04
0.5118343494736842,0.4758066610526316,0.05142323062311181,0.0,0.062,0.0,0.05,0.49631582039446076,0.4726610155266471,0.0,0.0,0.5036841796055392,-1,0.0068,0.0,0.0022315789473684212,0.0,0.0,0.0,106,0.05010622519741853,badnets,0.05,ahash4,16,spatial,mean,hash_spectral,mad,0.134,0.044
0.4500253178947369,0.3751357347368421,0.04376911298488884,0.0004,0.0004,0.0004,0.05,0.4197492656315569,0.49546588334032726,0.0016,0.0016,0.5802507343684431,-1,0.0016,0.0004,0.002505263157894737,0.008333333333333333,0.0004,0.0007633587786259542,120,0.05010024057738573,badnets,0.05,ahash4,16,spatial,mean,hash_stability,mad,0.134,0.026
0.3918216589473684,0.5103387705263158,0.037350825514705796,0.0,0.002,0.0,0.05,0.387003441040705,0.5008706672261856,0.0156,0.0036,0.612996558959295,-1,0.0156,0.0,0.0006315789473684211,0.0,0.0,0.0,30,0.05003001801080648,badnets,0.05,ahash16,256,spatial,mean,bit_llr,mad,0.193,0.1
0.43663190736842106,0.3480516884210526,0.05592759188915662,0.0,0.0,0.0,0.05,0.40430524548887964,0.5956947545111204,0.0,0.0,0.5956947545111204,-1,0.0,0.0,0.3427157894736842,0.0,0.0,0.0,16279,0.07413777764597729,badnets,0.05,ahash16,256,spatial,mean,bit_em,mad,0.193,0.884
0.39119384,0.494441452631579,0.038110888579062384,0.0028,0.0268,0.0028,0.05,0.32593302559798576,0.485235711288292,0.0008,0.0008,0.6740669744020142,-1,0.0356,0.0,0.0,0.0,0.0,0.0,0,0.05,badnets,0.05,ahash16,256,spatial,mean,hamming_knn,mad,0.193,0.469
0.4733238863157895,0.23381263578947373,0.05399113746040248,0.0,0.0,0.0,0.05,0.40452731850608475,0.40452731850608475,0.0004,0.0004,0.5954726814939153,-1,0.0004,0.0092,0.14042105263157895,0.003436426116838488,0.0092,0.005003807244642663,6693,0.05719629621077424,badnets,0.05,ahash16,256,spatial,mean,hamming_ball,mad,0.193,0.462
0.27606341473684215,0.7567666189473683,0.039471178354461386,0.0,0.0,0.2036,0.05,0.3690467897608057,0.6103093159882501,0.0,0.0328,0.6309532102391944,-1,0.0328,0.6096,0.08652631578947369,0.27050053248136313,0.6096,0.3747233833292353,5634,0.02199882793129874,badnets,0.05,ahash16,256,spatial,mean,block_collision,mad,0.193,0.688
0.5026617810526316,0.45505753263157894,0.04839867588065504,0.0052,0.0456,0.0052,0.05,0.4745519093579521,0.4394430549727235,0.0052,0.0052,0.5254480906420479,-1,0.0092,0.0,0.0006736842105263158,0.0,0.0,0.0,32,0.05003202049311559,badnets,0.05,ahash16,256,spatial,mean,hash_spectral,mad,0.193,0.056
0.48819521684210526,0.517913027368421,0.05048482610099638,0.01,0.0588,0.01,0.05,0.48644737725556025,0.5136757448594209,0.0052,0.0052,0.5135526227444398,-1,0.0052,0.002,0.0012210526315789474,0.07936507936507936,0.002,0.0039016777214202106,63,0.049962953321184694,badnets,0.05,ahash16,256,spatial,mean,hash_stability,mad,0.193,0.033
0.3859292757894737,0.5014028547368421,0.036846379062154266,0.0,0.0008,0.0,0.05,0.3733281577843055,0.49092177926982794,0.0108,0.0052,0.6266718422156945,-1,0.0108,0.0,0.0005684210526315789,0.0,0.0,0.0,27,0.05002701458787746,badnets,0.05,ahash32,1024,spatial,mean,bit_llr,mad,0.372,0.244
0.3572819831578948,0.47228629473684214,0.04893592880239907,0.0,0.0,0.0,0.05,0.40933625681913555,0.5906637431808645,0.0,0.0,0.5906637431808645,-1,0.0,0.0,0.19905263157894737,0.0,0.0,0.0,9455,0.06165988407941793,badnets,0.05,ahash32,1024,spatial,mean,bit_em,mad,0.372,4.095
0.3767147747368422,0.5015570231578947,0.03696804990109666,0.002,0.0204,0.0016,0.05,0.30976613512379353,0.49485556021821236,0.0016,0.0016,0.6902338648762065,-1,0.0308,0.0,2.105263157894737e-05,0.0,0.0,0.0,1,0.0500010000200004,badnets,0.05,ahash32,1024,spatial,mean,hamming_knn,mad,0.372,0.562
0.4792572505263158,0.24007139789473686,0.054364946993101404,0.0,0.0,0.0,0.05,0.4009929080990349,0.4009929080990349,0.0012,0.0012,0.5990070919009651,-1,0.0012,0.01,0.1451157894736842,0.003613761202659728,0.01,0.005308982798895732,6918,0.0574485864166009,badnets,0.05,ahash32,1024,spatial,mean,hamming_ball,mad,0.372,0.547
0.39084406736842103,0.39707953684210523,0.04272981105980262,0.0,0.0,0.0,0.05,0.3990386067981536,0.6009613932018465,0.0,0.0128,0.6009613932018464,-1,0.0128,0.0028,0.13981052631578947,0.00105294825511432,0.0028,0.001530389156099694,6648,0.057505997416497506,badnets,0.05,ahash32,1024,spatial,mean,block_collision,mad,0.372,2.915
0.502458547368421,0.45585943157894737,0.04830872037382321,0.0052,0.0428,0.0052,0.05,0.47227968946705834,0.4373835081829626,0.0048,0.0048,0.5277203105329417,-1,0.0092,0.0,0.0005052631578947368,0.0,0.0,0.0,24,0.05002401152553226,badnets,0.05,ahash32,1024,spatial,mean,hash_spectral,mad,0.372,0.184
0.50727424,0.513036307368421,0.05224780199498101,0.0084,0.0612,0.0068,0.05,0.5010736886277801,0.5092153587914393,0.0044,0.0044,0.5010736886277801,1,0.0064,0.002,0.0017263157894736843,0.05747126436781609,0.002,0.003865481252415926,87,0.0499869773405726,badnets,0.05,ahash32,1024,spatial,mean,hash_stability,mad,0.372,0.036
0.45495177263157893,0.5008581768421052,0.04365258677220345,0.0,0.034,0.0,0.05,0.4414868652958456,0.5076385228703315,0.032,0.0064,0.5585131347041544,-1,0.032,0.0,0.0013052631578947369,0.0,0.0,0.0,62,0.05006207697544956,badnets,0.05,mhash,64,spatial,median,bit_llr,mad,0.169,0.057
0.4612891284210527,0.5150207199999999,0.05035701639234865,0.0,0.0,0.0,0.05,0.42711892572387755,0.534369030633655,0.0,0.0,0.5728810742761224,-1,0.0,0.496,0.31926315789473686,0.07558671136848522,0.496,0.13118222692409415,16405,0.03750558118767674,badnets,0.05,mhash,64,spatial,median,bit_em,mad,0.169,0.292
0.4437946189473684,0.4791543452631579,0.04378885681621412,0.0048,0.0428,0.0048,0.05,0.3888707931179185,0.4645334872010071,0.0,0.0,0.6111292068820815,-1,0.0236,0.0,4.210526315789474e-05,0.0,0.0,0.0,2,0.0500020000800032,badnets,0.05,mhash,64,spatial,median,hamming_knn,mad,0.169,0.442
0.5108642315789473,0.17988689263157895,0.05743890563293024,0.0,0.0,0.0,0.05,0.40638959295006294,0.40638959295006294,0.0,0.0,0.5936104070499371,-1,0.0,0.014,0.15957894736842104,0.004596191726854892,0.014,0.006920415224913495,7615,0.05815736699303999,badnets,0.05,mhash,64,spatial,median,hamming_ball,mad,0.169,0.437
0.41765536842105266,0.4729661684210526,0.04388944936766446,0.0,0.0476,0.0,0.05,0.39003730591691144,0.47923759966428875,0.0,0.0,0.6099626940830886,-1,0.0084,0.1156,0.1012,0.05671114599686028,0.1156,0.0760926803580832,5096,0.04923837520042758,badnets,0.05,mhash,64,spatial,median,block_collision,mad,0.169,0.159
0.4654567157894737,0.4769464,0.04473310657683176,0.004,0.044,0.004,0.05,0.4404179185900126,0.4741697859840537,0.0084,0.0084,0.5595820814099874,-1,0.0136,0.0,0.0003368421052631579,0.0,0.0,0.0,16,0.05001600512163892,badnets,0.05,mhash,64,spatial,median,hash_spectral,mad,0.169,0.046
0.3919024757894737,0.5225899915789474,0.03916505661044869,0.002,0.0184,0.002,0.05,0.3898638271086865,0.511193243810323,0.0052,0.0056,0.6101361728913135,-1,0.0112,0.0,0.002168421052631579,0.0,0.0,0.0,103,0.05010321261799307,badnets,0.05,mhash,64,spatial,median,hash_stability,mad,0.169,0.027
0.38405647157894734,0.5491162821052632,0.0373682386355986,0.0,0.0056,0.0016,0.05,0.3742323122114981,0.5536040285354595,0.0184,0.014,0.6257676877885019,-1,0.0184,0.0,0.0013894736842105264,0.0,0.0,0.0,66,0.0500660872351504,badnets,0.05,ahash_rgb,192,spatial,mean,bit_llr,mad,0.377,0.081
0.6627845936842105,0.6373971747368421,0.1663818343843234,0.0,0.4208,0.0,0.05,0.44818720100713383,0.4545819974821653,0.0,0.0,0.5518127989928662,-1,0.0,0.4384,0.3950526315789474,0.05518352550224057,0.4384,0.0980278162872859,19861,0.0465841600583961,badnets,0.05,ahash_rgb,192,spatial,mean,bit_em,mad,0.377,0.655
0.4173060042105263,0.48576281263157894,0.04064147607223318,0.0056,0.038,0.0056,0.05,0.36737440201426774,0.4657271926143517,0.0,0.0,0.6326255979857323,-1,0.0176,0.0,0.0,0.0,0.0,0.0,0,0.05,badnets,0.05,ahash_rgb,192,spatial,mean,hamming_knn,mad,0.377,0.463
0.5191855789473684,0.1964430778947368,0.059844115974391446,0.0,0.0,0.0,0.05,0.41634779689467055,0.41634779689467055,0.0,0.0,0.5836522031053295,-1,0.0,0.0108,0.16831578947368422,0.0033657442034405387,0.0108,0.005132104162706709,8022,0.05891181094859212,badnets,0.05,ahash_rgb,192,spatial,mean,hamming_ball,mad,0.377,0.453
0.44964778526315785,0.48151869894736843,0.05199565388473851,0.0,0.0,0.0,0.05,0.37427775912715067,0.4703429710449013,0.0,0.0,0.6257222408728493,-1,0.0336,0.0,0.04126315789473684,0.0,0.0,0.0,1960,0.05203996669442131,badnets,0.05,ahash_rgb,192,spatial,mean,block_collision,mad,0.377,0.41
0.5094494736842106,0.4814990736842105,0.05170971406736152,0.0112,0.0612,0.0112,0.05,0.48166793957196813,0.4733540914813261,0.0108,0.0108,0.5183320604280319,-1,0.0108,0.0,0.0010526315789473684,0.0,0.0,0.0,50,0.05005005005005005,badnets,0.05,ahash_rgb,192,spatial,mean,hash_spectral,mad,0.377,0.053
0.4089204,0.4950030063157895,0.03935580968996792,0.0016,0.0156,0.0016,0.05,0.37116945027276543,0.5063099034830046,0.0056,0.0096,0.6288305497272346,-1,0.016,0.0,0.0007368421052631579,0.0,0.0,0.0,35,0.05003502451716201,badnets,0.05,ahash_rgb,192,spatial,mean,hash_stability,mad,0.377,0.033
0.47314766315789475,0.4841684589473685,0.04742677074590069,0.016,0.044,0.0096,0.05,0.45450772135963063,0.4759827528325641,0.0056,0.0068,0.5454922786403693,-1,0.0092,0.0,2.105263157894737e-05,0.0,0.0,0.0,1,0.0500010000200004,badnets,0.05,dhash,64,spatial,pairwise,bit_llr,mad,0.146,0.058
0.5415347663157895,0.5474318905263158,0.05898660509636739,0.0,0.0,0.0,0.05,0.4865783046579941,0.48271078472513634,0.0,0.0,0.5134216953420059,-1,0.0,0.0,0.07707368421052632,0.0,0.0,0.0,3661,0.053950236302035,badnets,0.05,dhash,64,spatial,pairwise,bit_em,mad,0.146,0.305
0.44656531368421054,0.4910128589473684,0.04454592673270853,0.0116,0.0376,0.0116,0.05,0.426454049517415,0.46905245488879566,0.0028,0.0028,0.573545950482585,-1,0.0076,0.0136,0.012778947368421053,0.0530421216848674,0.0136,0.021649156319643426,641,0.04996049352701635,badnets,0.05,dhash,64,spatial,pairwise,hamming_knn,mad,0.146,0.45
0.4528788294736842,0.5101689178947368,0.04633268676733708,0.008,0.0448,0.008,0.05,0.4299169114561477,0.45800125891733107,0.004,0.004,0.5700830885438524,-1,0.004,0.0772,0.09429473684210526,0.041309931506849314,0.0772,0.05382041271611824,4672,0.05089569361101306,badnets,0.05,dhash,64,spatial,pairwise,hamming_ball,mad,0.146,0.457
0.503014227368421,0.5734211536842105,0.06584286021497482,0.0328,0.0824,0.0328,0.05,0.4454127989928662,0.4451166596726815,0.0,0.0,0.5545872010071338,-1,0.0,0.166,0.10717894736842105,0.0753723211042499,0.166,0.10367224581563828,5506,0.04686025082033533,badnets,0.05,dhash,64,spatial,pairwise,block_collision,mad,0.146,0.154
0.49177654315789476,0.4982532463157895,0.04872799585571011,0.008,0.0476,0.008,0.05,0.48439777591271505,0.49862429710449013,0.0064,0.0064,0.515602224087285,-1,0.01,0.0012,0.0016842105263157896,0.03614457831325301,0.0012,0.0023228803716608595,83,0.05002303824348418,badnets,0.05,dhash,64,spatial,pairwise,hash_spectral,mad,0.146,0.046
0.54941032,0.505848054736842,0.058855544064601695,0.0088,0.0476,0.0108,0.05,0.5938981116240033,0.48185434326479226,0.0164,0.0064,0.5938981116240033,1,0.0164,0.0012,0.0005052631578947368,0.1111111111111111,0.0012,0.002374356944994064,27,0.049966982170372,badnets,0.05,dhash,64,spatial,pairwise,hash_stability,mad,0.146,0.027
0.47229585684210523,0.47445598736842104,0.04566871846701674,0.0076,0.0432,0.0028,0.05,0.46150994544691565,0.4587691145614772,0.01,0.0032,0.5384900545530844,-1,0.01,0.0,0.00023157894736842104,0.0,0.0,0.0,11,0.05001100242053252,badnets,0.05,dhash_v,64,spatial,pairwise,bit_llr,mad,0.138,0.058
0.4476439536842105,0.5649941978947368,0.046514991141829415,0.0,0.0,0.0,0.05,0.5110638271086866,0.4674958875367184,0.0,0.0,0.5110638271086866,1,0.0,0.0,0.028989473684210527,0.0,0.0,0.0,1377,0.05141599654484503,badnets,0.05,dhash_v,64,spatial,pairwise,bit_em,mad,0.138,0.299
0.3955575284210527,0.48188024842105254,0.03828118240922283,0.0004,0.0172,0.0004,0.05,0.34873499790180446,0.4945672681493915,0.0028,0.0028,0.6512650020981956,-1,0.0196,0.0,0.0034526315789473686,0.0,0.0,0.0,164,0.0501645396901838,badnets,0.05,dhash_v,64,spatial,pairwise,hamming_knn,mad,0.138,0.45
0.4157538231578947,0.4266340378947369,0.041603683477650096,0.0,0.0152,0.0,0.05,0.3556335711288292,0.43277981535879145,0.0056,0.0056,0.6443664288711708,-1,0.0056,0.0488,0.1076421052631579,0.023304680038204392,0.0488,0.03154492566257272,5235,0.0531218585948844,badnets,0.05,dhash_v,64,spatial,pairwise,hamming_ball,mad,0.138,0.445
0.40802457684210525,0.4514302273684211,0.04159266871350077,0.0,0.0396,0.0,0.05,0.35796617708770456,0.4370214435585396,0.0,0.0,0.6420338229122955,-1,0.0,0.092,0.1530736842105263,0.03066257832289028,0.092,0.045995400459954004,7501,0.05341302148285842,badnets,0.05,dhash_v,64,spatial,pairwise,block_collision,mad,0.138,0.157
0.4538915831578948,0.4718625684210527,0.0424940632674605,0.0,0.0116,0.0,0.05,0.43942148552245075,0.46282161141418376,0.0048,0.0048,0.5605785144775493,-1,0.0148,0.0,0.0005684210526315789,0.0,0.0,0.0,27,0.05002701458787746,badnets,0.05,dhash_v,64,spatial,pairwise,hash_spectral,mad,0.138,0.046
0.5934686778947369,0.4318065684210526,0.06315500369158551,0.0016,0.0464,0.0016,0.05,0.6361305497272346,0.4898835921107847,0.0076,0.004,0.6361305497272346,1,0.0076,0.0,0.00031578947368421053,0.0,0.0,0.0,15,0.05001500450135041,badnets,0.05,dhash_v,64,spatial,pairwise,hash_stability,mad,0.138,0.027
0.5208855073684211,0.46814386947368425,0.05235217353819879,0.0124,0.0512,0.01,0.05,0.5258404532102392,0.4577780109106169,0.0084,0.0124,0.5258404532102392,1,0.0088,0.0016,0.0009894736842105264,0.0784313725490196,0.0016,0.0031360250882007056,51,0.049970970389797593,badnets,0.05,dhash16,256,spatial,pairwise,bit_llr,mad,0.197,0.093
0.5667541431578949,0.5865310484210526,0.11964247071504036,0.0,0.3076,0.0,0.05,0.4431401594628619,0.4390634074695762,0.0,0.0,0.5568598405371381,-1,0.0,0.4084,0.2717894736842105,0.07328978537075587,0.4084,0.1242772807498022,13931,0.041004740913249606,badnets,0.05,dhash16,256,spatial,pairwise,bit_em,mad,0.197,0.91
0.4383810189473684,0.4427953810526316,0.041700051927829475,0.0052,0.0292,0.0052,0.05,0.39149072597566087,0.4137507763323542,0.0024,0.0024,0.6085092740243392,-1,0.006,0.0168,0.02991578947368421,0.028708133971291867,0.0168,0.021196063588190765,1463,0.05064177843706863,badnets,0.05,dhash16,256,spatial,pairwise,hamming_knn,mad,0.197,0.479
0.44083502315789475,0.45313932631578946,0.05035099920019359,0.0136,0.0516,0.0136,0.05,0.3885054133445237,0.40433268988669746,0.0028,0.0028,0.6114945866554763,-1,0.0028,0.1208,0.14229473684210525,0.04277014587168956,0.1208,0.06317330823135656,7061,0.05118889587554438,badnets,0.05,dhash16,256,spatial,pairwise,hamming_ball,mad,0.197,0.465
0.450984572631579,0.49903576421052637,0.04665455183358901,0.0,0.0596,0.0,0.05,0.39818250104909775,0.3967307595467898,0.0,0.0,0.6018174989509022,-1,0.0064,0.1148,0.1637263157894737,0.035590277777777776,0.1148,0.05433547898523287,8064,0.05277088897367417,badnets,0.05,dhash16,256,spatial,pairwise,block_collision,mad,0.197,0.714
0.4718852252631579,0.47254736421052634,0.04501754815692846,0.006,0.0332,0.006,0.05,0.44878535459504826,0.4580686949223668,0.0032,0.0032,0.5512146454049518,-1,0.0132,0.006,0.01071578947368421,0.02862595419847328,0.006,0.00992063492063492,524,0.05022637238256933,badnets,0.05,dhash16,256,spatial,pairwise,hash_spectral,mad,0.197,0.055
0.5832545936842104,0.4606695831578947,0.06096499087071905,0.0036,0.0488,0.0028,0.05,0.6308932018464121,0.46352064624422995,0.0188,0.0024,0.6308932018464121,1,0.0188,0.0004,0.003094736842105263,0.006756756756756757,0.0004,0.0007552870090634441,148,0.05012838000481425,badnets,0.05,dhash16,256,spatial,pairwise,hash_stability,mad,0.197,0.03
0.4622020505263158,0.48233577684210527,0.04611531834742519,0.014,0.0492,0.0072,0.05,0.4297033151489719,0.4781031053294167,0.0072,0.008,0.570296684851028,-1,0.0076,0.0,0.00031578947368421053,0.0,0.0,0.0,15,0.05001500450135041,badnets,0.05,blockhash,256,spatial,median,bit_llr,mad,0.373,0.092
0.4589739284210526,0.5191029936842105,0.05232960394559033,0.0,0.0,0.0,0.05,0.49115333613092743,0.5110082249265631,0.0,0.0,0.5088466638690725,-1,0.0,0.0,0.2414315789473684,0.0,0.0,0.0,11468,0.06488113775563169,badnets,0.05,blockhash,256,spatial,median,bit_em,mad,0.373,0.906
0.42831088842105264,0.520943267368421,0.04238603645701519,0.0088,0.0332,0.0088,0.05,0.4053194712547209,0.531080360889635,0.0036,0.0036,0.5946805287452791,-1,0.026,0.0016,0.0015578947368421053,0.05128205128205128,0.0016,0.0031031807602792862,78,0.0499979968751252,badnets,0.05,blockhash,256,spatial,median,hamming_knn,mad,0.373,0.475
0.4527398778947368,0.41063951157894735,0.04321268588987381,0.0,0.0004,0.0,0.05,0.41518153587914397,0.48132454888795634,0.0032,0.0032,0.584818464120856,-1,0.0032,0.0508,0.14850526315789472,0.01768555911432948,0.0508,0.026236958991839684,7181,0.055419323197645906,badnets,0.05,blockhash,256,spatial,median,hamming_ball,mad,0.373,0.47
0.46970955789473684,0.45676288421052635,0.05115342837009609,0.0,0.0,0.0,0.05,0.44357335291649186,0.48281846412085605,0.0,0.018,0.5564266470835082,-1,0.018,0.0,0.017305263157894737,0.0,0.0,0.0,822,0.050835739558339095,badnets,0.05,blockhash,256,spatial,median,block_collision,mad,0.373,0.733
0.49484933894736843,0.48546980210526314,0.0512596564707542,0.0152,0.0624,0.0152,0.05,0.4714848090642048,0.4784573227024759,0.0052,0.0052,0.5285151909357952,-1,0.0156,0.0044,0.0015157894736842106,0.13253012048192772,0.0044,0.008517228029423151,83,0.04986277220185508,badnets,0.05,blockhash,256,spatial,median,hash_spectral,mad,0.373,0.057
0.57288168,0.5042569473684211,0.06423421039328905,0.0192,0.0672,0.0084,0.05,0.59911133025598,0.5036869911875786,0.0268,0.0152,0.59911133025598,1,0.0268,0.0012,0.001957894736842105,0.03125,0.0012,0.0023112480739599386,96,0.05003606925296569,badnets,0.05,blockhash,256,spatial,median,hash_stability,mad,0.373,0.03
0.806291772631579,0.6843471831578948,0.3752393394595873,0.27,0.4088,0.1368,0.05,0.8834997901804448,0.7369022240872848,0.4928,0.2048,0.8834997901804448,1,0.4928,0.0168,0.00018947368421052632,0.8235294117647058,0.0168,0.032928263426107406,51,0.04921019439828625,badnets,0.05,phash,64,frequency,median,bit_llr,mad,0.557,0.057
0.9096343957894737,0.8874155831578947,0.41823326701913793,0.0,0.832,0.0,0.05,0.9254266890474192,0.9028415023080152,0.6512,0.6512,0.9254266890474192,1,0.6512,0.8388,0.05166315789473684,0.46077785102175345,0.8388,0.5948092469153312,4551,0.008867081783977646,badnets,0.05,phash,64,frequency,median,bit_em,mad,0.557,0.301
0.6021489936842105,0.5116282231578948,0.0934387232186063,0.05,0.1384,0.05,0.05,0.6414534200587496,0.5400822073017205,0.0668,0.0668,0.6414534200587496,1,0.0668,0.0416,0.007178947368421053,0.23370786516853934,0.0416,0.07062818336162988,445,0.04835031782867521,badnets,0.05,phash,64,frequency,median,hamming_knn,mad,0.557,0.437
0.6189095368421053,0.617612707368421,0.22079289394833515,0.17,0.2592,0.17,0.05,0.6395876206462443,0.6046421317666808,0.17,0.17,0.6395876206462443,1,0.17,0.2232,0.028378947368421052,0.29275970619097585,0.2232,0.25329096686336816,1906,0.04037925728781137,badnets,0.05,phash,64,frequency,median,hamming_ball,mad,0.557,0.434
0.5897661094736842,0.5697448336842106,0.08289438484692759,0.0404,0.1388,0.0404,0.05,0.6288851867394041,0.6029526647083507,0.1328,0.1328,0.6288851867394041,1,0.1328,0.0156,0.0027578947368421054,0.22941176470588234,0.0156,0.029213483146067417,170,0.049387918924342765,badnets,0.05,phash,64,frequency,median,hash_spectral,mad,0.557,0.046
0.565902867368421,0.34220539789473686,0.05470484775582102,0.0,0.0024,0.0,0.05,0.6767600083927822,0.4749947125472094,0.008,0.0024,0.6767600083927822,1,0.008,0.0,0.00728421052631579,0.0,0.0,0.0,346,0.05034841100414871,badnets,0.05,phash,64,frequency,median,hash_stability,mad,0.557,0.026
0.8062917894736843,0.684347187368421,0.37523938617333363,0.27,0.4088,0.1368,0.05,0.8834997901804448,0.7369022240872848,0.4928,0.2048,0.8834997901804448,1,0.4928,0.0168,0.00018947368421052632,0.8235294117647058,0.0168,0.032928263426107406,51,0.04921019439828625,badnets,0.05,phash_nodc,63,frequency,median,bit_llr,mad,0.542,0.059
0.909666412631579,0.8874389305263158,0.4183453668990527,0.0,0.832,0.0,0.05,0.9254268569030633,0.9028418799832144,0.6512,0.6512,0.9254268569030633,1,0.6512,0.8388,0.05166315789473684,0.46077785102175345,0.8388,0.5948092469153312,4551,0.008867081783977646,badnets,0.05,phash_nodc,63,frequency,median,bit_em,mad,0.542,0.297
0.6021489936842105,0.5116282231578948,0.0934387232186063,0.05,0.1384,0.05,0.05,0.6414534200587496,0.5400822073017205,0.0668,0.0668,0.6414534200587496,1,0.0668,0.0416,0.007178947368421053,0.23370786516853934,0.0416,0.07062818336162988,445,0.04835031782867521,badnets,0.05,phash_nodc,63,frequency,median,hamming_knn,mad,0.542,0.435
0.6189095368421053,0.617612707368421,0.22079289394833515,0.17,0.2592,0.17,0.05,0.6395876206462443,0.6046421317666808,0.17,0.17,0.6395876206462443,1,0.17,0.2232,0.028378947368421052,0.29275970619097585,0.2232,0.25329096686336816,1906,0.04037925728781137,badnets,0.05,phash_nodc,63,frequency,median,hamming_ball,mad,0.542,0.448
0.5930606484210527,0.5717852463157894,0.09083836054993202,0.0504,0.1536,0.0504,0.05,0.6290903063365505,0.6035502308015108,0.1376,0.1376,0.6290903063365505,1,0.1376,0.0156,0.0015789473684210526,0.34210526315789475,0.0156,0.029839326702371844,114,0.049332478049953894,badnets,0.05,phash_nodc,63,frequency,median,hash_spectral,mad,0.542,0.046
0.565902867368421,0.34220539789473686,0.05470484775582102,0.0,0.0024,0.0,0.05,0.6767600083927822,0.4749947125472094,0.008,0.0024,0.6767600083927822,1,0.008,0.0,0.00728421052631579,0.0,0.0,0.0,346,0.05034841100414871,badnets,0.05,phash_nodc,63,frequency,median,hash_stability,mad,0.542,0.026
0.7900066778947369,0.6522844757894737,0.31604072183478893,0.2156,0.3636,0.0992,0.05,0.8722277381451952,0.6998388166177087,0.4536,0.1484,0.8722277381451952,1,0.4536,0.0124,0.00023157894736842104,0.7380952380952381,0.0124,0.024390243902439025,42,0.04942151407182033,badnets,0.05,phash_mean,64,frequency,mean,bit_llr,mad,0.506,0.056
0.903162547368421,0.8629122231578947,0.7736735852419832,0.72,0.7992,0.72,0.05,0.881735669324381,0.8496013848090642,0.4768,0.4768,0.881735669324381,1,0.4768,0.7872,0.017536842105263156,0.7026062120671189,0.7872,0.7425014148273911,2801,0.011271425242060214,badnets,0.05,phash_mean,64,frequency,mean,bit_em,mad,0.506,0.3
0.5891088252631579,0.5193055621052631,0.08340401414685697,0.0444,0.1052,0.0444,0.05,0.6391675199328578,0.5470386487620646,0.0744,0.0692,0.6391675199328578,1,0.0744,0.0296,0.005431578947368421,0.22289156626506024,0.0296,0.052259887005649715,332,0.04884432632681002,badnets,0.05,phash_mean,64,frequency,mean,hamming_knn,mad,0.506,0.446
0.61171856,0.6210650694736843,0.13480251787441178,0.0868,0.1884,0.0868,0.05,0.6537692404532102,0.618041376416282,0.1664,0.1664,0.6537692404532102,1,0.1664,0.1884,0.04768421052631579,0.17214912280701755,0.1884,0.1799083269671505,2736,0.04292907921462424,badnets,0.05,phash_mean,64,frequency,mean,hamming_ball,mad,0.506,0.441
0.5630158947368421,0.5628730105263158,0.07642342527327231,0.042,0.1368,0.042,0.05,0.5844391942929081,0.5879456147712967,0.0612,0.0612,0.5844391942929081,1,0.0612,0.0028,0.0011578947368421054,0.11290322580645161,0.0028,0.00546448087431694,62,0.0499219031599183,badnets,0.05,phash_mean,64,frequency,mean,hash_spectral,mad,0.506,0.046
0.47393135578947365,0.4738993389473684,0.045697511067751106,0.0044,0.0184,0.0032,0.05,0.48510579101972306,0.44755123793537555,0.0032,0.0024,0.5148942089802769,-1,0.0032,0.0012,0.0018736842105263158,0.03260869565217391,0.0012,0.0023148148148148147,92,0.050032058988538915,badnets,0.05,phash_mean,64,frequency,mean,hash_stability,mad,0.506,0.028
0.8894760842105262,0.8173110063157895,0.5983862507600435,0.468,0.6248,0.3604,0.05,0.9430970205623165,0.8765354595048259,0.7632,0.562,0.9430970205623165,1,0.7632,0.1212,0.00023157894736842104,0.964968152866242,0.1212,0.21535181236673773,314,0.04421768707482993,badnets,0.05,phash16,256,frequency,median,bit_llr,mad,0.633,0.093
0.9486985557894736,0.9440545052631579,0.8406504785094202,0.67,0.9,0.67,0.05,0.9567546370121696,0.9495411246328158,0.8088,0.8088,0.9567546370121696,1,0.8088,0.9236,0.14050526315789474,0.25704107759100525,0.9236,0.4021597143603588,8983,0.004656605797596119,badnets,0.05,phash16,256,frequency,median,bit_em,mad,0.633,0.906
0.6859344799999999,0.605160467368421,0.14395071341456545,0.0892,0.24,0.0892,0.05,0.727360973562736,0.64199190096517,0.1504,0.1504,0.727360973562736,1,0.1504,0.0828,0.008336842105263158,0.34328358208955223,0.0828,0.13341927167257492,603,0.04641982306617811,badnets,0.05,phash16,256,frequency,median,hamming_knn,mad,0.633,0.47
0.7254443621052631,0.6715470778947369,0.34316639201033683,0.2552,0.3772,0.2552,0.05,0.7411650440621067,0.7154667645824591,0.3148,0.3148,0.7411650440621067,1,0.3148,0.27,0.010926315789473685,0.5653266331658291,0.27,0.3654574986464537,1194,0.03739294349055444,badnets,0.05,phash16,256,frequency,median,hamming_ball,mad,0.633,0.466
0.6618660673684209,0.6940409599999999,0.1937494972322783,0.1356,0.284,0.1356,0.05,0.7264606798153588,0.7468261435165757,0.3452,0.3452,0.7264606798153588,1,0.3452,0.1028,0.006084210526315789,0.4706959706959707,0.1028,0.16874589625738673,546,0.04535527965381971,badnets,0.05,phash16,256,frequency,median,hash_spectral,mad,0.633,0.055
0.6939827536842106,0.4972812378947369,0.08627268477671901,0.0068,0.0808,0.0012,0.05,0.785275954678976,0.5152776751993287,0.0564,0.0012,0.785275954678976,1,0.0564,0.0,0.001831578947368421,0.0,0.0,0.0,87,0.050087151643860316,badnets,0.05,phash16,256,frequency,median,hash_stability,mad,0.633,0.028
0.9061129389473684,0.8584730105263159,0.6724300559485556,0.55,0.7028,0.474,0.05,0.9491825430130088,0.9058181284095678,0.8188,0.6568,0.9491825430130088,1,0.8188,0.2224,4.210526315789474e-05,0.996415770609319,0.2224,0.36363636363636365,558,0.039318797783261195,badnets,0.05,pdq,256,frequency,median,bit_llr,mad,2.245,0.092
0.9509656926315788,0.9502154778947369,0.8721881237795689,0.7524,0.9004,0.7524,0.05,0.9584101552664709,0.9531221989089383,0.8452,0.8452,0.9584101552664709,1,0.8452,0.924,0.11585263157894737,0.2956610776910278,0.924,0.44797827984097743,7813,0.004503757081565411,badnets,0.05,pdq,256,frequency,median,bit_em,mad,2.245,0.887
0.7255018652631579,0.66475616,0.2261322057487021,0.1648,0.3384,0.1648,0.05,0.785056147712967,0.7014762903902644,0.2912,0.2808,0.785056147712967,1,0.2912,0.1404,0.006210526315789474,0.5433436532507739,0.1404,0.2231404958677686,646,0.04354257000445759,badnets,0.05,pdq,256,frequency,median,hamming_knn,mad,2.245,0.469
0.7582220631578948,0.7465118105263159,0.49508495487420684,0.422,0.49,0.422,0.05,0.7876662190516157,0.7632518254301301,0.4436,0.4436,0.7876662190516157,1,0.4436,0.422,0.009705263157894738,0.695910290237467,0.422,0.525398406374502,1516,0.029803646563814866,badnets,0.05,pdq,256,frequency,median,hamming_ball,mad,2.245,0.466
0.6776926568421051,0.7130328294736843,0.27031808145497827,0.192,0.3256,0.192,0.05,0.7368443138900547,0.7638941670163659,0.3824,0.3824,0.7368443138900547,1,0.3824,0.1296,0.0029052631578947367,0.7012987012987013,0.1296,0.2187711006076975,462,0.04392587508579272,badnets,0.05,pdq,256,frequency,median,hash_spectral,mad,2.245,0.055
0.7085594063157894,0.5166244463157894,0.09274656161144405,0.0124,0.098,0.0012,0.05,0.7855478808224927,0.5279079311791859,0.038,0.0024,0.7855478808224927,1,0.038,0.0004,0.0016210526315789473,0.01282051282051282,0.0004,0.0007757951900698216,78,0.05005809062136934,badnets,0.05,pdq,256,frequency,median,hash_stability,mad,2.245,0.028
0.4550525094736842,0.5009459115789473,0.04366648807783316,0.0,0.034,0.0,0.05,0.44165484683172473,0.5077757448594209,0.032,0.0064,0.5583451531682753,-1,0.032,0.0,0.0013052631578947369,0.0,0.0,0.0,62,0.05006207697544956,badnets,0.05,whash_haar,64,wavelet,median,bit_llr,mad,0.636,0.059
0.4430889389473684,0.48737085052631574,0.046557329179334556,0.0,0.0,0.0,0.05,0.42709055812001684,0.5341248845992447,0.0,0.0,0.5729094418799832,-1,0.0,0.0,0.27949473684210524,0.0,0.0,0.0,13276,0.06807537305304433,badnets,0.05,whash_haar,64,wavelet,median,bit_em,mad,0.636,0.302
0.44367364210526317,0.48163154947368414,0.043828686610295015,0.0048,0.0428,0.0048,0.05,0.3883262274443978,0.46470386067981534,0.0,0.0,0.6116737725556022,-1,0.0232,0.0,4.210526315789474e-05,0.0,0.0,0.0,2,0.0500020000800032,badnets,0.05,whash_haar,64,wavelet,median,hamming_knn,mad,0.636,0.479
0.5108428505263157,0.17986589052631582,0.0574382734518303,0.0,0.0,0.0,0.05,0.4061855644146034,0.4061855644146034,0.0,0.0,0.5938144355853966,-1,0.0,0.014,0.15957894736842104,0.004596191726854892,0.014,0.006920415224913495,7615,0.05815736699303999,badnets,0.05,whash_haar,64,wavelet,median,hamming_ball,mad,0.636,0.462
0.4175044968421053,0.47231128421052626,0.04387556064897409,0.0,0.0476,0.0,0.05,0.3900447335291649,0.4792401174989509,0.0,0.0,0.6099552664708351,-1,0.0084,0.1156,0.1012,0.05671114599686028,0.1156,0.0760926803580832,5096,0.04923837520042758,badnets,0.05,whash_haar,64,wavelet,median,block_collision,mad,0.636,0.165
0.46539219789473685,0.47688394105263154,0.04472132810850235,0.004,0.044,0.004,0.05,0.44029412505245485,0.4741093579521611,0.0084,0.0084,0.5597058749475452,-1,0.0136,0.0,0.0003368421052631579,0.0,0.0,0.0,16,0.05001600512163892,badnets,0.05,whash_haar,64,wavelet,median,hash_spectral,mad,0.636,0.048
0.39187117473684213,0.5225361431578948,0.03916336765781437,0.002,0.0184,0.002,0.05,0.38971447754930755,0.5109344943348719,0.0052,0.0056,0.6102855224506925,-1,0.0112,0.0,0.002168421052631579,0.0,0.0,0.0,103,0.05010321261799307,badnets,0.05,whash_haar,64,wavelet,median,hash_stability,mad,0.636,0.028
0.48606219789473687,0.48346993684210526,0.04749051945355043,0.0,0.0524,0.0,0.05,0.47172362568191356,0.4882866974402014,0.0592,0.006,0.5282763743180865,-1,0.0592,0.0,0.004442105263157895,0.0,0.0,0.0,211,0.05021189419349655,badnets,0.05,whash_db4,169,wavelet,median,bit_llr,mad,1.615,0.082
0.34299254315789474,0.6800283494736842,0.05027226040640212,0.0,0.0,0.0,0.05,0.45388220730172046,0.5438207721359631,0.0,0.0,0.5461177926982795,-1,0.0,0.5536,0.34191578947368423,0.07852482269503547,0.5536,0.13754037267080746,17625,0.03447104247104247,badnets,0.05,whash_db4,169,wavelet,median,bit_em,mad,1.615,0.635
0.4401036210526316,0.46697077894736844,0.04176976268635588,0.0,0.0188,0.0,0.05,0.402810365086026,0.4472959714645406,0.0004,0.0004,0.597189634913974,-1,0.0104,0.0,0.0,0.0,0.0,0.0,0,0.05,badnets,0.05,whash_db4,169,wavelet,median,hamming_knn,mad,1.615,0.49
0.488676,0.29892704842105267,0.05223123800828174,0.0,0.0,0.0,0.05,0.43110381871590436,0.43110381871590436,0.0008,0.0008,0.5688961812840956,-1,0.0008,0.0152,0.12652631578947368,0.006283068783068783,0.0152,0.008890968647636874,6048,0.05601565344011649,badnets,0.05,whash_db4,169,wavelet,median,hamming_ball,mad,1.615,0.475
0.4585104042105263,0.4873579915789474,0.04359965015070855,0.0,0.03,0.0,0.05,0.44439253042383553,0.4988015526647084,0.0068,0.0068,0.5556074695761645,-1,0.0132,0.0,0.0019157894736842106,0.0,0.0,0.0,91,0.050091165921978,badnets,0.05,whash_db4,169,wavelet,median,hash_spectral,mad,1.615,0.053
0.4748042694736842,0.5194018442105264,0.04892930704827759,0.0128,0.0424,0.0168,0.05,0.48468636172891316,0.5372397398237516,0.0152,0.0168,0.5153136382710868,-1,0.0152,0.0024,0.0023157894736842107,0.05172413793103448,0.0024,0.0045871559633027525,116,0.04999599069842033,badnets,0.05,whash_db4,169,wavelet,median,hash_stability,mad,1.615,0.029
0.5819708589473684,0.46400663157894734,0.06064277614876941,0.0124,0.0636,0.0052,0.05,0.6210315568610996,0.44326281997482164,0.0172,0.004,0.6210315568610996,1,0.0172,0.0,0.0004631578947368421,0.0,0.0,0.0,22,0.05002200968426108,badnets,0.05,mh,64,frequency,mean,bit_llr,mad,0.956,0.057
0.43300779789473687,0.45464150315789476,0.04449301004049429,0.0,0.05,0.0,0.05,0.3179374318086446,0.3441629878304658,0.0,0.0,0.6820625681913555,-1,0.0148,0.0,0.021894736842105262,0.0,0.0,0.0,1040,0.05106209150326797,badnets,0.05,mh,64,frequency,mean,bit_em,mad,0.956,0.297
0.4130703157894737,0.4348871031578947,0.03943131687372771,0.0004,0.0088,0.0004,0.05,0.35766051195971466,0.4290559378934116,0.0004,0.0004,0.6423394880402853,-1,0.0068,0.0004,0.008757894736842105,0.002398081534772182,0.0004,0.0006856359273225917,417,0.05040033882580723,badnets,0.05,mh,64,frequency,mean,hamming_knn,mad,0.956,0.447
0.42193749052631574,0.4214998021052632,0.041419857590111776,0.0008,0.0084,0.0008,0.05,0.36360877045740664,0.4195342425514058,0.002,0.002,0.6363912295425933,-1,0.002,0.0068,0.0399578947368421,0.008877284595300261,0.0068,0.007701019252548132,1915,0.05163772486222315,badnets,0.05,mh,64,frequency,mean,hamming_ball,mad,0.956,0.441
0.38491533894736846,0.5812212042105263,0.0471697362278852,0.0172,0.0588,0.0172,0.05,0.3454529584557281,0.4168662610155266,0.0032,0.0032,0.6545470415442719,-1,0.0032,0.0764,0.06477894736842105,0.058445532435740515,0.0764,0.06622746185852982,3268,0.04940939827099204,badnets,0.05,mh,64,frequency,mean,block_collision,mad,0.956,0.152
0.44826424,0.48050643789473685,0.04231844132319686,0.0012,0.0152,0.0012,0.05,0.4341003776751993,0.47080432228283675,0.0028,0.0028,0.5658996223248007,-1,0.0132,0.0,0.0035578947368421054,0.0,0.0,0.0,169,0.05016957315727158,badnets,0.05,mh,64,frequency,mean,hash_spectral,mad,0.956,0.046
0.4567057894736842,0.50933144,0.04502059758519579,0.0068,0.0264,0.008,0.05,0.44724120856063787,0.47395228703315145,0.0052,0.0056,0.5527587914393621,-1,0.0068,0.0056,0.006357894736842105,0.04430379746835443,0.0056,0.009943181818181818,316,0.0500362289670719,badnets,0.05,mh,64,frequency,mean,hash_stability,mad,0.956,0.027
0.40288592,0.45939947789473684,0.03913448485336103,0.0,0.0,0.0,0.05,0.2965597146454049,0.45033008812421316,0.0032,0.0032,0.7034402853545951,-1,0.0292,0.0,0.0368,0.0,0.0,0.0,1748,0.05181132388294786,badnets,0.05,colorhash,42,colour,quantisation,bit_llr,mad,2.515,0.05
0.42480337263157897,0.48871163368421044,0.042202914021836735,0.0,0.0,0.0,0.05,0.3177536298783047,0.3783558959295007,0.0,0.0,0.6822463701216953,-1,0.0068,0.2296,0.4145263157894737,0.028326095538886695,0.2296,0.05043050430504305,20264,0.06476997578692494,badnets,0.05,colorhash,42,colour,quantisation,bit_em,mad,2.515,0.239
0.4248757010526316,0.5294714778947369,0.04460284430074016,0.0,0.0,0.0152,0.05,0.3924151909357953,0.5289766680654637,0.0,0.0212,0.6075848090642046,-1,0.0212,0.0148,0.008736842105263157,0.08185840707964602,0.0148,0.025067750677506776,452,0.04970937272947445,badnets,0.05,colorhash,42,colour,quantisation,hamming_knn,mad,2.515,0.331
0.43436690105263165,0.4676175705263158,0.04510946252742581,0.0,0.0,0.0,0.05,0.3856549307595468,0.4128739404112463,0.0,0.0,0.6143450692404532,-1,0.0,0.2456,0.27357894736842103,0.04511720185171578,0.2456,0.07623067850270035,13609,0.05182600093429694,badnets,0.05,colorhash,42,colour,quantisation,hamming_ball,mad,2.515,0.329
0.4549886442105263,0.4808287031578947,0.04427756672772763,0.0,0.0,0.0,0.05,0.46861049097775914,0.4711550986151909,0.0012,0.0124,0.5313895090222409,-1,0.0124,0.0,0.008021052631578948,0.0,0.0,0.0,381,0.050383925512404525,badnets,0.05,colorhash,42,colour,quantisation,hash_spectral,mad,2.515,0.041
0.5404066147368422,0.48700119578947365,0.055636739578606986,0.0052,0.0216,0.0052,0.05,0.5312979437683591,0.5117960973562736,0.0052,0.0052,0.5312979437683591,1,0.0052,0.0016,0.0008631578947368422,0.08888888888888889,0.0016,0.003143418467583497,45,0.04996496847162446,badnets,0.05,colorhash,42,colour,quantisation,hash_stability,mad,2.515,0.024
0.4403112252631579,0.47814193684210526,0.04147425632703329,0.004,0.0224,0.0076,0.05,0.41136177087704573,0.4653782626940831,0.0012,0.0032,0.5886382291229543,-1,0.0116,0.0004,0.0003368421052631579,0.058823529411764705,0.0004,0.0007945967421533572,17,0.04999699897965308,badnets,0.05,rhash8,64,residual,zero,bit_llr,mad,0.52,0.057
0.49778531789473685,0.5025865094736842,0.052330555050367024,0.0,0.004,0.0,0.05,0.4516321023919429,0.4333749055812002,0.0028,0.0028,0.548367897608057,-1,0.0072,0.162,0.09741052631578948,0.08048489666136725,0.162,0.10754115772703134,5032,0.046588685287315426,badnets,0.05,rhash8,64,residual,zero,bit_em,mad,0.52,0.297
0.4223169431578948,0.4552575410526316,0.04111868903269883,0.0032,0.0252,0.0032,0.05,0.37545572807385647,0.46935581200167853,0.0028,0.0028,0.6245442719261436,-1,0.0156,0.0024,0.005536842105263158,0.022304832713754646,0.0024,0.004333694474539545,269,0.050149805956043514,badnets,0.05,rhash8,64,residual,zero,hamming_knn,mad,0.52,0.449
0.41547957473684216,0.502512602105263,0.04330255924667134,0.0048,0.0372,0.0048,0.05,0.3761370960973563,0.45233734788082247,0.0016,0.0016,0.6238629039026438,-1,0.0048,0.0152,0.020652631578947367,0.03729146221786065,0.0152,0.02159704461494743,1019,0.05026438823217166,badnets,0.05,rhash8,64,residual,zero,hamming_ball,mad,0.52,0.445
0.5602817094736842,0.42702564631578943,0.05711905817573075,0.0108,0.0384,0.0108,0.05,0.40751141418380193,0.4450479647503148,0.002,0.002,0.5924885858161981,-1,0.002,0.0168,0.0192,0.0440251572327044,0.0168,0.024319629415170817,954,0.050116217428536475,badnets,0.05,rhash8,64,residual,zero,block_collision,mad,0.52,0.15
0.4720555157894737,0.4886909263157895,0.0463476282575966,0.01,0.0432,0.01,0.05,0.453801091061687,0.4787362987830466,0.0056,0.0056,0.546198908938313,-1,0.0148,0.0076,0.008105263157894737,0.04702970297029703,0.0076,0.013085399449035813,404,0.05002419549963707,badnets,0.05,rhash8,64,residual,zero,hash_spectral,mad,0.52,0.046
0.5727894063157895,0.42774607578947366,0.05900472650946873,0.008,0.0364,0.0032,0.05,0.6265827528325641,0.481225262274444,0.0188,0.008,0.6265827528325641,1,0.0188,0.0004,0.0015368421052631579,0.013513513513513514,0.0004,0.000777000777000777,74,0.05005408003845692,badnets,0.05,rhash8,64,residual,zero,hash_stability,mad,0.52,0.027
0.46334723789473686,0.46377622736842106,0.044135204515660956,0.0084,0.034,0.0132,0.05,0.44051321863197646,0.4438703734788082,0.002,0.0056,0.5594867813680235,-1,0.0132,0.0036,0.002294736842105263,0.07627118644067797,0.0036,0.006875477463712758,118,0.04993785333386793,badnets,0.05,rhash16,256,residual,zero,bit_llr,mad,0.583,0.093
0.49994914105263155,0.5091005557894737,0.04944106030086861,0.0,0.0,0.0,0.05,0.46208493495593794,0.4140002098195552,0.0,0.0,0.5379150650440621,-1,0.0,0.0,0.11025263157894737,0.0,0.0,0.0,5237,0.05584969729464066,badnets,0.05,rhash16,256,residual,zero,bit_em,mad,0.583,0.898
0.400095852631579,0.4687214863157894,0.038606069514360734,0.0004,0.0196,0.0004,0.05,0.33305509861519095,0.46713164078892155,0.0016,0.0016,0.666944901384809,-1,0.0252,0.0016,0.012526315789473684,0.00667779632721202,0.0016,0.0025814778960955146,599,0.05052529301026295,badnets,0.05,rhash16,256,residual,zero,hamming_knn,mad,0.583,0.47
0.39691643789473685,0.4803416673684211,0.041312567404276884,0.0056,0.0268,0.0056,0.05,0.3393524968527067,0.44258732689886704,0.002,0.002,0.6606475031472934,-1,0.002,0.0188,0.032905263157894736,0.029192546583850933,0.0188,0.022871046228710463,1610,0.050692291795825586,badnets,0.05,rhash16,256,residual,zero,hamming_ball,mad,0.583,0.464
0.3958531115789473,0.5965589894736842,0.05095715469583678,0.0176,0.082,0.0176,0.05,0.3780657574485942,0.4417566932438103,0.004,0.004,0.6219342425514058,-1,0.004,0.1304,0.08932631578947368,0.07135040490260451,0.1304,0.09223369642099306,4569,0.04785278774405142,badnets,0.05,rhash16,256,residual,zero,block_collision,mad,0.583,0.702
0.4373618189473685,0.47177733052631576,0.04165635445055549,0.0028,0.026,0.0028,0.05,0.4062501049097776,0.46162538816617704,0.0064,0.0064,0.5937498950902225,-1,0.0196,0.0068,0.01606315789473684,0.021794871794871794,0.0068,0.010365853658536586,780,0.0504469727752946,badnets,0.05,rhash16,256,residual,zero,hash_spectral,mad,0.583,0.056
0.583760707368421,0.50155136,0.0647579257888182,0.016,0.0656,0.0104,0.05,0.6208141418380193,0.4862163659253042,0.016,0.0088,0.6208141418380193,1,0.016,0.006,0.005326315789473684,0.055970149253731345,0.006,0.01083815028901734,268,0.04996782755569854,badnets,0.05,rhash16,256,residual,zero,hash_stability,mad,0.583,0.03
0.6143186694736842,0.42619394526315785,0.06260704438683373,0.012,0.0552,0.0048,0.05,0.6745498531263113,0.39479999999999993,0.0248,0.012,0.6745498531263113,1,0.0248,0.0,0.002673684210526316,0.0,0.0,0.0,127,0.050127323401439654,badnets,0.05,rhash32,1024,residual,zero,bit_llr,mad,0.461,0.245
0.485149667368421,0.1840777852631579,0.048787328174062415,0.0,0.0,0.0,0.05,0.39175023080151067,0.36726999580360886,0.0,0.0,0.6082497691984894,-1,0.0,0.0,0.27949473684210524,0.0,0.0,0.0,13276,0.06807537305304433,badnets,0.05,rhash32,1024,residual,zero,bit_em,mad,0.461,4.12
0.4115386442105263,0.4401625010526316,0.03876338345940531,0.0,0.0104,0.0,0.05,0.35604364246747794,0.41398715904322286,0.0008,0.0008,0.643956357532522,-1,0.0036,0.004,0.037263157894736845,0.0056179775280898875,0.004,0.004672897196261682,1780,0.05163832434674409,badnets,0.05,rhash32,1024,residual,zero,hamming_knn,mad,0.461,0.582
0.46322935157894735,0.4148128336842105,0.047661882026684484,0.0088,0.0396,0.0088,0.05,0.35136164498531264,0.38415761644985313,0.002,0.002,0.6486383550146874,-1,0.002,0.078,0.0988421052631579,0.03987730061349693,0.078,0.05277401894451962,4890,0.05109731766792285,badnets,0.05,rhash32,1024,residual,zero,hamming_ball,mad,0.461,0.552
0.7908042063157895,0.764173334736842,0.6607630620608775,0.63,0.638,0.63,0.05,0.8246995803608898,0.7779371800251783,0.6164,0.6164,0.8246995803608898,1,0.6164,0.638,0.024336842105263157,0.5797891675754271,0.638,0.6075033326985336,2751,0.01915384452581007,badnets,0.05,rhash32,1024,residual,zero,block_collision,mad,0.461,3.184
0.4315454610526316,0.4517434568421053,0.04043874505566582,0.0,0.0112,0.0,0.05,0.38936294586655473,0.4372787662610156,0.0032,0.0032,0.6106370541334453,-1,0.0148,0.0004,0.028736842105263158,0.0007320644216691069,0.0004,0.0005173305742369374,1366,0.05138380556812107,badnets,0.05,rhash32,1024,residual,zero,hash_spectral,mad,0.461,0.188
0.6165014231578947,0.5016759536842105,0.06952364150871992,0.0116,0.07,0.0068,0.05,0.6688569869911876,0.5166611833822913,0.0276,0.0068,0.6688569869911876,1,0.0276,0.0036,0.0053894736842105264,0.033962264150943396,0.0036,0.0065099457504520794,265,0.050085452900371974,badnets,0.05,rhash32,1024,residual,zero,hash_stability,mad,0.461,0.033
0.49942218947368416,0.4324386105263158,0.046662466706333075,0.0052,0.0312,0.0084,0.05,0.5014835081829627,0.4007886697440201,0.0016,0.0048,0.5014835081829627,1,0.0072,0.0016,0.0024,0.03389830508474576,0.0016,0.0030557677616501145,118,0.05003808989214546,badnets,0.05,rhash_rgb,768,residual,zero,bit_llr,mad,1.649,0.195
0.28093305684210523,0.5523850484210526,0.03517296255397068,0.0,0.0,0.0,0.05,0.4622112463281578,0.486848258497692,0.0,0.0,0.5377887536718422,-1,0.0,0.4748,0.3019157894736842,0.07644255538382277,0.4748,0.13168404703794098,15528,0.038088883731724296,badnets,0.05,rhash_rgb,768,residual,zero,bit_em,mad,1.649,2.93
0.4369810147368421,0.4590173094736842,0.04121634230825164,0.0012,0.0236,0.0012,0.05,0.3880395300041964,0.4424579941250524,0.002,0.002,0.6119604699958037,-1,0.0076,0.004,0.014357894736842106,0.014450867052023121,0.004,0.006265664160401002,692,0.0504989048430275,badnets,0.05,rhash_rgb,768,residual,zero,hamming_knn,mad,1.649,0.534
0.4101654357894736,0.5005649768421052,0.04267247409601192,0.0108,0.0356,0.0108,0.05,0.38943445237096097,0.43379937054133444,0.0036,0.0036,0.610565547629039,-1,0.0036,0.0292,0.036,0.04094223219293326,0.0292,0.03408825589540042,1783,0.05033494410685028,badnets,0.05,rhash_rgb,768,residual,zero,hamming_ball,mad,1.649,0.522
0.45671940210526313,0.4864345010526316,0.045289150216687175,0.0,0.012,0.0,0.05,0.3725637012169534,0.4387396978598405,0.006,0.006,0.6274362987830466,-1,0.006,0.0148,0.05901052631578947,0.013028169014084507,0.0148,0.013857677902621723,2840,0.0522264631043257,badnets,0.05,rhash_rgb,768,residual,zero,block_collision,mad,1.649,2.063
0.4469071789473684,0.4742377389473684,0.04281083496599414,0.0064,0.0328,0.0064,0.05,0.4222252203105329,0.46136865295845575,0.0068,0.0068,0.5777747796894671,-1,0.0096,0.0128,0.01816842105263158,0.035754189944134075,0.0128,0.01885125184094256,895,0.050259647693717546,badnets,0.05,rhash_rgb,768,residual,zero,hash_spectral,mad,1.649,0.117
0.5845551831578948,0.48620931368421055,0.0621896114902593,0.014,0.0536,0.008,0.05,0.6267951741502307,0.48942748636172895,0.02,0.0104,0.6267951741502307,1,0.02,0.0048,0.006084210526315789,0.03986710963455149,0.0048,0.008568368439842914,301,0.0500613694440532,badnets,0.05,rhash_rgb,768,residual,zero,hash_stability,mad,1.649,0.034
0.3738502863157895,0.4904700294736842,0.03624560487392773,0.0,0.0148,0.0016,0.05,0.3045765002098195,0.4979523289970625,0.0064,0.0168,0.6954234997901805,-1,0.0164,0.0,0.0006526315789473684,0.0,0.0,0.0,31,0.050031019231923796,badnets,0.05,rhash_energy,256,residual,mean,bit_llr,mad,0.601,0.093
0.4531627705263158,0.4580464336842105,0.06578897413254504,0.0,0.1308,0.0,0.05,0.2486764162819975,0.3046999160721779,0.0,0.0,0.7513235837180026,-1,0.0,0.2208,0.20461052631578946,0.05374354980040892,0.2208,0.08644585388771435,10271,0.049032193108308794,badnets,0.05,rhash_energy,256,residual,mean,bit_em,mad,0.601,0.903
0.3212839368421053,0.4866351452631579,0.03328716877804576,0.0,0.0016,0.0,0.05,0.23293260595887536,0.4948726814939153,0.0012,0.0012,0.7670673940411247,-1,0.0348,0.0,0.0008421052631578948,0.0,0.0,0.0,40,0.0500400320256205,badnets,0.05,rhash_energy,256,residual,mean,hamming_knn,mad,0.601,0.462
0.4769965894736842,0.19862562526315786,0.057513851444373716,0.0,0.0,0.0,0.05,0.3450880822492657,0.3450880822492657,0.0,0.0,0.6549119177507343,-1,0.0,0.0024,0.1560842105263158,0.0008086253369272237,0.0024,0.0012096774193548388,7420,0.05857209957726632,badnets,0.05,rhash_energy,256,residual,mean,hamming_ball,mad,0.601,0.449
0.3505858189473684,0.6578730610526317,0.044678677085676265,0.0,0.0,0.0,0.05,0.339052958455728,0.6404852706672262,0.0,0.0504,0.660947041544272,-1,0.0504,0.5424,0.17214736842105263,0.1422427357599916,0.5424,0.22538020443779605,9533,0.028269948352978972,badnets,0.05,rhash_energy,256,residual,mean,block_collision,mad,0.601,0.706
0.47997146105263155,0.48289138947368426,0.04588287333113951,0.0044,0.0304,0.0044,0.05,0.4846614351657575,0.47811800251783465,0.016,0.016,0.5153385648342426,-1,0.016,0.0004,0.0013684210526315789,0.015151515151515152,0.0004,0.000779423226812159,66,0.05004606080025634,badnets,0.05,rhash_energy,256,residual,mean,hash_spectral,mad,0.601,0.057
0.384323427368421,0.539693452631579,0.038043362523060245,0.0044,0.0212,0.0248,0.05,0.348968988669744,0.536056357532522,0.0052,0.006,0.651031011330256,-1,0.006,0.0064,0.0027368421052631577,0.1095890410958904,0.0064,0.012093726379440665,146,0.04982549043206162,badnets,0.05,rhash_energy,256,residual,mean,hash_stability,mad,0.601,0.032
0.43301361684210526,0.48021601684210524,0.0414431422344832,0.0096,0.0292,0.014,0.05,0.39323289970625264,0.47004439781787666,0.002,0.0068,0.6067671002937474,-1,0.0188,0.0044,0.0024210526315789475,0.0873015873015873,0.0044,0.008377760853008377,126,0.04990576252155432,badnets,0.05,ahash_res,256,residual,mean,bit_llr,mad,0.593,0.093
0.520776547368421,0.5261991831578947,0.053465210697422105,0.0,0.0,0.0,0.05,0.462624129248846,0.4167537138061267,0.0,0.0,0.537375870751154,-1,0.0,0.0,0.11145263157894737,0.0,0.0,0.0,5294,0.055920905471301394,badnets,0.05,ahash_res,256,residual,mean,bit_em,mad,0.593,0.928
0.3939939705263158,0.47644824842105254,0.03821750356503491,0.0004,0.0188,0.0004,0.05,0.32543206042803197,0.4703906000839278,0.0016,0.0016,0.674567939571968,-1,0.0244,0.0012,0.013073684210526315,0.004807692307692308,0.0012,0.0019206145966709346,624,0.05057112767336358,badnets,0.05,ahash_res,256,residual,mean,hamming_knn,mad,0.593,0.477
0.39415032,0.48018609263157896,0.04096982619187087,0.0044,0.0232,0.0044,0.05,0.33374032731850606,0.4418612673101133,0.0016,0.0016,0.666259672681494,-1,0.0016,0.0176,0.03446315789473684,0.026174895895300417,0.0176,0.021047596268835206,1681,0.05082886649144229,badnets,0.05,ahash_res,256,residual,mean,hamming_ball,mad,0.593,0.468
0.3993953094736842,0.6036104252631579,0.052830407741029935,0.026,0.0892,0.026,0.05,0.37788506084767093,0.44512299622324797,0.004,0.004,0.6221149391523291,-1,0.004,0.1376,0.0868421052631579,0.07697471470127545,0.1376,0.09872291576983785,4469,0.047352353341679296,badnets,0.05,ahash_res,256,residual,mean,block_collision,mad,0.593,0.707
0.43858027789473686,0.4699651747368421,0.04168289478789773,0.0024,0.0264,0.0024,0.05,0.40662857742341585,0.4610412505245489,0.0064,0.0064,0.5933714225765842,-1,0.0116,0.0064,0.01568421052631579,0.02102496714848883,0.0064,0.009812940815700706,761,0.05044781575580333,badnets,0.05,ahash_res,256,residual,mean,hash_spectral,mad,0.593,0.056
0.5938481978947368,0.5042850989473684,0.06715655724422889,0.0172,0.072,0.0112,0.05,0.6252420898027695,0.49089026437263944,0.0172,0.01,0.6252420898027695,1,0.0172,0.006,0.004842105263157895,0.061224489795918366,0.006,0.01092896174863388,245,0.04994472917294744,badnets,0.05,ahash_res,256,residual,mean,hash_stability,mad,0.593,0.031
0.38197984842105265,0.5190789852631579,0.036746348778129385,0.0,0.0004,0.0,0.05,0.3759316827528325,0.511126563155686,0.0056,0.0152,0.6240683172471675,-1,0.0152,0.0,0.0009263157894736842,0.0,0.0,0.0,44,0.05004403875410361,badnets_1px,0.05,ahash,64,spatial,mean,bit_llr,mad,0.147,0.057
0.66729464,0.5777803284210525,0.15565417876715498,0.0,0.4264,0.0,0.05,0.43327104490138474,0.4610883340327318,0.0,0.0,0.5667289550986152,-1,0.0,0.4264,0.3298105263157895,0.06371025579727468,0.4264,0.11085690515806988,16732,0.04310448479018877,badnets_1px,0.05,ahash,64,spatial,mean,bit_em,mad,0.147,0.292
0.41971541894736847,0.49223200842105264,0.041705730203374286,0.0064,0.0448,0.0044,0.05,0.35866340746957615,0.4832845572807386,0.002,0.002,0.6413365925304239,-1,0.0296,0.0,0.0,0.0,0.0,0.0,0,0.05,badnets_1px,0.05,ahash,64,spatial,mean,hamming_knn,mad,0.147,0.453
0.5128565389473684,0.18761734736842103,0.05907419371259777,0.0,0.0,0.0,0.05,0.40840612673101134,0.40840612673101134,0.0016,0.0016,0.5915938732689887,-1,0.0016,0.0168,0.15305263157894736,0.0057439824945295405,0.0168,0.008560945780676722,7312,0.057580584707646175,badnets_1px,0.05,ahash,64,spatial,mean,hamming_ball,mad,0.147,0.446
0.43278253052631577,0.4873265136842105,0.05086301332995841,0.0,0.0676,0.0,0.05,0.3764383550146873,0.48000633655056657,0.0,0.0,0.6235616449853127,-1,0.0284,0.1812,0.10665263157894737,0.08208008697227759,0.1812,0.11298166853722409,5519,0.046019648838830064,badnets_1px,0.05,ahash,64,spatial,mean,block_collision,mad,0.147,0.16
0.5097635915789474,0.4637357557894737,0.049926575427129916,0.004,0.0524,0.004,0.05,0.4808171632396139,0.45553663449433485,0.0072,0.0072,0.5191828367603861,-1,0.01,0.0,0.0008842105263157895,0.0,0.0,0.0,42,0.050042035309660116,badnets_1px,0.05,ahash,64,spatial,mean,hash_spectral,mad,0.147,0.046
0.41293088421052637,0.4879786315789474,0.04013397201344115,0.0008,0.0108,0.0008,0.05,0.3799624003357112,0.5166662190516157,0.0064,0.0112,0.6200375996642888,-1,0.0124,0.0,0.00048421052631578945,0.0,0.0,0.0,23,0.05002301058486904,badnets_1px,0.05,ahash,64,spatial,mean,hash_stability,mad,0.147,0.029
0.3846927536842105,0.5436264421052631,0.03750619864554683,0.0,0.0,0.0,0.05,0.3965213596307176,0.5457328577423416,0.0024,0.0072,0.6034786403692824,-1,0.0072,0.0,0.0013263157894736841,0.0,0.0,0.0,63,0.05006307948014498,badnets_1px,0.05,ahash4,16,spatial,mean,bit_llr,mad,0.134,0.048
0.6638850778947369,0.5976304042105263,0.15236427950460954,0.0428,0.4508,0.0,0.05,0.438263281577843,0.4726914813260596,0.0,0.0,0.561736718422157,-1,0.0,0.406,0.1551578947368421,0.1210494931425164,0.406,0.1864951768488746,8385,0.03568424846810044,badnets_1px,0.05,ahash4,16,spatial,mean,bit_em,mad,0.134,0.149
0.45464493894736846,0.49754032000000004,0.04756549756455829,0.0,0.0668,0.0,0.05,0.3909305497272346,0.485316030214016,0.0,0.0128,0.6090694502727654,-1,0.0128,0.0,0.0,0.0,0.0,0.0,0,0.05,badnets_1px,0.05,ahash4,16,spatial,mean,hamming_knn,mad,0.134,0.408
0.38956014736842104,0.42788122526315797,0.049297298339833914,0.0,0.03,0.0,0.05,0.4209214855224507,0.44790629458665554,0.0,0.0,0.5790785144775493,-1,0.0,0.0716,0.12736842105263158,0.028736554824209344,0.0716,0.041012716233245504,6229,0.05302597610289918,badnets_1px,0.05,ahash4,16,spatial,mean,hamming_ball,mad,0.134,0.409
0.44817131789473685,0.48323978105263155,0.049137044373552416,0.0268,0.0356,0.0268,0.05,0.40154523709609735,0.4343401594628619,0.0,0.0,0.5984547629039026,-1,0.0,0.1604,0.18646315789473683,0.04331389068913372,0.1604,0.0682088790610648,9258,0.051519316675666386,badnets_1px,0.05,ahash4,16,spatial,mean,block_collision,mad,0.134,0.04
0.5039203789473684,0.48564408,0.05067072040041257,0.0,0.0672,0.0,0.05,0.4959924464960134,0.4741849349559379,0.0,0.0,0.5040075535039866,-1,0.0096,0.0,0.0022315789473684212,0.0,0.0,0.0,106,0.05010622519741853,badnets_1px,0.05,ahash4,16,spatial,mean,hash_spectral,mad,0.134,0.044
0.5138346610526315,0.5273610568421052,0.05417559994097989,0.006,0.0592,0.006,0.05,0.40737868233319346,0.446404657994125,0.002,0.002,0.5926213176668065,-1,0.002,0.006,0.004273684210526316,0.06880733944954129,0.006,0.011037527593818985,218,0.049917640914386725,badnets_1px,0.05,ahash4,16,spatial,mean,hash_stability,mad,0.134,0.025
0.3795635073684211,0.5023445936842106,0.036428514810847704,0.0,0.0004,0.0,0.05,0.3661623583718002,0.49303285774234157,0.0048,0.0112,0.6338376416281998,-1,0.0112,0.0,0.0006947368421052632,0.0,0.0,0.0,33,0.05003302179438429,badnets_1px,0.05,ahash16,256,spatial,mean,bit_llr,mad,0.223,0.095
0.6621678105263158,0.6263033178947368,0.16981988808981688,0.0,0.422,0.0,0.05,0.45278099034830055,0.45596105749055804,0.0,0.0,0.5472190096516995,-1,0.0,0.4412,0.3948421052631579,0.05554436499143922,0.4412,0.09866714375167725,19858,0.04634728949638378,badnets_1px,0.05,ahash16,256,spatial,mean,bit_em,mad,0.223,0.888
0.3919636421052632,0.5010885936842105,0.038487753840153564,0.0048,0.0292,0.0056,0.05,0.32794129248845993,0.494899958036089,0.0032,0.0032,0.6720587075115401,-1,0.0376,0.0,0.0,0.0,0.0,0.0,0,0.05,badnets_1px,0.05,ahash16,256,spatial,mean,hamming_knn,mad,0.223,0.476
0.47586517894736846,0.2378542989473684,0.05387015759113413,0.0,0.0,0.0,0.05,0.4074458245908519,0.4074458245908519,0.0028,0.0028,0.5925541754091481,-1,0.0028,0.012,0.14033684210526315,0.004480286738351254,0.012,0.006524575902566333,6696,0.05703861075189359,badnets_1px,0.05,ahash16,256,spatial,mean,hamming_ball,mad,0.223,0.465
0.27295925473684207,0.7356795578947368,0.037592413520263955,0.0,0.0,0.214,0.05,0.3727429710449014,0.6073308854385229,0.0,0.0352,0.6272570289550986,-1,0.0352,0.5352,0.0812421052631579,0.2574562247450452,0.5352,0.347667922567234,5197,0.025935763230140838,badnets_1px,0.05,ahash16,256,spatial,mean,block_collision,mad,0.223,0.688
0.5044147705263158,0.4598646989473684,0.048929928501102386,0.006,0.0452,0.006,0.05,0.4755370121695342,0.4437783046579941,0.0048,0.0048,0.5244629878304659,-1,0.0076,0.0,0.0006736842105263158,0.0,0.0,0.0,32,0.05003202049311559,badnets_1px,0.05,ahash16,256,spatial,mean,hash_spectral,mad,0.223,0.055
0.48198464421052634,0.5240039705263158,0.04967113564320183,0.0088,0.0568,0.0116,0.05,0.4704828367603861,0.5191180444817456,0.0048,0.0044,0.5295171632396138,-1,0.0096,0.0024,0.0012631578947368421,0.09090909090909091,0.0024,0.004676539360872954,66,0.049945928625786035,badnets_1px,0.05,ahash16,256,spatial,mean,hash_stability,mad,0.223,0.033
0.3790354947368421,0.49527556210526313,0.03634331455986731,0.0,0.0004,0.0,0.05,0.36084414603441045,0.48391489718841796,0.004,0.0084,0.6391558539655895,-1,0.0084,0.0,0.0005473684210526316,0.0,0.0,0.0,26,0.050026013527034056,badnets_1px,0.05,ahash32,1024,spatial,mean,bit_llr,mad,0.356,0.244
0.361394467368421,0.4668198989473684,0.04905224898094743,0.0,0.0,0.0,0.05,0.415298825010491,0.584701174989509,0.0,0.0,0.584701174989509,-1,0.0,0.0,0.19903157894736842,0.0,0.0,0.0,9454,0.06165836334040349,badnets_1px,0.05,ahash32,1024,spatial,mean,bit_em,mad,0.356,4.072
0.37767220631578946,0.5064018273684211,0.037192502186905715,0.0036,0.0252,0.0036,0.05,0.3110008392782207,0.5019306336550566,0.0032,0.0036,0.6889991607217794,-1,0.0348,0.0,2.105263157894737e-05,0.0,0.0,0.0,1,0.0500010000200004,badnets_1px,0.05,ahash32,1024,spatial,mean,hamming_knn,mad,0.356,0.58
0.48075958736842106,0.24283180631578952,0.05427723105817256,0.0,0.0,0.0,0.05,0.4026801091061687,0.4026801091061687,0.0036,0.0036,0.5973198908938313,-1,0.0036,0.0112,0.14505263157894738,0.004047412546978896,0.0112,0.005946060734763219,6918,0.05737895176639896,badnets_1px,0.05,ahash32,1024,spatial,mean,hamming_ball,mad,0.356,0.552
0.39230485473684207,0.39389082526315794,0.04297849018846073,0.0,0.0,0.0,0.05,0.40371485522450695,0.5962851447754932,0.0,0.0172,0.5962851447754931,-1,0.0172,0.0024,0.13983157894736842,0.0009025270758122744,0.0024,0.0013117621337997377,6648,0.05752906440302639,badnets_1px,0.05,ahash32,1024,spatial,mean,block_collision,mad,0.356,2.917
0.5033269852631579,0.4604102947368421,0.04870286329851649,0.0064,0.044,0.0064,0.05,0.472598908938313,0.4410384389425095,0.0048,0.0048,0.527401091061687,-1,0.0108,0.0,0.0005052631578947368,0.0,0.0,0.0,24,0.05002401152553226,badnets_1px,0.05,ahash32,1024,spatial,mean,hash_spectral,mad,0.356,0.186
0.4958163284210526,0.5110438610526316,0.04999504545313368,0.0072,0.0524,0.0084,0.05,0.48720667226185477,0.5118320184641209,0.004,0.004,0.5127933277381452,-1,0.008,0.002,0.0016210526315789473,0.06097560975609756,0.002,0.0038729666924864447,82,0.04998197043150767,badnets_1px,0.05,ahash32,1024,spatial,mean,hash_stability,mad,0.356,0.036
0.43386846736842105,0.49270224842105265,0.040838996917625214,0.0,0.0152,0.0,0.05,0.4091970625262274,0.49307016365925305,0.0032,0.0096,0.5908029374737727,-1,0.0096,0.0,0.0013473684210526316,0.0,0.0,0.0,64,0.05006408202499199,badnets_1px,0.05,mhash,64,spatial,median,bit_llr,mad,0.171,0.057
0.4653331747368421,0.5128661431578947,0.0511902819833459,0.0,0.0,0.0,0.05,0.4332932857742341,0.5326686109945447,0.0,0.0,0.5667067142257659,-1,0.0,0.0,0.27949473684210524,0.0,0.0,0.0,13276,0.06807537305304433,badnets_1px,0.05,mhash,64,spatial,median,bit_em,mad,0.171,0.293
0.43293346105263153,0.49684484631578946,0.04346914178062526,0.0072,0.0412,0.0072,0.05,0.387859798573227,0.4803195132186319,0.0,0.0,0.612140201426773,-1,0.0312,0.0,4.210526315789474e-05,0.0,0.0,0.0,2,0.0500020000800032,badnets_1px,0.05,mhash,64,spatial,median,hamming_knn,mad,0.171,0.446
0.5129921094736842,0.1841006063157895,0.05722600590683044,0.0,0.0,0.0,0.05,0.40986323961393206,0.40986323961393206,0.0,0.0,0.5901367603860679,-1,0.0,0.0164,0.1595578947368421,0.005380577427821522,0.0164,0.008102766798418972,7620,0.05802265219443133,badnets_1px,0.05,mhash,64,spatial,median,hamming_ball,mad,0.171,0.458
0.4246659536842105,0.48723332631578953,0.045123228562297224,0.0,0.0436,0.0,0.05,0.39534796475031475,0.4786854804867814,0.0,0.0,0.6046520352496852,-1,0.0088,0.1348,0.1027578947368421,0.06458413185128402,0.1348,0.08732832339984452,5218,0.04830065651377786,badnets_1px,0.05,mhash,64,spatial,median,block_collision,mad,0.171,0.159
0.46884818105263154,0.4807406484210527,0.04524235225074368,0.004,0.0456,0.004,0.05,0.444709148132606,0.47691426772975243,0.0084,0.0084,0.555290851867394,-1,0.0108,0.0,0.0003368421052631579,0.0,0.0,0.0,16,0.05001600512163892,badnets_1px,0.05,mhash,64,spatial,median,hash_spectral,mad,0.171,0.046
0.38614949052631575,0.5286132042105263,0.038810487266029814,0.002,0.0184,0.002,0.05,0.3844832983634075,0.5172624422996224,0.0052,0.006,0.6155167016365926,-1,0.016,0.0,0.002168421052631579,0.0,0.0,0.0,103,0.05010321261799307,badnets_1px,0.05,mhash,64,spatial,median,hash_stability,mad,0.171,0.027
0.3667937010526316,0.5371268757894737,0.03588610743912154,0.0,0.0008,0.0016,0.05,0.3455224506924045,0.5416898027696182,0.0044,0.0264,0.6544775493075955,-1,0.0264,0.0,0.001431578947368421,0.0,0.0,0.0,68,0.05006809260594408,badnets_1px,0.05,ahash_rgb,192,spatial,mean,bit_llr,mad,0.377,0.08
0.6779594484210526,0.5685077557894738,0.17168257159551384,0.0,0.4348,0.0,0.05,0.4549922366764582,0.4594911036508602,0.0,0.0,0.5450077633235417,-1,0.0,0.4492,0.39467368421052634,0.05651736285858078,0.4492,0.10040232454179705,19870,0.04570195818121474,badnets_1px,0.05,ahash_rgb,192,spatial,mean,bit_em,mad,0.377,0.657
0.41804824842105265,0.49629554947368426,0.04151939602827365,0.0088,0.0468,0.008,0.05,0.3672227444397818,0.4797624842635334,0.002,0.002,0.6327772555602182,-1,0.0208,0.0,0.0,0.0,0.0,0.0,0,0.05,badnets_1px,0.05,ahash_rgb,192,spatial,mean,hamming_knn,mad,0.377,0.49
0.5201054821052632,0.19931617684210526,0.06002570316849771,0.0,0.0,0.0,0.05,0.4244538396978598,0.4244538396978598,0.002,0.002,0.5755461603021401,-1,0.002,0.0152,0.16829473684210527,0.0047310756972111555,0.0152,0.0072161033042157235,8032,0.05866374380480366,badnets_1px,0.05,ahash_rgb,192,spatial,mean,hamming_ball,mad,0.377,0.457
0.4610824800000001,0.49502191157894737,0.05364135682170089,0.0,0.0,0.0,0.05,0.375252916491817,0.4805124213176668,0.0,0.0,0.624747083508183,-1,0.0332,0.0,0.04126315789473684,0.0,0.0,0.0,1960,0.05203996669442131,badnets_1px,0.05,ahash_rgb,192,spatial,mean,block_collision,mad,0.377,0.411
0.511225667368421,0.4871395157894737,0.052158505650050487,0.0112,0.0608,0.0112,0.05,0.4840648342425514,0.4808725136382711,0.0108,0.0108,0.5159351657574486,-1,0.0108,0.0,0.0010526315789473684,0.0,0.0,0.0,50,0.05005005005005005,badnets_1px,0.05,ahash_rgb,192,spatial,mean,hash_spectral,mad,0.377,0.052
0.4015867621052632,0.5017515410526316,0.0388404810428335,0.0016,0.0148,0.002,0.05,0.3641140159462862,0.5133458245908519,0.006,0.008,0.6358859840537139,-1,0.0168,0.0,0.0007368421052631579,0.0,0.0,0.0,35,0.05003502451716201,badnets_1px,0.05,ahash_rgb,192,spatial,mean,hash_stability,mad,0.377,0.033
0.417797612631579,0.4844252463157895,0.040002854609965006,0.0072,0.028,0.01,0.05,0.3734320604280319,0.47567960553923627,0.0012,0.0076,0.6265679395719681,-1,0.0212,0.0,2.105263157894737e-05,0.0,0.0,0.0,1,0.0500010000200004,badnets_1px,0.05,dhash,64,spatial,pairwise,bit_llr,mad,0.146,0.058
0.5451269431578947,0.5519462442105263,0.05993623076172353,0.0,0.0,0.0,0.05,0.49060952580780526,0.48620914813260596,0.0,0.0,0.5093904741921947,-1,0.0,0.0,0.07707368421052632,0.0,0.0,0.0,3661,0.053950236302035,badnets_1px,0.05,dhash,64,spatial,pairwise,bit_em,mad,0.146,0.302
0.45066097684210527,0.4945799578947368,0.04550202667900813,0.0128,0.0392,0.0128,0.05,0.4133613512379353,0.4738977759127151,0.0036,0.0036,0.5866386487620647,-1,0.0076,0.0148,0.013031578947368422,0.056402439024390245,0.0148,0.023447401774397972,656,0.04991488326848249,badnets_1px,0.05,dhash,64,spatial,pairwise,hamming_knn,mad,0.146,0.451
0.44178610526315787,0.5131836421052632,0.04561847321387878,0.0088,0.044,0.0088,0.05,0.4185131347041544,0.46045169953839693,0.0044,0.0044,0.5814868652958456,-1,0.0044,0.078,0.0943578947368421,0.04169339320076972,0.078,0.05434025358785008,4677,0.0508571806808905,badnets_1px,0.05,dhash,64,spatial,pairwise,hamming_ball,mad,0.146,0.444
0.5012939578947369,0.5734306189473685,0.06576302991968604,0.0328,0.0852,0.0328,0.05,0.4433704993705413,0.4435557700377675,0.0,0.0,0.5566295006294587,-1,0.0,0.1668,0.1071578947368421,0.07572180860722716,0.1668,0.10415886099662795,5507,0.046816353134200885,badnets_1px,0.05,dhash,64,spatial,pairwise,block_collision,mad,0.146,0.153
0.4914610147368421,0.49795261473684205,0.04871657744461122,0.0084,0.048,0.0084,0.05,0.4854624422996223,0.4994715065044062,0.0072,0.0072,0.5145375577003777,-1,0.0116,0.0012,0.001663157894736842,0.036585365853658534,0.0012,0.0023237800154918666,82,0.0500220361392684,badnets_1px,0.05,dhash,64,spatial,pairwise,hash_spectral,mad,0.146,0.046
0.5255787915789474,0.5115161978947368,0.05520244848185663,0.0096,0.0428,0.0148,0.05,0.5706944607637431,0.4874938313050776,0.0128,0.008,0.5706944607637431,1,0.0128,0.0008,0.0005052631578947368,0.07692307692307693,0.0008,0.001583531274742676,26,0.04998599271621243,badnets_1px,0.05,dhash,64,spatial,pairwise,hash_stability,mad,0.146,0.027
0.4352340631578947,0.4756672968421053,0.04121676551979531,0.0036,0.0292,0.0028,0.05,0.397973562736047,0.4662434746118338,0.0024,0.006,0.602026437263953,-1,0.0108,0.0,0.00023157894736842104,0.0,0.0,0.0,11,0.05001100242053252,badnets_1px,0.05,dhash_v,64,spatial,pairwise,bit_llr,mad,0.138,0.058
0.4467453473684211,0.5645279410526316,0.04621125034931577,0.0,0.0,0.0,0.05,0.510768988669744,0.46782358371800253,0.0,0.0,0.510768988669744,1,0.0,0.0,0.029052631578947368,0.0,0.0,0.0,1380,0.05141916906622789,badnets_1px,0.05,dhash_v,64,spatial,pairwise,bit_em,mad,0.138,0.298
0.3901222905263158,0.48839469473684216,0.03794643101297918,0.0004,0.016,0.0004,0.05,0.34215707091900965,0.5008613512379353,0.002,0.002,0.6578429290809904,-1,0.0228,0.0,0.0034526315789473686,0.0,0.0,0.0,164,0.0501645396901838,badnets_1px,0.05,dhash_v,64,spatial,pairwise,hamming_knn,mad,0.138,0.451
0.4127056252631579,0.4235090526315789,0.04137622393129418,0.0,0.0144,0.0,0.05,0.3506763323541754,0.4295180444817457,0.0052,0.0052,0.6493236676458246,-1,0.0052,0.0468,0.10778947368421053,0.02234103494367004,0.0468,0.030244280728964713,5237,0.05323593146125148,badnets_1px,0.05,dhash_v,64,spatial,pairwise,hamming_ball,mad,0.138,0.444
0.4015884463157895,0.44893796210526316,0.04062835070163409,0.0,0.0396,0.0,0.05,0.3582166596726815,0.44317007973143097,0.0,0.0,0.6417833403273185,-1,0.0,0.0804,0.15071578947368422,0.02730978260869565,0.0804,0.04077079107505071,7360,0.05391651031894934,badnets_1px,0.05,dhash_v,64,spatial,pairwise,block_collision,mad,0.138,0.157
0.4537256378947368,0.47175831999999995,0.04247736840145807,0.0,0.0116,0.0,0.05,0.4394300881242132,0.4629318086445656,0.0048,0.0048,0.5605699118757868,-1,0.0136,0.0,0.0005684210526315789,0.0,0.0,0.0,27,0.05002701458787746,badnets_1px,0.05,dhash_v,64,spatial,pairwise,hash_spectral,mad,0.138,0.046
0.5723174105263158,0.43098379789473684,0.05951495485697049,0.0016,0.038,0.0016,0.05,0.6135773814519513,0.4885117498950902,0.0068,0.0036,0.6135773814519513,1,0.0068,0.0,0.00031578947368421053,0.0,0.0,0.0,15,0.05001500450135041,badnets_1px,0.05,dhash_v,64,spatial,pairwise,hash_stability,mad,0.138,0.028
0.4460767073684211,0.4610971747368421,0.04204012199125254,0.0052,0.0268,0.0064,0.05,0.4066659672681494,0.4419922786403693,0.0016,0.0044,0.5933340327318506,-1,0.0124,0.0004,0.0010105263157894737,0.02040816326530612,0.0004,0.0007846214201647705,49,0.050029028447878925,badnets_1px,0.05,dhash16,256,spatial,pairwise,bit_llr,mad,0.197,0.093
0.5784853768421052,0.6018705978947368,0.12962121748609362,0.0,0.3212,0.0,0.05,0.46053701216953424,0.4541093579521611,0.0,0.0,0.5394629878304658,-1,0.0,0.4316,0.2707157894736842,0.07741426316544697,0.4316,0.13128117775885145,13938,0.03940435915922578,badnets_1px,0.05,dhash16,256,spatial,pairwise,bit_em,mad,0.197,0.909
0.4292272336842105,0.45341591157894734,0.04117793264530073,0.0064,0.03,0.0064,0.05,0.3751629039026437,0.4359964330675618,0.0036,0.0036,0.6248370960973564,-1,0.0128,0.0176,0.029557894736842106,0.03038674033149171,0.0176,0.022289766970618033,1448,0.05058493985829626,badnets_1px,0.05,dhash16,256,spatial,pairwise,hamming_knn,mad,0.197,0.475
0.43389560421052636,0.4572923494736842,0.05081896879548356,0.0156,0.056,0.0156,0.05,0.38231686949223664,0.4065668065463701,0.0024,0.0024,0.6176831305077634,-1,0.0024,0.1232,0.14246315789473685,0.04353356890459364,0.1232,0.06433420365535249,7075,0.0510658124635993,badnets_1px,0.05,dhash16,256,spatial,pairwise,hamming_ball,mad,0.197,0.478
0.4488597684210527,0.5006917347368421,0.04663438328490618,0.0,0.0596,0.0,0.05,0.3945578262694083,0.3989210658833403,0.0,0.0,0.6054421737305917,-1,0.0072,0.1172,0.16654736842105264,0.03571428571428571,0.1172,0.054745889387144996,8204,0.05280409608574983,badnets_1px,0.05,dhash16,256,spatial,pairwise,block_collision,mad,0.197,0.717
0.4731589010526316,0.4734697094736842,0.04525208057500451,0.0056,0.034,0.0056,0.05,0.4500386067981536,0.46078875367184224,0.0036,0.0036,0.5499613932018463,-1,0.0112,0.006,0.010694736842105264,0.028680688336520075,0.006,0.00992391663910023,523,0.05022535723669584,badnets_1px,0.05,dhash16,256,spatial,pairwise,hash_spectral,mad,0.197,0.056
0.5693527663157895,0.46205059789473685,0.05865383992021037,0.0024,0.0452,0.0044,0.05,0.616644775493076,0.4650681074276123,0.0188,0.0028,0.616644775493076,1,0.0188,0.0008,0.003094736842105263,0.013422818791946308,0.0008,0.0015100037750094375,149,0.05010932579085675,badnets_1px,0.05,dhash16,256,spatial,pairwise,hash_stability,mad,0.197,0.03
0.42528677473684207,0.4881484084210526,0.04122458935617758,0.0092,0.0324,0.0096,0.05,0.3705245069240453,0.4814733109525808,0.004,0.01,0.6294754930759547,-1,0.016,0.0,0.00031578947368421053,0.0,0.0,0.0,15,0.05001500450135041,badnets_1px,0.05,blockhash,256,spatial,median,bit_llr,mad,0.371,0.093
0.4308776631578947,0.46552929263157894,0.04795885121171057,0.0,0.0,0.0,0.05,0.49518401174989507,0.506332228283676,0.0,0.0,0.5048159882501049,-1,0.0,0.0,0.2415578947368421,0.0,0.0,0.0,11474,0.06489124227794217,badnets_1px,0.05,blockhash,256,spatial,median,bit_em,mad,0.371,0.889
0.4245552252631579,0.5296745894736842,0.04265479568684144,0.01,0.0368,0.01,0.05,0.4015396139320185,0.5374741082668903,0.0044,0.0044,0.5984603860679816,-1,0.0324,0.0016,0.0016,0.05,0.0016,0.0031007751937984496,80,0.05,badnets_1px,0.05,blockhash,256,spatial,median,hamming_knn,mad,0.371,0.479
0.4231782063157895,0.46196216,0.042173946211198125,0.0,0.0016,0.0,0.05,0.4125237935375577,0.47953168275283253,0.0032,0.0032,0.5874762064624424,-1,0.0032,0.0632,0.15077894736842104,0.021584699453551914,0.0632,0.03217922606924643,7320,0.05487347703842549,badnets_1px,0.05,blockhash,256,spatial,median,hamming_ball,mad,0.371,0.47
0.4693078694736842,0.4459644884210526,0.050706672897162776,0.0,0.0,0.0,0.05,0.441232186319765,0.48369613932018474,0.0,0.0204,0.558767813680235,-1,0.0204,0.0,0.017305263157894737,0.0,0.0,0.0,822,0.050835739558339095,badnets_1px,0.05,blockhash,256,spatial,median,block_collision,mad,0.371,0.713
0.4952806063157894,0.4938027452631579,0.0518218008944505,0.0176,0.0664,0.0176,0.05,0.4770161980696601,0.4870210658833404,0.0048,0.0048,0.5229838019303399,-1,0.0124,0.0036,0.001431578947368421,0.11688311688311688,0.0036,0.006984866123399301,77,0.04989684113534844,badnets_1px,0.05,blockhash,256,spatial,median,hash_spectral,mad,0.371,0.056
0.5563793726315789,0.5084112042105263,0.06154389949702277,0.0192,0.0628,0.0092,0.05,0.5823939991607218,0.5076269827947965,0.0256,0.0172,0.5823939991607218,1,0.0256,0.0012,0.001957894736842105,0.03125,0.0012,0.0023112480739599386,96,0.05003606925296569,badnets_1px,0.05,blockhash,256,spatial,median,hash_stability,mad,0.371,0.03
0.4348446357894737,0.4653812673684211,0.041462734417706676,0.0068,0.0336,0.0044,0.05,0.39261133025597983,0.4465871590432229,0.0048,0.0068,0.6073886697440202,-1,0.0072,0.0,0.00018947368421052632,0.0,0.0,0.0,9,0.050009001620291656,badnets_1px,0.05,phash,64,frequency,median,bit_llr,mad,0.553,0.058
0.4784103621052632,0.42145044631578943,0.044631329018453625,0.0,0.0,0.0,0.05,0.4030388585816198,0.38896600923206043,0.0004,0.0004,0.5969611414183802,-1,0.0032,0.0,0.039578947368421054,0.0,0.0,0.0,1880,0.051953449709060684,badnets_1px,0.05,phash,64,frequency,median,bit_em,mad,0.553,0.3
0.36348086315789474,0.49514868631578945,0.03763683008826752,0.0024,0.0156,0.0024,0.05,0.31110268569030636,0.48014704154427185,0.0012,0.0012,0.6888973143096937,-1,0.0248,0.0024,0.008463157894736843,0.014705882352941176,0.0024,0.0041265474552957355,408,0.05029036941442168,badnets_1px,0.05,phash,64,frequency,median,hamming_knn,mad,0.553,0.435
0.3890497052631579,0.42295223578947366,0.03853073763150099,0.0004,0.008,0.0004,0.05,0.3102620226605119,0.43295140579101976,0.0016,0.0016,0.689737977339488,-1,0.02,0.0028,0.027410526315789472,0.0053475935828877,0.0028,0.0036755053819900237,1309,0.05120042718366844,badnets_1px,0.05,phash,64,frequency,median,hamming_ball,mad,0.553,0.454
0.4475048547368421,0.4618273852631578,0.042072409755151266,0.0032,0.02,0.0032,0.05,0.4211372219890894,0.4478161980696601,0.0032,0.0032,0.5788627780109106,-1,0.0164,0.0012,0.002968421052631579,0.020833333333333332,0.0012,0.0022692889561270802,144,0.050084242618741975,badnets_1px,0.05,phash,64,frequency,median,hash_spectral,mad,0.553,0.045
0.5661021305263157,0.3667307663157895,0.05434139365328368,0.0,0.0052,0.0,0.05,0.5689606378514478,0.5190536718422157,0.0052,0.0056,0.5689606378514478,1,0.0052,0.0,0.00728421052631579,0.0,0.0,0.0,346,0.05034841100414871,badnets_1px,0.05,phash,64,frequency,median,hash_stability,mad,0.553,0.025
0.43484465263157895,0.4653812589473684,0.04146273544248255,0.0068,0.0336,0.0044,0.05,0.39261133025597983,0.4465872429710449,0.0048,0.0068,0.6073886697440202,-1,0.0072,0.0,0.00018947368421052632,0.0,0.0,0.0,9,0.050009001620291656,badnets_1px,0.05,phash_nodc,63,frequency,median,bit_llr,mad,0.533,0.06
0.47838832421052635,0.42139800842105263,0.044627547816521604,0.0,0.0,0.0,0.05,0.40305358791439366,0.3889639530004196,0.0004,0.0004,0.5969464120856063,-1,0.0032,0.0,0.039578947368421054,0.0,0.0,0.0,1880,0.051953449709060684,badnets_1px,0.05,phash_nodc,63,frequency,median,bit_em,mad,0.533,0.297
0.36348086315789474,0.49514868631578945,0.03763683008826752,0.0024,0.0156,0.0024,0.05,0.31110268569030636,0.48014704154427185,0.0012,0.0012,0.6888973143096937,-1,0.0248,0.0024,0.008463157894736843,0.014705882352941176,0.0024,0.0041265474552957355,408,0.05029036941442168,badnets_1px,0.05,phash_nodc,63,frequency,median,hamming_knn,mad,0.533,0.437
0.3890497052631579,0.42295223578947366,0.03853073763150099,0.0004,0.008,0.0004,0.05,0.3102620226605119,0.43295140579101976,0.0016,0.0016,0.689737977339488,-1,0.02,0.0028,0.027410526315789472,0.0053475935828877,0.0028,0.0036755053819900237,1309,0.05120042718366844,badnets_1px,0.05,phash_nodc,63,frequency,median,hamming_ball,mad,0.533,0.44
0.45625239578947374,0.4705498905263158,0.043460725702360065,0.0048,0.0324,0.0048,0.05,0.43409467058329837,0.45876768778850185,0.0016,0.0016,0.5659053294167016,-1,0.0096,0.0004,0.002105263157894737,0.009900990099009901,0.0004,0.0007689350249903883,101,0.05008116395118139,badnets_1px,0.05,phash_nodc,63,frequency,median,hash_spectral,mad,0.533,0.047
0.5661021305263157,0.3667307663157895,0.05434139365328368,0.0,0.0052,0.0,0.05,0.5689606378514478,0.5190536718422157,0.0052,0.0056,0.5689606378514478,1,0.0052,0.0,0.00728421052631579,0.0,0.0,0.0,346,0.05034841100414871,badnets_1px,0.05,phash_nodc,63,frequency,median,hash_stability,mad,0.533,0.026
0.42968633263157896,0.4708603578947368,0.04057816609778894,0.0044,0.0276,0.0016,0.05,0.3866518673940411,0.4604889634913974,0.002,0.0072,0.6133481326059589,-1,0.0076,0.0,0.0002526315789473684,0.0,0.0,0.0,12,0.05001200288069137,badnets_1px,0.05,phash_mean,64,frequency,mean,bit_llr,mad,0.515,0.058
0.3567313305263158,0.587280147368421,0.03675824114228993,0.0,0.0,0.0,0.05,0.42252794796475035,0.5597823751573647,0.0072,0.0096,0.5774720520352497,-1,0.0096,0.0,0.0,0.0,0.0,0.0,0,0.05,badnets_1px,0.05,phash_mean,64,frequency,mean,bit_em,mad,0.515,0.301
0.37887481263157896,0.4851043410526316,0.03758099058284934,0.002,0.0108,0.002,0.05,0.3260504406210659,0.4841651279899287,0.0024,0.0024,0.6739495593789341,-1,0.0184,0.0004,0.005831578947368421,0.0035971223021582736,0.0004,0.0007199424046076314,278,0.050259442500301676,badnets_1px,0.05,phash_mean,64,frequency,mean,hamming_knn,mad,0.515,0.445
0.3766090357894737,0.4613735536842105,0.03829612570289785,0.0004,0.0124,0.0004,0.05,0.3371678556441461,0.456311540075535,0.0032,0.0032,0.6628321443558539,-1,0.0032,0.0124,0.04936842105263158,0.013047138047138047,0.0124,0.012715340442986054,2376,0.051843608264740465,badnets_1px,0.05,phash_mean,64,frequency,mean,hamming_ball,mad,0.515,0.455
0.5333329642105263,0.5230214568421052,0.05831153609628631,0.0184,0.0804,0.0184,0.05,0.542509148132606,0.5297245908518674,0.0076,0.0076,0.542509148132606,1,0.0076,0.002,0.0013263157894736841,0.07352941176470588,0.002,0.003894080996884735,68,0.04996795642073219,badnets_1px,0.05,phash_mean,64,frequency,mean,hash_spectral,mad,0.515,0.047
0.46062701894736835,0.5145915368421052,0.04635325486492159,0.0088,0.0372,0.0088,0.05,0.4303372639530004,0.48372517834662193,0.0064,0.0072,0.5696627360469996,-1,0.0064,0.0024,0.0019789473684210528,0.06,0.0024,0.004615384615384616,100,0.04997995991983968,badnets_1px,0.05,phash_mean,64,frequency,mean,hash_stability,mad,0.515,0.028
0.48796003368421054,0.47775696842105264,0.04976212474478717,0.016,0.0508,0.0084,0.05,0.47497629039026434,0.4604326898866974,0.0096,0.0068,0.5250237096097357,-1,0.0096,0.0,0.00016842105263157895,0.0,0.0,0.0,8,0.050008001280204835,badnets_1px,0.05,phash16,256,frequency,median,bit_llr,mad,0.631,0.093
0.43922625263157894,0.42125594105263153,0.04056402919249134,0.0,0.0,0.0,0.05,0.39733793537557704,0.3871620226605119,0.0,0.0,0.602662064624423,-1,0.0064,0.0,0.12730526315789473,0.0,0.0,0.0,6047,0.05687893886651651,badnets_1px,0.05,phash16,256,frequency,median,bit_em,mad,0.631,0.902
0.3710922315789474,0.4544678021052631,0.03704217087454839,0.0012,0.0128,0.0012,0.05,0.29948082249265634,0.44893243810323125,0.0012,0.0012,0.7005191775073436,-1,0.0228,0.0012,0.009389473684210526,0.0066815144766146995,0.0012,0.002034587995930824,449,0.0503925248733628,badnets_1px,0.05,phash16,256,frequency,median,hamming_knn,mad,0.631,0.47
0.38401818947368427,0.4507812715789474,0.03871734282388511,0.0008,0.0088,0.0008,0.05,0.3085951741502308,0.4290751573646664,0.0008,0.0008,0.6914048258497691,-1,0.0132,0.0008,0.012378947368421052,0.003389830508474576,0.0008,0.0012944983818770227,590,0.050556567496458205,badnets_1px,0.05,phash16,256,frequency,median,hamming_ball,mad,0.631,0.465
0.45911466526315786,0.4692235494736842,0.043947224770425924,0.0064,0.0356,0.0064,0.05,0.4324889634913974,0.45341233738984477,0.0028,0.0028,0.5675110365086026,-1,0.014,0.0052,0.008042105263157896,0.03291139240506329,0.0052,0.008981001727115717,395,0.05013607499244028,badnets_1px,0.05,phash16,256,frequency,median,hash_spectral,mad,0.631,0.056
0.6363312968421052,0.5017972421052632,0.0750661163551207,0.0096,0.0808,0.0036,0.05,0.6935302559798573,0.5294400335711289,0.044,0.0056,0.6935302559798573,1,0.044,0.0,0.0018105263157894736,0.0,0.0,0.0,86,0.05008614817486076,badnets_1px,0.05,phash16,256,frequency,median,hash_stability,mad,0.631,0.029
0.58475512,0.5184832547368421,0.07981669722406548,0.0396,0.1124,0.026,0.05,0.6212365925304238,0.5218913973982375,0.0588,0.0188,0.6212365925304238,1,0.0588,0.002,6.31578947368421e-05,0.625,0.002,0.003987240829346092,8,0.04990798527764442,badnets_1px,0.05,pdq,256,frequency,median,bit_llr,mad,2.27,0.093
0.533505107368421,0.4941590652631579,0.05807649490472787,0.0,0.048,0.0,0.05,0.4345328157784305,0.43131657574485943,0.0024,0.0024,0.5654671842215695,-1,0.01,0.2384,0.13711578947368422,0.08383738922492615,0.2384,0.12405036944531168,7109,0.04439159730479588,badnets_1px,0.05,pdq,256,frequency,median,bit_em,mad,2.27,0.904
0.39689380210526315,0.4622015789473684,0.03914218176530019,0.004,0.0192,0.004,0.05,0.3350469156525388,0.4410389425094419,0.0008,0.0008,0.6649530843474611,-1,0.0156,0.0024,0.007368421052631579,0.016853932584269662,0.0024,0.004201680672268907,356,0.050237692369672064,badnets_1px,0.05,pdq,256,frequency,median,hamming_knn,mad,2.27,0.472
0.3493251410526316,0.5037773768421052,0.03732471759162677,0.0028,0.0184,0.0028,0.05,0.34688741082668906,0.4491859840537138,0.0008,0.0008,0.6531125891733109,-1,0.0204,0.0036,0.012189473684210526,0.015306122448979591,0.0036,0.005829015544041451,588,0.05041285517688011,badnets_1px,0.05,pdq,256,frequency,median,hamming_ball,mad,2.27,0.47
0.5177264631578947,0.503676374736842,0.05278847542339612,0.0124,0.0548,0.0124,0.05,0.5235245908518674,0.5033097356273605,0.0108,0.0108,0.5235245908518674,1,0.0116,0.004,0.003326315789473684,0.05952380952380952,0.004,0.0074962518740629685,168,0.04996789211751485,badnets_1px,0.05,pdq,256,frequency,median,hash_spectral,mad,2.27,0.056
0.6238731663157895,0.4932217010526317,0.07225380281494738,0.0116,0.078,0.0028,0.05,0.7012235417540915,0.5053469156525388,0.0288,0.0048,0.7012235417540915,1,0.0288,0.0,0.0016210526315789473,0.0,0.0,0.0,77,0.050077118762894855,badnets_1px,0.05,pdq,256,frequency,median,hash_stability,mad,2.27,0.029
0.4337564336842105,0.4926875621052631,0.0408249838030935,0.0,0.0144,0.0,0.05,0.4092847251363827,0.4932664708350818,0.0032,0.0096,0.5907152748636173,-1,0.0096,0.0,0.0013473684210526316,0.0,0.0,0.0,64,0.05006408202499199,badnets_1px,0.05,whash_haar,64,wavelet,median,bit_llr,mad,0.629,0.058
0.4658345389473684,0.5089949178947368,0.05120049233233985,0.0,0.0,0.0,0.05,0.43343021401594634,0.5320740243390684,0.0,0.0,0.5665697859840537,-1,0.0,0.0,0.27949473684210524,0.0,0.0,0.0,13276,0.06807537305304433,badnets_1px,0.05,whash_haar,64,wavelet,median,bit_em,mad,0.629,0.291
0.43305558315789466,0.49668229052631574,0.04347058264115387,0.0072,0.0412,0.0072,0.05,0.38736714225765834,0.4806327738145195,0.0,0.0,0.6126328577423417,-1,0.0312,0.0,4.210526315789474e-05,0.0,0.0,0.0,2,0.0500020000800032,badnets_1px,0.05,whash_haar,64,wavelet,median,hamming_knn,mad,0.629,0.445
0.5129709389473684,0.18407983157894733,0.0572253370450305,0.0,0.0,0.0,0.05,0.4096615610574905,0.4096615610574905,0.0,0.0,0.5903384389425095,-1,0.0,0.0164,0.1595578947368421,0.005380577427821522,0.0164,0.008102766798418972,7620,0.05802265219443133,badnets_1px,0.05,whash_haar,64,wavelet,median,hamming_ball,mad,0.629,0.44
0.4244963157894737,0.48663613894736846,0.04510232436901582,0.0,0.0436,0.0,0.05,0.39533604699958036,0.47870348300461607,0.0,0.0,0.6046639530004196,-1,0.0088,0.1348,0.1027578947368421,0.06458413185128402,0.1348,0.08732832339984452,5218,0.04830065651377786,badnets_1px,0.05,whash_haar,64,wavelet,median,block_collision,mad,0.629,0.16
0.46856976,0.48079450105263155,0.045207135250670744,0.004,0.0456,0.004,0.05,0.44457343684431383,0.4769851867394041,0.0084,0.0084,0.5554265631556862,-1,0.0116,0.0,0.0003368421052631579,0.0,0.0,0.0,16,0.05001600512163892,badnets_1px,0.05,whash_haar,64,wavelet,median,hash_spectral,mad,0.629,0.046
0.38613598315789477,0.5285781936842104,0.038807889512825114,0.002,0.0184,0.002,0.05,0.38435115400755354,0.5170277381451951,0.0052,0.006,0.6156488459924465,-1,0.016,0.0,0.002168421052631579,0.0,0.0,0.0,103,0.05010321261799307,badnets_1px,0.05,whash_haar,64,wavelet,median,hash_stability,mad,0.629,0.027
0.45698082526315786,0.47052521684210524,0.04285163307133784,0.0,0.0124,0.0,0.05,0.4225191355434326,0.46988455728073864,0.0084,0.0088,0.5774808644565674,-1,0.0088,0.0,0.0044631578947368425,0.0,0.0,0.0,212,0.05021290270747972,badnets_1px,0.05,whash_db4,169,wavelet,median,bit_llr,mad,1.587,0.079
0.3475168968421053,0.6682259915789472,0.05069903574083144,0.0,0.0,0.0,0.05,0.4575877465379773,0.5404994544691564,0.0,0.0,0.5424122534620227,-1,0.0,0.5496,0.34218947368421054,0.07794417971409122,0.5496,0.1365262321144674,17628,0.034783145928580256,badnets_1px,0.05,whash_db4,169,wavelet,median,bit_em,mad,1.587,0.605
0.44661418105263156,0.47122368842105256,0.04261186258958814,0.0,0.0268,0.0,0.05,0.4086582459085187,0.4629116659672681,0.0072,0.0076,0.5913417540914814,-1,0.0156,0.0,0.0,0.0,0.0,0.0,0,0.05,badnets_1px,0.05,whash_db4,169,wavelet,median,hamming_knn,mad,1.587,0.467
0.49045570526315796,0.3010336252631579,0.05303633921355653,0.0,0.0,0.0,0.05,0.4457555182543014,0.4457555182543014,0.0064,0.0064,0.5542444817456986,-1,0.0064,0.0264,0.12585263157894735,0.010919920582395765,0.0264,0.01544943820224719,6044,0.05537355537355537,badnets_1px,0.05,whash_db4,169,wavelet,median,hamming_ball,mad,1.587,0.457
0.46649096842105264,0.493604867368421,0.04453876334399314,0.0,0.0296,0.0,0.05,0.45880784725136387,0.5095268149391523,0.0072,0.0072,0.5411921527486361,-1,0.0112,0.0,0.0019157894736842106,0.0,0.0,0.0,91,0.050091165921978,badnets_1px,0.05,whash_db4,169,wavelet,median,hash_spectral,mad,1.587,0.052
0.46878544421052626,0.5190567578947368,0.04881698773406358,0.0148,0.0468,0.0152,0.05,0.4494176668065463,0.5375352916491817,0.0148,0.0152,0.5505823331934536,-1,0.0152,0.0036,0.0023157894736842107,0.07563025210084033,0.0036,0.006872852233676976,119,0.04993885447364728,badnets_1px,0.05,whash_db4,169,wavelet,median,hash_stability,mad,1.587,0.03
0.45225186526315786,0.4488273726315789,0.042050466632341174,0.002,0.0196,0.0032,0.05,0.4267522870331515,0.4237907259756609,0.0012,0.0028,0.5732477129668485,-1,0.004,0.0,0.00048421052631578945,0.0,0.0,0.0,23,0.05002301058486904,badnets_1px,0.05,mh,64,frequency,mean,bit_llr,mad,0.96,0.057
0.4694170484210526,0.44675871157894737,0.043362345111839354,0.0,0.0,0.0,0.05,0.47519022240872844,0.4218393201846412,0.0044,0.0044,0.5248097775912716,-1,0.006,0.0,0.025094736842105263,0.0,0.0,0.0,1192,0.05122111129323062,badnets_1px,0.05,mh,64,frequency,mean,bit_em,mad,0.96,0.299
0.3757862947368421,0.4761560842105263,0.037120989104944956,0.0008,0.0084,0.0008,0.05,0.319760847671003,0.4691947964750314,0.0012,0.0012,0.680239152328997,-1,0.0176,0.0004,0.008821052631578948,0.002380952380952381,0.0004,0.0006849315068493151,420,0.050403388463089956,badnets_1px,0.05,mh,64,frequency,mean,hamming_knn,mad,0.96,0.447
0.3898822063157894,0.43813354947368416,0.039351713418813876,0.0008,0.0088,0.0008,0.05,0.32699177507343685,0.43269651699538403,0.0016,0.0016,0.6730082249265632,-1,0.0016,0.006,0.040252631578947366,0.007784120394395433,0.006,0.00677659814772984,1927,0.05169221808499574,badnets_1px,0.05,mh,64,frequency,mean,hamming_ball,mad,0.96,0.445
0.38076093473684214,0.5948250568421052,0.04723883147398841,0.0164,0.0592,0.0164,0.05,0.3394052035249685,0.42526756189676884,0.0032,0.0032,0.6605947964750315,-1,0.0032,0.078,0.06496842105263158,0.05943309966473636,0.078,0.06746237675142709,3281,0.049337528628609344,badnets_1px,0.05,mh,64,frequency,mean,block_collision,mad,0.96,0.153
0.45167112,0.4810585389473685,0.04274012595701494,0.0012,0.0192,0.0012,0.05,0.43956991187578687,0.4751992446496013,0.0028,0.0028,0.5604300881242131,-1,0.0116,0.0,0.0035578947368421054,0.0,0.0,0.0,169,0.05016957315727158,badnets_1px,0.05,mh,64,frequency,mean,hash_spectral,mad,0.96,0.046
0.4876788378947368,0.5093736252631579,0.048679997756017335,0.0076,0.0368,0.0084,0.05,0.4764404951741502,0.4739802769618128,0.0068,0.0072,0.5235595048258498,-1,0.0068,0.0072,0.006357894736842105,0.05625,0.0072,0.01276595744680851,320,0.0499597423510467,badnets_1px,0.05,mh,64,frequency,mean,hash_stability,mad,0.96,0.028
0.4032691957894737,0.4587336,0.039151307326365806,0.0,0.0,0.0,0.05,0.2954187159043223,0.44795388166177086,0.0024,0.0028,0.7045812840956778,-1,0.0272,0.0,0.03690526315789474,0.0,0.0,0.0,1753,0.05181669326590254,badnets_1px,0.05,colorhash,42,colour,quantisation,bit_llr,mad,2.532,0.049
0.4245261094736842,0.48910008842105257,0.0422433922283868,0.0,0.0,0.0,0.05,0.31669571968107424,0.3782213596307176,0.0,0.0,0.6833042803189258,-1,0.0064,0.2292,0.4145263157894737,0.028278142427083847,0.2292,0.050344857883407285,20263,0.06480142583313717,badnets_1px,0.05,colorhash,42,colour,quantisation,bit_em,mad,2.532,0.24
0.42463411368421056,0.5308494442105264,0.04450787686097729,0.0,0.0,0.0152,0.05,0.3918492656315569,0.5299967268149391,0.0,0.0212,0.6081507343684431,-1,0.0212,0.0148,0.00871578947368421,0.082039911308204,0.0148,0.02507624534056252,451,0.04970836949282528,badnets_1px,0.05,colorhash,42,colour,quantisation,hamming_knn,mad,2.532,0.335
0.4341539073684211,0.4690491831578947,0.04507491769440367,0.0,0.0,0.0,0.05,0.38532559798573224,0.413224087284935,0.0,0.0,0.6146744020142678,-1,0.0,0.244,0.27357894736842103,0.04483645718485851,0.244,0.07575287177895064,13605,0.05193021019370793,badnets_1px,0.05,colorhash,42,colour,quantisation,hamming_ball,mad,2.532,0.332
0.45524996210526314,0.47931220210526315,0.044251971102714255,0.0,0.0,0.0,0.05,0.46823399076793953,0.4700913973982376,0.002,0.012,0.5317660092320604,-1,0.012,0.0,0.008021052631578948,0.0,0.0,0.0,381,0.050383925512404525,badnets_1px,0.05,colorhash,42,colour,quantisation,hash_spectral,mad,2.532,0.04
0.5399148757894737,0.4838103031578947,0.05542483611187651,0.0056,0.022,0.0056,0.05,0.5309064204783885,0.5087374318086446,0.0056,0.0056,0.5309064204783885,1,0.0056,0.0016,0.0008631578947368422,0.08888888888888889,0.0016,0.003143418467583497,45,0.04996496847162446,badnets_1px,0.05,colorhash,42,colour,quantisation,hash_stability,mad,2.532,0.025
0.4402198947368421,0.4780215242105263,0.04146254215074752,0.004,0.0224,0.0076,0.05,0.41139874108266894,0.465355140579102,0.0012,0.0032,0.5886012589173311,-1,0.0116,0.0004,0.0003368421052631579,0.058823529411764705,0.0004,0.0007945967421533572,17,0.04999699897965308,badnets_1px,0.05,rhash8,64,residual,zero,bit_llr,mad,0.513,0.057
0.4979329557894737,0.5026859494736842,0.05237008785475349,0.0,0.0044,0.0,0.05,0.45165463701216957,0.43337045740663027,0.0028,0.0028,0.5483453629878304,-1,0.0072,0.1628,0.09745263157894737,0.08081810961080223,0.1628,0.10801486199575372,5036,0.04654834979094387,badnets_1px,0.05,rhash8,64,residual,zero,bit_em,mad,0.513,0.298
0.4222905684210526,0.4553645094736843,0.041117744336519,0.0032,0.0252,0.0032,0.05,0.3753681913554343,0.46946638690725967,0.0028,0.0028,0.6246318086445657,-1,0.0156,0.0024,0.005536842105263158,0.022304832713754646,0.0024,0.004333694474539545,269,0.050149805956043514,badnets_1px,0.05,rhash8,64,residual,zero,hamming_knn,mad,0.513,0.453
0.4153518947368421,0.5028115663157895,0.043296257518610784,0.0048,0.0372,0.0048,0.05,0.3759907679395719,0.45235921107847255,0.0016,0.0016,0.624009232060428,-1,0.0048,0.0152,0.020652631578947367,0.03729146221786065,0.0152,0.02159704461494743,1019,0.05026438823217166,badnets_1px,0.05,rhash8,64,residual,zero,hamming_ball,mad,0.513,0.449
0.5602817094736842,0.42702564631578943,0.05711905817573075,0.0108,0.0384,0.0108,0.05,0.40751141418380193,0.4450479647503148,0.002,0.002,0.5924885858161981,-1,0.002,0.0168,0.0192,0.0440251572327044,0.0168,0.024319629415170817,954,0.050116217428536475,badnets_1px,0.05,rhash8,64,residual,zero,block_collision,mad,0.513,0.152
0.47209030315789474,0.4886211578947368,0.046355070768834675,0.0104,0.0432,0.0104,0.05,0.45375241292488466,0.4786165757448594,0.0056,0.0056,0.5462475870751153,-1,0.0144,0.0076,0.008105263157894737,0.04702970297029703,0.0076,0.013085399449035813,404,0.05002419549963707,badnets_1px,0.05,rhash8,64,residual,zero,hash_spectral,mad,0.513,0.046
0.5722951957894736,0.4267764926315789,0.05896207753954343,0.0092,0.038,0.0032,0.05,0.6259207301720521,0.4805590851867394,0.0184,0.0092,0.6259207301720521,1,0.0184,0.0004,0.0015368421052631579,0.013513513513513514,0.0004,0.000777000777000777,74,0.05005408003845692,badnets_1px,0.05,rhash8,64,residual,zero,hash_stability,mad,0.513,0.028
0.6142173052631579,0.4856381010526316,0.06674033246375502,0.0132,0.0624,0.0168,0.05,0.6713796055392363,0.47471128829206877,0.0116,0.0112,0.6713796055392363,1,0.0116,0.0032,0.0017894736842105263,0.08602150537634409,0.0032,0.006170458927882761,93,0.04993287514777486,badnets_1px,0.05,rhash16,256,residual,zero,bit_llr,mad,0.621,0.096
0.5018562610526316,0.5249146778947369,0.05189964604656284,0.0,0.0,0.0,0.05,0.4465041124632816,0.40661934536298777,0.0,0.0,0.5534958875367184,-1,0.0,0.0,0.11027368421052632,0.0,0.0,0.0,5238,0.055850944997989364,badnets_1px,0.05,rhash16,256,residual,zero,bit_em,mad,0.621,0.943
0.4269467705263158,0.45545538947368425,0.04065478350001681,0.0004,0.0232,0.0004,0.05,0.36351309274024335,0.44081603021401583,0.0012,0.0012,0.6364869072597567,-1,0.0112,0.0024,0.012757894736842105,0.00980392156862745,0.0024,0.0038560411311053984,612,0.05049809670365271,badnets_1px,0.05,rhash16,256,residual,zero,hamming_knn,mad,0.621,0.49
0.42344754526315787,0.46661170526315787,0.04305080838058696,0.0056,0.0308,0.0056,0.05,0.3667396558959295,0.4298052874527906,0.0024,0.0024,0.6332603441040705,-1,0.0024,0.0208,0.032905263157894736,0.03219814241486068,0.0208,0.025273390036452004,1615,0.05059419241500465,badnets_1px,0.05,rhash16,256,residual,zero,hamming_ball,mad,0.621,0.472
0.3965880505263158,0.5927055452631579,0.05086695039537935,0.0176,0.0816,0.0176,0.05,0.3795487620646244,0.43848208140998735,0.004,0.004,0.6204512379353756,-1,0.004,0.13,0.08932631578947368,0.07114711033274956,0.13,0.0919637804187889,4568,0.04787374537770734,badnets_1px,0.05,rhash16,256,residual,zero,block_collision,mad,0.621,0.708
0.43651981052631583,0.4706645515789474,0.0414999601626847,0.002,0.028,0.002,0.05,0.4046096516995384,0.461943600503567,0.0064,0.0064,0.5953903483004617,-1,0.0156,0.0064,0.015852631578947368,0.02080624187256177,0.0064,0.009788926277148976,769,0.05045601348743678,badnets_1px,0.05,rhash16,256,residual,zero,hash_spectral,mad,0.621,0.056
0.5907907957894737,0.5009879957894737,0.0660112010031029,0.0168,0.07,0.0112,0.05,0.6275125472093999,0.4853754930759547,0.0148,0.008,0.6275125472093999,1,0.0148,0.0056,0.005326315789473684,0.052434456928838954,0.0056,0.010119262739428984,267,0.04998693020730702,badnets_1px,0.05,rhash16,256,residual,zero,hash_stability,mad,0.621,0.03
0.5360885936842106,0.4241922484210526,0.05152673287659297,0.0104,0.0436,0.006,0.05,0.5431921527486362,0.3842179185900126,0.0048,0.0032,0.5431921527486362,1,0.0048,0.0,0.0028210526315789472,0.0,0.0,0.0,134,0.050134360085027876,badnets_1px,0.05,rhash32,1024,residual,zero,bit_llr,mad,0.46,0.239
0.49039210105263153,0.1907160505263158,0.04888097909710265,0.0,0.0,0.0,0.05,0.4129382291229543,0.38353503986571547,0.0,0.0,0.5870617708770457,-1,0.0,0.0,0.2794736842105263,0.0,0.0,0.0,13275,0.06807351940095303,badnets_1px,0.05,rhash32,1024,residual,zero,bit_em,mad,0.46,4.029
0.3918303747368421,0.45903000842105257,0.03754506182430689,0.0,0.0092,0.0,0.05,0.32729509022240866,0.44324981116240036,0.0012,0.0012,0.6727049097775913,-1,0.0116,0.004,0.03703157894736842,0.005652911249293386,0.004,0.004684937924572499,1769,0.05162654724140076,badnets_1px,0.05,rhash32,1024,residual,zero,hamming_knn,mad,0.46,0.561
0.4475376084210526,0.4173216421052632,0.04694964807211748,0.0084,0.0388,0.0084,0.05,0.3352193453629878,0.38733994964330676,0.002,0.002,0.6647806546370122,-1,0.002,0.0756,0.09886315789473685,0.03868986693961105,0.0756,0.05118483412322275,4885,0.05122464812146736,badnets_1px,0.05,rhash32,1024,residual,zero,hamming_ball,mad,0.46,0.578
0.42015031157894744,0.4920669768421053,0.048805605428061866,0.0396,0.0572,0.0396,0.05,0.39300889634913977,0.4967228703315149,0.0,0.0,0.6069911036508602,-1,0.0116,0.0572,0.024526315789473684,0.10932721712538226,0.0572,0.07510504201680672,1308,0.04840630904460692,badnets_1px,0.05,rhash32,1024,residual,zero,block_collision,mad,0.46,3.204
0.42852336842105265,0.45528067789473686,0.04028496612640579,0.0,0.0112,0.0,0.05,0.3844980276961813,0.4418044062106588,0.004,0.004,0.6155019723038186,-1,0.0136,0.0012,0.028736842105263158,0.0021929824561403508,0.0012,0.0015511892450879006,1368,0.05134479355157098,badnets_1px,0.05,rhash32,1024,residual,zero,hash_spectral,mad,0.46,0.186
0.6092335494736842,0.5109057052631578,0.06989660576002292,0.0164,0.0828,0.0076,0.05,0.6592389844733528,0.5135632396139319,0.028,0.0068,0.6592389844733528,1,0.028,0.0044,0.005515789473684211,0.040293040293040296,0.0044,0.007933645870897944,273,0.05005329096868904,badnets_1px,0.05,rhash32,1024,residual,zero,hash_stability,mad,0.46,0.033
0.6113960631578947,0.4887653684210526,0.0657782735991015,0.012,0.0612,0.0136,0.05,0.6704819135543432,0.48390344104070504,0.0164,0.0144,0.6704819135543432,1,0.0164,0.0028,0.0020421052631578946,0.0673076923076923,0.0028,0.005376344086021506,104,0.04996392496392496,badnets_1px,0.05,rhash_rgb,768,residual,zero,bit_llr,mad,1.648,0.197
0.27047715368421055,0.4830265557894737,0.034315527574630085,0.0,0.0,0.0,0.05,0.436919513218632,0.5027550146873688,0.0,0.0,0.563080486781368,-1,0.0,0.0,0.2595789473684211,0.0,0.0,0.0,12330,0.06636580833554552,badnets_1px,0.05,rhash_rgb,768,residual,zero,bit_em,mad,1.648,2.955
0.4533441347368421,0.44777872,0.042478272537306454,0.0016,0.0264,0.0016,0.05,0.412445950482585,0.42682572387746537,0.002,0.002,0.587554049517415,-1,0.0048,0.0048,0.0144,0.017241379310344827,0.0048,0.007509386733416771,696,0.050462437124776896,badnets_1px,0.05,rhash_rgb,768,residual,zero,hamming_knn,mad,1.648,0.534
0.4682151536842105,0.45140525052631575,0.04682438765899919,0.0092,0.0372,0.0092,0.05,0.4107212337389845,0.42413759966428877,0.004,0.004,0.5892787662610155,-1,0.004,0.0272,0.035221052631578945,0.039058012636415854,0.0272,0.03206790851214336,1741,0.05039474502165399,badnets_1px,0.05,rhash_rgb,768,residual,zero,hamming_ball,mad,1.648,0.521
0.4566023326315789,0.4844675536842105,0.045254263308379575,0.0,0.012,0.0,0.05,0.3729502308015107,0.4363670583298363,0.006,0.006,0.6270497691984893,-1,0.006,0.0148,0.05901052631578947,0.013028169014084507,0.0148,0.013857677902621723,2840,0.0522264631043257,badnets_1px,0.05,rhash_rgb,768,residual,zero,block_collision,mad,1.648,2.09
0.4440039831578947,0.47539705263157894,0.04253438949820765,0.0064,0.032,0.0064,0.05,0.4183460344104071,0.46270453210239193,0.0068,0.0068,0.5816539655895929,-1,0.0144,0.0116,0.018105263157894735,0.03262092238470191,0.0116,0.017114192977279435,889,0.05031459347193093,badnets_1px,0.05,rhash_rgb,768,residual,zero,hash_spectral,mad,1.648,0.117
0.5898631621052631,0.48473336421052626,0.06301599178753498,0.0124,0.0548,0.0092,0.05,0.6386668485102812,0.486640159462862,0.0204,0.0104,0.6386668485102812,1,0.0204,0.0044,0.006105263157894737,0.036544850498338874,0.0044,0.00785433773652267,301,0.050081490573250974,badnets_1px,0.05,rhash_rgb,768,residual,zero,hash_stability,mad,1.648,0.033
0.35724807999999997,0.4974083242105263,0.035186720227540644,0.0,0.0104,0.0008,0.05,0.2769194292908099,0.5107092740243391,0.0036,0.0244,0.7230805707091901,-1,0.024,0.0,0.0006526315789473684,0.0,0.0,0.0,31,0.050031019231923796,badnets_1px,0.05,rhash_energy,256,residual,mean,bit_llr,mad,0.605,0.094
0.4568368968421053,0.43852634105263155,0.06668158713564856,0.0,0.1316,0.0,0.05,0.24893415862358376,0.3028814099874108,0.0,0.0,0.7510658413764162,-1,0.0,0.2172,0.20490526315789473,0.05284157259634099,0.2172,0.08500313087038197,10276,0.049264928003222234,badnets_1px,0.05,rhash_energy,256,residual,mean,bit_em,mad,0.605,0.909
0.31198389894736844,0.4948422821052632,0.032856827188075206,0.0,0.0016,0.0,0.05,0.22063902643726396,0.5069273185060849,0.0008,0.0008,0.779360973562736,-1,0.056,0.0,0.0008421052631578948,0.0,0.0,0.0,40,0.0500400320256205,badnets_1px,0.05,rhash_energy,256,residual,mean,hamming_knn,mad,0.605,0.46
0.47585671999999996,0.19688115789473684,0.057626669611255454,0.0,0.0,0.0,0.05,0.3429156105749056,0.3429156105749056,0.0,0.0,0.6570843894250944,-1,0.0,0.0024,0.15602105263157895,0.0008089524066334097,0.0024,0.0012100433598870627,7417,0.05856797313481906,badnets_1px,0.05,rhash_energy,256,residual,mean,hamming_ball,mad,0.605,0.455
0.3394317178947368,0.6663251242105263,0.04334464886013933,0.0,0.0,0.0,0.05,0.32837809483843894,0.6490624422996224,0.0,0.0592,0.6716219051615611,-1,0.0592,0.5564,0.17214736842105263,0.1453804347826087,0.5564,0.2305270135896586,9568,0.02742876929165018,badnets_1px,0.05,rhash_energy,256,residual,mean,block_collision,mad,0.605,0.73
0.4904414736842105,0.49511781473684213,0.04785228996037161,0.006,0.04,0.006,0.05,0.4931710029374738,0.49324267729752413,0.016,0.016,0.5068289970625262,-1,0.016,0.0008,0.0013473684210526316,0.030303030303030304,0.0008,0.001558846453624318,66,0.05002603436536228,badnets_1px,0.05,rhash_energy,256,residual,mean,hash_spectral,mad,0.605,0.056
0.4003798189473684,0.5337354736842105,0.03949931864800874,0.006,0.0284,0.022,0.05,0.37404490138480906,0.5342634913973983,0.0092,0.0048,0.6259550986151909,-1,0.0092,0.0064,0.0027789473684210527,0.10810810810810811,0.0064,0.012084592145015106,148,0.049827489368530854,badnets_1px,0.05,rhash_energy,256,residual,mean,hash_stability,mad,0.605,0.032
0.6145822652631578,0.48588400421052635,0.0667241541621794,0.0144,0.0628,0.0156,0.05,0.6689316407889215,0.47643227024758705,0.0136,0.0124,0.6689316407889215,1,0.0136,0.0028,0.0017894736842105263,0.07608695652173914,0.0028,0.005401234567901234,92,0.04995191151719163,badnets_1px,0.05,ahash_res,256,residual,mean,bit_llr,mad,0.593,0.094
0.5165337347368422,0.5322704968421053,0.05417464141645623,0.0,0.0,0.0,0.05,0.4507062526227445,0.40938682333193455,0.0,0.0,0.5492937473772554,-1,0.0,0.28,0.15242105263157896,0.08816120906801007,0.28,0.13409961685823754,7940,0.042796005706134094,badnets_1px,0.05,ahash_res,256,residual,mean,bit_em,mad,0.593,0.913
0.4184483157894737,0.4636894610526316,0.04004527060642392,0.0004,0.0188,0.0004,0.05,0.3612561057490558,0.44683243810323126,0.0016,0.0016,0.6387438942509442,-1,0.0116,0.0016,0.01336842105263158,0.006259780907668232,0.0016,0.002548582351067219,639,0.05056623650250198,badnets_1px,0.05,ahash_res,256,residual,mean,hamming_knn,mad,0.593,0.474
0.4258494357894737,0.46500441263157893,0.043154666839815614,0.004,0.0312,0.004,0.05,0.36582005874947543,0.42671338648762064,0.0024,0.0024,0.6341799412505246,-1,0.0024,0.022,0.03442105263157895,0.03254437869822485,0.022,0.026252983293556086,1690,0.05061063961912648,badnets_1px,0.05,ahash_res,256,residual,mean,hamming_ball,mad,0.593,0.466
0.40054383578947367,0.6010155410526316,0.052794887790381384,0.026,0.0888,0.026,0.05,0.37970507763323535,0.4422742341586236,0.004,0.004,0.6202949223667646,-1,0.004,0.1372,0.0868421052631579,0.07676812891674127,0.1372,0.09845005740528129,4468,0.04737327593780199,badnets_1px,0.05,ahash_res,256,residual,mean,block_collision,mad,0.593,0.711
0.4351446610526316,0.47250488,0.04139003755597355,0.0024,0.0276,0.0024,0.05,0.4040521191775074,0.4631644146034411,0.006,0.006,0.5959478808224926,-1,0.0128,0.006,0.015642105263157895,0.01978891820580475,0.006,0.009208103130755065,758,0.05046505016043215,badnets_1px,0.05,ahash_res,256,residual,mean,hash_spectral,mad,0.593,0.056
0.5947418231578948,0.501949507368421,0.06698823412793298,0.0172,0.0728,0.0108,0.05,0.6260480486781367,0.48837423415862363,0.0172,0.0096,0.6260480486781367,1,0.0172,0.0056,0.004842105263157895,0.05737704918032787,0.0056,0.01020408163265306,244,0.04996382345847737,badnets_1px,0.05,ahash_res,256,residual,mean,hash_stability,mad,0.593,0.03
0.3847762442105263,0.5165115284210526,0.03691271895292751,0.0,0.0004,0.0,0.05,0.3779548048678137,0.50916193873269,0.006,0.0124,0.6220451951321864,-1,0.0124,0.0,0.0009473684210526315,0.0,0.0,0.0,45,0.050045040536482836,blended,0.05,ahash,64,spatial,mean,bit_llr,mad,0.144,0.057
0.6786529515789474,0.5388697431578947,0.16041444679101424,0.0,0.4312,0.0,0.05,0.43663680234997904,0.46372744439781793,0.0,0.0,0.563363197650021,-1,0.0,0.4296,0.3296631578947368,0.06418454550887467,0.4296,0.11168304476680704,16733,0.042865301950882256,blended,0.05,ahash,64,spatial,mean,bit_em,mad,0.144,0.291
0.4196958568421053,0.4941805557894737,0.041761856706047075,0.0068,0.0444,0.0052,0.05,0.35891200167855647,0.48509395719681064,0.002,0.002,0.6410879983214435,-1,0.0256,0.0,0.0,0.0,0.0,0.0,0,0.05,blended,0.05,ahash,64,spatial,mean,hamming_knn,mad,0.144,0.452
0.5125148968421053,0.18710123789473687,0.05910643898107593,0.0,0.0,0.0,0.05,0.40748023499790176,0.40748023499790176,0.0016,0.0016,0.5925197650020982,-1,0.0016,0.018,0.1530736842105263,0.0061509021323127395,0.018,0.009168704156479218,7316,0.057515696748196045,blended,0.05,ahash,64,spatial,mean,hamming_ball,mad,0.144,0.445
0.4262196547368421,0.48600944842105265,0.04988768947715222,0.0,0.064,0.0,0.05,0.3751682752832564,0.47971514897188416,0.0,0.0,0.6248317247167436,-1,0.0272,0.1784,0.10665263157894737,0.08091436865021771,0.1784,0.11133300049925113,5512,0.046169753641431395,blended,0.05,ahash,64,spatial,mean,block_collision,mad,0.144,0.16
0.5096251831578947,0.46447654736842103,0.04985859494365596,0.004,0.0532,0.004,0.05,0.48182975241292486,0.455166722618548,0.0076,0.0076,0.5181702475870751,-1,0.0092,0.0,0.0008842105263157895,0.0,0.0,0.0,42,0.050042035309660116,blended,0.05,ahash,64,spatial,mean,hash_spectral,mad,0.144,0.046
0.420965932631579,0.481274092631579,0.04070109887755072,0.0012,0.0104,0.0004,0.05,0.41408892152748644,0.5157281997482166,0.008,0.0088,0.5859110784725136,-1,0.0104,0.0,0.0004631578947368421,0.0,0.0,0.0,22,0.05002200968426108,blended,0.05,ahash,64,spatial,mean,hash_stability,mad,0.144,0.029
0.3858169136842105,0.5484221515789474,0.037653114486326876,0.0,0.0,0.0,0.05,0.3988490558120017,0.5464524968527067,0.002,0.008,0.6011509441879983,-1,0.008,0.0,0.0013263157894736841,0.0,0.0,0.0,63,0.05006307948014498,blended,0.05,ahash4,16,spatial,mean,bit_llr,mad,0.135,0.047
0.6645277894736843,0.5982688084210526,0.15365094264090717,0.044,0.452,0.0,0.05,0.440436718422157,0.47337746537977343,0.0,0.0,0.5595632815778431,-1,0.0,0.4076,0.1551578947368421,0.12146858982000239,0.4076,0.18716135549637247,8389,0.03559155031121578,blended,0.05,ahash4,16,spatial,mean,bit_em,mad,0.135,0.148
0.45666219789473683,0.4958592252631579,0.04801637864435773,0.0,0.0696,0.0008,0.05,0.39257834662190516,0.483894292908099,0.0,0.0128,0.6074216533780948,-1,0.0128,0.0,0.0,0.0,0.0,0.0,0,0.05,blended,0.05,ahash4,16,spatial,mean,hamming_knn,mad,0.135,0.411
0.3903356968421053,0.4265557221052631,0.0495197130695417,0.0,0.0316,0.0,0.05,0.4216947964750315,0.4471626940830885,0.0,0.0,0.5783052035249685,-1,0.0,0.0744,0.12736842105263158,0.02982681205901219,0.0744,0.042582417582417584,6236,0.05287450872863541,blended,0.05,ahash4,16,spatial,mean,hamming_ball,mad,0.135,0.411
0.4493246063157894,0.4846492631578947,0.04965526266428958,0.028,0.046,0.028,0.05,0.4021110365086026,0.43553302559798573,0.0,0.0,0.5978889634913974,-1,0.0,0.1612,0.18667368421052632,0.04347357065803668,0.1612,0.06847918436703483,9270,0.05148539160324085,blended,0.05,ahash4,16,spatial,mean,block_collision,mad,0.135,0.041
0.5021631494736842,0.4818181936842105,0.050131781432074585,0.0,0.0612,0.0,0.05,0.49669760805707097,0.47515342005874944,0.0,0.0,0.503302391942929,-1,0.0104,0.0,0.0022315789473684212,0.0,0.0,0.0,106,0.05010622519741853,blended,0.05,ahash4,16,spatial,mean,hash_spectral,mad,0.135,0.044
0.45975056842105266,0.37014957894736844,0.04433442447012994,0.0004,0.0004,0.0004,0.05,0.432854049517415,0.4883524129248846,0.0016,0.0016,0.567145950482585,-1,0.0016,0.0004,0.002505263157894737,0.008333333333333333,0.0004,0.0007633587786259542,120,0.05010024057738573,blended,0.05,ahash4,16,spatial,mean,hash_stability,mad,0.135,0.026
0.38098436210526315,0.5004604210526316,0.03650850846093329,0.0,0.0004,0.0,0.05,0.36805102811582036,0.48925178346621906,0.0048,0.0092,0.6319489718841796,-1,0.0092,0.0,0.0006736842105263158,0.0,0.0,0.0,32,0.05003202049311559,blended,0.05,ahash16,256,spatial,mean,bit_llr,mad,0.194,0.1
0.6627151789473684,0.6368370694736842,0.16970177798984562,0.0,0.4276,0.0,0.05,0.4533196391103651,0.4538744439781788,0.0,0.0,0.5466803608896349,-1,0.0,0.4436,0.39486315789473686,0.055826831109992446,0.4436,0.09917281466577241,19865,0.046158951385432224,blended,0.05,ahash16,256,spatial,mean,bit_em,mad,0.194,0.909
0.38985226526315786,0.5048070231578947,0.03842296008221402,0.0052,0.0296,0.0056,0.05,0.3237072177926983,0.49831607217792695,0.0036,0.0036,0.6762927822073017,-1,0.0376,0.0,0.0,0.0,0.0,0.0,0,0.05,blended,0.05,ahash16,256,spatial,mean,hamming_knn,mad,0.194,0.476
0.4757454863157895,0.2377835494736842,0.053897925047868896,0.0,0.0,0.0,0.05,0.407168988669744,0.407168988669744,0.0028,0.0028,0.592831011330256,-1,0.0028,0.0128,0.14021052631578948,0.004781829049611476,0.0128,0.006962576153176675,6692,0.056987161725316336,blended,0.05,ahash16,256,spatial,mean,hamming_ball,mad,0.194,0.465
0.26432728000000005,0.7422483326315789,0.036995794033283576,0.0,0.0,0.2148,0.05,0.3675787242971045,0.6111385228703315,0.0,0.0412,0.6324212757028955,-1,0.0412,0.6012,0.0868421052631579,0.26705756929637525,0.6012,0.36983267716535434,5628,0.022469124673217343,blended,0.05,ahash16,256,spatial,mean,block_collision,mad,0.194,0.687
0.5043438989473685,0.45940892210526313,0.048829435650423025,0.0052,0.0448,0.0052,0.05,0.4741569869911875,0.4439133864876207,0.0048,0.0048,0.5258430130088125,-1,0.0076,0.0,0.0006736842105263158,0.0,0.0,0.0,32,0.05003202049311559,blended,0.05,ahash16,256,spatial,mean,hash_spectral,mad,0.194,0.056
0.5045831536842106,0.5298769094736843,0.053303848691478,0.0092,0.0656,0.0144,0.05,0.5025133445237095,0.5250061267310113,0.0044,0.0044,0.5025133445237095,1,0.0088,0.002,0.0012210526315789474,0.07936507936507936,0.002,0.0039016777214202106,63,0.049962953321184694,blended,0.05,ahash16,256,spatial,mean,hash_stability,mad,0.194,0.033
0.3879080884210526,0.4871567031578947,0.036878991814092814,0.0,0.0004,0.0,0.05,0.37376705832983637,0.47316714225765844,0.0044,0.0036,0.6262329416701636,-1,0.0044,0.0,0.0005473684210526316,0.0,0.0,0.0,26,0.050026013527034056,blended,0.05,ahash32,1024,spatial,mean,bit_llr,mad,0.356,0.244
0.3599410947368421,0.4687094063157895,0.04908070218150788,0.0,0.0,0.0,0.05,0.4129863197650021,0.5870136802349979,0.0,0.0,0.5870136802349979,-1,0.0,0.0,0.19903157894736842,0.0,0.0,0.0,9454,0.06165836334040349,blended,0.05,ahash32,1024,spatial,mean,bit_em,mad,0.356,4.08
0.37023681684210524,0.5057586736842106,0.03655349291034072,0.0028,0.0216,0.0024,0.05,0.29701007133864876,0.5041736886277801,0.0024,0.0024,0.7029899286613512,-1,0.0364,0.0,2.105263157894737e-05,0.0,0.0,0.0,1,0.0500010000200004,blended,0.05,ahash32,1024,spatial,mean,hamming_knn,mad,0.356,0.563
0.4779417178947368,0.2389773894736842,0.05452434060304938,0.0,0.0,0.0,0.05,0.39903407469576163,0.39903407469576163,0.0032,0.0032,0.6009659253042383,-1,0.0032,0.0108,0.14505263157894738,0.003903426340899234,0.0108,0.005734310289901242,6917,0.057400830954204674,blended,0.05,ahash32,1024,spatial,mean,hamming_ball,mad,0.356,0.552
0.38009581473684206,0.7603570442105263,0.05803012909607831,0.0,0.0,0.14,0.05,0.38996844313890056,0.5796197230381871,0.0,0.0204,0.6100315568610994,-1,0.0204,0.5296,0.1736421052631579,0.13832010029251984,0.5296,0.219350563286945,9572,0.029088750371029978,blended,0.05,ahash32,1024,spatial,mean,block_collision,mad,0.356,2.922
0.4997981852631579,0.45866957894736843,0.048109021850140946,0.0056,0.0428,0.0056,0.05,0.4675749895090222,0.438556357532522,0.0044,0.0044,0.5324250104909778,-1,0.0092,0.0,0.0005052631578947368,0.0,0.0,0.0,24,0.05002401152553226,blended,0.05,ahash32,1024,spatial,mean,hash_spectral,mad,0.356,0.186
0.521314572631579,0.5140308126315789,0.05376009317163678,0.0076,0.0608,0.0092,0.05,0.52291376416282,0.5140329836340747,0.0032,0.0036,0.52291376416282,1,0.0076,0.0016,0.0015578947368421053,0.05128205128205128,0.0016,0.0031031807602792862,78,0.0499979968751252,blended,0.05,ahash32,1024,spatial,mean,hash_stability,mad,0.356,0.036
0.43671418526315786,0.49251837052631575,0.04117183281164995,0.0,0.0192,0.0,0.05,0.4119316407889215,0.48852005874947546,0.0032,0.0116,0.5880683592110785,-1,0.0116,0.0,0.0013684210526315789,0.0,0.0,0.0,65,0.05006508460999299,blended,0.05,mhash,64,spatial,median,bit_llr,mad,0.169,0.057
0.4450105263157894,0.4827709221052632,0.0470223793981662,0.0,0.0,0.0,0.05,0.4345641628199748,0.5308313890054553,0.0,0.0,0.5654358371800252,-1,0.0,0.496,0.3204842105263158,0.07532041547713053,0.496,0.13078099456836997,16463,0.03757044458359424,blended,0.05,mhash,64,spatial,median,bit_em,mad,0.169,0.29
0.4387962063157895,0.48563387789473683,0.04371455123850807,0.0068,0.0412,0.0068,0.05,0.38534460763743184,0.47800591691145616,0.0,0.0,0.6146553923625682,-1,0.032,0.0,2.105263157894737e-05,0.0,0.0,0.0,1,0.0500010000200004,blended,0.05,mhash,64,spatial,median,hamming_knn,mad,0.169,0.446
0.5133567494736841,0.18500842105263154,0.057230184344855065,0.0,0.0,0.0,0.05,0.4103328997062526,0.4103328997062526,0.0,0.0,0.5896671002937475,-1,0.0,0.0152,0.1595578947368421,0.0049888407509518186,0.0152,0.007512108332509637,7617,0.058089328268409506,blended,0.05,mhash,64,spatial,median,hamming_ball,mad,0.169,0.441
0.43002856842105264,0.4786026947368421,0.04521340718330394,0.0,0.0424,0.0,0.05,0.39513562736047003,0.47322182123373896,0.0,0.0,0.60486437263953,-1,0.0068,0.1316,0.1027578947368421,0.06314779270633397,0.1316,0.08534370946822309,5210,0.04847064076802858,blended,0.05,mhash,64,spatial,median,block_collision,mad,0.169,0.16
0.4687302905263158,0.4795709178947368,0.04514123881489436,0.0032,0.0444,0.0032,0.05,0.4445469156525388,0.4772215274863617,0.0076,0.0076,0.5554530843474612,-1,0.0092,0.0,0.0003368421052631579,0.0,0.0,0.0,16,0.05001600512163892,blended,0.05,mhash,64,spatial,median,hash_spectral,mad,0.169,0.046
0.42065649684210527,0.5149223157894737,0.04146691577403124,0.0024,0.0224,0.0024,0.05,0.4179248845992447,0.5034425514057911,0.006,0.0064,0.5820751154007553,-1,0.0112,0.0,0.002168421052631579,0.0,0.0,0.0,103,0.05010321261799307,blended,0.05,mhash,64,spatial,median,hash_stability,mad,0.169,0.027
0.37181193263157897,0.5335925052631578,0.0361993426840099,0.0,0.0008,0.0012,0.05,0.34974175409148134,0.5388018883759966,0.0064,0.022,0.6502582459085187,-1,0.022,0.0,0.0014736842105263158,0.0,0.0,0.0,70,0.05007009813739235,blended,0.05,ahash_rgb,192,spatial,mean,bit_llr,mad,0.378,0.081
0.6788591452631578,0.5761788968421053,0.17170387226581404,0.0,0.4324,0.0,0.05,0.4558441879983215,0.46251921947125474,0.0,0.0,0.5441558120016785,-1,0.0,0.4488,0.39444210526315787,0.05650115822338604,0.4488,0.10036675910188747,19858,0.045716939818193886,blended,0.05,ahash_rgb,192,spatial,mean,bit_em,mad,0.378,0.658
0.41702881684210524,0.49797546105263163,0.041498160521030295,0.0092,0.046,0.0076,0.05,0.36672001678556443,0.4810016365925304,0.002,0.002,0.6332799832144356,-1,0.0216,0.0,0.0,0.0,0.0,0.0,0,0.05,blended,0.05,ahash_rgb,192,spatial,mean,hamming_knn,mad,0.378,0.468
0.5202420547368422,0.19974501052631577,0.06002182266023127,0.0,0.0,0.0,0.05,0.42473919429290813,0.42473919429290813,0.0012,0.0012,0.5752608057070918,-1,0.0012,0.0164,0.16812631578947368,0.005107761305593621,0.0164,0.007789493682910611,8027,0.058585281013985184,blended,0.05,ahash_rgb,192,spatial,mean,hamming_ball,mad,0.378,0.457
0.4591816168421053,0.49347880842105263,0.052517661396809884,0.0,0.0,0.0,0.05,0.3742958875367184,0.47936810742761227,0.0,0.0,0.6257041124632816,-1,0.0332,0.0,0.04126315789473684,0.0,0.0,0.0,1960,0.05203996669442131,blended,0.05,ahash_rgb,192,spatial,mean,block_collision,mad,0.378,0.409
0.5099747536842105,0.4856123705263158,0.05186034735850985,0.0104,0.0604,0.0104,0.05,0.4828084767100294,0.47962702475870755,0.0096,0.0096,0.5171915232899706,-1,0.0108,0.0,0.0010526315789473684,0.0,0.0,0.0,50,0.05005005005005005,blended,0.05,ahash_rgb,192,spatial,mean,hash_spectral,mad,0.378,0.053
0.4261308126315789,0.4971850736842105,0.040920900450027414,0.0024,0.0168,0.0028,0.05,0.40344271926143516,0.5024906840117499,0.0084,0.0116,0.5965572807385648,-1,0.014,0.0,0.0007368421052631579,0.0,0.0,0.0,35,0.05003502451716201,blended,0.05,ahash_rgb,192,spatial,mean,hash_stability,mad,0.378,0.033
0.46736591157894736,0.4879898063157895,0.04696946385276664,0.0152,0.0492,0.012,0.05,0.44382773814519516,0.483455140579102,0.0044,0.0108,0.5561722618548048,-1,0.0184,0.0,2.105263157894737e-05,0.0,0.0,0.0,1,0.0500010000200004,blended,0.05,dhash,64,spatial,pairwise,bit_llr,mad,0.145,0.057
0.5568753136842106,0.5570787031578948,0.06133662508406538,0.0,0.0,0.0,0.05,0.5073812001678556,0.49309307595467894,0.0,0.0,0.5073812001678556,1,0.0,0.0,0.07707368421052632,0.0,0.0,0.0,3661,0.053950236302035,blended,0.05,dhash,64,spatial,pairwise,bit_em,mad,0.145,0.299
0.45092458947368425,0.47819311157894734,0.04452216746747208,0.01,0.0328,0.01,0.05,0.41886554762903905,0.4632810742761225,0.0028,0.0028,0.581134452370961,-1,0.0108,0.012,0.01288421052631579,0.04672897196261682,0.012,0.019096117122851686,642,0.050042546294420356,blended,0.05,dhash,64,spatial,pairwise,hamming_knn,mad,0.145,0.452
0.44072392000000005,0.5015916042105263,0.04494507075505075,0.0096,0.0412,0.0096,0.05,0.4216618128409568,0.45525568610994543,0.0048,0.0048,0.5783381871590432,-1,0.0048,0.0768,0.09376842105263158,0.041325871717606544,0.0768,0.05373635600335852,4646,0.05088856550690127,blended,0.05,dhash,64,spatial,pairwise,hamming_ball,mad,0.145,0.446
0.4729800715789474,0.545334774736842,0.05221020111265222,0.0156,0.0536,0.0156,0.05,0.4198364246747797,0.4208830046160302,0.0,0.0,0.5801635753252203,-1,0.0,0.1176,0.10682105263157894,0.05476900149031297,0.1176,0.07473309608540925,5368,0.04942642050546693,blended,0.05,dhash,64,spatial,pairwise,block_collision,mad,0.145,0.152
0.48526046315789473,0.49675071157894735,0.04754871267510842,0.008,0.0412,0.008,0.05,0.4746665967268149,0.4936562736047,0.0064,0.0064,0.5253334032731851,-1,0.0104,0.0008,0.0017263157894736843,0.023809523809523808,0.0008,0.0015479876160990713,84,0.050044074044394586,blended,0.05,dhash,64,spatial,pairwise,hash_spectral,mad,0.145,0.047
0.5400156336842107,0.5140888421052632,0.05737578449842246,0.012,0.0432,0.0172,0.05,0.5846318925723877,0.4897435585396559,0.0168,0.0084,0.5846318925723877,1,0.0168,0.0008,0.0005052631578947368,0.07692307692307693,0.0008,0.001583531274742676,26,0.04998599271621243,blended,0.05,dhash,64,spatial,pairwise,hash_stability,mad,0.145,0.027
0.47160095999999996,0.48728656000000004,0.046167747598595404,0.008,0.0436,0.0052,0.05,0.45045950482584973,0.47939643306756186,0.0056,0.006,0.5495404951741503,-1,0.0056,0.0,0.00031578947368421053,0.0,0.0,0.0,15,0.05001500450135041,blended,0.05,dhash_v,64,spatial,pairwise,bit_llr,mad,0.137,0.058
0.4484338315789474,0.5583642105263158,0.04586355301034983,0.0,0.0,0.0,0.05,0.5159623583718003,0.4589340327318506,0.0,0.0,0.5159623583718003,1,0.0,0.0,0.029073684210526314,0.0,0.0,0.0,1381,0.05142022666035912,blended,0.05,dhash_v,64,spatial,pairwise,bit_em,mad,0.137,0.299
0.38345269894736844,0.4896862652631578,0.03750410286675204,0.0,0.0132,0.0,0.05,0.3308960973562737,0.48731993285774233,0.0012,0.0012,0.6691039026437263,-1,0.0248,0.0,0.003473684210526316,0.0,0.0,0.0,165,0.050165546302799235,blended,0.05,dhash_v,64,spatial,pairwise,hamming_knn,mad,0.137,0.452
0.40053838736842107,0.4157873852631579,0.04056339981504883,0.0,0.0096,0.0,0.05,0.33972563994964333,0.42515673520772135,0.0024,0.0024,0.6602743600503567,-1,0.0024,0.0344,0.10730526315789474,0.01659270692649045,0.0344,0.022387088376936093,5183,0.053863489300934916,blended,0.05,dhash_v,64,spatial,pairwise,hamming_ball,mad,0.137,0.461
0.39214733473684216,0.4522695705263159,0.039945633631942694,0.0,0.0344,0.0,0.05,0.34397452790600086,0.437640159462862,0.0,0.0,0.6560254720939991,-1,0.0,0.0792,0.1530736842105263,0.026509572901325478,0.0792,0.039723141739392114,7469,0.054125226305518324,blended,0.05,dhash_v,64,spatial,pairwise,block_collision,mad,0.137,0.173
0.4473069221052631,0.4652567621052631,0.041770127450167026,0.0,0.0088,0.0,0.05,0.4303575744859421,0.45324804867813684,0.0036,0.0036,0.569642425514058,-1,0.0184,0.0,0.0005684210526315789,0.0,0.0,0.0,27,0.05002701458787746,blended,0.05,dhash_v,64,spatial,pairwise,hash_spectral,mad,0.137,0.046
0.5794154568421053,0.43579073263157897,0.06079668933215033,0.002,0.0404,0.002,0.05,0.6207400335711288,0.4924687788501888,0.0076,0.0048,0.6207400335711288,1,0.0076,0.0,0.00031578947368421053,0.0,0.0,0.0,15,0.05001500450135041,blended,0.05,dhash_v,64,spatial,pairwise,hash_stability,mad,0.137,0.028
0.7809957431578948,0.6126857094736842,0.21766995030969108,0.1316,0.2684,0.078,0.05,0.8826269408308856,0.6589210239194293,0.3476,0.1752,0.8826269408308856,1,0.3476,0.022,0.0009052631578947368,0.5612244897959183,0.022,0.042340261739799843,98,0.04899603222315739,blended,0.05,dhash16,256,spatial,pairwise,bit_llr,mad,0.199,0.093
0.5641318821052632,0.5439885515789473,0.07660012898173298,0.0,0.0,0.0,0.05,0.43600234997901804,0.4188214855224507,0.0,0.0,0.563997650020982,-1,0.0,0.4008,0.2719157894736842,0.0719931024572496,0.4008,0.12206115239371422,13918,0.04151654564602849,blended,0.05,dhash16,256,spatial,pairwise,bit_em,mad,0.199,0.9
0.5612252421052631,0.46354460210526316,0.055864022628218886,0.0052,0.048,0.0052,0.05,0.5768760805707092,0.4461762484263533,0.0016,0.0016,0.5768760805707092,1,0.0016,0.0208,0.027263157894736843,0.038604305864884926,0.0208,0.02703405250844814,1347,0.050315499558095084,blended,0.05,dhash16,256,spatial,pairwise,hamming_knn,mad,0.199,0.48
0.5636176084210526,0.5506327957894738,0.07482007785889459,0.0224,0.132,0.0224,0.05,0.5306991607217793,0.5133300461603022,0.002,0.002,0.5306991607217793,1,0.002,0.2576,0.1383157894736842,0.08927086221236484,0.2576,0.13259213506279596,7214,0.043378675267610904,blended,0.05,dhash16,256,spatial,pairwise,hamming_ball,mad,0.199,0.47
0.4269943242105263,0.4287589305263158,0.04072669107812197,0.0,0.0232,0.0,0.05,0.34962798992866134,0.30947490558120017,0.0,0.0,0.6503720100713386,-1,0.0044,0.074,0.17223157894736843,0.02211331580205594,0.074,0.034051168783360945,8366,0.05560359321708219,blended,0.05,dhash16,256,spatial,pairwise,block_collision,mad,0.199,0.724
0.44509826105263156,0.4536715831578948,0.04144560750041211,0.0012,0.0152,0.0012,0.05,0.41218908938313054,0.4345320184641208,0.0004,0.0004,0.5878109106168694,-1,0.0176,0.0012,0.011094736842105263,0.005660377358490566,0.0012,0.0019801980198019802,530,0.05047503537497473,blended,0.05,dhash16,256,spatial,pairwise,hash_spectral,mad,0.199,0.056
0.624846585263158,0.4536931242105263,0.06843130433749059,0.0056,0.0604,0.0008,0.05,0.6904599664288712,0.45509727234578257,0.0352,0.0,0.6904599664288712,1,0.0352,0.0,0.003136842105263158,0.0,0.0,0.0,149,0.05014944534713446,blended,0.05,dhash16,256,spatial,pairwise,hash_stability,mad,0.199,0.03
0.47881504421052634,0.4966036547368421,0.052257995017012476,0.0196,0.0648,0.0128,0.05,0.4514488459924465,0.49123302559798576,0.0108,0.0104,0.5485511540075535,-1,0.0108,0.0004,0.00031578947368421053,0.0625,0.0004,0.000794912559618442,16,0.04999599871959027,blended,0.05,blockhash,256,spatial,median,bit_llr,mad,0.371,0.093
0.4318629136842105,0.470931452631579,0.0477148502385962,0.0,0.0,0.0,0.05,0.48812299622324806,0.5119319765002098,0.0,0.0,0.5118770037767519,-1,0.0,0.4728,0.3330526315789474,0.06952123279614163,0.4728,0.1212183365808635,17002,0.039941814655433665,blended,0.05,blockhash,256,spatial,median,bit_em,mad,0.371,0.89
0.41939142315789474,0.5224988715789475,0.04199832302009281,0.0096,0.0348,0.0092,0.05,0.3909488879563575,0.5285733109525809,0.0044,0.0044,0.6090511120436425,-1,0.028,0.0012,0.0016842105263157896,0.03614457831325301,0.0012,0.0023228803716608595,83,0.05002303824348418,blended,0.05,blockhash,256,spatial,median,hamming_knn,mad,0.371,0.479
0.43769912842105263,0.4027586905263158,0.04222923516894236,0.0,0.0004,0.0,0.05,0.40035237096097354,0.48035220310532944,0.0048,0.0048,0.5996476290390265,-1,0.0048,0.0412,0.14842105263157895,0.014399552635257934,0.0412,0.02134051590179219,7153,0.055943239900109694,blended,0.05,blockhash,256,spatial,median,hamming_ball,mad,0.371,0.47
0.45782310315789476,0.4349322568421051,0.04784066200895484,0.0,0.0,0.0,0.05,0.4130520772135963,0.49854313890054547,0.0,0.0304,0.5869479227864036,-1,0.0304,0.0,0.017305263157894737,0.0,0.0,0.0,822,0.050835739558339095,blended,0.05,blockhash,256,spatial,median,block_collision,mad,0.371,0.715
0.48869066526315796,0.4867133515789474,0.04977975387272464,0.014,0.0556,0.014,0.05,0.47171800251783463,0.482596516995384,0.004,0.004,0.5282819974821653,-1,0.008,0.002,0.0013263157894736841,0.07352941176470588,0.002,0.003894080996884735,68,0.04996795642073219,blended,0.05,blockhash,256,spatial,median,hash_spectral,mad,0.371,0.055
0.5572258315789473,0.49954071157894725,0.060605255562585766,0.0164,0.0588,0.008,0.05,0.5835351657574485,0.49890146873688623,0.0232,0.0164,0.5835351657574485,1,0.0232,0.0012,0.001957894736842105,0.03125,0.0012,0.0023112480739599386,96,0.05003606925296569,blended,0.05,blockhash,256,spatial,median,hash_stability,mad,0.371,0.029
0.4387452968421052,0.4653584547368421,0.04194905143085292,0.0072,0.032,0.0068,0.05,0.3982581619806966,0.4521877045740663,0.002,0.0072,0.6017418380193034,-1,0.008,0.0,0.0002105263157894737,0.0,0.0,0.0,10,0.05001000200040008,blended,0.05,phash,64,frequency,median,bit_llr,mad,0.549,0.057
0.46507076210526316,0.4028028168421052,0.0426316476080455,0.0,0.0,0.0,0.05,0.40311791859001256,0.3939258078052874,0.0008,0.0008,0.5968820814099874,-1,0.0044,0.0,0.039578947368421054,0.0,0.0,0.0,1880,0.051953449709060684,blended,0.05,phash,64,frequency,median,bit_em,mad,0.549,0.298
0.36740784421052636,0.49445928421052626,0.03787990998562869,0.0028,0.0152,0.0028,0.05,0.31410725975660936,0.478459840537138,0.0012,0.0012,0.6858927402433906,-1,0.0268,0.0028,0.008442105263157895,0.01715686274509804,0.0028,0.004814305364511692,408,0.05027020487175351,blended,0.05,phash,64,frequency,median,hamming_knn,mad,0.549,0.432
0.3949203494736842,0.4261354273684211,0.03888537825744731,0.0004,0.0064,0.0004,0.05,0.31490511959714645,0.43507024758707513,0.0008,0.0008,0.6850948804028536,-1,0.0204,0.002,0.027494736842105263,0.0038138825324180014,0.002,0.0026239832065074785,1311,0.05124360738565179,blended,0.05,phash,64,frequency,median,hamming_ball,mad,0.549,0.432
0.44928486315789473,0.4611204210526316,0.04219995811649789,0.0032,0.0172,0.0032,0.05,0.4232674779689467,0.4469493075954679,0.0032,0.0032,0.5767325220310533,-1,0.0184,0.0012,0.002968421052631579,0.020833333333333332,0.0012,0.0022692889561270802,144,0.050084242618741975,blended,0.05,phash,64,frequency,median,hash_spectral,mad,0.549,0.046
0.5764750189473684,0.3724696926315789,0.05577430161610232,0.0,0.0052,0.0,0.05,0.5833562736047,0.5249855224506924,0.0052,0.0052,0.5833562736047,1,0.0052,0.0,0.00728421052631579,0.0,0.0,0.0,346,0.05034841100414871,blended,0.05,phash,64,frequency,median,hash_stability,mad,0.549,0.026
0.43874528842105265,0.4653584463157895,0.04194901045436814,0.0072,0.032,0.0068,0.05,0.3982582039446076,0.4521877045740663,0.002,0.0072,0.6017417960553924,-1,0.008,0.0,0.0002105263157894737,0.0,0.0,0.0,10,0.05001000200040008,blended,0.05,phash_nodc,63,frequency,median,bit_llr,mad,0.536,0.059
0.46477670315789477,0.40242904,0.04259232278449883,0.0,0.0,0.0,0.05,0.40312404532102397,0.39408292068820816,0.0008,0.0008,0.596875954678976,-1,0.0044,0.0,0.039578947368421054,0.0,0.0,0.0,1880,0.051953449709060684,blended,0.05,phash_nodc,63,frequency,median,bit_em,mad,0.536,0.296
0.36740784421052636,0.49445928421052626,0.03787990998562869,0.0028,0.0152,0.0028,0.05,0.31410725975660936,0.478459840537138,0.0012,0.0012,0.6858927402433906,-1,0.0268,0.0028,0.008442105263157895,0.01715686274509804,0.0028,0.004814305364511692,408,0.05027020487175351,blended,0.05,phash_nodc,63,frequency,median,hamming_knn,mad,0.536,0.436
0.3949203494736842,0.4261354273684211,0.03888537825744731,0.0004,0.0064,0.0004,0.05,0.31490511959714645,0.43507024758707513,0.0008,0.0008,0.6850948804028536,-1,0.0204,0.002,0.027494736842105263,0.0038138825324180014,0.002,0.0026239832065074785,1311,0.05124360738565179,blended,0.05,phash_nodc,63,frequency,median,hamming_ball,mad,0.536,0.437
0.46480160000000004,0.48003450105263157,0.04508573445643891,0.008,0.0404,0.008,0.05,0.43949043222828366,0.4674655895929501,0.0016,0.0016,0.5605095677717163,-1,0.016,0.0016,0.0027578947368421054,0.02962962962962963,0.0016,0.0030360531309297912,135,0.050055148902035496,blended,0.05,phash_nodc,63,frequency,median,hash_spectral,mad,0.536,0.047
0.5764750189473684,0.3724696926315789,0.05577430161610232,0.0,0.0052,0.0,0.05,0.5833562736047,0.5249855224506924,0.0052,0.0052,0.5833562736047,1,0.0052,0.0,0.00728421052631579,0.0,0.0,0.0,346,0.05034841100414871,blended,0.05,phash_nodc,63,frequency,median,hash_stability,mad,0.536,0.026
0.43421098526315793,0.4681007663157895,0.041025182614464646,0.0064,0.0268,0.0024,0.05,0.39605845572807385,0.4603351657574486,0.0024,0.0056,0.6039415442719261,-1,0.0068,0.0,0.00023157894736842104,0.0,0.0,0.0,11,0.05001100242053252,blended,0.05,phash_mean,64,frequency,mean,bit_llr,mad,0.514,0.058
0.3562297768421052,0.5870870821052632,0.036774029648129536,0.0,0.0,0.0,0.05,0.424197733948804,0.5574232060428032,0.0064,0.0128,0.575802266051196,-1,0.0128,0.0,0.0,0.0,0.0,0.0,0,0.05,blended,0.05,phash_mean,64,frequency,mean,bit_em,mad,0.514,0.301
0.3824793936842105,0.4858587873684211,0.03783100500585152,0.002,0.0112,0.002,0.05,0.3292845992446496,0.484018296265212,0.002,0.002,0.6707154007553504,-1,0.0292,0.0008,0.005873684210526316,0.0071174377224199285,0.0008,0.001438331535418914,281,0.05024236207486072,blended,0.05,phash_mean,64,frequency,mean,hamming_knn,mad,0.514,0.444
0.38080550736842106,0.4630057136842105,0.038539284172951806,0.0,0.0112,0.0,0.05,0.3412829206882081,0.45617440201426773,0.0044,0.0044,0.6587170793117919,-1,0.0044,0.0112,0.04936842105263158,0.011799410029498525,0.0112,0.011491894110404268,2373,0.05190333214353203,blended,0.05,phash_mean,64,frequency,mean,hamming_ball,mad,0.514,0.439
0.533329907368421,0.5243789810526316,0.058411889871525784,0.0188,0.0796,0.0188,0.05,0.539022912295426,0.5318527906000838,0.008,0.008,0.539022912295426,1,0.01,0.002,0.0013263157894736841,0.07352941176470588,0.002,0.003894080996884735,68,0.04996795642073219,blended,0.05,phash_mean,64,frequency,mean,hash_spectral,mad,0.514,0.046
0.44516127999999994,0.5192115915789475,0.04473130698126057,0.0092,0.0364,0.0088,0.05,0.45710612673101136,0.49211846412085614,0.0072,0.006,0.5428938732689886,-1,0.0072,0.0004,0.0018736842105263158,0.011111111111111112,0.0004,0.0007722007722007722,90,0.05007012622720897,blended,0.05,phash_mean,64,frequency,mean,hash_stability,mad,0.514,0.028
0.7318063410526315,0.5602635578947368,0.1568169539556731,0.0848,0.208,0.0364,0.05,0.8189031053294167,0.58693562736047,0.194,0.0512,0.8189031053294167,1,0.194,0.0032,0.0002105263157894737,0.4444444444444444,0.0032,0.006354249404289118,18,0.04985794886159017,blended,0.05,phash16,256,frequency,median,bit_llr,mad,0.631,0.1
0.6567762947368421,0.5387810189473684,0.06764315245253022,0.0,0.0,0.0,0.05,0.7912631556861099,0.659618380193034,0.0828,0.0828,0.7912631556861099,1,0.0828,0.0,0.12486315789473684,0.0,0.0,0.0,5931,0.05672922008668225,blended,0.05,phash16,256,frequency,median,bit_em,mad,0.631,0.897
0.4484620842105263,0.45595351157894737,0.04328628371125004,0.002,0.0232,0.002,0.05,0.4051595048258498,0.41631775073436844,0.0008,0.0008,0.5948404951741502,-1,0.0076,0.002,0.009957894736842105,0.010460251046025104,0.002,0.0033579583613163196,478,0.05038164856023585,blended,0.05,phash16,256,frequency,median,hamming_knn,mad,0.631,0.469
0.4347904378947368,0.4807167157894737,0.04299922370767199,0.0052,0.0256,0.0052,0.05,0.42493424255140577,0.45180461603021405,0.0052,0.0052,0.5750657574485942,-1,0.0052,0.0064,0.012021052631578948,0.027257240204429302,0.0064,0.010366051182377713,587,0.05027017181713314,blended,0.05,phash16,256,frequency,median,hamming_ball,mad,0.631,0.468
0.4917578694736842,0.4915911284210527,0.048027594768734444,0.0064,0.0412,0.0064,0.05,0.48733386487620645,0.49004557280738564,0.0064,0.0064,0.5126661351237936,-1,0.0116,0.0036,0.006694736842105263,0.027522935779816515,0.0036,0.006367173682348779,327,0.050147967708815654,blended,0.05,phash16,256,frequency,median,hash_spectral,mad,0.631,0.056
0.6414357136842105,0.4958209810526315,0.07586588227326638,0.0128,0.08,0.0036,0.05,0.698927486361729,0.5234234158623583,0.0432,0.0048,0.698927486361729,1,0.0432,0.0,0.0018105263157894736,0.0,0.0,0.0,86,0.05008614817486076,blended,0.05,phash16,256,frequency,median,hash_stability,mad,0.631,0.028
0.7937544673684211,0.6217784631578946,0.1880278219838939,0.0936,0.25,0.0532,0.05,0.899008015107008,0.6736960973562736,0.3844,0.1092,0.899008015107008,1,0.3844,0.0036,0.00010526315789473685,0.6428571428571429,0.0036,0.007159904534606206,14,0.04983395350698196,blended,0.05,pdq,256,frequency,median,bit_llr,mad,2.268,0.093
0.875006067368421,0.8409313389473684,0.20784570275757994,0.0,0.0,0.0,0.05,0.9330606798153588,0.8833268988669744,0.4376,0.4376,0.9330606798153588,1,0.4376,0.7816,0.11067368421052631,0.2709748994591596,0.7816,0.40243023375553494,7211,0.012760288859286265,blended,0.05,pdq,256,frequency,median,bit_em,mad,2.268,0.916
0.4807228757894737,0.45628504000000003,0.046666025656144236,0.0052,0.0276,0.0052,0.05,0.4713041544271926,0.43789450272765423,0.0028,0.0028,0.5286958455728075,-1,0.0032,0.0036,0.007136842105263158,0.02586206896551724,0.0036,0.006320224719101123,348,0.05016917747522758,blended,0.05,pdq,256,frequency,median,hamming_knn,mad,2.268,0.473
0.4999177557894737,0.43159056842105264,0.05022039031909634,0.0088,0.0284,0.0088,0.05,0.4864660092320604,0.471504616030214,0.01,0.01,0.5135339907679396,-1,0.01,0.0088,0.009768421052631579,0.04526748971193416,0.0088,0.014735432016075016,486,0.050046451508664214,blended,0.05,pdq,256,frequency,median,hamming_ball,mad,2.268,0.469
0.5882461221052632,0.5514152210526316,0.07589542340866401,0.0292,0.1016,0.0292,0.05,0.6246659672681494,0.5713468736886278,0.0464,0.0464,0.6246659672681494,1,0.0464,0.0152,0.0030105263157894735,0.20994475138121546,0.0152,0.02834763148079075,181,0.04941889640498605,blended,0.05,pdq,256,frequency,median,hash_spectral,mad,2.268,0.056
0.6222110568421053,0.4869763915789474,0.07135830529022015,0.0108,0.0724,0.002,0.05,0.7001646244229963,0.49867012169534203,0.0312,0.004,0.7001646244229963,1,0.0312,0.0,0.0016210526315789473,0.0,0.0,0.0,77,0.050077118762894855,blended,0.05,pdq,256,frequency,median,hash_stability,mad,2.268,0.028
0.43703782315789474,0.4921738778947369,0.04119262433076358,0.0,0.0192,0.0,0.05,0.4120180864456567,0.4885190516156106,0.0032,0.0116,0.5879819135543434,-1,0.0116,0.0,0.0013684210526315789,0.0,0.0,0.0,65,0.05006508460999299,blended,0.05,whash_haar,64,wavelet,median,bit_llr,mad,0.629,0.058
0.44533512,0.48472662315789483,0.04703792958608281,0.0,0.0,0.0,0.05,0.43460016785564426,0.5303613092740244,0.0,0.0,0.5653998321443557,-1,0.0,0.462,0.3178105263157895,0.07107254938157652,0.462,0.1231934296837502,16251,0.03985303268244985,blended,0.05,whash_haar,64,wavelet,median,bit_em,mad,0.629,0.293
0.43076745684210527,0.4984764547368421,0.04342537673703045,0.0068,0.0412,0.0068,0.05,0.38484120856063786,0.4823168275283256,0.0,0.0,0.6151587914393621,-1,0.032,0.0,4.210526315789474e-05,0.0,0.0,0.0,2,0.0500020000800032,blended,0.05,whash_haar,64,wavelet,median,hamming_knn,mad,0.629,0.445
0.5133353810526314,0.18498740631578944,0.057229506804857506,0.0,0.0,0.0,0.05,0.4101298363407469,0.4101298363407469,0.0,0.0,0.5898701636592532,-1,0.0,0.0152,0.1595578947368421,0.0049888407509518186,0.0152,0.007512108332509637,7617,0.058089328268409506,blended,0.05,whash_haar,64,wavelet,median,hamming_ball,mad,0.629,0.439
0.4298132168421053,0.47808956631578947,0.04519310974488632,0.0,0.0424,0.0,0.05,0.3951274863617289,0.4732329416701636,0.0,0.0,0.6048725136382711,-1,0.0068,0.1316,0.1027578947368421,0.06314779270633397,0.1316,0.08534370946822309,5210,0.04847064076802858,blended,0.05,whash_haar,64,wavelet,median,block_collision,mad,0.629,0.16
0.46847192421052636,0.4797348,0.04511490547342535,0.0032,0.0444,0.0032,0.05,0.44441124632815776,0.47728443138900545,0.0076,0.0076,0.5555887536718422,-1,0.0096,0.0,0.0003368421052631579,0.0,0.0,0.0,16,0.05001600512163892,blended,0.05,whash_haar,64,wavelet,median,hash_spectral,mad,0.629,0.046
0.42065880842105263,0.514916492631579,0.04146721540391299,0.0024,0.0224,0.0024,0.05,0.4177967268149392,0.5032260595887537,0.006,0.0064,0.5822032731850608,-1,0.0112,0.0,0.002168421052631579,0.0,0.0,0.0,103,0.05010321261799307,blended,0.05,whash_haar,64,wavelet,median,hash_stability,mad,0.629,0.027
0.4609817136842105,0.46839390736842107,0.04316153684283694,0.0,0.0076,0.0,0.05,0.4311093159882501,0.4658997482165338,0.0096,0.0072,0.5688906840117499,-1,0.0096,0.0,0.0044631578947368425,0.0,0.0,0.0,212,0.05021290270747972,blended,0.05,whash_db4,169,wavelet,median,bit_llr,mad,1.602,0.078
0.3503407747368421,0.6749889178947368,0.05092965136833206,0.0,0.0,0.0,0.05,0.46105107007973145,0.537232186319765,0.0,0.0,0.5389489299202685,-1,0.0,0.5444,0.3425263157894737,0.07719357949066984,0.5444,0.1352143460334807,17631,0.03518798850752263,blended,0.05,whash_db4,169,wavelet,median,bit_em,mad,1.602,0.607
0.4461095747368421,0.47159097684210516,0.042514555067199006,0.0,0.0264,0.0,0.05,0.40513084347461187,0.46288610994544693,0.008,0.0084,0.5948691565253881,-1,0.016,0.0,0.0,0.0,0.0,0.0,0,0.05,blended,0.05,whash_db4,169,wavelet,median,hamming_knn,mad,1.602,0.468
0.48983424000000003,0.299921852631579,0.052986552046778254,0.0,0.0,0.0,0.05,0.44456680654637015,0.44456680654637015,0.0056,0.0056,0.5554331934536298,-1,0.0056,0.0256,0.1259157894736842,0.010587262200165426,0.0256,0.014979520187244003,6045,0.05542031623251052,blended,0.05,whash_db4,169,wavelet,median,hamming_ball,mad,1.602,0.456
0.46701629052631577,0.4926833852631579,0.0446029057956643,0.0,0.032,0.0,0.05,0.45570096516995384,0.5066478388585816,0.006,0.006,0.5442990348300462,-1,0.0112,0.0,0.0019157894736842106,0.0,0.0,0.0,91,0.050091165921978,blended,0.05,whash_db4,169,wavelet,median,hash_spectral,mad,1.602,0.053
0.48161236631578946,0.5089919578947368,0.04982293320757864,0.0144,0.0492,0.012,0.05,0.4621515736466639,0.527610449013848,0.0144,0.012,0.5378484263533361,-1,0.0144,0.004,0.0023157894736842107,0.08333333333333333,0.004,0.007633587786259542,120,0.04991980753809142,blended,0.05,whash_db4,169,wavelet,median,hash_stability,mad,1.602,0.029
0.45436603789473684,0.4592801052631579,0.04307309062262965,0.008,0.0316,0.0032,0.05,0.4251204783885858,0.44065291649181704,0.0052,0.0032,0.5748795216114142,-1,0.0056,0.0,0.0005052631578947368,0.0,0.0,0.0,24,0.05002401152553226,blended,0.05,mh,64,frequency,mean,bit_llr,mad,0.984,0.058
0.5468267031578947,0.5374919242105263,0.07023669602806595,0.0,0.1408,0.0,0.05,0.46140398657154846,0.46389613932018464,0.002,0.002,0.5385960134284515,-1,0.0096,0.0,0.02703157894736842,0.0,0.0,0.0,1284,0.051317842187371704,blended,0.05,mh,64,frequency,mean,bit_em,mad,0.984,0.299
0.372185772631579,0.4779486063157894,0.03685060826319166,0.0004,0.006,0.0004,0.05,0.31717024758707507,0.4701082249265632,0.0004,0.0004,0.682829752412925,-1,0.0184,0.0,0.008778947368421053,0.0,0.0,0.0,417,0.05042050702861868,blended,0.05,mh,64,frequency,mean,hamming_knn,mad,0.984,0.447
0.38596904000000004,0.43916901052631574,0.039117411276094645,0.0004,0.0064,0.0004,0.05,0.3249236676458246,0.4317741921947125,0.0008,0.0008,0.6750763323541754,-1,0.0008,0.0044,0.03993684210526316,0.005765199161425576,0.0044,0.004990925589836661,1908,0.05175496964152042,blended,0.05,mh,64,frequency,mean,hamming_ball,mad,0.984,0.444
0.3711385305263158,0.5817222652631578,0.046061372081468925,0.0156,0.0492,0.0156,0.05,0.3342434746118338,0.41547201007133866,0.0032,0.0032,0.6657565253881662,-1,0.0032,0.068,0.06471578947368421,0.05240443896424168,0.068,0.059192200557103065,3244,0.04983317649071777,blended,0.05,mh,64,frequency,mean,block_collision,mad,0.984,0.153
0.44740472,0.47147585263157893,0.04234209524421093,0.002,0.0276,0.002,0.05,0.43170960973562733,0.4589530843474612,0.002,0.002,0.5682903902643727,-1,0.012,0.0004,0.003621052631578947,0.005780346820809248,0.0004,0.0007482229704451926,173,0.05015353121801433,blended,0.05,mh,64,frequency,mean,hash_spectral,mad,0.984,0.046
0.5040039199999999,0.5091735199999999,0.05065258031478537,0.0064,0.04,0.0064,0.05,0.4918696181284096,0.47355660931598825,0.0048,0.0048,0.5081303818715903,-1,0.0048,0.0048,0.006357894736842105,0.03821656050955414,0.0048,0.008528784648187633,314,0.05007446765688524,blended,0.05,mh,64,frequency,mean,hash_stability,mad,0.984,0.027
0.41652293894736847,0.43187322947368423,0.038998323616584465,0.0,0.0,0.0,0.05,0.3283369282417121,0.4473886277801091,0.0052,0.0068,0.6716630717582879,-1,0.0088,0.0,0.03829473684210526,0.0,0.0,0.0,1819,0.05188767356426807,blended,0.05,colorhash,42,colour,quantisation,bit_llr,mad,2.513,0.05
0.4365836673684211,0.5014080926315789,0.04322213633567376,0.0,0.0,0.0,0.05,0.320318338229123,0.3068962652119177,0.0,0.0,0.679681661770877,-1,0.0,0.2532,0.4146105263157895,0.031140847149112017,0.2532,0.05546063871730845,20327,0.06291915209112661,blended,0.05,colorhash,42,colour,quantisation,bit_em,mad,2.513,0.24
0.4173951410526316,0.4979074821052632,0.04451902062156808,0.0,0.0,0.0064,0.05,0.3322532941670164,0.5022407049937054,0.0,0.0124,0.6677467058329836,-1,0.0124,0.0044,0.008336842105263158,0.02702702702702703,0.0044,0.007567939456484348,407,0.05018853467223197,blended,0.05,colorhash,42,colour,quantisation,hamming_knn,mad,2.513,0.34
0.34723298105263156,0.4517922063157894,0.03953163087962011,0.0,0.0,0.0,0.05,0.3202441460344104,0.33448178766261016,0.0,0.0,0.6797558539655896,-1,0.0,0.1096,0.2758736842105263,0.02048138735236956,0.1096,0.034513162866859806,13378,0.06078313581999891,blended,0.05,colorhash,42,colour,quantisation,hamming_ball,mad,2.513,0.336
0.44295682526315794,0.4419796421052632,0.04139057731427885,0.0,0.0,0.0,0.05,0.4443771296684851,0.41815039865715486,0.0016,0.0104,0.5556228703315149,-1,0.0104,0.0,0.008021052631578948,0.0,0.0,0.0,381,0.050383925512404525,blended,0.05,colorhash,42,colour,quantisation,hash_spectral,mad,2.513,0.042
0.7169000084210526,0.6300044126315789,0.12464663106177698,0.038,0.0944,0.038,0.05,0.7121816198069659,0.6487283256399496,0.038,0.038,0.7121816198069659,1,0.038,0.0152,0.0008631578947368422,0.4810126582278481,0.0152,0.029468786351298952,79,0.04931792231726127,blended,0.05,colorhash,42,colour,quantisation,hash_stability,mad,2.513,0.025
0.7465968757894736,0.6034912463157894,0.15636826855872007,0.0864,0.226,0.0488,0.05,0.8377426353336132,0.6473099454469156,0.2952,0.088,0.8377426353336132,1,0.2952,0.0036,0.0002526315789473684,0.42857142857142855,0.0036,0.007140023800079333,21,0.04984093319194061,blended,0.05,rhash8,64,residual,zero,bit_llr,mad,0.522,0.058
0.8843114021052632,0.8584878821052632,0.6954633345879792,0.598,0.7204,0.598,0.05,0.8995624842635334,0.8507028955098616,0.4044,0.4044,0.8995624842635334,1,0.4044,0.7616,0.07852631578947368,0.3379481718139865,0.7616,0.46815834767641995,5634,0.013433710499030789,blended,0.05,rhash8,64,residual,zero,bit_em,mad,0.522,0.299
0.6141602947368421,0.5223973936842106,0.09580679903926037,0.0512,0.1272,0.0512,0.05,0.6520439362148552,0.541172345782627,0.0676,0.0676,0.6520439362148552,1,0.0676,0.0324,0.004863157894736842,0.25961538461538464,0.0324,0.057610241820768134,312,0.04868378682981807,blended,0.05,rhash8,64,residual,zero,hamming_knn,mad,0.522,0.451
0.6299930568421053,0.5583153726315789,0.1384126734110657,0.0868,0.1804,0.0868,0.05,0.6511997482165338,0.5896759966428871,0.1016,0.1016,0.6511997482165338,1,0.1016,0.1112,0.01631578947368421,0.26400759734093066,0.1112,0.1564874753729243,1053,0.04539604061535947,blended,0.05,rhash8,64,residual,zero,hamming_ball,mad,0.522,0.446
0.6478470231578948,0.48005954526315786,0.08393662586179086,0.026,0.1328,0.026,0.05,0.5130979437683593,0.4930539655895929,0.0112,0.0112,0.5130979437683593,1,0.0112,0.0612,0.019136842105263157,0.1440677966101695,0.0612,0.08590679393599102,1062,0.04795864154644652,blended,0.05,rhash8,64,residual,zero,block_collision,mad,0.522,0.151
0.4627665684210526,0.4674358105263158,0.04429209088663216,0.0064,0.0348,0.0064,0.05,0.4376289131347042,0.4485867813680235,0.0024,0.0024,0.5623710868652958,-1,0.0148,0.006,0.008652631578947368,0.035211267605633804,0.006,0.010252904989747095,426,0.05012708274498729,blended,0.05,rhash8,64,residual,zero,hash_spectral,mad,0.522,0.046
0.6584215115789475,0.46480405052631574,0.0768096558872701,0.0124,0.0644,0.0052,0.05,0.7177510700797314,0.5183039865715484,0.0284,0.0124,0.7177510700797314,1,0.0284,0.0004,0.0015368421052631579,0.013513513513513514,0.0004,0.000777000777000777,74,0.05005408003845692,blended,0.05,rhash8,64,residual,zero,hash_stability,mad,0.522,0.027
0.9222720547368419,0.8429975705263157,0.4798519287410857,0.3068,0.5812,0.2356,0.05,0.9887548468317248,0.9210556441460344,0.864,0.6112,0.9887548468317248,1,0.864,0.0916,0.0013263157894736841,0.7842465753424658,0.0916,0.16404011461318052,292,0.045686810976100424,blended,0.05,rhash16,256,residual,zero,bit_llr,mad,0.589,0.092
0.9971964042105264,0.9961370105263159,0.9874437127878555,0.9804,0.9904,0.9804,0.05,0.9962459085186739,0.9943008812421318,0.9332,0.9332,0.9962459085186739,1,0.9332,0.9956,0.12583157894736843,0.2939995275218521,0.9956,0.45394856830202446,8466,0.000264843260942842,blended,0.05,rhash16,256,residual,zero,bit_em,mad,0.589,0.926
0.812499107368421,0.7020921810526316,0.24677202070491538,0.1548,0.3752,0.1548,0.05,0.8995654217373059,0.7631088963491397,0.4604,0.4464,0.8995654217373059,1,0.4604,0.174,0.011642105263157895,0.4402834008097166,0.174,0.24942660550458715,988,0.04213253897004815,blended,0.05,rhash16,256,residual,zero,hamming_knn,mad,0.589,0.477
0.7586053305263157,0.71754016,0.4843244773928721,0.4108,0.4756,0.4108,0.05,0.8169492656315569,0.7693705832983635,0.4476,0.4476,0.8169492656315569,1,0.4476,0.4476,0.0268,0.467809364548495,0.4476,0.45748160261651677,2392,0.029007729793312047,blended,0.05,rhash16,256,residual,zero,hamming_ball,mad,0.589,0.469
0.6311121263157894,0.6466241305263157,0.2967537441899031,0.2344,0.298,0.2344,0.05,0.6460409567771717,0.6027463281577843,0.2704,0.2704,0.6460409567771717,1,0.2704,0.316,0.07530526315789474,0.1809022212044882,0.316,0.23008591815931265,4367,0.03747288146735915,blended,0.05,rhash16,256,residual,zero,block_collision,mad,0.589,0.707
0.6573738315789475,0.6557485221052631,0.11519932846805117,0.0636,0.1996,0.0636,0.05,0.7397233738984474,0.710489509022241,0.3264,0.32,0.7397233738984474,1,0.3264,0.09,0.014757894736842105,0.24298056155507558,0.09,0.13134851138353765,926,0.046358560541223455,blended,0.05,rhash16,256,residual,zero,hash_spectral,mad,0.589,0.056
0.636871465263158,0.45763049684210527,0.07021404420308022,0.0116,0.056,0.0068,0.05,0.7109904741921946,0.4331944607637431,0.016,0.006,0.7109904741921946,1,0.016,0.0048,0.0053052631578947365,0.045454545454545456,0.0048,0.008683068017366137,264,0.0500241273926331,blended,0.05,rhash16,256,residual,zero,hash_stability,mad,0.589,0.031
0.999169667368421,0.9984081515789474,0.9877019774960382,0.9828,0.998,0.9684,0.05,0.9999995803608897,0.9999741502308015,1.0,0.9996,0.9999995803608897,1,1.0,0.8804,0.0013894736842105264,0.9708866343184825,0.8804,0.9234319278372142,2267,0.006264010223535081,blended,0.05,rhash32,1024,residual,zero,bit_llr,mad,0.462,0.239
0.66603408,0.6130761010526316,0.13096538340955585,0.0,0.0,0.0,0.05,0.9999999160721779,0.9999999160721779,1.0,1.0,0.9999999160721779,1,1.0,0.0,0.27993684210526315,0.0,0.0,0.0,13297,0.06811432307985724,blended,0.05,rhash32,1024,residual,zero,bit_em,mad,0.462,4.066
0.9491853978947369,0.9414190273684211,0.36554928328897185,0.1,0.6312,0.1,0.05,0.998672387746538,0.9943514057910197,0.9688,0.9688,0.998672387746538,1,0.9688,0.4784,0.034694736842105264,0.42053445850914206,0.4784,0.4476047904191617,2844,0.027652896768173722,blended,0.05,rhash32,1024,residual,zero,hamming_knn,mad,0.462,0.567
0.6294665221052632,0.34244526736842107,0.06410185402433527,0.0,0.0392,0.0,0.05,0.7495293327738144,0.7495293327738144,0.4664,0.4664,0.7495293327738144,1,0.4664,0.08,0.07732631578947369,0.051639555899819264,0.08,0.06276478895339714,3873,0.049862336592451276,blended,0.05,rhash32,1024,residual,zero,hamming_ball,mad,0.462,0.575
0.9011065263157896,0.8963705894736843,0.7970633119761109,0.7344,0.792,0.7344,0.05,0.9093536298783046,0.9133404951741502,0.7636,0.7636,0.9093536298783046,1,0.7636,0.7388,0.011768421052631579,0.7676641729010806,0.7388,0.7529555646147574,2406,0.013720216834054713,blended,0.05,rhash32,1024,residual,zero,block_collision,mad,0.462,3.175
0.7766749136842105,0.7477793557894737,0.17530614304817488,0.0688,0.3108,0.0688,0.05,0.8750169534200587,0.8196814519513218,0.6216,0.5024,0.8750169534200587,1,0.6216,0.192,0.028210526315789474,0.26373626373626374,0.192,0.2222222222222222,1820,0.04192611041926111,blended,0.05,rhash32,1024,residual,zero,hash_spectral,mad,0.462,0.183
0.7125716294736841,0.4823181936842105,0.08568941175930275,0.0116,0.07,0.0044,0.05,0.8179733529164919,0.4753387326898867,0.0408,0.004,0.8179733529164919,1,0.0408,0.0032,0.005431578947368421,0.03007518796992481,0.0032,0.005784526391901663,266,0.05010656693610005,blended,0.05,rhash32,1024,residual,zero,hash_stability,mad,0.462,0.033
0.9940462989473684,0.9881241010526316,0.9212032617171774,0.8616,0.9736,0.786,0.05,0.999975828787243,0.999286277801091,0.9996,0.9872,0.999975828787243,1,0.9996,0.5496,0.001663157894736842,0.9456297315898142,0.5496,0.6951682266632937,1453,0.023194018167960944,blended,0.05,rhash_rgb,768,residual,zero,bit_llr,mad,1.636,0.196
0.7197052884210526,0.7069891873684211,0.14513418845104878,0.0,0.0,0.0,0.05,0.9999999160721779,0.999999916072178,1.0,1.0,0.9999999160721779,1,1.0,0.0,0.2595157894736842,0.0,0.0,0.0,12327,0.06636052345180898,blended,0.05,rhash_rgb,768,residual,zero,bit_em,mad,1.636,2.953
0.9190371536842106,0.8618897978947369,0.3553501241835549,0.19,0.5408,0.1888,0.05,0.9878991187578682,0.9404737725556022,0.8052,0.7764,0.9878991187578682,1,0.8052,0.2268,0.012947368421052631,0.4796954314720812,0.2268,0.30798479087452474,1182,0.0395960506370601,blended,0.05,rhash_rgb,768,residual,zero,hamming_knn,mad,1.636,0.533
0.6595209557894738,0.39481768842105264,0.07979427382399207,0.0384,0.1136,0.0384,0.05,0.7976230801510701,0.7976230801510701,0.5028,0.5028,0.7976230801510701,1,0.5028,0.0796,0.027831578947368422,0.13083497698882315,0.0796,0.09898035314598358,1521,0.04746385032694569,blended,0.05,rhash_rgb,768,residual,zero,hamming_ball,mad,1.636,0.537
0.7618977347368422,0.718436652631579,0.41365125685551807,0.3416,0.4132,0.3416,0.05,0.8291488879563575,0.7448396558959295,0.5524,0.5524,0.8291488879563575,1,0.5524,0.4368,0.05608421052631579,0.29073482428115016,0.4368,0.3491048593350384,3756,0.030447193149381543,blended,0.05,rhash_rgb,768,residual,zero,block_collision,mad,1.636,2.064
0.7584160378947368,0.7472231115789474,0.21298603453029968,0.1388,0.3416,0.1388,0.05,0.8426859420898027,0.8081801930339908,0.5572,0.4524,0.8426859420898027,1,0.5572,0.1852,0.016357894736842106,0.37338709677419357,0.1852,0.24759358288770053,1240,0.0417760459392945,blended,0.05,rhash_rgb,768,residual,zero,hash_spectral,mad,1.636,0.119
0.6891502105263158,0.46562348210526316,0.07836306312086537,0.0104,0.0588,0.0056,0.05,0.7872642047838858,0.4486849349559379,0.0212,0.0052,0.7872642047838858,1,0.0212,0.0044,0.006126315789473685,0.03642384105960265,0.0044,0.007851534618129907,302,0.050082498289669604,blended,0.05,rhash_rgb,768,residual,zero,hash_stability,mad,1.636,0.033
0.3418781936842105,0.48268764210526316,0.034213216620328495,0.0,0.002,0.0004,0.05,0.2498062945866555,0.48627024758707516,0.0,0.0176,0.7501937054133445,-1,0.0216,0.0,0.0006315789473684211,0.0,0.0,0.0,30,0.05003001801080648,blended,0.05,rhash_energy,256,residual,mean,bit_llr,mad,0.604,0.093
0.4409845052631579,0.42296364210526316,0.060822530369662585,0.0,0.1036,0.0,0.05,0.22816118338229124,0.28473566932438105,0.0,0.0,0.7718388166177088,-1,0.0,0.1932,0.20562105263157895,0.047121951219512195,0.1932,0.07576470588235294,10250,0.05074213836477987,blended,0.05,rhash_energy,256,residual,mean,bit_em,mad,0.604,0.895
0.2951232084210526,0.4797506905263158,0.03217613387339465,0.0,0.0,0.0,0.05,0.1920672681493915,0.4867311372219891,0.0,0.0,0.8079327318506084,-1,0.0672,0.0,0.0008421052631578948,0.0,0.0,0.0,40,0.0500400320256205,blended,0.05,rhash_energy,256,residual,mean,hamming_knn,mad,0.604,0.479
0.4674094021052632,0.1829905557894737,0.05853102822470452,0.0,0.0,0.0,0.05,0.32035283256399494,0.32035283256399494,0.0,0.0,0.6796471674360051,-1,0.0,0.0008,0.15614736842105262,0.0002695781102574471,0.0008,0.00040326645831232987,7419,0.05866466264296282,blended,0.05,rhash_energy,256,residual,mean,hamming_ball,mad,0.604,0.449
0.2909116842105263,0.7472299410526316,0.039584257429411324,0.0,0.0,0.0,0.05,0.25881535879143935,0.7269983214435586,0.0,0.1168,0.7411846412085606,-1,0.1168,0.6216,0.1656,0.16496815286624203,0.6216,0.260738255033557,9420,0.02331197634302612,blended,0.05,rhash_energy,256,residual,mean,block_collision,mad,0.604,0.708
0.4916772884210526,0.4837196168421052,0.04702845512549858,0.004,0.0316,0.004,0.05,0.49557230381871586,0.4826634494334872,0.016,0.016,0.5044276961812841,-1,0.016,0.0004,0.0013894736842105264,0.014925373134328358,0.0004,0.0007791195948578107,67,0.05004706306450644,blended,0.05,rhash_energy,256,residual,mean,hash_spectral,mad,0.604,0.056
0.4251670442105263,0.5176797221052631,0.04138818354267944,0.0044,0.0236,0.0156,0.05,0.4077645824590852,0.5046255140579101,0.0052,0.0024,0.5922354175409148,-1,0.0052,0.0048,0.003157894736842105,0.07407407407407407,0.0048,0.009015777610818933,162,0.04992174645852562,blended,0.05,rhash_energy,256,residual,mean,hash_stability,mad,0.604,0.032
0.922515949473684,0.8432720042105263,0.4820302007304829,0.314,0.5828,0.2312,0.05,0.9886956777171633,0.9210397398237515,0.8624,0.6164,0.9886956777171633,1,0.8624,0.0928,0.0014105263157894736,0.7759197324414716,0.0928,0.16577349053233298,299,0.04563288465020825,blended,0.05,ahash_res,256,residual,mean,bit_llr,mad,0.591,0.101
0.9971327242105262,0.9960732294736843,0.986259615995538,0.974,0.9904,0.974,0.05,0.996296516995384,0.9943587075115401,0.9396,0.9396,0.996296516995384,1,0.9396,0.9956,0.1270315789473684,0.29203332160037543,0.9956,0.4516011974961444,8523,0.00026520722328037227,blended,0.05,ahash_res,256,residual,mean,bit_em,mad,0.591,0.889
0.81091776,0.7039516042105264,0.2480413120676711,0.1584,0.3716,0.1584,0.05,0.8969608057070919,0.7617311791859002,0.4464,0.4372,0.8969608057070919,1,0.4464,0.1776,0.012147368421052632,0.4348677766895201,0.1776,0.2522010792388526,1021,0.041977173890851184,blended,0.05,ahash_res,256,residual,mean,hamming_knn,mad,0.591,0.473
0.7575019031578948,0.7167055494736843,0.48204547708738754,0.4108,0.4756,0.4108,0.05,0.8154597146454048,0.7678155686109946,0.4476,0.4476,0.8154597146454048,1,0.4476,0.4476,0.028126315789473683,0.4558044806517312,0.4476,0.451664984863774,2455,0.02904616678935745,blended,0.05,ahash_res,256,residual,mean,hamming_ball,mad,0.591,0.468
0.6330119368421053,0.6478431621052632,0.2994961670987294,0.2364,0.3052,0.2364,0.05,0.6443352077213598,0.600312589173311,0.2704,0.2704,0.6443352077213598,1,0.2704,0.316,0.0716842105263158,0.18831942789034564,0.316,0.2359970126960418,4195,0.037332168977185894,blended,0.05,ahash_res,256,residual,mean,block_collision,mad,0.591,0.709
0.656326917894737,0.6548934568421053,0.11446361898058571,0.0652,0.1984,0.0652,0.05,0.739434368443139,0.7095143516575745,0.326,0.3204,0.739434368443139,1,0.326,0.0896,0.01463157894736842,0.24374319912948858,0.0896,0.1310324656332261,919,0.0463723233022962,blended,0.05,ahash_res,256,residual,mean,hash_spectral,mad,0.591,0.056
0.6388477305263157,0.45829208000000005,0.07072738077834112,0.0116,0.056,0.0084,0.05,0.7076912295425934,0.43613218631976497,0.016,0.0068,0.7076912295425934,1,0.016,0.0048,0.004842105263157895,0.049586776859504134,0.0048,0.0087527352297593,242,0.050002009727079064,blended,0.05,ahash_res,256,residual,mean,hash_stability,mad,0.591,0.031
0.3834936631578948,0.5174054357894737,0.03683425880116849,0.0,0.0004,0.0,0.05,0.37679618128409564,0.5095686949223668,0.0056,0.0132,0.6232038187159044,-1,0.0132,0.0,0.0009263157894736842,0.0,0.0,0.0,44,0.05004403875410361,blended_a05,0.05,ahash,64,spatial,mean,bit_llr,mad,0.157,0.058
0.6792262863157894,0.5392006315789474,0.15913921470361225,0.0,0.4308,0.0,0.05,0.43590956777171624,0.46265849769198486,0.0,0.0,0.5640904322282838,-1,0.0,0.43,0.3297473684210526,0.06422511650137412,0.43,0.11175797899989603,16738,0.042841681197763215,blended_a05,0.05,ahash,64,spatial,mean,bit_em,mad,0.157,0.311
0.4205670568421052,0.4905246357894737,0.041790096441332816,0.006,0.0444,0.0044,0.05,0.35939672681493917,0.48171095258078056,0.002,0.002,0.6406032731850608,-1,0.026,0.0,0.0,0.0,0.0,0.0,0,0.05,blended_a05,0.05,ahash,64,spatial,mean,hamming_knn,mad,0.157,0.449
0.5126623494736842,0.18762448842105262,0.05912647124987629,0.0,0.0,0.0,0.05,0.40765232899706255,0.40765232899706255,0.0016,0.0016,0.5923476710029374,-1,0.0016,0.018,0.15305263157894736,0.006151742993848257,0.018,0.009169638308711156,7315,0.057514349303033854,blended_a05,0.05,ahash,64,spatial,mean,hamming_ball,mad,0.157,0.442
0.43325844631578947,0.48445394947368425,0.05077660594926667,0.0,0.066,0.0,0.05,0.3776993705413344,0.48018078052874524,0.0,0.0,0.6223006294586656,-1,0.0264,0.1824,0.10665263157894737,0.08257877580586744,0.1824,0.11368735976065819,5522,0.04595530374567202,blended_a05,0.05,ahash,64,spatial,mean,block_collision,mad,0.157,0.158
0.5087288210526315,0.4648686694736842,0.0497636074418346,0.0044,0.0528,0.0044,0.05,0.4815755350398657,0.4550849349559378,0.0072,0.0072,0.5184244649601343,-1,0.0104,0.0,0.0008842105263157895,0.0,0.0,0.0,42,0.050042035309660116,blended_a05,0.05,ahash,64,spatial,mean,hash_spectral,mad,0.157,0.046
0.4276638736842105,0.48153354526315784,0.0413389472863967,0.002,0.0116,0.0012,0.05,0.39472987830465794,0.509863197650021,0.0076,0.01,0.605270121695342,-1,0.0116,0.0,0.00048421052631578945,0.0,0.0,0.0,23,0.05002301058486904,blended_a05,0.05,ahash,64,spatial,mean,hash_stability,mad,0.157,0.029
0.3849857094736842,0.5468571621052631,0.03757139872329866,0.0,0.0,0.0,0.05,0.39801342845153165,0.5470173730591691,0.0024,0.0088,0.6019865715484684,-1,0.0088,0.0,0.0013263157894736841,0.0,0.0,0.0,63,0.05006307948014498,blended_a05,0.05,ahash4,16,spatial,mean,bit_llr,mad,0.135,0.048
0.6647105852631578,0.5982747115789473,0.15367526315916227,0.0436,0.4524,0.0,0.05,0.440189550986152,0.47420163659253045,0.0,0.0,0.559810449013848,-1,0.0,0.4072,0.1552,0.12133492252681764,0.4072,0.1869605142332415,8390,0.03561643835616438,blended_a05,0.05,ahash4,16,spatial,mean,bit_em,mad,0.135,0.149
0.45613234947368425,0.4945345810526316,0.04780589798951202,0.0,0.0684,0.0004,0.05,0.3919122534620227,0.48302706672261847,0.0,0.0144,0.6080877465379773,-1,0.0144,0.0,0.0,0.0,0.0,0.0,0,0.05,blended_a05,0.05,ahash4,16,spatial,mean,hamming_knn,mad,0.135,0.404
0.3903748547368421,0.42593326315789476,0.04946197101776082,0.0,0.0316,0.0,0.05,0.4218325220310533,0.4469370960973563,0.0,0.0,0.5781674779689467,-1,0.0,0.0728,0.12736842105263158,0.02920410783055199,0.0728,0.04168575355016033,6232,0.05296106744653628,blended_a05,0.05,ahash4,16,spatial,mean,hamming_ball,mad,0.135,0.402
0.44964754947368424,0.48465720842105253,0.049588767299123114,0.028,0.0412,0.028,0.05,0.402476961812841,0.435995467897608,0.0,0.0,0.597523038187159,-1,0.0,0.1604,0.18646315789473683,0.04331389068913372,0.1604,0.0682088790610648,9258,0.051519316675666386,blended_a05,0.05,ahash4,16,spatial,mean,block_collision,mad,0.135,0.04
0.5018491284210527,0.4820326652631579,0.0501200135165039,0.0,0.0616,0.0,0.05,0.49629475451112043,0.4749445237096097,0.0,0.0,0.5037052454888795,-1,0.0108,0.0,0.0022315789473684212,0.0,0.0,0.0,106,0.05010622519741853,blended_a05,0.05,ahash4,16,spatial,mean,hash_spectral,mad,0.135,0.043
0.44875229473684214,0.37644490105263156,0.04352875381466632,0.0004,0.0004,0.0004,0.05,0.41866475031472933,0.49691842215694504,0.0016,0.0016,0.5813352496852706,-1,0.0016,0.0004,0.002505263157894737,0.008333333333333333,0.0004,0.0007633587786259542,120,0.05010024057738573,blended_a05,0.05,ahash4,16,spatial,mean,hash_stability,mad,0.135,0.026
0.37755871999999996,0.5017438189473684,0.03629346711185372,0.0,0.0004,0.0,0.05,0.36431749895090226,0.4922960134284515,0.0048,0.012,0.6356825010490977,-1,0.012,0.0,0.0006736842105263158,0.0,0.0,0.0,32,0.05003202049311559,blended_a05,0.05,ahash16,256,spatial,mean,bit_llr,mad,0.197,0.099
0.673286025263158,0.5528916042105264,0.1710074251499215,0.0,0.4256,0.0,0.05,0.4539578262694083,0.45489571968107434,0.0,0.0,0.5460421737305917,-1,0.0,0.4424,0.3949894736842105,0.05566740487215623,0.4424,0.09889127324749643,19868,0.046263108987123325,blended_a05,0.05,ahash16,256,spatial,mean,bit_em,mad,0.197,0.889
0.39133330105263153,0.5030719621052631,0.03852368873520634,0.0048,0.0308,0.0052,0.05,0.3272114141838019,0.4971435165757449,0.0032,0.0032,0.6727885858161982,-1,0.036,0.0,0.0,0.0,0.0,0.0,0,0.05,blended_a05,0.05,ahash16,256,spatial,mean,hamming_knn,mad,0.197,0.472
0.4786233052631579,0.24079700631578949,0.05439230340377776,0.0,0.0,0.0,0.05,0.4124478808224927,0.4124478808224927,0.0028,0.0028,0.5875521191775073,-1,0.0028,0.0136,0.14021052631578948,0.005079175380938153,0.0136,0.0073961279095062,6694,0.05694361058513832,blended_a05,0.05,ahash16,256,spatial,mean,hamming_ball,mad,0.197,0.461
0.2662060252631579,0.74078424,0.03717200335430458,0.0,0.0,0.21,0.05,0.370456315568611,0.6084235837180025,0.0,0.038,0.629543684431389,-1,0.038,0.6244,0.08907368421052632,0.2695096685082873,0.6244,0.3765074770863483,5792,0.021240499457111834,blended_a05,0.05,ahash16,256,spatial,mean,block_collision,mad,0.197,0.688
0.5048433389473684,0.45940896842105267,0.0489187726975551,0.006,0.0452,0.006,0.05,0.47542547209399916,0.4445177087704574,0.0052,0.0052,0.5245745279060008,-1,0.0092,0.0,0.0006736842105263158,0.0,0.0,0.0,32,0.05003202049311559,blended_a05,0.05,ahash16,256,spatial,mean,hash_spectral,mad,0.197,0.056
0.4845686357894736,0.5095844757894736,0.04860958070484971,0.0064,0.046,0.0084,0.05,0.4825480906420478,0.5219208560637851,0.004,0.0044,0.5174519093579522,-1,0.008,0.0012,0.0011368421052631579,0.05263157894736842,0.0012,0.0023464998044583495,57,0.04999699657609675,blended_a05,0.05,ahash16,256,spatial,mean,hash_stability,mad,0.197,0.032
0.3813775536842105,0.49117736842105264,0.036472510399976635,0.0,0.0,0.0,0.05,0.36259974821653373,0.4795129668485103,0.0036,0.006,0.6374002517834663,-1,0.006,0.0,0.0005473684210526316,0.0,0.0,0.0,26,0.050026013527034056,blended_a05,0.05,ahash32,1024,spatial,mean,bit_llr,mad,0.363,0.275
0.3607681726315789,0.4677610652631579,0.049095656798849766,0.0,0.0,0.0,0.05,0.41477524129248844,0.5852247587075114,0.0,0.0,0.5852247587075116,-1,0.0,0.0,0.19903157894736842,0.0,0.0,0.0,9454,0.06165836334040349,blended_a05,0.05,ahash32,1024,spatial,mean,bit_em,mad,0.363,4.065
0.3755004757894737,0.5070183578947368,0.037030817568877786,0.0036,0.0248,0.0032,0.05,0.3065878304657994,0.5035676458245909,0.0032,0.0032,0.6934121695342006,-1,0.0352,0.0,2.105263157894737e-05,0.0,0.0,0.0,1,0.0500010000200004,blended_a05,0.05,ahash32,1024,spatial,mean,hamming_knn,mad,0.363,0.569
0.48031783157894736,0.24226862736842106,0.05432817336172852,0.0,0.0,0.0,0.05,0.402359756609316,0.402359756609316,0.0036,0.0036,0.597640243390684,-1,0.0036,0.0108,0.14505263157894738,0.003903426340899234,0.0108,0.005734310289901242,6917,0.057400830954204674,blended_a05,0.05,ahash32,1024,spatial,mean,hamming_ball,mad,0.363,0.55
0.39192136842105263,0.3946067242105263,0.04269017161528183,0.0,0.0,0.0,0.05,0.3999832563994965,0.6000167436005036,0.0,0.0184,0.6000167436005035,-1,0.0184,0.0036,0.13981052631578947,0.0013533834586466164,0.0036,0.0019672131147540984,6650,0.05746251441753172,blended_a05,0.05,ahash32,1024,spatial,mean,block_collision,mad,0.363,2.936
0.50219872,0.46037245052631576,0.04852139210548561,0.0056,0.0436,0.0056,0.05,0.47124280318925726,0.4412143936214855,0.0048,0.0048,0.5287571968107427,-1,0.0108,0.0,0.0005052631578947368,0.0,0.0,0.0,24,0.05002401152553226,blended_a05,0.05,ahash32,1024,spatial,mean,hash_spectral,mad,0.363,0.184
0.5045733305263158,0.5144152252631579,0.0513213720788141,0.0064,0.0564,0.0084,0.05,0.5010910197230383,0.5147938313050777,0.0032,0.0036,0.5010910197230383,1,0.0084,0.002,0.0016210526315789473,0.06097560975609756,0.002,0.0038729666924864447,82,0.04998197043150767,blended_a05,0.05,ahash32,1024,spatial,mean,hash_stability,mad,0.363,0.037
0.43519938105263156,0.4931059578947368,0.04101365989427886,0.0,0.0176,0.0,0.05,0.41014036928241715,0.4899013428451532,0.0036,0.0108,0.5898596307175829,-1,0.0108,0.0,0.0013473684210526316,0.0,0.0,0.0,64,0.05006408202499199,blended_a05,0.05,mhash,64,spatial,median,bit_llr,mad,0.171,0.057
0.44359746526315785,0.4857899663157894,0.0470142528258244,0.0,0.0,0.0,0.05,0.43481321863197653,0.5309687368862778,0.0,0.0,0.5651867813680235,-1,0.0,0.5076,0.3217684210526316,0.07666284057270585,0.5076,0.13320736891828058,16553,0.03680449666636769,blended_a05,0.05,mhash,64,spatial,median,bit_em,mad,0.171,0.293
0.43268501894736844,0.49668352421052625,0.043526179587158126,0.0068,0.0408,0.0068,0.05,0.3870019723038187,0.48004926563155687,0.0,0.0,0.6129980276961813,-1,0.0308,0.0,4.210526315789474e-05,0.0,0.0,0.0,2,0.0500020000800032,blended_a05,0.05,mhash,64,spatial,median,hamming_knn,mad,0.171,0.443
0.5134668715789473,0.1853438568421053,0.05723452666308774,0.0,0.0,0.0,0.05,0.41016915652538816,0.41016915652538816,0.0,0.0,0.5898308434746118,-1,0.0,0.016,0.15957894736842104,0.005249343832020997,0.016,0.007905138339920948,7620,0.05804624823029731,blended_a05,0.05,mhash,64,spatial,median,hamming_ball,mad,0.171,0.439
0.4303085389473684,0.4799818989473685,0.045307483511852764,0.0,0.0428,0.0,0.05,0.3971284095677717,0.4769501888375997,0.0,0.0,0.6028715904322284,-1,0.0064,0.134,0.1027578947368421,0.06422546012269939,0.134,0.08683255572835666,5216,0.048343158270811,blended_a05,0.05,mhash,64,spatial,median,block_collision,mad,0.171,0.158
0.46926688000000005,0.4792566778947368,0.04517007330371644,0.004,0.0444,0.004,0.05,0.4447810742761225,0.47693151489718844,0.008,0.008,0.5552189257238775,-1,0.0112,0.0,0.0003368421052631579,0.0,0.0,0.0,16,0.05001600512163892,blended_a05,0.05,mhash,64,spatial,median,hash_spectral,mad,0.171,0.046
0.4013943789473684,0.5205631368421052,0.03991004872763326,0.0016,0.0204,0.0016,0.05,0.3991830046160302,0.5092093579521612,0.0048,0.0056,0.6008169953839698,-1,0.0124,0.0,0.002168421052631579,0.0,0.0,0.0,103,0.05010321261799307,blended_a05,0.05,mhash,64,spatial,median,hash_stability,mad,0.171,0.028
0.3692896505263158,0.5354925684210528,0.036039469172970476,0.0,0.0008,0.0008,0.05,0.34710415442719267,0.5407947964750315,0.006,0.0244,0.6528958455728073,-1,0.0244,0.0,0.0014736842105263158,0.0,0.0,0.0,70,0.05007009813739235,blended_a05,0.05,ahash_rgb,192,spatial,mean,bit_llr,mad,0.382,0.082
0.6692602652631578,0.6575950442105263,0.17238897035417342,0.0,0.438,0.0,0.05,0.4558788501888376,0.462543684431389,0.0,0.0,0.5441211498111624,-1,0.0,0.4516,0.39450526315789475,0.056825045298973226,0.4516,0.10094778254649499,19868,0.04549980087614496,blended_a05,0.05,ahash_rgb,192,spatial,mean,bit_em,mad,0.382,0.654
0.41872496000000003,0.49645704,0.041687670299389974,0.0096,0.0464,0.008,0.05,0.3678469576164498,0.48011611414183814,0.002,0.002,0.6321530423835502,-1,0.02,0.0,0.0,0.0,0.0,0.0,0,0.05,blended_a05,0.05,ahash_rgb,192,spatial,mean,hamming_knn,mad,0.382,0.464
0.5204773431578947,0.19978063578947372,0.06000219315502247,0.0,0.0,0.0,0.05,0.4253233738984473,0.4253233738984473,0.002,0.002,0.5746766261015527,-1,0.002,0.016,0.16816842105263158,0.004982561036372696,0.016,0.007598784194528876,8028,0.058610502239588295,blended_a05,0.05,ahash_rgb,192,spatial,mean,hamming_ball,mad,0.382,0.454
0.4613771789473684,0.4948411536842105,0.05318330337795542,0.0,0.0,0.0,0.05,0.37679928661351236,0.48140960973562735,0.0,0.0,0.6232007133864876,-1,0.0316,0.0,0.04126315789473684,0.0,0.0,0.0,1960,0.05203996669442131,blended_a05,0.05,ahash_rgb,192,spatial,mean,block_collision,mad,0.382,0.412
0.5106714442105262,0.48736790736842106,0.052110290950200325,0.012,0.0608,0.012,0.05,0.483386277801091,0.4802815358791439,0.0104,0.0104,0.516613722198909,-1,0.0104,0.0,0.0010526315789473684,0.0,0.0,0.0,50,0.05005005005005005,blended_a05,0.05,ahash_rgb,192,spatial,mean,hash_spectral,mad,0.382,0.053
0.41864369684210523,0.4932642484210526,0.04015188580487993,0.002,0.016,0.002,0.05,0.3808599244649602,0.5044087284934956,0.0064,0.0096,0.6191400755350398,-1,0.0168,0.0,0.0007368421052631579,0.0,0.0,0.0,35,0.05003502451716201,blended_a05,0.05,ahash_rgb,192,spatial,mean,hash_stability,mad,0.382,0.033
0.4224925305263158,0.4887085978947368,0.040358403445299174,0.0076,0.0292,0.0084,0.05,0.3768359630717583,0.4791863617289131,0.0004,0.0048,0.6231640369282416,-1,0.0292,0.0,2.105263157894737e-05,0.0,0.0,0.0,1,0.0500010000200004,blended_a05,0.05,dhash,64,spatial,pairwise,bit_llr,mad,0.144,0.057
0.5505717094736842,0.5577995536842104,0.06009413314591596,0.0,0.0,0.0,0.05,0.5024501888375997,0.4971179185900126,0.0,0.0,0.5024501888375997,1,0.0,0.0,0.07707368421052632,0.0,0.0,0.0,3661,0.053950236302035,blended_a05,0.05,dhash,64,spatial,pairwise,bit_em,mad,0.144,0.299
0.44104798315789473,0.4905287157894737,0.04456713812518534,0.0112,0.0384,0.0112,0.05,0.40567247167436005,0.47232060428031897,0.0036,0.0036,0.59432752832564,-1,0.0096,0.0144,0.012968421052631579,0.05521472392638037,0.0144,0.02284263959390863,652,0.049931101564399775,blended_a05,0.05,dhash,64,spatial,pairwise,hamming_knn,mad,0.144,0.45
0.4347254484210526,0.5049597768421052,0.04502675125023492,0.0116,0.0452,0.0116,0.05,0.41293814519513217,0.4552550566512799,0.0056,0.0056,0.5870618548048678,-1,0.0056,0.078,0.09412631578947368,0.04179168452636091,0.078,0.054423667317890036,4666,0.05084484051705122,blended_a05,0.05,dhash,64,spatial,pairwise,hamming_ball,mad,0.144,0.445
0.47778291368421055,0.5647269473684211,0.05748707889125527,0.0252,0.0704,0.0252,0.05,0.42523143096936633,0.4343056231640789,0.0,0.0,0.5747685690306337,-1,0.0,0.136,0.10682105263157894,0.06280014776505356,0.136,0.0859236795552186,5414,0.04844570044408559,blended_a05,0.05,dhash,64,spatial,pairwise,block_collision,mad,0.144,0.154
0.4911036631578948,0.4961871873684211,0.04841845603631649,0.01,0.0436,0.01,0.05,0.48400801510700797,0.4946916911456148,0.008,0.008,0.515991984892992,-1,0.0112,0.0012,0.001663157894736842,0.036585365853658534,0.0012,0.0023237800154918666,82,0.0500220361392684,blended_a05,0.05,dhash,64,spatial,pairwise,hash_spectral,mad,0.144,0.046
0.5188505642105263,0.51454064,0.054105987781365605,0.0096,0.0412,0.0164,0.05,0.5640542173730592,0.490409232060428,0.0148,0.0096,0.5640542173730592,1,0.0148,0.0004,0.0005052631578947368,0.04,0.0004,0.0007920792079207921,25,0.050005002501250624,blended_a05,0.05,dhash,64,spatial,pairwise,hash_stability,mad,0.144,0.027
0.4373863747368421,0.48877348631578943,0.041798342253761694,0.0048,0.0316,0.0048,0.05,0.4044461183382291,0.4786451531682753,0.0028,0.0056,0.5955538816617709,-1,0.0092,0.0,0.00031578947368421053,0.0,0.0,0.0,15,0.05001500450135041,blended_a05,0.05,dhash_v,64,spatial,pairwise,bit_llr,mad,0.137,0.057
0.45117917473684216,0.5549070736842106,0.046303769369945444,0.0,0.0,0.0,0.05,0.5135535039865715,0.46269374737725555,0.0,0.0,0.5135535039865715,1,0.0,0.0,0.029010526315789473,0.0,0.0,0.0,1378,0.05141705400847353,blended_a05,0.05,dhash_v,64,spatial,pairwise,bit_em,mad,0.137,0.297
0.38340859368421054,0.4885188210526315,0.037451877761202235,0.0004,0.0144,0.0004,0.05,0.33565543432647926,0.5018956357532521,0.0024,0.0024,0.6643445656735207,-1,0.0252,0.0,0.0034526315789473686,0.0,0.0,0.0,164,0.0501645396901838,blended_a05,0.05,dhash_v,64,spatial,pairwise,hamming_knn,mad,0.137,0.45
0.4068149473684211,0.42237234947368424,0.041051223081317346,0.0,0.0124,0.0,0.05,0.3442913554343265,0.4294422156945027,0.0052,0.0052,0.6557086445656735,-1,0.0052,0.0452,0.10789473684210527,0.021573119511263842,0.0452,0.029206513310933057,5238,0.05332648228408025,blended_a05,0.05,dhash_v,64,spatial,pairwise,hamming_ball,mad,0.137,0.445
0.4025077010526316,0.4543838694736842,0.04116599166591199,0.0,0.0404,0.0,0.05,0.35383915232899704,0.4395110365086026,0.0,0.0,0.646160847671003,-1,0.0,0.0932,0.1540421052631579,0.03086092715231788,0.0932,0.0463681592039801,7550,0.05340400471142521,blended_a05,0.05,dhash_v,64,spatial,pairwise,block_collision,mad,0.137,0.158
0.45050733052631575,0.46928038736842104,0.04212484195320707,0.0,0.0096,0.0,0.05,0.4355599664288712,0.4612865295845573,0.004,0.004,0.5644400335711288,-1,0.0176,0.0,0.0005684210526315789,0.0,0.0,0.0,27,0.05002701458787746,blended_a05,0.05,dhash_v,64,spatial,pairwise,hash_spectral,mad,0.137,0.047
0.568089612631579,0.43325567578947366,0.058892251342346075,0.0012,0.0356,0.0012,0.05,0.6078906000839278,0.4906998741082668,0.008,0.0032,0.6078906000839278,1,0.008,0.0,0.00031578947368421053,0.0,0.0,0.0,15,0.05001500450135041,blended_a05,0.05,dhash_v,64,spatial,pairwise,hash_stability,mad,0.137,0.027
0.5993007747368421,0.4913710063157895,0.08642218894986065,0.0396,0.1076,0.0276,0.05,0.6308603441040705,0.4866210239194293,0.042,0.0324,0.6308603441040705,1,0.042,0.0068,0.0009052631578947368,0.2833333333333333,0.0068,0.01328125,60,0.04971966359631558,blended_a05,0.05,dhash16,256,spatial,pairwise,bit_llr,mad,0.199,0.092
0.5957003410526316,0.5763587621052632,0.1257224810712694,0.0,0.3156,0.0,0.05,0.4625346621905162,0.4464506504406211,0.0,0.0,0.5374653378094838,-1,0.0,0.4336,0.27056842105263157,0.0777841561423651,0.4336,0.13190557313214893,13936,0.039263531499556345,blended_a05,0.05,dhash16,256,spatial,pairwise,bit_em,mad,0.199,0.913
0.4642969136842105,0.44292032,0.043620760993176896,0.0044,0.0264,0.0044,0.05,0.42773302559798565,0.41921187578682334,0.0016,0.0016,0.5722669744020144,-1,0.006,0.0132,0.029473684210526315,0.023028611304954642,0.0132,0.016781083142639208,1433,0.050795807853068954,blended_a05,0.05,dhash16,256,spatial,pairwise,hamming_knn,mad,0.199,0.48
0.4656089305263158,0.4741555578947368,0.051772649721087034,0.0116,0.0536,0.0116,0.05,0.41629110365086025,0.425403483004616,0.0024,0.0024,0.5837088963491397,-1,0.0024,0.1316,0.1413263157894737,0.04671968190854871,0.1316,0.06895828966673653,7042,0.05053773453140276,blended_a05,0.05,dhash16,256,spatial,pairwise,hamming_ball,mad,0.199,0.472
0.43328185684210524,0.4562325557894737,0.04479895227843944,0.0,0.05,0.0,0.05,0.3528387326898867,0.33702807385648337,0.0,0.0,0.6471612673101133,-1,0.0064,0.1116,0.17223157894736843,0.03297872340425532,0.1116,0.05091240875912409,8460,0.05346653827636014,blended_a05,0.05,dhash16,256,spatial,pairwise,block_collision,mad,0.199,0.715
0.4585316336842105,0.46235885473684213,0.043097060110728586,0.0028,0.0256,0.0028,0.05,0.4311749895090222,0.4469712127570289,0.002,0.002,0.5688250104909778,-1,0.0116,0.0036,0.0108,0.017241379310344827,0.0036,0.005956320317670417,522,0.050345608149076355,blended_a05,0.05,dhash16,256,spatial,pairwise,hash_spectral,mad,0.199,0.055
0.5939687200000001,0.4564148673684211,0.06270539879218569,0.004,0.0532,0.0028,0.05,0.6417397398237515,0.4595414603441041,0.0212,0.0012,0.6417397398237515,1,0.0212,0.0004,0.003094736842105263,0.006756756756756757,0.0004,0.0007552870090634441,148,0.05012838000481425,blended_a05,0.05,dhash16,256,spatial,pairwise,hash_stability,mad,0.199,0.03
0.4363841557894737,0.49186727157894733,0.04334599578590195,0.0124,0.0388,0.0116,0.05,0.3881964750314729,0.4838577423415862,0.0048,0.0096,0.6118035249685271,-1,0.014,0.0,0.00031578947368421053,0.0,0.0,0.0,15,0.05001500450135041,blended_a05,0.05,blockhash,256,spatial,median,bit_llr,mad,0.375,0.094
0.6449763957894736,0.5129777473684209,0.11991511180953994,0.0,0.0,0.0,0.05,0.5074318506084767,0.5012746118338229,0.0,0.0,0.5074318506084767,1,0.0,0.4724,0.33461052631578947,0.06916544655929723,0.4724,0.12066411238825032,17075,0.04006074411541382,blended_a05,0.05,blockhash,256,spatial,median,bit_em,mad,0.375,0.9
0.42294149894736843,0.52566872,0.042770526056980916,0.0096,0.0364,0.0096,0.05,0.3944871170793118,0.53528623583718,0.0044,0.0044,0.6055128829206882,-1,0.0324,0.002,0.001663157894736842,0.05952380952380952,0.002,0.003869969040247678,84,0.049983973074765604,blended_a05,0.05,blockhash,256,spatial,median,hamming_knn,mad,0.375,0.492
0.4440618568421053,0.4105668378947368,0.042674515263842146,0.0,0.0008,0.0,0.05,0.40347822073017203,0.48270658833403274,0.004,0.004,0.596521779269828,-1,0.004,0.05,0.14882105263157894,0.017375590770086182,0.05,0.025789147926552507,7194,0.055482876232303885,blended_a05,0.05,blockhash,256,spatial,median,hamming_ball,mad,0.375,0.467
0.463502012631579,0.44976518315789477,0.04969035992927838,0.0,0.0,0.0,0.05,0.42947759127150653,0.4869248426353337,0.0,0.024,0.5705224087284935,-1,0.024,0.0,0.017305263157894737,0.0,0.0,0.0,822,0.050835739558339095,blended_a05,0.05,blockhash,256,spatial,median,block_collision,mad,0.375,0.716
0.49438228210526314,0.4902788842105263,0.05093052794830283,0.0156,0.0624,0.0156,0.05,0.4760905581200168,0.48763852287033155,0.0044,0.0044,0.5239094418799832,-1,0.0072,0.0016,0.0013263157894736841,0.05970149253731343,0.0016,0.0031164783794312427,67,0.04998698255662588,blended_a05,0.05,blockhash,256,spatial,median,hash_spectral,mad,0.375,0.056
0.5494859621052631,0.5041493894736843,0.05986793459115058,0.0172,0.0604,0.0084,0.05,0.5756185480486781,0.5035650860260176,0.0236,0.0164,0.5756185480486781,1,0.0236,0.0012,0.001957894736842105,0.03125,0.0012,0.0023112480739599386,96,0.05003606925296569,blended_a05,0.05,blockhash,256,spatial,median,hash_stability,mad,0.375,0.029
0.42530217684210525,0.46398092210526315,0.040234072845341196,0.006,0.0272,0.0056,0.05,0.3787417121275703,0.4502845572807386,0.002,0.0068,0.6212582878724298,-1,0.01,0.0,0.0002105263157894737,0.0,0.0,0.0,10,0.05001000200040008,blended_a05,0.05,phash,64,frequency,median,bit_llr,mad,0.544,0.058
0.47699880842105263,0.4175472252631579,0.04434495843065422,0.0,0.0,0.0,0.05,0.40506130927402434,0.3902843474611834,0.0008,0.0008,0.5949386907259757,-1,0.0044,0.0,0.039578947368421054,0.0,0.0,0.0,1880,0.051953449709060684,blended_a05,0.05,phash,64,frequency,median,bit_em,mad,0.544,0.298
0.36073816000000003,0.495270012631579,0.03744552337023537,0.0024,0.0132,0.0024,0.05,0.3077164498531263,0.4793579521611414,0.0016,0.0016,0.6922835501468737,-1,0.0248,0.0024,0.008505263157894736,0.014634146341463415,0.0024,0.004123711340206186,410,0.050292397660818715,blended_a05,0.05,phash,64,frequency,median,hamming_knn,mad,0.544,0.437
0.38880198736842103,0.4273502652631579,0.03853408138186203,0.0004,0.008,0.0004,0.05,0.3087623164078892,0.43707280738564835,0.0008,0.0008,0.6912376835921108,-1,0.0212,0.0024,0.027305263157894735,0.004604758250191865,0.0024,0.003155403628714173,1303,0.05121465388011582,blended_a05,0.05,phash,64,frequency,median,hamming_ball,mad,0.544,0.435
0.4472456631578947,0.46061617263157895,0.04200883120886274,0.004,0.0184,0.004,0.05,0.4215530843474612,0.4455760805707092,0.004,0.004,0.5784469156525388,-1,0.0156,0.0012,0.002968421052631579,0.020833333333333332,0.0012,0.0022692889561270802,144,0.050084242618741975,blended_a05,0.05,phash,64,frequency,median,hash_spectral,mad,0.544,0.047
0.5708923452631579,0.37155268210526315,0.055031322188627094,0.0,0.0052,0.0,0.05,0.5757191775073436,0.5259303399076795,0.0052,0.0052,0.5757191775073436,1,0.0052,0.0,0.00728421052631579,0.0,0.0,0.0,346,0.05034841100414871,blended_a05,0.05,phash,64,frequency,median,hash_stability,mad,0.544,0.026
0.4253022105263157,0.4639808378947369,0.040234073144025655,0.006,0.0272,0.0056,0.05,0.3787417121275703,0.4502845572807386,0.002,0.0068,0.6212582878724298,-1,0.01,0.0,0.0002105263157894737,0.0,0.0,0.0,10,0.05001000200040008,blended_a05,0.05,phash_nodc,63,frequency,median,bit_llr,mad,0.547,0.06
0.4767721936842105,0.41731920842105263,0.04431490404013378,0.0,0.0,0.0,0.05,0.40506592530423835,0.39028271086865296,0.0008,0.0008,0.5949340746957616,-1,0.0044,0.0,0.039578947368421054,0.0,0.0,0.0,1880,0.051953449709060684,blended_a05,0.05,phash_nodc,63,frequency,median,bit_em,mad,0.547,0.296
0.36073816000000003,0.495270012631579,0.03744552337023537,0.0024,0.0132,0.0024,0.05,0.3077164498531263,0.4793579521611414,0.0016,0.0016,0.6922835501468737,-1,0.0248,0.0024,0.008505263157894736,0.014634146341463415,0.0024,0.004123711340206186,410,0.050292397660818715,blended_a05,0.05,phash_nodc,63,frequency,median,hamming_knn,mad,0.547,0.436
0.38880198736842103,0.4273502652631579,0.03853408138186203,0.0004,0.008,0.0004,0.05,0.3087623164078892,0.43707280738564835,0.0008,0.0008,0.6912376835921108,-1,0.0212,0.0024,0.027305263157894735,0.004604758250191865,0.0024,0.003155403628714173,1303,0.05121465388011582,blended_a05,0.05,phash_nodc,63,frequency,median,hamming_ball,mad,0.547,0.435
0.46043607578947365,0.4755977978947369,0.044224340893566305,0.0056,0.0376,0.0056,0.05,0.4357456986991187,0.4626300881242132,0.0024,0.0024,0.5642543013008813,-1,0.014,0.002,0.002505263157894737,0.04032258064516129,0.002,0.0038109756097560975,124,0.05002405966797658,blended_a05,0.05,phash_nodc,63,frequency,median,hash_spectral,mad,0.547,0.046
0.5708923452631579,0.37155268210526315,0.055031322188627094,0.0,0.0052,0.0,0.05,0.5757191775073436,0.5259303399076795,0.0052,0.0052,0.5757191775073436,1,0.0052,0.0,0.00728421052631579,0.0,0.0,0.0,346,0.05034841100414871,blended_a05,0.05,phash_nodc,63,frequency,median,hash_stability,mad,0.547,0.026
0.4240382821052632,0.47211671578947373,0.03994487507007129,0.004,0.0228,0.0024,0.05,0.3796756609315988,0.4639056231640789,0.0024,0.0064,0.6203243390684012,-1,0.008,0.0,0.0002526315789473684,0.0,0.0,0.0,12,0.05001200288069137,blended_a05,0.05,phash_mean,64,frequency,mean,bit_llr,mad,0.511,0.058
0.3545881894736842,0.5912384715789474,0.03668557305446463,0.0,0.0,0.0,0.05,0.4257472093999161,0.5603649601342846,0.0064,0.012,0.5742527906000838,-1,0.012,0.0,0.0,0.0,0.0,0.0,0,0.05,blended_a05,0.05,phash_mean,64,frequency,mean,bit_em,mad,0.511,0.297
0.3788319621052631,0.48757258947368426,0.03757204799786639,0.0016,0.0108,0.0016,0.05,0.3254057070919009,0.4862420898027696,0.002,0.002,0.674594292908099,-1,0.0296,0.0004,0.005831578947368421,0.0035971223021582736,0.0004,0.0007199424046076314,278,0.050259442500301676,blended_a05,0.05,phash_mean,64,frequency,mean,hamming_knn,mad,0.511,0.441
0.3777437894736842,0.46250294736842107,0.038356416991236285,0.0004,0.012,0.0004,0.05,0.33829769198489307,0.4564349139739824,0.0048,0.0048,0.661702308015107,-1,0.0048,0.012,0.049305263157894734,0.012647554806070826,0.012,0.012315270935960592,2372,0.05186025027294869,blended_a05,0.05,phash_mean,64,frequency,mean,hamming_ball,mad,0.511,0.445
0.5340522863157895,0.5248113894736842,0.05842167795959859,0.0184,0.0784,0.0184,0.05,0.5416727234578262,0.5324500629458666,0.0084,0.0084,0.5416727234578262,1,0.0092,0.0024,0.0013263157894736841,0.08695652173913043,0.0024,0.004671078240560529,69,0.04994892952274138,blended_a05,0.05,phash_mean,64,frequency,mean,hash_spectral,mad,0.511,0.046
0.42957361684210527,0.5222373431578948,0.04308986525086453,0.01,0.0308,0.0092,0.05,0.4423072597566093,0.49514502727654225,0.0068,0.0064,0.5576927402433907,-1,0.0068,0.0008,0.0018736842105263158,0.02197802197802198,0.0008,0.0015438054805094559,91,0.05005109298924042,blended_a05,0.05,phash_mean,64,frequency,mean,hash_stability,mad,0.511,0.028
0.52959992,0.47393898526315786,0.05647185556487175,0.0204,0.0676,0.0076,0.05,0.5324008392782208,0.4628651279899286,0.0128,0.0068,0.5324008392782208,1,0.0128,0.0,0.0002105263157894737,0.0,0.0,0.0,10,0.05001000200040008,blended_a05,0.05,phash16,256,frequency,median,bit_llr,mad,0.63,0.095
0.4531759115789474,0.4464379536842105,0.04235632730687393,0.0,0.0,0.0,0.05,0.3884588753671842,0.3785688208140998,0.0004,0.0004,0.6115411246328157,-1,0.0052,0.0,0.1258736842105263,0.0,0.0,0.0,5979,0.056791076985983964,blended_a05,0.05,phash16,256,frequency,median,bit_em,mad,0.63,0.908
0.37875156631578943,0.4452079578947369,0.03748748479834982,0.0008,0.0108,0.0008,0.05,0.30715115400755355,0.43941258917331105,0.0008,0.0008,0.6928488459924464,-1,0.0252,0.0008,0.009389473684210526,0.004464285714285714,0.0008,0.0013568521031207597,448,0.05041168873103003,blended_a05,0.05,phash16,256,frequency,median,hamming_knn,mad,0.63,0.47
0.3872506905263158,0.45377818526315794,0.038980618795348906,0.0012,0.0104,0.0012,0.05,0.31306097356273604,0.42823562736047,0.0008,0.0008,0.6869390264372639,-1,0.0116,0.002,0.012547368421052632,0.008319467554076539,0.002,0.0032247662044501773,601,0.050507095285329665,blended_a05,0.05,phash16,256,frequency,median,hamming_ball,mad,0.63,0.463
0.46369869052631574,0.46859983578947373,0.044359115844001,0.006,0.0388,0.006,0.05,0.43565060847671006,0.4558060847671003,0.0012,0.0012,0.56434939152329,-1,0.014,0.0044,0.0078105263157894735,0.028795811518324606,0.0044,0.007633587786259542,382,0.05016324720867427,blended_a05,0.05,phash16,256,frequency,median,hash_spectral,mad,0.63,0.055
0.6339202778947368,0.5016929768421052,0.07502379821894528,0.0108,0.0852,0.0024,0.05,0.690642383550147,0.5295061686949224,0.0464,0.0052,0.690642383550147,1,0.0464,0.0004,0.0018105263157894736,0.011494252873563218,0.0004,0.0007730962504831851,87,0.050067116783202775,blended_a05,0.05,phash16,256,frequency,median,hash_stability,mad,0.63,0.028
0.5918873010526315,0.5039818357894736,0.0750404557581495,0.0332,0.106,0.0184,0.05,0.6285094418799831,0.5026636172891313,0.042,0.018,0.6285094418799831,1,0.042,0.0004,0.00010526315789473685,0.16666666666666666,0.0004,0.0007980845969672786,6,0.04998599831979838,blended_a05,0.05,pdq,256,frequency,median,bit_llr,mad,2.29,0.093
0.4989771621052632,0.4694324589473684,0.050204593892964194,0.0,0.0,0.0,0.05,0.3936348720100713,0.4035042803189257,0.0004,0.0004,0.6063651279899287,-1,0.0092,0.1992,0.13846315789473684,0.0703886925795053,0.1992,0.10402088772845954,7075,0.04663948747815958,blended_a05,0.05,pdq,256,frequency,median,bit_em,mad,2.29,0.902
0.39990369684210525,0.46439936000000004,0.03929482248300183,0.0028,0.0144,0.0028,0.05,0.3382795635753252,0.44312337389844736,0.0008,0.0008,0.6617204364246748,-1,0.018,0.0012,0.007347368421052632,0.008522727272727272,0.0012,0.0021037868162692847,352,0.05029407025459233,blended_a05,0.05,pdq,256,frequency,median,hamming_knn,mad,2.29,0.471
0.3774519031578948,0.4205537936842106,0.03930321260379705,0.0008,0.0052,0.0008,0.05,0.3508107427612253,0.4597872849349559,0.0012,0.0012,0.6491892572387747,-1,0.018,0.0008,0.009810526315789474,0.004273504273504274,0.0008,0.0013477088948787063,468,0.05043204393119599,blended_a05,0.05,pdq,256,frequency,median,hamming_ball,mad,2.29,0.467
0.5215308210526316,0.5040341515789473,0.05327219412453546,0.0108,0.0504,0.0108,0.05,0.5277259756609316,0.5078780948384389,0.0104,0.0104,0.5277259756609316,1,0.0104,0.0044,0.0032842105263157896,0.0658682634730539,0.0044,0.008248968878890138,167,0.04994682238677182,blended_a05,0.05,pdq,256,frequency,median,hash_spectral,mad,2.29,0.056
0.6184932547368422,0.49450368,0.07128992976663132,0.0112,0.0772,0.0052,0.05,0.6958983214435585,0.5062504825849768,0.0288,0.0064,0.6958983214435585,1,0.0288,0.0,0.0016210526315789473,0.0,0.0,0.0,77,0.050077118762894855,blended_a05,0.05,pdq,256,frequency,median,hash_stability,mad,2.29,0.028
0.43515522947368424,0.49324804210526313,0.041011061676623,0.0,0.0176,0.0,0.05,0.41021246328157784,0.4900373898447335,0.0036,0.0108,0.5897875367184222,-1,0.0108,0.0,0.0013684210526315789,0.0,0.0,0.0,65,0.05006508460999299,blended_a05,0.05,whash_haar,64,wavelet,median,bit_llr,mad,0.624,0.058
0.4439244715789474,0.4822855368421053,0.04704160403690991,0.0,0.0,0.0,0.05,0.4350018044481745,0.5305744439781787,0.0,0.0,0.5649981955518255,-1,0.0,0.5036,0.3215157894736842,0.07615994192728813,0.5036,0.13231044085965005,16531,0.03707908811138665,blended_a05,0.05,whash_haar,64,wavelet,median,bit_em,mad,0.624,0.293
0.43279588631578947,0.49655147789473686,0.043531762305877006,0.0068,0.0408,0.0068,0.05,0.3864786403692825,0.48046088963491396,0.0,0.0,0.6135213596307175,-1,0.0308,0.0,4.210526315789474e-05,0.0,0.0,0.0,2,0.0500020000800032,blended_a05,0.05,whash_haar,64,wavelet,median,hamming_knn,mad,0.624,0.448
0.5134454315789474,0.1853228042105263,0.05723384648290811,0.0,0.0,0.0,0.05,0.409965463701217,0.409965463701217,0.0,0.0,0.590034536298783,-1,0.0,0.016,0.15957894736842104,0.005249343832020997,0.016,0.007905138339920948,7620,0.05804624823029731,blended_a05,0.05,whash_haar,64,wavelet,median,hamming_ball,mad,0.624,0.443
0.43011646315789476,0.4793778357894737,0.04528996288379146,0.0,0.0428,0.0,0.05,0.39714360050356695,0.4769104490138481,0.0,0.0,0.6028563994964331,-1,0.0064,0.134,0.1027578947368421,0.06422546012269939,0.134,0.08683255572835666,5216,0.048343158270811,blended_a05,0.05,whash_haar,64,wavelet,median,block_collision,mad,0.624,0.159
0.46884893894736845,0.47985872,0.04514697180868206,0.004,0.0444,0.004,0.05,0.4446483843894251,0.47701405791019724,0.008,0.008,0.5553516156105749,-1,0.0112,0.0,0.0003368421052631579,0.0,0.0,0.0,16,0.05001600512163892,blended_a05,0.05,whash_haar,64,wavelet,median,hash_spectral,mad,0.624,0.046
0.4013964631578947,0.5205588336842106,0.03991024462992452,0.0016,0.0204,0.0016,0.05,0.3990639530004196,0.5090044062106588,0.0048,0.0056,0.6009360469995804,-1,0.0124,0.0,0.002168421052631579,0.0,0.0,0.0,103,0.05010321261799307,blended_a05,0.05,whash_haar,64,wavelet,median,hash_stability,mad,0.624,0.028
0.4579887578947368,0.46875224,0.04288305727823925,0.0,0.008,0.0,0.05,0.4252567771716324,0.4676416701636593,0.008,0.008,0.5747432228283675,-1,0.008,0.0,0.0044631578947368425,0.0,0.0,0.0,212,0.05021290270747972,blended_a05,0.05,whash_db4,169,wavelet,median,bit_llr,mad,1.574,0.078
0.3498066610526316,0.6766692336842106,0.05105428119275664,0.0,0.0,0.0,0.05,0.4611570709190096,0.5377571128829208,0.0,0.0,0.5388429290809904,-1,0.0,0.5456,0.3426315789473684,0.0773286467486819,0.5456,0.13545856298723868,17639,0.035103983189641856,blended_a05,0.05,whash_db4,169,wavelet,median,bit_em,mad,1.574,0.598
0.4453012715789474,0.4729068126315789,0.0424557109822794,0.0,0.0252,0.0,0.05,0.4072754511120436,0.46466537977339484,0.0076,0.008,0.5927245488879564,-1,0.0156,0.0,0.0,0.0,0.0,0.0,0,0.05,blended_a05,0.05,whash_db4,169,wavelet,median,hamming_knn,mad,1.574,0.47
0.4909053221052632,0.30123808842105265,0.05300527887221981,0.0,0.0,0.0,0.05,0.44611342845153173,0.44611342845153173,0.006,0.006,0.5538865715484682,-1,0.006,0.0276,0.1259157894736842,0.01140495867768595,0.0276,0.016140350877192983,6050,0.05531285551763367,blended_a05,0.05,whash_db4,169,wavelet,median,hamming_ball,mad,1.574,0.461
0.46790901894736847,0.49178524631578957,0.044676463787848286,0.0,0.0312,0.0,0.05,0.4574727234578263,0.5067430130088124,0.0064,0.0064,0.5425272765421737,-1,0.008,0.0,0.0019157894736842106,0.0,0.0,0.0,91,0.050091165921978,blended_a05,0.05,whash_db4,169,wavelet,median,hash_spectral,mad,1.574,0.053
0.4709012757894737,0.5143327452631579,0.048799601623552145,0.0148,0.0472,0.0132,0.05,0.4512887536718422,0.5330026856903063,0.0148,0.0132,0.5487112463281578,-1,0.0148,0.0036,0.0023157894736842107,0.07563025210084033,0.0036,0.006872852233676976,119,0.04993885447364728,blended_a05,0.05,whash_db4,169,wavelet,median,hash_stability,mad,1.574,0.029
0.4253009515789473,0.4528840842105263,0.03971780348460957,0.004,0.016,0.0004,0.05,0.37868254301300885,0.43672807385648343,0.0016,0.0004,0.6213174569869911,-1,0.0084,0.0,0.0005052631578947368,0.0,0.0,0.0,24,0.05002401152553226,blended_a05,0.05,mh,64,frequency,mean,bit_llr,mad,0.959,0.058
0.5356473684210526,0.5272985557894737,0.06658418122981032,0.0,0.1268,0.0,0.05,0.450640243390684,0.4553090222408729,0.002,0.002,0.549359756609316,-1,0.01,0.0,0.02743157894736842,0.0,0.0,0.0,1303,0.05133786475552909,blended_a05,0.05,mh,64,frequency,mean,bit_em,mad,0.959,0.301
0.37034775157894734,0.48768556210526315,0.03682661922924913,0.0004,0.0068,0.0004,0.05,0.3141360889634914,0.47970260176248425,0.0008,0.0008,0.6858639110365086,-1,0.0196,0.0,0.008778947368421053,0.0,0.0,0.0,417,0.05042050702861868,blended_a05,0.05,mh,64,frequency,mean,hamming_knn,mad,0.959,0.449
0.3849014273684211,0.44254954105263156,0.03906972535466002,0.0012,0.0068,0.0012,0.05,0.32086907259756614,0.43452631137221986,0.0016,0.0016,0.6791309274024339,-1,0.0016,0.0048,0.04016842105263158,0.00625,0.0048,0.005429864253393665,1920,0.05174708818635607,blended_a05,0.05,mh,64,frequency,mean,hamming_ball,mad,0.959,0.445
0.37632383578947365,0.5913308378947368,0.046242069438278674,0.0164,0.0548,0.0164,0.05,0.3361451112043643,0.42171905161561063,0.0032,0.0032,0.6638548887956357,-1,0.0032,0.0724,0.06494736842105263,0.055419473361910596,0.0724,0.06278182448838016,3266,0.04962126075234305,blended_a05,0.05,mh,64,frequency,mean,block_collision,mad,0.959,0.151
0.45506095999999996,0.47213356210526314,0.04307158867793591,0.0016,0.0248,0.0016,0.05,0.441533277381452,0.46352664708350816,0.0032,0.0032,0.558466722618548,-1,0.0124,0.0004,0.0036,0.005813953488372093,0.0004,0.0007485029940119761,172,0.050152524684916114,blended_a05,0.05,mh,64,frequency,mean,hash_spectral,mad,0.959,0.046
0.48962368842105264,0.5128269768421053,0.048895507774271915,0.0072,0.0372,0.008,0.05,0.4783100713386487,0.4769936214855224,0.0052,0.0052,0.5216899286613512,-1,0.0052,0.0052,0.006357894736842105,0.04126984126984127,0.0052,0.009236234458259326,315,0.05005534869678978,blended_a05,0.05,mh,64,frequency,mean,hash_stability,mad,0.959,0.027
0.40518033263157893,0.4620491747368421,0.03906833684068374,0.0,0.0,0.0,0.05,0.3033496852706672,0.4569072177926983,0.0032,0.0076,0.6966503147293328,-1,0.0256,0.0,0.038442105263157896,0.0,0.0,0.0,1826,0.05189521318553576,blended_a05,0.05,colorhash,42,colour,quantisation,bit_llr,mad,2.531,0.05
0.42824682105263157,0.49370657263157897,0.04246172153764098,0.0,0.0,0.0,0.05,0.3199754930759547,0.38196365925304243,0.0,0.0,0.6800245069240454,-1,0.0092,0.242,0.4144842105263158,0.029813236091262997,0.242,0.05308647391743079,20293,0.0637896792001885,blended_a05,0.05,colorhash,42,colour,quantisation,bit_em,mad,2.531,0.238
0.41712966736842105,0.5152178484210528,0.043232877413937484,0.0,0.0,0.0164,0.05,0.3825481745698699,0.5148866135123793,0.0,0.0184,0.6174518254301301,-1,0.0184,0.0164,0.008757894736842105,0.08971553610503283,0.0164,0.027730808251606356,457,0.049633651575399146,blended_a05,0.05,colorhash,42,colour,quantisation,hamming_knn,mad,2.531,0.343
0.42148269894736845,0.44909142315789474,0.043302803812101956,0.0,0.0,0.0,0.05,0.3720503566932438,0.3945096097356273,0.0,0.0,0.6279496433067562,-1,0.0,0.2148,0.27357894736842103,0.03968371268105232,0.2148,0.06699101796407185,13532,0.05382801360096523,blended_a05,0.05,colorhash,42,colour,quantisation,hamming_ball,mad,2.531,0.322
0.4542689389473684,0.4648036631578948,0.04354012055977437,0.0,0.0,0.0,0.05,0.46835388166177083,0.4501827108686529,0.0016,0.0088,0.5316461183382292,-1,0.0088,0.0,0.008021052631578948,0.0,0.0,0.0,381,0.050383925512404525,blended_a05,0.05,colorhash,42,colour,quantisation,hash_spectral,mad,2.531,0.041
0.5977277515789473,0.5238511663157894,0.06852593394566342,0.0088,0.0372,0.0088,0.05,0.5901456986991188,0.5463950902224087,0.0088,0.0088,0.5901456986991188,1,0.0088,0.0036,0.0008631578947368422,0.18,0.0036,0.007058823529411765,50,0.04986986986986987,blended_a05,0.05,colorhash,42,colour,quantisation,hash_stability,mad,2.531,0.024
0.5987615747368422,0.5203625263157894,0.07863504634484969,0.04,0.1112,0.0208,0.05,0.6411564834242551,0.5280426772975242,0.064,0.0236,0.6411564834242551,1,0.064,0.0012,0.00023157894736842104,0.21428571428571427,0.0012,0.002386634844868735,14,0.04995398711639259,blended_a05,0.05,rhash8,64,residual,zero,bit_llr,mad,0.514,0.06
0.503573865263158,0.4990528884210526,0.056034118984285626,0.0,0.0784,0.0,0.05,0.45228266890474195,0.4342668065463701,0.002,0.002,0.5477173310952581,-1,0.0072,0.1952,0.09997894736842106,0.09318312010693144,0.1952,0.1261470854336306,5237,0.04494783638272681,blended_a05,0.05,rhash8,64,residual,zero,bit_em,mad,0.514,0.299
0.48642224421052627,0.45012624421052627,0.047824125941445,0.0056,0.0404,0.0056,0.05,0.47566919848929917,0.456358581619807,0.004,0.004,0.5243308015107009,-1,0.0096,0.0028,0.005347368421052632,0.02681992337164751,0.0028,0.0050706265845708075,261,0.05012163493435735,blended_a05,0.05,rhash8,64,residual,zero,hamming_knn,mad,0.514,0.454
0.5209898694736842,0.5182281642105263,0.058220564307202814,0.0148,0.0708,0.0148,0.05,0.4811151489718841,0.472237935375577,0.0072,0.0072,0.5188848510281159,-1,0.0072,0.0356,0.020357894736842106,0.08428030303030302,0.0356,0.050056242969628795,1056,0.04926037920889179,blended_a05,0.05,rhash8,64,residual,zero,hamming_ball,mad,0.514,0.45
0.5898728715789473,0.4290880378947368,0.06056585065430581,0.0092,0.0596,0.0092,0.05,0.43935812001678554,0.44547465379773393,0.0024,0.0024,0.5606418799832145,-1,0.0024,0.0132,0.018947368421052633,0.03536977491961415,0.0132,0.019225167491989513,933,0.050278191044897794,blended_a05,0.05,rhash8,64,residual,zero,block_collision,mad,0.514,0.151
0.4627854147368421,0.47553139789473686,0.04481825843536282,0.0084,0.0372,0.0084,0.05,0.4405591271506505,0.45885044062106584,0.004,0.004,0.5594408728493495,-1,0.0104,0.0072,0.008505263157894736,0.04265402843601896,0.0072,0.012320328542094456,422,0.0500625277340756,blended_a05,0.05,rhash8,64,residual,zero,hash_spectral,mad,0.514,0.045
0.6095062315789473,0.4320309263157895,0.065144474114204,0.0088,0.0408,0.0044,0.05,0.6668816198069659,0.4861253462022661,0.018,0.0088,0.6668816198069659,1,0.018,0.0008,0.0015368421052631579,0.02666666666666667,0.0008,0.0015533980582524273,75,0.050035052578868304,blended_a05,0.05,rhash8,64,residual,zero,hash_stability,mad,0.514,0.028
0.7984075915789474,0.6678907115789472,0.29631706153095594,0.2004,0.3484,0.1548,0.05,0.8896273604699959,0.718306840117499,0.4496,0.2648,0.8896273604699959,1,0.4496,0.078,0.001494736842105263,0.7330827067669173,0.078,0.14099783080260303,266,0.046346563718985,blended_a05,0.05,rhash16,256,residual,zero,bit_llr,mad,0.593,0.093
0.9342631284210526,0.9200505305263158,0.8252420704155624,0.762,0.828,0.762,0.05,0.9395180864456567,0.9083438522870332,0.5896,0.5896,0.9395180864456567,1,0.5896,0.8872,0.12882105263157895,0.2660429411059134,0.8872,0.40933837777982834,8337,0.006768595636416005,blended_a05,0.05,rhash16,256,residual,zero,bit_em,mad,0.593,0.893
0.6082012421052632,0.5572443284210528,0.11465342290538544,0.0932,0.184,0.0932,0.05,0.6390740663029795,0.5773918170373479,0.144,0.144,0.6390740663029795,1,0.144,0.1008,0.011810526315789474,0.30996309963099633,0.1008,0.15212798068216118,813,0.04570313294163092,blended_a05,0.05,rhash16,256,residual,zero,hamming_knn,mad,0.593,0.473
0.6091944294736843,0.5823791326315789,0.20033899408903721,0.1588,0.242,0.1588,0.05,0.6313427612253462,0.6109675199328578,0.1832,0.1832,0.6313427612253462,1,0.1832,0.1992,0.02793684210526316,0.27287671232876715,0.1992,0.23028901734104046,1825,0.04155682407887909,blended_a05,0.05,rhash16,256,residual,zero,hamming_ball,mad,0.593,0.482
0.4914783326315789,0.5996998821052631,0.08591726552377653,0.0716,0.1528,0.0716,0.05,0.4844949643306756,0.528552790600084,0.0944,0.0944,0.5155050356693244,-1,0.0944,0.1952,0.08086315789473685,0.11272811272811273,0.1952,0.14291990042465955,4329,0.04405421383372381,blended_a05,0.05,rhash16,256,residual,zero,block_collision,mad,0.593,0.71
0.43435325473684216,0.45874519157894733,0.04101142366934564,0.0048,0.0264,0.0048,0.05,0.401734452370961,0.43926642887117084,0.0048,0.0048,0.598265547629039,-1,0.0204,0.0076,0.017031578947368422,0.022946859903381644,0.0076,0.01141826923076923,828,0.05045554380541772,blended_a05,0.05,rhash16,256,residual,zero,hash_spectral,mad,0.593,0.056
0.6175256042105263,0.47064591999999994,0.06837699089909978,0.0156,0.066,0.01,0.05,0.6734626521191776,0.4517496852706673,0.0168,0.0072,0.6734626521191776,1,0.0168,0.0056,0.005326315789473684,0.052434456928838954,0.0056,0.010119262739428984,267,0.04998693020730702,blended_a05,0.05,rhash16,256,residual,zero,hash_stability,mad,0.593,0.03
0.9612465094736843,0.9237050357894737,0.6778531390492223,0.494,0.7616,0.41,0.05,0.9970701636592532,0.978071086865296,0.9576,0.862,0.9970701636592532,1,0.9576,0.2624,0.0019789473684210528,0.8746666666666667,0.2624,0.4036923076923077,750,0.037441624365482234,blended_a05,0.05,rhash32,1024,residual,zero,bit_llr,mad,0.469,0.244
0.6594349136842106,0.5765624673684211,0.10720659736399356,0.0,0.0,0.0,0.05,0.9996966848510281,0.9995039026437262,0.9956,0.9956,0.9996966848510281,1,0.9956,0.0,0.27991578947368423,0.0,0.0,0.0,13296,0.0681124673060157,blended_a05,0.05,rhash32,1024,residual,zero,bit_em,mad,0.469,4.112
0.8173376336842105,0.7122513852631578,0.16956527340772565,0.056,0.2728,0.056,0.05,0.9219824590851868,0.7872358791439362,0.486,0.486,0.9219824590851868,1,0.486,0.2028,0.034694736842105264,0.23526682134570764,0.2028,0.21783029001074114,2155,0.04165534538614275,blended_a05,0.05,rhash32,1024,residual,zero,hamming_knn,mad,0.469,0.563
0.6348419031578948,0.3526870821052632,0.06471106489980274,0.0,0.0388,0.0,0.05,0.7514794376835922,0.7514794376835922,0.4156,0.4156,0.7514794376835922,1,0.4156,0.0844,0.07732631578947369,0.054325437693099894,0.0844,0.06610275689223058,3884,0.04963570127504554,blended_a05,0.05,rhash32,1024,residual,zero,hamming_ball,mad,0.469,0.555
0.6556790315789474,0.7271999831578947,0.4345300523121172,0.3704,0.4172,0.3704,0.05,0.6638635333613094,0.7454187998321443,0.3592,0.3592,0.6638635333613094,1,0.3592,0.3912,0.0244,0.4576509124941507,0.3912,0.4218244554668967,2137,0.031799093245304305,blended_a05,0.05,rhash32,1024,residual,zero,block_collision,mad,0.469,3.192
0.6619772421052631,0.6387793389473684,0.10499444843352625,0.0404,0.1852,0.0404,0.05,0.7503050776332355,0.6960040285354595,0.352,0.326,0.7503050776332355,1,0.352,0.1148,0.028210526315789474,0.17639827904118008,0.1148,0.13908408044584444,1627,0.045748661443367165,blended_a05,0.05,rhash32,1024,residual,zero,hash_spectral,mad,0.469,0.184
0.6765652,0.4877915031578948,0.08114964844315821,0.0168,0.078,0.0044,0.05,0.7550548048678137,0.48129467058329845,0.0376,0.0044,0.7550548048678137,1,0.0376,0.0028,0.005515789473684211,0.026022304832713755,0.0028,0.005055976886962802,269,0.05012969777402425,blended_a05,0.05,rhash32,1024,residual,zero,hash_stability,mad,0.469,0.033
0.9207347284210528,0.8430759157894735,0.5258510304512553,0.3656,0.6032,0.2832,0.05,0.9854715065044062,0.917274695761645,0.846,0.6288,0.9854715065044062,1,0.846,0.1608,0.0018105263157894736,0.8237704918032787,0.1608,0.26907630522088355,488,0.042373566004201,blended_a05,0.05,rhash_rgb,768,residual,zero,bit_llr,mad,1.679,0.195
0.6928936336842105,0.6138661305263158,0.09936133611079549,0.0,0.0,0.0,0.05,0.998141334452371,0.9967242971044901,0.9768,0.9768,0.998141334452371,1,0.9768,0.0,0.2562315789473684,0.0,0.0,0.0,12171,0.06608686457479711,blended_a05,0.05,rhash_rgb,768,residual,zero,bit_em,mad,1.679,2.923
0.7285192042105263,0.5984207115789474,0.1689225956616453,0.1184,0.2564,0.1184,0.05,0.8046803189257239,0.6278323122114983,0.2332,0.2332,0.8046803189257239,1,0.2332,0.1412,0.013010526315789474,0.3635427394438723,0.1412,0.20339959665802362,971,0.04379040975749046,blended_a05,0.05,rhash_rgb,768,residual,zero,hamming_knn,mad,1.679,0.531
0.7635147284210526,0.7207312168421052,0.44851423441973715,0.3664,0.4676,0.3664,0.05,0.755081577843055,0.7298939152328996,0.298,0.298,0.755081577843055,1,0.298,0.4372,0.034652631578947365,0.3990507484483388,0.4372,0.41725520137430805,2739,0.029770846998582342,blended_a05,0.05,rhash_rgb,768,residual,zero,hamming_ball,mad,1.679,0.52
0.5847960715789474,0.5646860968421052,0.10122042129252704,0.0968,0.1648,0.0968,0.05,0.5794112882920689,0.564736760386068,0.19,0.19,0.5794112882920689,1,0.19,0.178,0.05608421052631579,0.1431328401415246,0.178,0.15867356034943841,3109,0.04382504105265403,blended_a05,0.05,rhash_rgb,768,residual,zero,block_collision,mad,1.679,2.066
0.6400547326315789,0.6770550947368421,0.1433373547114754,0.1072,0.24,0.1072,0.05,0.7132533780948385,0.7330997062526228,0.344,0.328,0.7132533780948385,1,0.344,0.1396,0.016357894736842106,0.3099467140319716,0.1396,0.19249862107004964,1126,0.04401113066251995,blended_a05,0.05,rhash_rgb,768,residual,zero,hash_spectral,mad,1.679,0.115
0.6495971578947368,0.4651752631578948,0.07259402376098233,0.0144,0.0644,0.0076,0.05,0.7233227864036929,0.44809597146454055,0.0204,0.0072,0.7233227864036929,1,0.0204,0.0052,0.006210526315789474,0.04220779220779221,0.0052,0.009259259259259259,308,0.0500482975126781,blended_a05,0.05,rhash_rgb,768,residual,zero,hash_stability,mad,1.679,0.034
0.33250891368421054,0.5020593094736843,0.03377665303025536,0.0,0.004,0.0012,0.05,0.24034662190516157,0.5142120016785565,0.0004,0.0244,0.7596533780948385,-1,0.0304,0.0,0.0006736842105263158,0.0,0.0,0.0,32,0.05003202049311559,blended_a05,0.05,rhash_energy,256,residual,mean,bit_llr,mad,0.61,0.093
0.47330082526315786,0.4350933221052632,0.06996983456963088,0.0,0.1416,0.0,0.05,0.25694154427192617,0.3085929920268569,0.0,0.0,0.7430584557280738,-1,0.0,0.2268,0.2043157894736842,0.055198598130841124,0.2268,0.08878797369245224,10272,0.048655859846959325,blended_a05,0.05,rhash_energy,256,residual,mean,bit_em,mad,0.61,0.896
0.3120318778947368,0.49605582315789476,0.03285499250600858,0.0,0.0004,0.0,0.05,0.22277750734368446,0.508990725975661,0.0004,0.0004,0.7772224926563156,-1,0.062,0.0,0.0008421052631578948,0.0,0.0,0.0,40,0.0500400320256205,blended_a05,0.05,rhash_energy,256,residual,mean,hamming_knn,mad,0.61,0.459
0.4760657852631579,0.19745739789473682,0.057662357496022075,0.0,0.0,0.0,0.05,0.34323722198908946,0.34323722198908946,0.0004,0.0004,0.6567627780109105,-1,0.0004,0.0044,0.1561263157894737,0.0014810825366904537,0.0044,0.002216178100130956,7427,0.05846428487539051,blended_a05,0.05,rhash_energy,256,residual,mean,hamming_ball,mad,0.61,0.448
0.3114227536842106,0.6904187284210526,0.041095288914553316,0.0,0.0,0.2012,0.05,0.31818942509441883,0.6562188837599664,0.0,0.0696,0.6818105749055812,-1,0.0696,0.5768,0.17214736842105263,0.14991163322590706,0.5768,0.23797343015100256,9619,0.026200440801366978,blended_a05,0.05,rhash_energy,256,residual,mean,block_collision,mad,0.61,0.708
0.48935116631578945,0.47298720842105263,0.047100046976172046,0.0052,0.0372,0.0052,0.05,0.4810072177926983,0.46602198908938314,0.006,0.006,0.5189927822073017,-1,0.0104,0.0012,0.001431578947368421,0.04225352112676056,0.0012,0.002333722287047841,71,0.05001101564221194,blended_a05,0.05,rhash_energy,256,residual,mean,hash_spectral,mad,0.61,0.056
0.4058349810526316,0.5264223326315789,0.03958538830916694,0.0036,0.0212,0.0192,0.05,0.3889775912715065,0.5308026017624843,0.0072,0.0052,0.6110224087284934,-1,0.0072,0.006,0.0028842105263157895,0.09868421052631579,0.006,0.011312217194570135,152,0.04985154870807254,blended_a05,0.05,rhash_energy,256,residual,mean,hash_stability,mad,0.61,0.032
0.7987868042105263,0.6680688547368421,0.2972982185845706,0.2,0.3476,0.1508,0.05,0.889018296265212,0.7181417540914813,0.4504,0.2648,0.889018296265212,1,0.4504,0.076,0.0015578947368421053,0.7196969696969697,0.076,0.13748191027496381,264,0.04644523081872286,blended_a05,0.05,ahash_res,256,residual,mean,bit_llr,mad,0.592,0.093
0.9344481052631579,0.9195034315789474,0.8157314614129734,0.7224,0.8248,0.7224,0.05,0.939413806126731,0.9079797314309693,0.5964,0.5964,0.939413806126731,1,0.5964,0.8864,0.1304,0.2634958382877527,0.8864,0.4062328139321723,8410,0.00682856455878817,blended_a05,0.05,ahash_res,256,residual,mean,bit_em,mad,0.592,0.903
0.6002886357894737,0.5590214105263158,0.11209976538892519,0.0908,0.1804,0.0908,0.05,0.6342027696181284,0.5758078052874528,0.1384,0.1384,0.6342027696181284,1,0.1384,0.1,0.012294736842105263,0.2997601918465228,0.1,0.14997000599880023,834,0.045763332384167923,blended_a05,0.05,ahash_res,256,residual,mean,hamming_knn,mad,0.592,0.473
0.6070986021052632,0.5809849557894737,0.19708028551189022,0.1544,0.2312,0.1544,0.05,0.6267381451951323,0.6094079311791859,0.1756,0.1756,0.6267381451951323,1,0.1756,0.1996,0.02928421052631579,0.26402116402116405,0.1996,0.2273348519362187,1890,0.04159218457701102,blended_a05,0.05,ahash_res,256,residual,mean,hamming_ball,mad,0.592,0.464
0.49283266947368415,0.6027149642105264,0.09346291343153557,0.0756,0.1628,0.0756,0.05,0.48252660511959716,0.5265679395719681,0.0944,0.0944,0.5174733948804029,-1,0.0944,0.1972,0.0780421052631579,0.11738095238095238,0.1972,0.1471641791044776,4200,0.04382096069868996,blended_a05,0.05,ahash_res,256,residual,mean,block_collision,mad,0.592,0.709
0.43627142736842106,0.46383987789473685,0.041197042679641145,0.0036,0.0248,0.0036,0.05,0.4062591691145615,0.448095467897608,0.0048,0.0048,0.5937408308854385,-1,0.0132,0.0072,0.01663157894736842,0.022277227722772276,0.0072,0.010882708585247884,808,0.05045535859489348,blended_a05,0.05,ahash_res,256,residual,mean,hash_spectral,mad,0.592,0.056
0.6194179494736842,0.4713127494736842,0.0688600433956055,0.0156,0.066,0.01,0.05,0.6699685690306336,0.45458778850188836,0.0168,0.0072,0.6699685690306336,1,0.0168,0.0056,0.004863157894736842,0.05714285714285714,0.0056,0.010200364298724954,245,0.04996482765551201,blended_a05,0.05,ahash_res,256,residual,mean,hash_stability,mad,0.592,0.03
0.3826752757894737,0.5183643915789473,0.03678678498808142,0.0,0.0008,0.0,0.05,0.37672207301720523,0.5110956777171632,0.0052,0.0148,0.6232779269827948,-1,0.0148,0.0,0.0009263157894736842,0.0,0.0,0.0,44,0.05004403875410361,blended_a02,0.05,ahash,64,spatial,mean,bit_llr,mad,0.151,0.057
0.6795327536842106,0.5350622357894738,0.15908516493896388,0.0,0.4304,0.0,0.05,0.43590503566932437,0.4633381871590433,0.0,0.0,0.5640949643306756,-1,0.0,0.43,0.3297263157894737,0.06422895381490112,0.43,0.11176378853251547,16737,0.042840393229714696,blended_a02,0.05,ahash,64,spatial,mean,bit_em,mad,0.151,0.295
0.42064357473684205,0.4910366147368421,0.04185256469808912,0.0064,0.0456,0.0052,0.05,0.3594444397817877,0.4822317247167436,0.002,0.002,0.6405555602182122,-1,0.0272,0.0,0.0,0.0,0.0,0.0,0,0.05,blended_a02,0.05,ahash,64,spatial,mean,hamming_knn,mad,0.151,0.452
0.5130326863157895,0.18784994947368422,0.059096178273604326,0.0,0.0,0.0,0.05,0.40858384389425095,0.40858384389425095,0.0016,0.0016,0.591416156105749,-1,0.0016,0.0176,0.1531157894736842,0.006013393467268006,0.0176,0.00896404196801467,7317,0.057540472787760935,blended_a02,0.05,ahash,64,spatial,mean,hamming_ball,mad,0.151,0.443
0.43295291789473683,0.48504787789473686,0.05062499883973062,0.0,0.0656,0.0,0.05,0.37643386487620656,0.47784255140579096,0.0,0.0,0.6235661351237934,-1,0.0276,0.1804,0.10665263157894737,0.081747326445532,0.1804,0.11251091430709742,5517,0.04606254074590293,blended_a02,0.05,ahash,64,spatial,mean,block_collision,mad,0.151,0.159
0.5093322442105263,0.46579757473684213,0.049947054886412344,0.0048,0.0528,0.0048,0.05,0.481355182543013,0.45553986571548466,0.0072,0.0072,0.518644817456987,-1,0.0108,0.0,0.0008842105263157895,0.0,0.0,0.0,42,0.050042035309660116,blended_a02,0.05,ahash,64,spatial,mean,hash_spectral,mad,0.151,0.046
0.4160241178947368,0.4855999621052631,0.04036600349324716,0.0012,0.012,0.0008,0.05,0.3830944187998321,0.5139624422996224,0.0072,0.0108,0.6169055812001679,-1,0.012,0.0,0.00048421052631578945,0.0,0.0,0.0,23,0.05002301058486904,blended_a02,0.05,ahash,64,spatial,mean,hash_stability,mad,0.151,0.03
0.3845125557894737,0.5488266147368421,0.03756033278885272,0.0,0.0,0.0,0.05,0.3978903902643726,0.54786437263953,0.0024,0.0072,0.6021096097356273,-1,0.0072,0.0,0.0013263157894736841,0.0,0.0,0.0,63,0.05006307948014498,blended_a02,0.05,ahash4,16,spatial,mean,bit_llr,mad,0.135,0.049
0.665201987368421,0.5992423831578948,0.1540822152488455,0.0432,0.4536,0.0,0.05,0.44026147712966845,0.4749134284515317,0.0,0.0,0.5597385228703315,-1,0.0,0.408,0.1551157894736842,0.12160228898426323,0.408,0.18736223365172666,8388,0.035566663462462754,blended_a02,0.05,ahash4,16,spatial,mean,bit_em,mad,0.135,0.149
0.45757782315789475,0.49556880421052635,0.04793869842409976,0.0,0.068,0.0004,0.05,0.3932787662610155,0.483747167436005,0.0,0.0148,0.6067212337389845,-1,0.0148,0.0,0.0,0.0,0.0,0.0,0,0.05,blended_a02,0.05,ahash4,16,spatial,mean,hamming_knn,mad,0.135,0.406
0.3916860673684211,0.42667813894736845,0.04944103205150307,0.0,0.0312,0.0,0.05,0.42293579521611413,0.4469723457826269,0.0,0.0,0.5770642047838859,-1,0.0,0.0724,0.12736842105263158,0.02904830685283261,0.0724,0.04146145916848013,6231,0.05298270465397884,blended_a02,0.05,ahash4,16,spatial,mean,hamming_ball,mad,0.135,0.409
0.45119726736842114,0.48348258105263164,0.04950778241294632,0.0276,0.0404,0.0276,0.05,0.4039260176248427,0.43501510700797313,0.0,0.0,0.5960739823751573,-1,0.0,0.1576,0.1863157894736842,0.042622241453916056,0.1576,0.06709809264305178,9244,0.05167337324565708,blended_a02,0.05,ahash4,16,spatial,mean,block_collision,mad,0.135,0.04
0.504562652631579,0.4839305221052632,0.050629282351423374,0.0,0.0652,0.0,0.05,0.4970978598405371,0.4745949643306756,0.0,0.0,0.5029021401594629,-1,0.0096,0.0,0.0022315789473684212,0.0,0.0,0.0,106,0.05010622519741853,blended_a02,0.05,ahash4,16,spatial,mean,hash_spectral,mad,0.135,0.044
0.5155033263157894,0.5283912968421053,0.05445280465962664,0.0056,0.0588,0.0056,0.05,0.40906135123793536,0.4474493495593789,0.0016,0.0016,0.5909386487620647,-1,0.0016,0.0056,0.004273684210526316,0.06451612903225806,0.0056,0.010305483989694516,217,0.04993672538818472,blended_a02,0.05,ahash4,16,spatial,mean,hash_stability,mad,0.135,0.026
0.3774402231578947,0.5027705178947368,0.036290910763585774,0.0,0.0004,0.0,0.05,0.36391561057490557,0.4930985732270248,0.0036,0.0128,0.6360843894250945,-1,0.0128,0.0,0.0006736842105263158,0.0,0.0,0.0,32,0.05003202049311559,blended_a02,0.05,ahash16,256,spatial,mean,bit_llr,mad,0.189,0.093
0.6736400294736842,0.5418282905263158,0.1704455733505116,0.0,0.4276,0.0,0.05,0.4541832563994964,0.4561324381032312,0.0,0.0,0.5458167436005036,-1,0.0,0.4444,0.39477894736842106,0.05593314202285657,0.4444,0.09936055090998525,19863,0.046089524504761586,blended_a02,0.05,ahash16,256,spatial,mean,bit_em,mad,0.189,0.895
0.39205596210526317,0.5012609178947368,0.03853738337719271,0.0048,0.0324,0.0052,0.05,0.32812685690306337,0.49642719261435164,0.0032,0.0032,0.6718731430969367,-1,0.036,0.0,0.0,0.0,0.0,0.0,0,0.05,blended_a02,0.05,ahash16,256,spatial,mean,hamming_knn,mad,0.189,0.475
0.4791353557894737,0.24110428210526316,0.054338288783396374,0.0,0.0,0.0,0.05,0.4134392782207302,0.4134392782207302,0.0028,0.0028,0.5865607217792699,-1,0.0028,0.0132,0.14023157894736843,0.00492978786973409,0.0132,0.007178594735697194,6694,0.05696670207361566,blended_a02,0.05,ahash16,256,spatial,mean,hamming_ball,mad,0.189,0.477
0.2705804589473684,0.7375378231578947,0.037504401411021904,0.0,0.0,0.2048,0.05,0.37419681074276123,0.6054174569869911,0.0,0.0356,0.6258031892572388,-1,0.0356,0.5804,0.08488421052631578,0.26463614809410907,0.5804,0.3635224852812226,5483,0.023564031718220007,blended_a02,0.05,ahash16,256,spatial,mean,block_collision,mad,0.189,0.687
0.5046409515789474,0.45976053052631577,0.048930674433877885,0.006,0.0452,0.006,0.05,0.4753937473772556,0.44479802769618126,0.0052,0.0052,0.5246062526227444,-1,0.0076,0.0,0.0006736842105263158,0.0,0.0,0.0,32,0.05003202049311559,blended_a02,0.05,ahash16,256,spatial,mean,hash_spectral,mad,0.189,0.056
0.48236087157894736,0.5258900589473684,0.04972647445085912,0.0084,0.058,0.0132,0.05,0.47079429290809904,0.520940117498951,0.0048,0.004,0.529205707091901,-1,0.0096,0.0016,0.0012631578947368421,0.0625,0.0016,0.0031201248049922,64,0.049983979493752,blended_a02,0.05,ahash16,256,spatial,mean,hash_stability,mad,0.189,0.048
0.37951795368421054,0.4928698694736842,0.03636162014965367,0.0,0.0,0.0,0.05,0.3599617289131347,0.48175954678976074,0.004,0.0076,0.6400382710868653,-1,0.0076,0.0,0.0005684210526315789,0.0,0.0,0.0,27,0.05002701458787746,blended_a02,0.05,ahash32,1024,spatial,mean,bit_llr,mad,0.359,0.24
0.36139814315789476,0.4670866905263158,0.04918947601079893,0.0,0.0,0.0,0.05,0.4161444817456987,0.5838555182543013,0.0,0.0,0.5838555182543013,-1,0.0,0.0,0.19903157894736842,0.0,0.0,0.0,9454,0.06165836334040349,blended_a02,0.05,ahash32,1024,spatial,mean,bit_em,mad,0.359,4.057
0.37685357894736843,0.50804728,0.037175420870472695,0.004,0.0256,0.0036,0.05,0.309982794796475,0.5029772975241292,0.0032,0.0036,0.6900172052035249,-1,0.0352,0.0,2.105263157894737e-05,0.0,0.0,0.0,1,0.0500010000200004,blended_a02,0.05,ahash32,1024,spatial,mean,hamming_knn,mad,0.359,0.566
0.48085802947368417,0.24303034947368424,0.05429176203450744,0.0,0.0,0.0,0.05,0.40301309274024333,0.40301309274024333,0.0036,0.0036,0.5969869072597567,-1,0.0036,0.0112,0.14505263157894738,0.004047412546978896,0.0112,0.005946060734763219,6918,0.05737895176639896,blended_a02,0.05,ahash32,1024,spatial,mean,hamming_ball,mad,0.359,0.554
0.39390339368421057,0.39112929684210523,0.0430882106966236,0.0,0.0,0.0,0.05,0.4036018464120856,0.5963981535879144,0.0,0.0156,0.5963981535879144,-1,0.0156,0.002,0.13981052631578947,0.0007523322299127295,0.002,0.0010933741526350316,6646,0.05754947640356138,blended_a02,0.05,ahash32,1024,spatial,mean,block_collision,mad,0.359,2.943
0.5029072884210526,0.46068490526315786,0.048639637882462984,0.006,0.0444,0.006,0.05,0.4720742341586235,0.44177247167436007,0.0048,0.0048,0.5279257658413765,-1,0.012,0.0,0.0005052631578947368,0.0,0.0,0.0,24,0.05002401152553226,blended_a02,0.05,ahash32,1024,spatial,mean,hash_spectral,mad,0.359,0.189
0.495895987368421,0.5123388589473684,0.0500094143981086,0.0072,0.0532,0.0084,0.05,0.4899566093159882,0.5128861099454469,0.0032,0.0036,0.5100433906840118,-1,0.0088,0.0016,0.0016210526315789473,0.04938271604938271,0.0016,0.0030995738086013174,81,0.05000100162262866,blended_a02,0.05,ahash32,1024,spatial,mean,hash_stability,mad,0.359,0.036
0.43403850105263153,0.4939526442105263,0.04092055662561406,0.0,0.0184,0.0,0.05,0.4092200587494754,0.49126328157784305,0.0036,0.0092,0.5907799412505246,-1,0.0092,0.0,0.0013684210526315789,0.0,0.0,0.0,65,0.05006508460999299,blended_a02,0.05,mhash,64,spatial,median,bit_llr,mad,0.173,0.058
0.46279370526315794,0.5113062821052632,0.05004595492720434,0.0,0.0,0.0,0.05,0.43477650020981956,0.531039068401175,0.0,0.0,0.5652234997901804,-1,0.0,0.5088,0.3217894736842105,0.07682551186809204,0.5088,0.13349425407986568,16557,0.036719193852226176,blended_a02,0.05,mhash,64,spatial,median,bit_em,mad,0.173,0.294
0.43358231999999997,0.4965727831578947,0.04360117951191357,0.0072,0.0416,0.0072,0.05,0.3879060428031893,0.4800559798573226,0.0,0.0,0.6120939571968107,-1,0.0328,0.0,4.210526315789474e-05,0.0,0.0,0.0,2,0.0500020000800032,blended_a02,0.05,mhash,64,spatial,median,hamming_knn,mad,0.173,0.444
0.5132236084210526,0.18435793263157887,0.057201015720089905,0.0,0.0,0.0,0.05,0.4103569450272765,0.4103569450272765,0.0,0.0,0.5896430549727235,-1,0.0,0.0164,0.1595578947368421,0.005380577427821522,0.0164,0.008102766798418972,7620,0.05802265219443133,blended_a02,0.05,mhash,64,spatial,median,hamming_ball,mad,0.173,0.44
0.4300584589473684,0.4790680505263158,0.04532069112575887,0.0,0.0436,0.0,0.05,0.3967903902643726,0.4773072177926983,0.0,0.0,0.6032096097356274,-1,0.0068,0.1344,0.1027578947368421,0.06440483036227718,0.1344,0.0870804716858883,5217,0.048321907866824464,blended_a02,0.05,mhash,64,spatial,median,block_collision,mad,0.173,0.161
0.46856817263157896,0.4809377136842105,0.04514883598156884,0.004,0.0436,0.004,0.05,0.44502316407889214,0.4778992446496014,0.008,0.008,0.5549768359211078,-1,0.0124,0.0,0.0003368421052631579,0.0,0.0,0.0,16,0.05001600512163892,blended_a02,0.05,mhash,64,spatial,median,hash_spectral,mad,0.173,0.046
0.3890649642105263,0.5248139873684211,0.03898975222075849,0.0024,0.0188,0.0024,0.05,0.38713965589592947,0.5134890893831305,0.0044,0.0052,0.6128603441040705,-1,0.0144,0.0,0.002168421052631579,0.0,0.0,0.0,103,0.05010321261799307,blended_a02,0.05,mhash,64,spatial,median,hash_stability,mad,0.173,0.027
0.3678407578947368,0.5362989473684211,0.03594967677357734,0.0,0.0008,0.0012,0.05,0.34635362987830465,0.5413321443558539,0.0048,0.0264,0.6536463701216954,-1,0.0264,0.0,0.0014736842105263158,0.0,0.0,0.0,70,0.05007009813739235,blended_a02,0.05,ahash_rgb,192,spatial,mean,bit_llr,mad,0.381,0.082
0.6692953305263157,0.6559678736842105,0.17233027200540474,0.0,0.438,0.0,0.05,0.45634754511120434,0.4611460344104071,0.0,0.0,0.5436524548887957,-1,0.0,0.452,0.39463157894736844,0.056855345911949684,0.452,0.10100558659217877,19875,0.045477178423236515,blended_a02,0.05,ahash_rgb,192,spatial,mean,bit_em,mad,0.381,0.658
0.4188495452631579,0.49567501894736843,0.04166023436878238,0.0092,0.0472,0.0076,0.05,0.367810365086026,0.4794023919429291,0.002,0.002,0.632189634913974,-1,0.02,0.0,0.0,0.0,0.0,0.0,0,0.05,blended_a02,0.05,ahash_rgb,192,spatial,mean,hamming_knn,mad,0.381,0.466
0.5202617010526316,0.19983699368421054,0.06001582706915873,0.0,0.0,0.0,0.05,0.42469567771716327,0.42469567771716327,0.0016,0.0016,0.5753043222828367,-1,0.0016,0.0156,0.16812631578947368,0.00485981308411215,0.0156,0.007410926365795724,8025,0.05863013698630137,blended_a02,0.05,ahash_rgb,192,spatial,mean,hamming_ball,mad,0.381,0.453
0.4640012294736842,0.49358152421052626,0.05398888832885062,0.0,0.0,0.0,0.05,0.3761465379773395,0.48106550566512807,0.0,0.0,0.6238534620226606,-1,0.0312,0.0,0.04126315789473684,0.0,0.0,0.0,1960,0.05203996669442131,blended_a02,0.05,ahash_rgb,192,spatial,mean,block_collision,mad,0.381,0.409
0.5103730736842106,0.487075212631579,0.05198740292858927,0.0108,0.06,0.0108,0.05,0.48327834662190516,0.48098661351237937,0.0104,0.0104,0.5167216533780948,-1,0.0104,0.0,0.0010526315789473684,0.0,0.0,0.0,50,0.05005005005005005,blended_a02,0.05,ahash_rgb,192,spatial,mean,hash_spectral,mad,0.381,0.054
0.40580771368421054,0.4992984168421052,0.03914951186530652,0.0016,0.0144,0.0016,0.05,0.36822496852706676,0.5106558959295006,0.006,0.0092,0.6317750314729332,-1,0.0176,0.0,0.0007368421052631579,0.0,0.0,0.0,35,0.05003502451716201,blended_a02,0.05,ahash_rgb,192,spatial,mean,hash_stability,mad,0.381,0.033
0.4086210736842105,0.4833182694736842,0.03892261901721206,0.0052,0.022,0.0064,0.05,0.3557886697440201,0.4736907259756609,0.0004,0.0032,0.6442113302559799,-1,0.032,0.0,2.105263157894737e-05,0.0,0.0,0.0,1,0.0500010000200004,blended_a02,0.05,dhash,64,spatial,pairwise,bit_llr,mad,0.147,0.058
0.5470852421052631,0.5536808336842105,0.05940391957110537,0.0,0.0,0.0,0.05,0.5014283676038607,0.4961137221989089,0.0,0.0,0.5014283676038607,1,0.0,0.0,0.07707368421052632,0.0,0.0,0.0,3661,0.053950236302035,blended_a02,0.05,dhash,64,spatial,pairwise,bit_em,mad,0.147,0.298
0.4446850231578947,0.4983682736842105,0.045580272457460644,0.014,0.0436,0.014,0.05,0.4073450692404532,0.4773651699538397,0.004,0.004,0.5926549307595468,-1,0.0104,0.0176,0.013031578947368422,0.06636500754147813,0.0176,0.027821688270629148,663,0.04978008391268217,blended_a02,0.05,dhash,64,spatial,pairwise,hamming_knn,mad,0.147,0.449
0.43859466947368425,0.513807574736842,0.04590999404059337,0.0128,0.0516,0.0128,0.05,0.415351783466219,0.4602946705832983,0.006,0.006,0.584648216533781,-1,0.006,0.0852,0.0944842105263158,0.04530950861518826,0.0852,0.05915845021524788,4701,0.05048676571226738,blended_a02,0.05,dhash,64,spatial,pairwise,hamming_ball,mad,0.147,0.441
0.4950635410526317,0.5748961347368421,0.0635983566547787,0.0296,0.0876,0.0296,0.05,0.43856433067561895,0.44361632396139317,0.0,0.0,0.561435669324381,-1,0.0,0.1608,0.10736842105263159,0.07306434023991276,0.1608,0.10047488127968009,5502,0.04714818643534541,blended_a02,0.05,dhash,64,spatial,pairwise,block_collision,mad,0.147,0.151
0.4920580168421053,0.4992433810526316,0.048759423746365146,0.01,0.0436,0.01,0.05,0.4875638690725976,0.4994949643306756,0.0084,0.0084,0.5124361309274024,-1,0.0124,0.0008,0.001663157894736842,0.024691358024691357,0.0008,0.0015497869043006587,81,0.05004106652777499,blended_a02,0.05,dhash,64,spatial,pairwise,hash_spectral,mad,0.147,0.046
0.5063481136842106,0.5166334231578946,0.05292831420236272,0.0096,0.0404,0.0156,0.05,0.5518645824590852,0.49266441460344107,0.0152,0.0116,0.5518645824590852,1,0.0152,0.0008,0.0005052631578947368,0.07692307692307693,0.0008,0.001583531274742676,26,0.04998599271621243,blended_a02,0.05,dhash,64,spatial,pairwise,hash_stability,mad,0.147,0.027
0.4282930442105263,0.48737882947368416,0.040809801141157474,0.0036,0.0296,0.0044,0.05,0.39004930759546785,0.47785266470835075,0.0028,0.006,0.6099506924045321,-1,0.0104,0.0,0.00029473684210526316,0.0,0.0,0.0,14,0.05001400392109791,blended_a02,0.05,dhash_v,64,spatial,pairwise,bit_llr,mad,0.137,0.058
0.4488701136842106,0.5609053263157895,0.04633603684220008,0.0,0.0,0.0,0.05,0.511469953839698,0.4657628199748216,0.0,0.0,0.511469953839698,1,0.0,0.0,0.029010526315789473,0.0,0.0,0.0,1378,0.05141705400847353,blended_a02,0.05,dhash_v,64,spatial,pairwise,bit_em,mad,0.137,0.298
0.3881202357894737,0.49203520842105264,0.03785885428584152,0.0004,0.0168,0.0004,0.05,0.34011611414183796,0.50452752832564,0.0028,0.0028,0.659883885858162,-1,0.028,0.0,0.0034526315789473686,0.0,0.0,0.0,164,0.0501645396901838,blended_a02,0.05,dhash_v,64,spatial,pairwise,hamming_knn,mad,0.137,0.45
0.4103842778947368,0.4260588673684211,0.041324951287301494,0.0,0.0132,0.0,0.05,0.3480380612673101,0.43251506504406206,0.0056,0.0056,0.6519619387326899,-1,0.0056,0.0472,0.10789473684210527,0.022506198741178714,0.0472,0.030479142451246288,5243,0.05322072524968161,blended_a02,0.05,dhash_v,64,spatial,pairwise,hamming_ball,mad,0.137,0.443
0.4139539031578947,0.4423956505263158,0.041480329188943274,0.0,0.0408,0.0,0.05,0.35870704993705416,0.4427675618967688,0.0,0.0,0.6412929500629458,-1,0.0,0.0848,0.15189473684210528,0.0285444997980342,0.0848,0.04271179611161479,7427,0.053742982641580346,blended_a02,0.05,dhash_v,64,spatial,pairwise,block_collision,mad,0.137,0.157
0.45221809684210523,0.4709380336842105,0.042311844458423585,0.0,0.0104,0.0,0.05,0.43861258917331103,0.46498950902224084,0.0044,0.0044,0.561387410826689,-1,0.0144,0.0,0.0005684210526315789,0.0,0.0,0.0,27,0.05002701458787746,blended_a02,0.05,dhash_v,64,spatial,pairwise,hash_spectral,mad,0.137,0.046
0.560794732631579,0.43099080421052627,0.05763242803537165,0.0012,0.032,0.0012,0.05,0.6000391942929081,0.48875665127989926,0.0076,0.0044,0.6000391942929081,1,0.0076,0.0,0.00031578947368421053,0.0,0.0,0.0,15,0.05001500450135041,blended_a02,0.05,dhash_v,64,spatial,pairwise,hash_stability,mad,0.137,0.028
0.4671008042105263,0.4551044084210526,0.04416695911440276,0.0072,0.0304,0.0056,0.05,0.43623743180864455,0.4377967687788502,0.0028,0.0044,0.5637625681913554,-1,0.0064,0.0004,0.0009684210526315789,0.02127659574468085,0.0004,0.0007852375343541421,47,0.05002702540387965,blended_a02,0.05,dhash16,256,spatial,pairwise,bit_llr,mad,0.205,0.094
0.5843034273684211,0.6067530610526317,0.13251362253443313,0.0,0.326,0.0,0.05,0.46758401174989506,0.4578559378934116,0.0,0.0,0.5324159882501049,-1,0.0,0.442,0.27042105263157895,0.07921146953405019,0.442,0.13434650455927052,13950,0.03869625520110957,blended_a02,0.05,dhash16,256,spatial,pairwise,bit_em,mad,0.205,0.889
0.43090867368421054,0.4532162484210526,0.04136884633102635,0.0076,0.0304,0.0076,0.05,0.3749296265211918,0.42809399916072177,0.0028,0.0028,0.6250703734788082,-1,0.0108,0.0196,0.030378947368421054,0.03284182305630027,0.0196,0.024549098196392786,1492,0.050527748000329845,blended_a02,0.05,dhash16,256,spatial,pairwise,hamming_knn,mad,0.205,0.475
0.4335204,0.44928704421052634,0.050248438370524076,0.0144,0.054,0.0144,0.05,0.3844248006714226,0.4026809483843894,0.0024,0.0024,0.6155751993285774,-1,0.0024,0.114,0.1416842105263158,0.040627227369921595,0.114,0.05990541250656858,7015,0.051529603350005816,blended_a02,0.05,dhash16,256,spatial,pairwise,hamming_ball,mad,0.205,0.469
0.4429306947368421,0.4914351663157895,0.04775153965391305,0.0,0.0516,0.0,0.05,0.37291896768778854,0.3754773814519513,0.0,0.0,0.6270810323122115,-1,0.0052,0.136,0.17042105263157895,0.04030823947836396,0.136,0.06218564243255601,8435,0.05196679898953446,blended_a02,0.05,dhash16,256,spatial,pairwise,block_collision,mad,0.205,0.717
0.46896067789473683,0.4690276715789473,0.044534111821310216,0.0044,0.0296,0.0044,0.05,0.4451010490977759,0.45589651699538397,0.0032,0.0032,0.5548989509022241,-1,0.0096,0.0052,0.010652631578947368,0.025048169556840076,0.0052,0.008612123219609143,519,0.05026171661850003,blended_a02,0.05,dhash16,256,spatial,pairwise,hash_spectral,mad,0.205,0.056
0.5660975957894737,0.4565404968421053,0.05808206148550519,0.0036,0.046,0.0052,0.05,0.6135273185060848,0.45980562316407897,0.0184,0.004,0.6135273185060848,1,0.0184,0.0008,0.003094736842105263,0.013422818791946308,0.0008,0.0015100037750094375,149,0.05010932579085675,blended_a02,0.05,dhash16,256,spatial,pairwise,hash_stability,mad,0.205,0.03
0.4222697852631579,0.49274216,0.041030938296195175,0.0088,0.0292,0.0108,0.05,0.3673031472933278,0.4849346621905162,0.004,0.0092,0.6326968527066722,-1,0.018,0.0,0.00031578947368421053,0.0,0.0,0.0,15,0.05001500450135041,blended_a02,0.05,blockhash,256,spatial,median,bit_llr,mad,0.373,0.094
0.6624350315789473,0.4643192926315789,0.1220786025907604,0.0,0.0,0.0,0.05,0.5051709609735628,0.5034334872010071,0.0,0.0,0.5051709609735628,1,0.0,0.4704,0.2887789473684211,0.07896327133552676,0.4704,0.1352268153854999,14893,0.037713276554533284,blended_a02,0.05,blockhash,256,spatial,median,bit_em,mad,0.373,0.896
0.4241132126315789,0.5277354736842106,0.042989550867683975,0.0104,0.04,0.0108,0.05,0.3984744859420898,0.5361166177087705,0.0048,0.0048,0.6015255140579102,-1,0.0316,0.0016,0.0016210526315789473,0.04938271604938271,0.0016,0.0030995738086013174,81,0.05000100162262866,blended_a02,0.05,blockhash,256,spatial,median,hamming_knn,mad,0.373,0.479
0.41843112421052625,0.45706190315789474,0.041820881079396244,0.0,0.0012,0.0,0.05,0.40826957616449855,0.4735924884599244,0.0032,0.0032,0.5917304238355015,-1,0.0032,0.0628,0.15058947368421052,0.021477428180574555,0.0628,0.03200815494393476,7310,0.05488404778636683,blended_a02,0.05,blockhash,256,spatial,median,hamming_ball,mad,0.373,0.467
0.4657085894736842,0.43649988210526314,0.04979234666349679,0.0,0.0,0.0,0.05,0.4384388166177088,0.4839148132605958,0.0,0.0188,0.5615611833822912,-1,0.0188,0.0,0.017305263157894737,0.0,0.0,0.0,822,0.050835739558339095,blended_a02,0.05,blockhash,256,spatial,median,block_collision,mad,0.373,0.71
0.4962383242105263,0.4925006231578947,0.051431019714998555,0.016,0.0632,0.016,0.05,0.4791647503147293,0.48804590851867397,0.0044,0.0044,0.5208352496852706,-1,0.0104,0.0032,0.0013894736842105264,0.10810810810810811,0.0032,0.006216006216006216,74,0.049913872531346395,blended_a02,0.05,blockhash,256,spatial,median,hash_spectral,mad,0.373,0.055
0.547271865263158,0.5074309473684211,0.0598528415163261,0.0172,0.0616,0.01,0.05,0.5733788082249266,0.5067468736886278,0.024,0.0172,0.5733788082249266,1,0.024,0.0012,0.001957894736842105,0.03125,0.0012,0.0023112480739599386,96,0.05003606925296569,blended_a02,0.05,blockhash,256,spatial,median,hash_stability,mad,0.373,0.029
0.42333434105263157,0.4627929389473684,0.03992736721048507,0.0044,0.024,0.004,0.05,0.374419555182543,0.4491481745698699,0.0024,0.0064,0.625580444817457,-1,0.008,0.0,0.0002105263157894737,0.0,0.0,0.0,10,0.05001000200040008,blended_a02,0.05,phash,64,frequency,median,bit_llr,mad,0.538,0.058
0.4754811957894737,0.4148541094736842,0.044075577173947285,0.0,0.0,0.0,0.05,0.4065889215274864,0.39268237515736465,0.0008,0.0008,0.5934110784725136,-1,0.0044,0.0,0.039578947368421054,0.0,0.0,0.0,1880,0.051953449709060684,blended_a02,0.05,phash,64,frequency,median,bit_em,mad,0.538,0.299
0.3582441431578947,0.49777031578947367,0.037277772315067965,0.0028,0.0144,0.0028,0.05,0.3057751154007553,0.4807202266051196,0.002,0.002,0.6942248845992447,-1,0.006,0.0028,0.008505263157894736,0.0170316301703163,0.0028,0.0048093438680865686,411,0.05027324608280062,blended_a02,0.05,phash,64,frequency,median,hamming_knn,mad,0.538,0.43
0.3869508042105263,0.42752384,0.038429632392299365,0.0004,0.006,0.0004,0.05,0.3071803189257239,0.43644460763743176,0.0008,0.0008,0.6928196810742762,-1,0.0204,0.0024,0.027410526315789472,0.0045871559633027525,0.0024,0.0031512605042016808,1308,0.05121991292204058,blended_a02,0.05,phash,64,frequency,median,hamming_ball,mad,0.538,0.431
0.44769002947368425,0.4576486652631579,0.04199085390791374,0.004,0.0176,0.004,0.05,0.42254838438942505,0.4428898027696181,0.004,0.004,0.5774516156105749,-1,0.0152,0.0012,0.002968421052631579,0.020833333333333332,0.0012,0.0022692889561270802,144,0.050084242618741975,blended_a02,0.05,phash,64,frequency,median,hash_spectral,mad,0.538,0.046
0.5691857305263157,0.37065560000000003,0.054929537702512556,0.0,0.0052,0.0,0.05,0.5733242551405792,0.5255833403273185,0.0052,0.0056,0.5733242551405792,1,0.0052,0.0,0.00728421052631579,0.0,0.0,0.0,346,0.05034841100414871,blended_a02,0.05,phash,64,frequency,median,hash_stability,mad,0.538,0.026
0.42333434526315794,0.4627929305263158,0.03992736768064309,0.0044,0.024,0.004,0.05,0.374419555182543,0.4491481745698699,0.0024,0.0064,0.625580444817457,-1,0.008,0.0,0.0002105263157894737,0.0,0.0,0.0,10,0.05001000200040008,blended_a02,0.05,phash_nodc,63,frequency,median,bit_llr,mad,0.538,0.062
0.4752386105263158,0.41453019368421057,0.04403939824643011,0.0,0.0,0.0,0.05,0.4065934955937893,0.392754049517415,0.0008,0.0008,0.5934065044062107,-1,0.0044,0.0,0.039578947368421054,0.0,0.0,0.0,1880,0.051953449709060684,blended_a02,0.05,phash_nodc,63,frequency,median,bit_em,mad,0.538,0.298
0.3582441431578947,0.49777031578947367,0.037277772315067965,0.0028,0.0144,0.0028,0.05,0.3057751154007553,0.4807202266051196,0.002,0.002,0.6942248845992447,-1,0.006,0.0028,0.008505263157894736,0.0170316301703163,0.0028,0.0048093438680865686,411,0.05027324608280062,blended_a02,0.05,phash_nodc,63,frequency,median,hamming_knn,mad,0.538,0.436
0.3869508042105263,0.42752384,0.038429632392299365,0.0004,0.006,0.0004,0.05,0.3071803189257239,0.43644460763743176,0.0008,0.0008,0.6928196810742762,-1,0.0204,0.0024,0.027410526315789472,0.0045871559633027525,0.0024,0.0031512605042016808,1308,0.05121991292204058,blended_a02,0.05,phash_nodc,63,frequency,median,hamming_ball,mad,0.538,0.434
0.457625427368421,0.4687606357894737,0.04359935925710138,0.0048,0.0348,0.0048,0.05,0.4349202266051196,0.4558313050776332,0.002,0.002,0.5650797733948805,-1,0.0124,0.0008,0.0022315789473684212,0.018518518518518517,0.0008,0.0015337423312883436,108,0.05006814719794757,blended_a02,0.05,phash_nodc,63,frequency,median,hash_spectral,mad,0.538,0.047
0.5691857305263157,0.37065560000000003,0.054929537702512556,0.0,0.0052,0.0,0.05,0.5733242551405792,0.5255833403273185,0.0052,0.0056,0.5733242551405792,1,0.0052,0.0,0.00728421052631579,0.0,0.0,0.0,346,0.05034841100414871,blended_a02,0.05,phash_nodc,63,frequency,median,hash_stability,mad,0.538,0.027
0.4199264042105263,0.47428561684210524,0.03960529509387713,0.004,0.0208,0.0028,0.05,0.3744732270247587,0.4638259756609316,0.0016,0.0064,0.6255267729752413,-1,0.0072,0.0,0.0002526315789473684,0.0,0.0,0.0,12,0.05001200288069137,blended_a02,0.05,phash_mean,64,frequency,mean,bit_llr,mad,0.514,0.058
0.3540288378947368,0.5909306021052632,0.036632707901501464,0.0,0.0,0.0,0.05,0.42540163659253044,0.5597302140159464,0.0068,0.0116,0.5745983634074696,-1,0.0116,0.0,0.0,0.0,0.0,0.0,0,0.05,blended_a02,0.05,phash_mean,64,frequency,mean,bit_em,mad,0.514,0.302
0.37692890105263155,0.4881088336842106,0.03744302084761057,0.0016,0.0104,0.002,0.05,0.3234290390264372,0.48726051195971465,0.0024,0.0028,0.6765709609735628,-1,0.0224,0.0008,0.005831578947368421,0.007168458781362007,0.0008,0.0014393666786613889,279,0.050240341103356734,blended_a02,0.05,phash_mean,64,frequency,mean,hamming_knn,mad,0.514,0.44
0.3759378273684211,0.4632490526315789,0.038244380619380444,0.0,0.01,0.0,0.05,0.3360734788082249,0.456798825010491,0.004,0.004,0.6639265211917751,-1,0.004,0.01,0.04917894736842105,0.010588733587462939,0.01,0.010285949393128985,2361,0.05195323159596129,blended_a02,0.05,phash_mean,64,frequency,mean,hamming_ball,mad,0.514,0.436
0.5326637094736841,0.5237217010526315,0.05813457567119647,0.018,0.0804,0.018,0.05,0.5417116659672682,0.5307096516995384,0.0088,0.0088,0.5417116659672682,1,0.0088,0.0024,0.0013263157894736841,0.08695652173913043,0.0024,0.004671078240560529,69,0.04994892952274138,blended_a02,0.05,phash_mean,64,frequency,mean,hash_spectral,mad,0.514,0.046
0.4638361347368421,0.5122672884210526,0.04678092938314895,0.0104,0.04,0.01,0.05,0.433319597146454,0.48164385228703316,0.0072,0.008,0.5666804028535459,-1,0.0072,0.0024,0.0019789473684210528,0.06,0.0024,0.004615384615384616,100,0.04997995991983968,blended_a02,0.05,phash_mean,64,frequency,mean,hash_stability,mad,0.514,0.028
0.43969824421052633,0.4687945178947368,0.04171459784465867,0.0068,0.03,0.0036,0.05,0.4003110784725136,0.451133319345363,0.0028,0.0028,0.5996889215274863,-1,0.008,0.0,0.0002105263157894737,0.0,0.0,0.0,10,0.05001000200040008,blended_a02,0.05,phash16,256,frequency,median,bit_llr,mad,0.621,0.092
0.4614441810526316,0.4493651494736842,0.043148844651302136,0.0,0.0,0.0,0.05,0.40362899706252625,0.3880088124213177,0.0008,0.0008,0.5963710029374738,-1,0.0044,0.0,0.12785263157894736,0.0,0.0,0.0,6073,0.05691260500375623,blended_a02,0.05,phash16,256,frequency,median,bit_em,mad,0.621,0.9
0.36294558736842103,0.45949229473684217,0.03658685987931253,0.0012,0.012,0.0012,0.05,0.2910432228283676,0.4525845153168276,0.0008,0.0008,0.7089567771716324,-1,0.0272,0.0012,0.009431578947368421,0.0066518847006651885,0.0012,0.0020332090816672314,451,0.050394558921471676,blended_a02,0.05,phash16,256,frequency,median,hamming_knn,mad,0.621,0.484
0.37389521263157893,0.45560587368421046,0.038151387348664655,0.0008,0.0092,0.0008,0.05,0.2993072177926983,0.4310945027276542,0.0008,0.0008,0.7006927822073017,-1,0.0132,0.0016,0.012378947368421052,0.006756756756756757,0.0016,0.00258732212160414,592,0.050518134715025906,blended_a02,0.05,phash16,256,frequency,median,hamming_ball,mad,0.621,0.467
0.46328389473684206,0.46829853894736845,0.04443287097865206,0.0064,0.038,0.0064,0.05,0.4361097775912715,0.45404448174569867,0.002,0.002,0.5638902224087285,-1,0.0108,0.0044,0.007915789473684211,0.028423772609819122,0.0044,0.007620367163145133,387,0.05016830266260859,blended_a02,0.05,phash16,256,frequency,median,hash_spectral,mad,0.621,0.056
0.6336768421052631,0.5005101684210527,0.07499859489409848,0.0128,0.0816,0.0032,0.05,0.690467771716324,0.5277703734788082,0.0492,0.0064,0.690467771716324,1,0.0492,0.0004,0.0018105263157894736,0.011494252873563218,0.0004,0.0007730962504831851,87,0.050067116783202775,blended_a02,0.05,phash16,256,frequency,median,hash_stability,mad,0.621,0.028
0.4646145052631579,0.4829392631578947,0.044616704743173974,0.0052,0.038,0.0036,0.05,0.44246210658833407,0.4746936634494335,0.0052,0.004,0.5575378934116659,-1,0.0056,0.0,0.00010526315789473685,0.0,0.0,0.0,5,0.05000500050005,blended_a02,0.05,pdq,256,frequency,median,bit_llr,mad,2.285,0.093
0.5179011115789474,0.47748672421052635,0.053593104474348105,0.0,0.0036,0.0,0.05,0.4258960134284515,0.4173822912295426,0.0004,0.0004,0.5741039865715485,-1,0.0064,0.216,0.13715789473684212,0.07654145995747696,0.216,0.1130298273155416,7055,0.045639771801140996,blended_a02,0.05,pdq,256,frequency,median,bit_em,mad,2.285,0.909
0.3780871789473684,0.47479118315789476,0.037793045992745695,0.0016,0.0152,0.0016,0.05,0.3158675199328577,0.4542801091061687,0.0008,0.0008,0.6841324800671422,-1,0.02,0.0012,0.007410526315789473,0.008450704225352112,0.0012,0.0021015761821366026,355,0.05029710947728875,blended_a02,0.05,pdq,256,frequency,median,hamming_knn,mad,2.285,0.472
0.4166837347368421,0.459270252631579,0.04162671856950643,0.0052,0.0232,0.0052,0.05,0.3305029374737726,0.4126989928661351,0.002,0.002,0.6694970625262274,-1,0.022,0.008,0.013410526315789473,0.030441400304414,0.008,0.012670256572695597,657,0.050260421944348745,blended_a02,0.05,pdq,256,frequency,median,hamming_ball,mad,2.285,0.468
0.5245333557894736,0.5082197936842106,0.05378676756734684,0.0116,0.0564,0.0116,0.05,0.5320918170373479,0.5123229542593369,0.0104,0.0104,0.5320918170373479,1,0.0104,0.0048,0.003263157894736842,0.0718562874251497,0.0048,0.008998875140607425,167,0.04992675536291213,blended_a02,0.05,pdq,256,frequency,median,hash_spectral,mad,2.285,0.055
0.6186237305263157,0.4967475157894737,0.07159215769689412,0.0108,0.0788,0.0032,0.05,0.6960381871590433,0.509004699958036,0.0312,0.0048,0.6960381871590433,1,0.0312,0.0,0.0016210526315789473,0.0,0.0,0.0,77,0.050077118762894855,blended_a02,0.05,pdq,256,frequency,median,hash_stability,mad,2.285,0.029
0.43426072,0.4938679705263158,0.04093833174525591,0.0,0.018,0.0,0.05,0.40930012589173315,0.4913120436424675,0.0036,0.0092,0.5906998741082669,-1,0.0092,0.0,0.0013684210526315789,0.0,0.0,0.0,65,0.05006508460999299,blended_a02,0.05,whash_haar,64,wavelet,median,bit_llr,mad,0.621,0.057
0.4630508,0.5115833684210527,0.0500648057220417,0.0,0.0,0.0,0.05,0.4349281577843055,0.530842467477969,0.0,0.0,0.5650718422156945,-1,0.0,0.5044,0.3215157894736842,0.07627169902619005,0.5044,0.13250669889139916,16533,0.03702154361012341,blended_a02,0.05,whash_haar,64,wavelet,median,bit_em,mad,0.621,0.292
0.4336836547368421,0.4964618315789474,0.04360445003486564,0.0072,0.0416,0.0072,0.05,0.38736936634494334,0.48050297943768366,0.0,0.0,0.6126306336550567,-1,0.0328,0.0,4.210526315789474e-05,0.0,0.0,0.0,2,0.0500020000800032,blended_a02,0.05,whash_haar,64,wavelet,median,hamming_knn,mad,0.621,0.444
0.5132024126315788,0.18433704,0.05720034065127014,0.0,0.0,0.0,0.05,0.4101554343264791,0.4101554343264791,0.0,0.0,0.589844565673521,-1,0.0,0.0164,0.1595578947368421,0.005380577427821522,0.0164,0.008102766798418972,7620,0.05802265219443133,blended_a02,0.05,whash_haar,64,wavelet,median,hamming_ball,mad,0.621,0.441
0.4298948547368421,0.4785456589473684,0.04530378983140122,0.0,0.0436,0.0,0.05,0.3967912295425934,0.4773005035669325,0.0,0.0,0.6032087704574066,-1,0.0068,0.1344,0.1027578947368421,0.06440483036227718,0.1344,0.0870804716858883,5217,0.048321907866824464,blended_a02,0.05,whash_haar,64,wavelet,median,block_collision,mad,0.621,0.16
0.46840408842105263,0.4810988463157895,0.04513519594819322,0.004,0.0436,0.004,0.05,0.4448840117498951,0.477901091061687,0.008,0.008,0.5551159882501049,-1,0.0128,0.0,0.0003368421052631579,0.0,0.0,0.0,16,0.05001600512163892,blended_a02,0.05,whash_haar,64,wavelet,median,hash_spectral,mad,0.621,0.046
0.38906713684210525,0.5248103410526316,0.03898994402834892,0.0024,0.0188,0.0024,0.05,0.38702517834662187,0.5132892992026856,0.0044,0.0052,0.6129748216533781,-1,0.0144,0.0,0.002168421052631579,0.0,0.0,0.0,103,0.05010321261799307,blended_a02,0.05,whash_haar,64,wavelet,median,hash_stability,mad,0.621,0.027
0.45768317473684217,0.4695917852631579,0.04288339777695009,0.0,0.0108,0.0,0.05,0.4237512798992866,0.4687897188417961,0.008,0.0084,0.5762487201007134,-1,0.0084,0.0,0.0044631578947368425,0.0,0.0,0.0,212,0.05021290270747972,blended_a02,0.05,whash_db4,169,wavelet,median,bit_llr,mad,1.582,0.078
0.39013917052631575,0.7261096715789473,0.06452014565526108,0.0,0.0,0.0,0.05,0.4599598825010491,0.5382610574905582,0.0,0.0,0.5400401174989509,-1,0.0,0.5452,0.34225263157894736,0.07735527809307605,0.5452,0.13548707753479125,17620,0.035114268066707845,blended_a02,0.05,whash_db4,169,wavelet,median,bit_em,mad,1.582,0.6
0.4468507705263158,0.47274086315789476,0.042626927881331315,0.0,0.0264,0.0,0.05,0.40855606378514475,0.4646403692824171,0.0068,0.0072,0.5914439362148552,-1,0.0132,0.0,0.0,0.0,0.0,0.0,0,0.05,blended_a02,0.05,whash_db4,169,wavelet,median,hamming_knn,mad,1.582,0.49
0.49135395789473685,0.30168672421052634,0.05299122804733527,0.0,0.0,0.0,0.05,0.44668665547629044,0.44668665547629044,0.0064,0.0064,0.5533133445237095,-1,0.0064,0.0272,0.12583157894736843,0.011248966087675765,0.0272,0.015915740198946753,6045,0.05532931407120919,blended_a02,0.05,whash_db4,169,wavelet,median,hamming_ball,mad,1.582,0.458
0.46694646315789473,0.4923573810526316,0.044568484567390806,0.0,0.0296,0.0,0.05,0.45808271086865293,0.5083766680654637,0.0064,0.0064,0.5419172891313471,-1,0.0104,0.0,0.0019157894736842106,0.0,0.0,0.0,91,0.050091165921978,blended_a02,0.05,whash_db4,169,wavelet,median,hash_spectral,mad,1.582,0.053
0.4645264252631579,0.5174253010526316,0.04811839583304327,0.0148,0.0472,0.0148,0.05,0.44492752832563986,0.5359553923625683,0.0148,0.0148,0.5550724716743601,-1,0.0148,0.0044,0.0023157894736842107,0.09090909090909091,0.0044,0.008393742846241892,121,0.04990075983880992,blended_a02,0.05,whash_db4,169,wavelet,median,hash_stability,mad,1.582,0.03
0.41628698105263157,0.45572711157894735,0.03897762210360429,0.0016,0.0144,0.0012,0.05,0.36396798153587917,0.434944901384809,0.0008,0.0008,0.6360320184641208,-1,0.01,0.0,0.0005052631578947368,0.0,0.0,0.0,24,0.05002401152553226,blended_a02,0.05,mh,64,frequency,mean,bit_llr,mad,0.959,0.058
0.5591933263157894,0.5578206736842105,0.07721635652183306,0.0,0.1568,0.0,0.05,0.46994125052454894,0.4692653378094838,0.0024,0.0024,0.5300587494754511,-1,0.0076,0.1588,0.05025263157894737,0.14260057471264367,0.1588,0.1502649507948524,2784,0.04453998644527279,blended_a02,0.05,mh,64,frequency,mean,bit_em,mad,0.959,0.299
0.36955427368421045,0.4912386694736842,0.0368263133115273,0.0008,0.0092,0.0008,0.05,0.3129330675618968,0.48242282836760386,0.0008,0.0008,0.6870669324381031,-1,0.0288,0.0,0.008821052631578948,0.0,0.0,0.0,419,0.05042254089268067,blended_a02,0.05,mh,64,frequency,mean,hamming_knn,mad,0.959,0.446
0.3844354610526316,0.44620339789473684,0.03906994570296024,0.0012,0.0076,0.0012,0.05,0.3187894250944188,0.4390170793117919,0.0012,0.0012,0.6812105749055812,-1,0.0012,0.0052,0.0404421052631579,0.00672182006204757,0.0052,0.005863779882724403,1934,0.0517413556360005,blended_a02,0.05,mh,64,frequency,mean,hamming_ball,mad,0.959,0.444
0.3779009515789473,0.5925383789473684,0.04700606364871281,0.0156,0.062,0.0156,0.05,0.33778426353336133,0.4240109945446916,0.0032,0.0032,0.6622157364666387,-1,0.0032,0.08,0.06511578947368421,0.06073489219556635,0.08,0.06904885206283445,3293,0.04924315413107243,blended_a02,0.05,mh,64,frequency,mean,block_collision,mad,0.959,0.152
0.4552665978947369,0.4791958821052632,0.04318200120767485,0.002,0.024,0.002,0.05,0.4440325639949644,0.473247041544272,0.004,0.004,0.5559674360050356,-1,0.014,0.0,0.0035578947368421054,0.0,0.0,0.0,169,0.05016957315727158,blended_a02,0.05,mh,64,frequency,mean,hash_spectral,mad,0.959,0.046
0.48570994526315786,0.5144088252631579,0.04835394512827726,0.0068,0.0348,0.008,0.05,0.4745871170793118,0.4784639110365086,0.0056,0.006,0.5254128829206882,-1,0.0072,0.006,0.006357894736842105,0.0473186119873817,0.006,0.010649627263045794,317,0.050017108467685124,blended_a02,0.05,mh,64,frequency,mean,hash_stability,mad,0.959,0.027
0.40227737684210524,0.46572930947368424,0.039112977262946644,0.0,0.0,0.0,0.05,0.30068489299202683,0.4624646663869073,0.0028,0.006,0.6993151070079732,-1,0.0296,0.0,0.03667368421052632,0.0,0.0,0.0,1742,0.05180488209208836,blended_a02,0.05,colorhash,42,colour,quantisation,bit_llr,mad,2.507,0.07
0.4254017305263158,0.4890431410526316,0.04228259142711123,0.0,0.0,0.0,0.05,0.31899416701636596,0.38134851028115824,0.0,0.0,0.681005832983634,-1,0.0088,0.2344,0.41446315789473687,0.028905440733981158,0.2344,0.05146445351951873,20273,0.06438591179735594,blended_a02,0.05,colorhash,42,colour,quantisation,bit_em,mad,2.507,0.241
0.4315140757894737,0.5222401178947369,0.04565767245192515,0.0,0.0,0.0152,0.05,0.39890419639110364,0.5207600083927821,0.0,0.0184,0.6010958036088964,-1,0.0184,0.014,0.00871578947368421,0.0779510022271715,0.014,0.02373685995252628,449,0.04974672559585074,blended_a02,0.05,colorhash,42,colour,quantisation,hamming_knn,mad,2.507,0.334
0.4374225852631579,0.46869356631578946,0.04535287065629241,0.0,0.0,0.0,0.05,0.38708879563575327,0.4131960134284516,0.0,0.0,0.6129112043642467,-1,0.0,0.2484,0.27357894736842103,0.04560810810810811,0.2484,0.077066269545793,13616,0.051643579595426564,blended_a02,0.05,colorhash,42,colour,quantisation,hamming_ball,mad,2.507,0.333
0.45690874947368426,0.4777803536842105,0.044355168780778484,0.0,0.0,0.0,0.05,0.4707242551405791,0.4660975660931599,0.0024,0.012,0.529275744859421,-1,0.012,0.0,0.008021052631578948,0.0,0.0,0.0,381,0.050383925512404525,blended_a02,0.05,colorhash,42,colour,quantisation,hash_spectral,mad,2.507,0.042
0.5453525136842106,0.4865480378947368,0.05686541295759026,0.0076,0.0224,0.0076,0.05,0.5365790600083927,0.5113481745698699,0.0076,0.0076,0.5365790600083927,1,0.0076,0.0036,0.0008631578947368422,0.18,0.0036,0.007058823529411765,50,0.04986986986986987,blended_a02,0.05,colorhash,42,colour,quantisation,hash_stability,mad,2.507,0.025
0.4834593389473684,0.4849349431578947,0.04704971359226073,0.0084,0.0384,0.0084,0.05,0.4755585396558959,0.47485791019723034,0.0048,0.0056,0.5244414603441041,-1,0.0088,0.0004,0.0002736842105263158,0.07142857142857142,0.0004,0.0007955449482895784,14,0.04999399831952947,blended_a02,0.05,rhash8,64,residual,zero,bit_llr,mad,0.51,0.057
0.48398625263157896,0.47701280421052633,0.048087506547619174,0.0,0.0,0.0,0.05,0.44817444397817874,0.43023529164918173,0.0024,0.0024,0.5518255560218213,-1,0.0068,0.0888,0.07863157894736843,0.056103108415466264,0.0888,0.0687625832429921,3957,0.04947549030254327,blended_a02,0.05,rhash8,64,residual,zero,bit_em,mad,0.51,0.298
0.43349601263157894,0.48400202947368426,0.04320063694993313,0.0072,0.036,0.0072,0.05,0.3972260176248426,0.45388934116659674,0.0008,0.0008,0.6027739823751574,-1,0.0132,0.0028,0.006589473684210526,0.021875,0.0028,0.004964539007092199,320,0.050181159420289854,blended_a02,0.05,rhash8,64,residual,zero,hamming_knn,mad,0.51,0.45
0.43839265263157895,0.48991538526315787,0.044759492818717904,0.0036,0.0316,0.0036,0.05,0.40093214435585395,0.4411308434746118,0.0024,0.0024,0.599067855644146,-1,0.0056,0.0152,0.02056842105263158,0.0374384236453202,0.0152,0.021621621621621623,1015,0.0502602837603348,blended_a02,0.05,rhash8,64,residual,zero,hamming_ball,mad,0.51,0.444
0.5599283242105263,0.4257982652631579,0.05703217156751873,0.0112,0.0504,0.0112,0.05,0.4067614771296685,0.44404754511120437,0.002,0.002,0.5932385228703315,-1,0.002,0.0192,0.01936842105263158,0.049586776859504134,0.0192,0.02768166089965398,968,0.05000815793767335,blended_a02,0.05,rhash8,64,residual,zero,block_collision,mad,0.51,0.152
0.4689985431578947,0.4849558989473684,0.045736248337111825,0.0084,0.0384,0.0084,0.05,0.44727452790600086,0.4742576584137641,0.0052,0.0052,0.5527254720939991,-1,0.0156,0.0076,0.00831578947368421,0.04589371980676329,0.0076,0.013040494166094716,414,0.0500342838704473,blended_a02,0.05,rhash8,64,residual,zero,hash_spectral,mad,0.51,0.046
0.5889402484210526,0.5090955410526317,0.06976350718052095,0.0188,0.082,0.0192,0.05,0.6329772555602182,0.4721019723038187,0.0188,0.0068,0.6329772555602182,1,0.0188,0.0056,0.001894736842105263,0.1346153846153846,0.0056,0.010752688172043012,104,0.04982363315696649,blended_a02,0.05,rhash8,64,residual,zero,hash_stability,mad,0.51,0.027
0.6118113221052632,0.543288252631579,0.11615490004325735,0.0748,0.1588,0.0596,0.05,0.6500298783046581,0.5609352916491817,0.0924,0.0744,0.6500298783046581,1,0.0924,0.0252,0.0015789473684210526,0.45652173913043476,0.0252,0.047763457164518575,138,0.04887489470939794,blended_a02,0.05,rhash16,256,residual,zero,bit_llr,mad,0.588,0.094
0.4775171621052631,0.45123842105263157,0.0443293540326532,0.0,0.0,0.0,0.05,0.49267885018883756,0.4214944187998322,0.0,0.0,0.5073211498111625,-1,0.0,0.0,0.11023157894736842,0.0,0.0,0.0,5236,0.0558484496470378,blended_a02,0.05,rhash16,256,residual,zero,bit_em,mad,0.588,0.912
0.45071159157894736,0.48369772631578944,0.04490164540669418,0.01,0.048,0.01,0.05,0.4165671842215694,0.484639110365086,0.0144,0.0144,0.5834328157784305,-1,0.0144,0.0112,0.012273684210526315,0.04582651391162029,0.0112,0.01800064288010286,611,0.05005163092996416,blended_a02,0.05,rhash16,256,residual,zero,hamming_knn,mad,0.588,0.472
0.47274204631578953,0.49799387368421055,0.05308015469157901,0.0248,0.0704,0.0248,0.05,0.4201331095258078,0.4658861099454469,0.0152,0.0152,0.5798668904741922,-1,0.0152,0.0556,0.03250526315789474,0.0825906120023767,0.0556,0.0664594788429357,1683,0.04886478879069479,blended_a02,0.05,rhash16,256,residual,zero,hamming_ball,mad,0.588,0.462
0.40028135157894734,0.5890705094736841,0.05021669909730064,0.0156,0.078,0.0156,0.05,0.3842118338229123,0.44039626521191777,0.0036,0.0036,0.6157881661770876,-1,0.0036,0.1296,0.08898947368421052,0.07119314436387607,0.1296,0.09190185789249752,4551,0.047877841096613784,blended_a02,0.05,rhash16,256,residual,zero,block_collision,mad,0.588,0.706
0.4301597347368421,0.45858776842105264,0.0407379280449703,0.0056,0.0256,0.0056,0.05,0.3930300461603021,0.4440404532102392,0.006,0.006,0.6069699538396979,-1,0.0124,0.0096,0.016442105263157893,0.02981366459627329,0.0096,0.014523449319213313,805,0.050330318121760344,blended_a02,0.05,rhash16,256,residual,zero,hash_spectral,mad,0.588,0.056
0.5888882315789474,0.4819239789473683,0.06441569546345129,0.0152,0.0632,0.01,0.05,0.6449901804448175,0.46279882501049097,0.0164,0.0084,0.6449901804448175,1,0.0164,0.0052,0.005326315789473684,0.04887218045112782,0.0052,0.009399855386840203,266,0.050006032090722644,blended_a02,0.05,rhash16,256,residual,zero,hash_stability,mad,0.588,0.031
0.7547509178947369,0.5991470905263159,0.23822731599052432,0.1576,0.2748,0.1332,0.05,0.8377824171212758,0.6313512798992866,0.2748,0.2112,0.8377824171212758,1,0.2748,0.0784,0.0022736842105263158,0.6447368421052632,0.0784,0.1398002853067047,304,0.0463618802318094,blended_a02,0.05,rhash32,1024,residual,zero,bit_llr,mad,0.496,0.247
0.6350191031578948,0.3861612757894737,0.06786980214119519,0.0,0.0,0.0,0.05,0.9827608476710028,0.9742081829626521,0.8044,0.8044,0.9827608476710028,1,0.8044,0.0,0.27997894736842105,0.0,0.0,0.0,13299,0.06811803493092831,blended_a02,0.05,rhash32,1024,residual,zero,bit_em,mad,0.496,4.094
0.5430524968421053,0.529679292631579,0.06681800450576433,0.0276,0.1192,0.0276,0.05,0.550711540075535,0.543794250944188,0.0964,0.0964,0.550711540075535,1,0.0964,0.0896,0.035410526315789476,0.11752360965372508,0.0896,0.10167952791647752,1906,0.0473239905185678,blended_a02,0.05,rhash32,1024,residual,zero,hamming_knn,mad,0.496,0.563
0.5603074652631579,0.5458601978947367,0.14065460676469307,0.0988,0.182,0.0988,0.05,0.5306887956357533,0.5595033990767939,0.0764,0.0764,0.5306887956357533,1,0.0764,0.2256,0.09067368421052631,0.11578731266680353,0.2256,0.15303215303215303,4871,0.04289924438830907,blended_a02,0.05,rhash32,1024,residual,zero,hamming_ball,mad,0.496,0.552
0.42454514947368427,0.526461027368421,0.042534022628785514,0.0096,0.0128,0.0096,0.05,0.3988330255979857,0.5160234578262693,0.0,0.0,0.6011669744020143,-1,0.0256,0.0112,0.024336842105263157,0.02364864864864865,0.0112,0.01520086862106406,1184,0.05063913470993117,blended_a02,0.05,rhash32,1024,residual,zero,block_collision,mad,0.496,3.182
0.4355958315789473,0.42870437894736846,0.04027395196093125,0.0,0.0084,0.0,0.05,0.3998319345362988,0.3998382291229543,0.0028,0.0028,0.6001680654637012,-1,0.0104,0.002,0.02888421052631579,0.0036310820624546117,0.002,0.0025793139025019345,1377,0.051313164551755344,blended_a02,0.05,rhash32,1024,residual,zero,hash_spectral,mad,0.496,0.181
0.6452100799999999,0.49636466947368413,0.07604457953918406,0.0164,0.0856,0.0056,0.05,0.7099616030214015,0.49474234158623587,0.034,0.0048,0.7099616030214015,1,0.034,0.0024,0.005515789473684211,0.022388059701492536,0.0024,0.004335260115606936,268,0.05014879755489423,blended_a02,0.05,rhash32,1024,residual,zero,hash_stability,mad,0.496,0.033
0.7025740421052632,0.5955876168421053,0.21002272356903864,0.1472,0.2576,0.1184,0.05,0.7701019303399076,0.6284656735207721,0.238,0.1588,0.7701019303399076,1,0.238,0.0616,0.0019368421052631578,0.6260162601626016,0.0616,0.11216314639475601,246,0.047151987779876996,blended_a02,0.05,rhash_rgb,768,residual,zero,bit_llr,mad,1.644,0.197
0.6106040042105263,0.32816208421052634,0.06053146399381669,0.0,0.0,0.0,0.05,0.9233270667226184,0.8915936214855225,0.54,0.54,0.9233270667226184,1,0.54,0.0,0.21762105263157894,0.0,0.0,0.0,10337,0.06303103648236391,blended_a02,0.05,rhash_rgb,768,residual,zero,bit_em,mad,1.644,2.934
0.5073997810526316,0.4812686652631578,0.053112045364531096,0.018,0.07,0.018,0.05,0.4908587075115401,0.47326982794796474,0.0232,0.0232,0.50914129248846,-1,0.0232,0.0232,0.014021052631578948,0.08011049723756906,0.0232,0.03598014888337469,724,0.04955759396054875,blended_a02,0.05,rhash_rgb,768,residual,zero,hamming_knn,mad,1.644,0.534
0.5041407242105262,0.4996370105263157,0.061624704562364754,0.0352,0.0928,0.0352,0.05,0.4866449853126311,0.4871785564414603,0.0296,0.0296,0.5133550146873689,-1,0.0296,0.0776,0.03324210526315789,0.10941906373378454,0.0776,0.090802714720337,1773,0.047815539013415724,blended_a02,0.05,rhash_rgb,768,residual,zero,hamming_ball,mad,1.644,0.524
0.47064984,0.4786092884210526,0.0459270139137331,0.0,0.0084,0.0,0.05,0.3905139320184641,0.4348957196810743,0.006,0.006,0.6094860679815359,-1,0.006,0.0208,0.05976842105263158,0.017986855759252855,0.0208,0.019291411611945836,2891,0.051964592752977136,blended_a02,0.05,rhash_rgb,768,residual,zero,block_collision,mad,1.644,2.063
0.4294939452631579,0.4630689221052632,0.04096395227413918,0.006,0.0312,0.006,0.05,0.3968770877045741,0.4456784305497272,0.006,0.006,0.6031229122954259,-1,0.0156,0.0116,0.01848421052631579,0.03197353914002205,0.0116,0.017023774581743468,907,0.050333041370460144,blended_a02,0.05,rhash_rgb,768,residual,zero,hash_spectral,mad,1.644,0.117
0.6209457431578947,0.481286265263158,0.06912461890122681,0.0176,0.066,0.0088,0.05,0.6750997901804447,0.47029773394880403,0.0208,0.0084,0.6750997901804447,1,0.0208,0.0056,0.006168421052631579,0.04560260586319218,0.0056,0.00997506234413965,307,0.05002716680417765,blended_a02,0.05,rhash_rgb,768,residual,zero,hash_stability,mad,1.644,0.034
0.3318325557894737,0.5060015410526315,0.033759203258580145,0.0,0.0036,0.0012,0.05,0.24020478388585814,0.5215110784725137,0.0004,0.0284,0.7597952161141419,-1,0.032,0.0,0.0006736842105263158,0.0,0.0,0.0,32,0.05003202049311559,blended_a02,0.05,rhash_energy,256,residual,mean,bit_llr,mad,0.6,0.093
0.46752704,0.45055725473684216,0.06979653342575359,0.0,0.1464,0.0,0.05,0.25819609735627364,0.3121618548048678,0.0,0.0,0.7418039026437264,-1,0.0,0.2272,0.2044,0.05526904738736985,0.2272,0.08890975972450497,10277,0.04863680990861717,blended_a02,0.05,rhash_energy,256,residual,mean,bit_em,mad,0.6,0.905
0.3148533936842105,0.4986353094736842,0.0329942936385085,0.0,0.002,0.0,0.05,0.22729664288711707,0.5146917331095258,0.0016,0.0016,0.772703357112883,-1,0.0616,0.0,0.0008421052631578948,0.0,0.0,0.0,40,0.0500400320256205,blended_a02,0.05,rhash_energy,256,residual,mean,hamming_knn,mad,0.6,0.483
0.47860782736842106,0.20151693052631578,0.05738333875977718,0.0,0.0,0.0,0.05,0.34734976919848926,0.34734976919848926,0.0008,0.0008,0.6526502308015107,-1,0.0008,0.006,0.1559578947368421,0.0020207463289775023,0.006,0.003023279250226746,7423,0.05836484486929563,blended_a02,0.05,rhash_energy,256,residual,mean,hamming_ball,mad,0.6,0.452
0.33270480421052634,0.6738743199999999,0.042681206542394934,0.0,0.0,0.0,0.05,0.3245295006294587,0.6546115820394461,0.0,0.0656,0.6754704993705414,-1,0.0656,0.5684,0.17214736842105263,0.1480516774327985,0.5684,0.23491486196065464,9598,0.026706598683233503,blended_a02,0.05,rhash_energy,256,residual,mean,block_collision,mad,0.6,0.705
0.49301870315789476,0.47976693052631575,0.04812065026739687,0.0072,0.0444,0.0072,0.05,0.48533634074695764,0.4697548048678137,0.0056,0.0056,0.5146636592530424,-1,0.008,0.0012,0.0014736842105263158,0.0410958904109589,0.0012,0.002331908278274388,73,0.05001301900775132,blended_a02,0.05,rhash_energy,256,residual,mean,hash_spectral,mad,0.6,0.055
0.4073919957894737,0.5335781305263158,0.04012171978110149,0.0052,0.0276,0.0236,0.05,0.38125316827528327,0.534049349559379,0.0092,0.006,0.6187468317247167,-1,0.0092,0.0072,0.0027789473684210527,0.12,0.0072,0.013584905660377358,150,0.04978936810431294,blended_a02,0.05,rhash_energy,256,residual,mean,hash_stability,mad,0.6,0.032
0.6116909557894737,0.5416537178947368,0.11515667478125709,0.0744,0.1576,0.0572,0.05,0.649325220310533,0.5591107847251363,0.0912,0.0728,0.649325220310533,1,0.0912,0.0256,0.0017263157894736843,0.4383561643835616,0.0256,0.04837490551776266,146,0.04886267902274642,blended_a02,0.05,ahash_res,256,residual,mean,bit_llr,mad,0.594,0.092
0.49377346105263165,0.4646414063157895,0.04590379349706318,0.0,0.0,0.0,0.05,0.5007291229542594,0.42820994544691565,0.0,0.0,0.5007291229542594,1,0.0,0.0,0.11134736842105263,0.0,0.0,0.0,5289,0.055914651875377426,blended_a02,0.05,ahash_res,256,residual,mean,bit_em,mad,0.594,0.917
0.448931932631579,0.48543335578947366,0.04473496959480979,0.01,0.048,0.01,0.05,0.4118396139320185,0.4826979857322702,0.014,0.014,0.5881603860679815,-1,0.014,0.0112,0.01288421052631579,0.04375,0.0112,0.017834394904458598,640,0.05008103727714749,blended_a02,0.05,ahash_res,256,residual,mean,hamming_knn,mad,0.594,0.475
0.47177031999999997,0.4966311452631579,0.052526972712679976,0.0208,0.0724,0.0208,0.05,0.41608829206882086,0.46247750734368437,0.0128,0.0128,0.5839117079311791,-1,0.0128,0.0552,0.03370526315789474,0.07935595169637723,0.0552,0.06510969568294409,1739,0.04894221006609892,blended_a02,0.05,ahash_res,256,residual,mean,hamming_ball,mad,0.594,0.47
0.4023048673684211,0.5922330989473685,0.05164401948475901,0.0236,0.0844,0.0236,0.05,0.38299097775912716,0.44005648342425513,0.0036,0.0036,0.6170090222408728,-1,0.0036,0.13,0.08566315789473684,0.07396449704142012,0.13,0.09428488540760081,4394,0.04769109327720037,blended_a02,0.05,ahash_res,256,residual,mean,block_collision,mad,0.594,0.708
0.4287713221052632,0.45879237894736835,0.04061783413340783,0.0052,0.026,0.0052,0.05,0.3916123373898447,0.44290881242131763,0.006,0.006,0.6083876626101553,-1,0.0168,0.0092,0.016210526315789474,0.029003783102143757,0.0092,0.013969025204980261,793,0.050338366492572194,blended_a02,0.05,ahash_res,256,residual,mean,hash_spectral,mad,0.594,0.056
0.5907015789473684,0.48258024,0.06484891060483558,0.0152,0.0632,0.01,0.05,0.6414031892572387,0.4656089802769618,0.0164,0.0084,0.6414031892572387,1,0.0164,0.0052,0.004863157894736842,0.05327868852459016,0.0052,0.009475218658892129,244,0.04998392153710105,blended_a02,0.05,ahash_res,256,residual,mean,hash_stability,mad,0.594,0.03
0.38404791578947367,0.5175759957894737,0.03687886619939452,0.0,0.0,0.0,0.05,0.3784761644985313,0.5111595048258497,0.0068,0.0148,0.6215238355014687,-1,0.0148,0.0,0.0009263157894736842,0.0,0.0,0.0,44,0.05004403875410361,wanet,0.05,ahash,64,spatial,mean,bit_llr,mad,0.145,0.057
0.673346787368421,0.5782600168421053,0.1587512130946835,0.0,0.4292,0.0,0.05,0.43709173310952576,0.4632213176668065,0.0,0.0,0.5629082668904742,-1,0.0,0.428,0.3296842105263158,0.0639569635385535,0.428,0.11128445137805512,16730,0.042981665163811245,wanet,0.05,ahash,64,spatial,mean,bit_em,mad,0.145,0.292
0.41836912,0.49316410526315785,0.04164950710543121,0.0068,0.0428,0.006,0.05,0.36229282417121267,0.4835040704993705,0.0024,0.0024,0.6377071758287873,-1,0.0308,0.0,0.0,0.0,0.0,0.0,0,0.05,wanet,0.05,ahash,64,spatial,mean,hamming_knn,mad,0.145,0.449
0.5130492884210526,0.18798410947368416,0.058993789133131976,0.0,0.0,0.0,0.05,0.40876634494334874,0.40876634494334874,0.002,0.002,0.5912336550566513,-1,0.002,0.0156,0.1531157894736842,0.0053336980306345734,0.0156,0.007949449653485529,7312,0.05765086206896552,wanet,0.05,ahash,64,spatial,mean,hamming_ball,mad,0.145,0.444
0.43069436210526313,0.48581528421052633,0.05105856237572842,0.0,0.068,0.0,0.05,0.38347960553923627,0.48021368023499794,0.0,0.0,0.6165203944607638,-1,0.0256,0.1828,0.10665263157894737,0.08274488502625385,0.1828,0.11392247289043998,5523,0.04593385345234616,wanet,0.05,ahash,64,spatial,mean,block_collision,mad,0.145,0.159
0.5087654231578947,0.4650027578947369,0.049765477183849466,0.004,0.0524,0.004,0.05,0.4821377675199328,0.45627205203524973,0.0072,0.0072,0.5178622324800672,-1,0.0084,0.0,0.0008842105263157895,0.0,0.0,0.0,42,0.050042035309660116,wanet,0.05,ahash,64,spatial,mean,hash_spectral,mad,0.145,0.046
0.4124520505263157,0.48937806736842104,0.040152123269302925,0.002,0.0124,0.0016,0.05,0.37947133864876204,0.5179369282417121,0.0072,0.0108,0.620528661351238,-1,0.0144,0.0,0.00048421052631578945,0.0,0.0,0.0,23,0.05002301058486904,wanet,0.05,ahash,64,spatial,mean,hash_stability,mad,0.145,0.03
0.3854723831578947,0.5480709894736842,0.03759563128118756,0.0,0.0,0.0,0.05,0.40021229542593373,0.5498389005455309,0.004,0.0116,0.5997877045740663,-1,0.0116,0.0,0.0013263157894736841,0.0,0.0,0.0,63,0.05006307948014498,wanet,0.05,ahash4,16,spatial,mean,bit_llr,mad,0.135,0.048
0.664009907368421,0.5956493305263157,0.1523345129131703,0.04,0.45,0.0,0.05,0.44007196810742766,0.4724224506924045,0.0,0.0,0.5599280318925723,-1,0.0,0.4052,0.1548842105263158,0.12102747909199522,0.4052,0.18638454461821527,8370,0.035719433101128996,wanet,0.05,ahash4,16,spatial,mean,bit_em,mad,0.135,0.148
0.4563212210526315,0.49749048,0.04839459290042342,0.0,0.068,0.0004,0.05,0.3929348720100713,0.4837940411246328,0.0,0.0132,0.6070651279899286,-1,0.0132,0.0,0.0,0.0,0.0,0.0,0,0.05,wanet,0.05,ahash4,16,spatial,mean,hamming_knn,mad,0.135,0.405
0.3915277136842105,0.42861889263157893,0.04930173700740832,0.0,0.0284,0.0,0.05,0.42410927402433907,0.4506535879143936,0.0,0.0,0.5758907259756609,-1,0.0,0.0812,0.12814736842105262,0.03227344992050874,0.0812,0.04618885096700796,6290,0.05255090368336765,wanet,0.05,ahash4,16,spatial,mean,hamming_ball,mad,0.135,0.403
0.44987305263157895,0.48787705684210525,0.049063085935704825,0.0252,0.046,0.0252,0.05,0.4023937054133445,0.4388398237515736,0.0,0.0,0.5976062945866555,-1,0.0,0.1572,0.1861263157894737,0.04256010396361273,0.1572,0.06698483040736322,9234,0.05168522788598342,wanet,0.05,ahash4,16,spatial,mean,block_collision,mad,0.135,0.041
0.5032608631578948,0.490448892631579,0.05080779325365173,0.0,0.0676,0.0,0.05,0.49499811162400337,0.4756101552664709,0.0,0.0,0.5050018883759966,-1,0.0096,0.0,0.0022315789473684212,0.0,0.0,0.0,106,0.05010622519741853,wanet,0.05,ahash4,16,spatial,mean,hash_spectral,mad,0.135,0.044
0.5124508294736843,0.5286531536842105,0.05396172155709539,0.0048,0.0588,0.0048,0.05,0.40629320184641204,0.4474702056231641,0.002,0.002,0.593706798153588,-1,0.002,0.0048,0.004273684210526316,0.05581395348837209,0.0048,0.008839779005524863,215,0.04997489203575374,wanet,0.05,ahash4,16,spatial,mean,hash_stability,mad,0.135,0.026
0.37857795368421054,0.5049838821052631,0.0363769668929398,0.0,0.0,0.0,0.05,0.3660859420898028,0.4955094838438943,0.0048,0.0128,0.6339140579101972,-1,0.0128,0.0,0.0006736842105263158,0.0,0.0,0.0,32,0.05003202049311559,wanet,0.05,ahash16,256,spatial,mean,bit_llr,mad,0.193,0.092
0.6617914357894736,0.626611852631579,0.1720890886946299,0.0,0.4244,0.0,0.05,0.45557456986991185,0.4578203105329417,0.0,0.0,0.5444254301300882,-1,0.0,0.4404,0.3948421052631579,0.055449234488315874,0.4404,0.09849704777241008,19856,0.04641056263269639,wanet,0.05,ahash16,256,spatial,mean,bit_em,mad,0.193,0.882
0.39861636631578945,0.4984982947368421,0.03909809974863858,0.0056,0.0316,0.0056,0.05,0.33735446915652545,0.49154825849769196,0.0036,0.004,0.6626455308434746,-1,0.0324,0.0,0.0,0.0,0.0,0.0,0,0.05,wanet,0.05,ahash16,256,spatial,mean,hamming_knn,mad,0.193,0.472
0.48026349052631573,0.24280789473684214,0.05423798051758974,0.0,0.0,0.0,0.05,0.4149221149811163,0.4149221149811163,0.004,0.004,0.5850778850188837,-1,0.004,0.0156,0.14029473684210525,0.005818290317768164,0.0156,0.008475497120504183,6703,0.05683996581749313,wanet,0.05,ahash16,256,spatial,mean,hamming_ball,mad,0.193,0.462
0.3126316673684211,0.7084927999999999,0.04160676908394447,0.0,0.0,0.0348,0.05,0.3802930339907679,0.594675828787243,0.0,0.0276,0.619706966009232,-1,0.0276,0.5268,0.0812421052631579,0.2544435857805255,0.5268,0.343147472642001,5176,0.026392111368909513,wanet,0.05,ahash16,256,spatial,mean,block_collision,mad,0.193,0.689
0.5063948800000001,0.4606154778947368,0.049187114964955196,0.0056,0.0456,0.0056,0.05,0.47940524548887953,0.4457033571128829,0.0052,0.0052,0.5205947545111205,-1,0.0092,0.0,0.0006736842105263158,0.0,0.0,0.0,32,0.05003202049311559,wanet,0.05,ahash16,256,spatial,mean,hash_spectral,mad,0.193,0.056
0.4762160378947369,0.5290849010526315,0.04923726462442542,0.0088,0.0612,0.0136,0.05,0.46468375996642886,0.52399311791859,0.0048,0.0044,0.5353162400335711,-1,0.0104,0.002,0.0012631578947368421,0.07692307692307693,0.002,0.003898635477582846,65,0.04996495444077301,wanet,0.05,ahash16,256,spatial,mean,hash_stability,mad,0.193,0.033
0.3795359452631579,0.49603904000000004,0.03638195976181691,0.0,0.0,0.0,0.05,0.3622629458665547,0.4857686529584557,0.0048,0.01,0.6377370541334453,-1,0.01,0.0,0.0005684210526315789,0.0,0.0,0.0,27,0.05002701458787746,wanet,0.05,ahash32,1024,spatial,mean,bit_llr,mad,0.353,0.252
0.6075005642105262,0.46631084210526313,0.09306274627143177,0.0,0.0,0.0,0.05,0.4598857742341586,0.4614352916491817,0.0,0.0,0.5401142257658413,-1,0.0,0.0,0.19903157894736842,0.0,0.0,0.0,9454,0.06165836334040349,wanet,0.05,ahash32,1024,spatial,mean,bit_em,mad,0.353,4.076
0.3878599410526316,0.5008100799999999,0.038009037235341346,0.004,0.0288,0.0036,0.05,0.3255859840537138,0.49467083508182963,0.0036,0.004,0.6744140159462861,-1,0.0288,0.0,2.105263157894737e-05,0.0,0.0,0.0,1,0.0500010000200004,wanet,0.05,ahash32,1024,spatial,mean,hamming_knn,mad,0.353,0.577
0.4823677768421053,0.24535512000000004,0.05424802657259969,0.0,0.0,0.0,0.05,0.408979311791859,0.408979311791859,0.0036,0.0036,0.591020688208141,-1,0.0036,0.0128,0.14494736842105263,0.004626283070695388,0.0128,0.006796219602845917,6917,0.05728477589768586,wanet,0.05,ahash32,1024,spatial,mean,hamming_ball,mad,0.353,0.548
0.4008432842105263,0.3786067284210527,0.04420809735724746,0.0,0.0,0.0,0.05,0.4207086865295846,0.5792913134704155,0.0,0.0092,0.5792913134704154,-1,0.0092,0.0008,0.13987368421052632,0.0003009328919650918,0.0008,0.0004373496610540127,6646,0.057618674170780086,wanet,0.05,ahash32,1024,spatial,mean,block_collision,mad,0.353,2.92
0.5066551494736842,0.4628498652631579,0.049241912864151985,0.0068,0.0452,0.0068,0.05,0.47779504825849767,0.4445249265631557,0.0052,0.0052,0.5222049517415024,-1,0.012,0.0,0.0005052631578947368,0.0,0.0,0.0,24,0.05002401152553226,wanet,0.05,ahash32,1024,spatial,mean,hash_spectral,mad,0.353,0.189
0.49003517473684205,0.5193654652631579,0.04985937044061341,0.008,0.0576,0.0096,0.05,0.47876882081409994,0.5197676877885018,0.004,0.0044,0.5212311791859001,-1,0.01,0.0016,0.0016210526315789473,0.04938271604938271,0.0016,0.0030995738086013174,81,0.05000100162262866,wanet,0.05,ahash32,1024,spatial,mean,hash_stability,mad,0.353,0.037
0.43518591157894737,0.4954862863157895,0.041033218688947465,0.0,0.0192,0.0,0.05,0.4110427192614351,0.4923906420478389,0.004,0.012,0.5889572807385649,-1,0.012,0.0,0.0013894736842105264,0.0,0.0,0.0,66,0.0500660872351504,wanet,0.05,mhash,64,spatial,median,bit_llr,mad,0.17,0.057
0.443416332631579,0.490175692631579,0.04711711738050238,0.0,0.0,0.0,0.05,0.4362026437263953,0.5307428871170793,0.0,0.0,0.5637973562736047,-1,0.0,0.516,0.32250526315789474,0.07766873381901379,0.516,0.13501491443822283,16609,0.036237309454643464,wanet,0.05,mhash,64,spatial,median,bit_em,mad,0.17,0.293
0.43736590736842107,0.4951676757894736,0.043990435675197476,0.0068,0.046,0.0072,0.05,0.3909445237096097,0.47961884179605535,0.0,0.0,0.6090554762903904,-1,0.028,0.0,4.210526315789474e-05,0.0,0.0,0.0,2,0.0500020000800032,wanet,0.05,mhash,64,spatial,median,hamming_knn,mad,0.17,0.443
0.5146862231578947,0.18639589894736844,0.057028235107302844,0.0,0.0,0.0,0.05,0.41428489299202687,0.41428489299202687,0.0,0.0,0.5857151070079731,-1,0.0,0.0168,0.1596421052631579,0.005508196721311476,0.0168,0.008296296296296296,7625,0.05800589970501475,wanet,0.05,mhash,64,spatial,median,hamming_ball,mad,0.17,0.438
0.4347571915789473,0.48312572210526317,0.04724632840625512,0.0,0.0692,0.0,0.05,0.4038259756609316,0.4734741502308015,0.0,0.0,0.5961740243390684,-1,0.008,0.1408,0.1027578947368421,0.06726543091916683,0.1408,0.09103840682788052,5233,0.04798177228762258,wanet,0.05,mhash,64,spatial,median,block_collision,mad,0.17,0.16
0.4702529894736842,0.4786554778947369,0.04528477024765205,0.0032,0.0432,0.0032,0.05,0.4450665967268149,0.4761655895929501,0.008,0.008,0.5549334032731851,-1,0.0128,0.0,0.0003368421052631579,0.0,0.0,0.0,16,0.05001600512163892,wanet,0.05,mhash,64,spatial,median,hash_spectral,mad,0.17,0.046
0.3851756547368421,0.5300397936842106,0.03877940838509039,0.0016,0.0204,0.0016,0.05,0.3835856483424254,0.5187720520352497,0.0044,0.0048,0.6164143516575746,-1,0.0148,0.0,0.002168421052631579,0.0,0.0,0.0,103,0.05010321261799307,wanet,0.05,mhash,64,spatial,median,hash_stability,mad,0.17,0.027
0.36963283789473683,0.5363105389473685,0.03607301639446703,0.0,0.0004,0.0024,0.05,0.3482268569030634,0.5409878304657995,0.008,0.026,0.6517731430969367,-1,0.026,0.0,0.0014736842105263158,0.0,0.0,0.0,70,0.05007009813739235,wanet,0.05,ahash_rgb,192,spatial,mean,bit_llr,mad,0.375,0.081
0.6805256126315791,0.5785674821052631,0.17421890358766917,0.0,0.4404,0.0,0.05,0.4591517834662191,0.4635358371800252,0.0,0.0,0.5408482165337809,-1,0.0,0.4516,0.39435789473684213,0.0568450732591511,0.4516,0.10097938374849068,19861,0.045489233219416704,wanet,0.05,ahash_rgb,192,spatial,mean,bit_em,mad,0.375,0.657
0.4212028126315789,0.4933694273684211,0.04174088922899377,0.0088,0.0464,0.008,0.05,0.37114477549307595,0.47877968946705834,0.0024,0.0024,0.6288552245069241,-1,0.018,0.0,0.0,0.0,0.0,0.0,0,0.05,wanet,0.05,ahash_rgb,192,spatial,mean,hamming_knn,mad,0.375,0.478
0.5216228505263159,0.2013775452631579,0.05980575754992538,0.0,0.0,0.0,0.05,0.4280689047419219,0.4280689047419219,0.0028,0.0028,0.5719310952580781,-1,0.0028,0.0164,0.16804210526315788,0.005110307864888446,0.0164,0.00779245462320631,8023,0.0585796984062701,wanet,0.05,ahash_rgb,192,spatial,mean,hamming_ball,mad,0.375,0.451
0.47040923368421056,0.49261920842105267,0.055126453770592006,0.0,0.0,0.0,0.05,0.3848193033990768,0.48379047419219473,0.0,0.0,0.6151806966009232,-1,0.0316,0.0,0.04126315789473684,0.0,0.0,0.0,1960,0.05203996669442131,wanet,0.05,ahash_rgb,192,spatial,mean,block_collision,mad,0.375,0.412
0.5115451621052631,0.48685645473684214,0.05206362549458053,0.012,0.0596,0.012,0.05,0.4846785144775493,0.48240977759127146,0.012,0.012,0.5153214855224507,-1,0.012,0.0,0.0010526315789473684,0.0,0.0,0.0,50,0.05005005005005005,wanet,0.05,ahash_rgb,192,spatial,mean,hash_spectral,mad,0.375,0.053
0.4019224505263158,0.5014955284210526,0.03888345127086267,0.002,0.0136,0.002,0.05,0.36456605119597146,0.5132004196391105,0.0064,0.0108,0.6354339488040286,-1,0.0172,0.0,0.0007368421052631579,0.0,0.0,0.0,35,0.05003502451716201,wanet,0.05,ahash_rgb,192,spatial,mean,hash_stability,mad,0.375,0.033
0.4053363663157895,0.4865703452631579,0.03874524935592251,0.0044,0.0252,0.006,0.05,0.35287931179185894,0.47758724297104493,0.0,0.0044,0.6471206882081411,-1,0.0276,0.0,2.105263157894737e-05,0.0,0.0,0.0,1,0.0500010000200004,wanet,0.05,dhash,64,spatial,pairwise,bit_llr,mad,0.147,0.058
0.5438606484210526,0.5530734610526316,0.05946658267061261,0.0,0.0,0.0,0.05,0.49614993705413346,0.4927883759966428,0.0,0.0,0.5038500629458665,-1,0.0,0.0,0.07707368421052632,0.0,0.0,0.0,3661,0.053950236302035,wanet,0.05,dhash,64,spatial,pairwise,bit_em,mad,0.147,0.302
0.4512383284210526,0.48275301894736833,0.045128167780184594,0.0104,0.0392,0.0104,0.05,0.42207641628199755,0.4848718002517835,0.004,0.004,0.5779235837180025,-1,0.0064,0.0116,0.0124,0.04692556634304207,0.0116,0.01860166773572803,618,0.05003847555789559,wanet,0.05,dhash,64,spatial,pairwise,hamming_knn,mad,0.147,0.452
0.4545607494736842,0.516198,0.04764796784745201,0.012,0.0528,0.012,0.05,0.42578686529584564,0.46178585816198064,0.006,0.006,0.5742131347041544,-1,0.006,0.0912,0.0948,0.04819277108433735,0.0912,0.06306181717604757,4731,0.050188870971304866,wanet,0.05,dhash,64,spatial,pairwise,hamming_ball,mad,0.147,0.445
0.44123780631578946,0.5077120336842106,0.047743072715162344,0.0196,0.0604,0.0196,0.05,0.4515416281997482,0.45679282417121275,0.0,0.0,0.5484583718002518,-1,0.0,0.0972,0.0979157894736842,0.04965263588067021,0.0972,0.06572896943467677,4894,0.05003768899924622,wanet,0.05,dhash,64,spatial,pairwise,block_collision,mad,0.147,0.153
0.49577723368421056,0.50739072,0.04969367534415903,0.0116,0.0464,0.0116,0.05,0.49210016785564414,0.5103192194712547,0.0108,0.0108,0.5078998321443559,-1,0.0108,0.0012,0.0016210526315789473,0.0375,0.0012,0.002325581395348837,80,0.050020032051282054,wanet,0.05,dhash,64,spatial,pairwise,hash_spectral,mad,0.147,0.046
0.5459197094736843,0.5276228421052631,0.060013592585021494,0.0128,0.054,0.0176,0.05,0.538852916491817,0.5040176668065464,0.0128,0.0072,0.538852916491817,1,0.0128,0.0004,0.0005684210526315789,0.03571428571428571,0.0004,0.0007911392405063291,28,0.05000800448251021,wanet,0.05,dhash,64,spatial,pairwise,hash_stability,mad,0.147,0.027
0.4253936842105263,0.4835118147368421,0.04034280894121167,0.0032,0.026,0.0036,0.05,0.38687729752412925,0.4772488459924465,0.0028,0.0072,0.6131227024758708,-1,0.0116,0.0,0.00029473684210526316,0.0,0.0,0.0,14,0.05001400392109791,wanet,0.05,dhash_v,64,spatial,pairwise,bit_llr,mad,0.137,0.072
0.45034025684210527,0.563248492631579,0.046703177764315054,0.0,0.0,0.0,0.05,0.5123994125052456,0.47066386907259755,0.0,0.0,0.5123994125052456,1,0.0,0.0,0.029031578947368422,0.0,0.0,0.0,1379,0.05141811151560025,wanet,0.05,dhash_v,64,spatial,pairwise,bit_em,mad,0.137,0.299
0.39433657684210527,0.49127888000000003,0.03830267233346178,0.0004,0.0176,0.0004,0.05,0.35300096516995383,0.5051201007133865,0.0028,0.0028,0.6469990348300462,-1,0.0228,0.0,0.0034526315789473686,0.0,0.0,0.0,164,0.0501645396901838,wanet,0.05,dhash_v,64,spatial,pairwise,hamming_knn,mad,0.137,0.449
0.4244384421052632,0.4288268505263158,0.04206488407594473,0.0,0.0124,0.0,0.05,0.36182119177507344,0.4321019723038187,0.0056,0.0056,0.6381788082249266,-1,0.0056,0.0564,0.1079578947368421,0.026760296071360788,0.0564,0.036298107864590035,5269,0.052737475129105094,wanet,0.05,dhash_v,64,spatial,pairwise,hamming_ball,mad,0.137,0.446
0.41780901052631575,0.45587382315789476,0.04191221094415096,0.0,0.0432,0.0,0.05,0.373297775912715,0.44752941670163665,0.0,0.0,0.626702224087285,-1,0.0,0.09,0.15138947368421052,0.03033980582524272,0.09,0.045381202097620005,7416,0.053423821153484874,wanet,0.05,dhash_v,64,spatial,pairwise,block_collision,mad,0.137,0.158
0.4556356547368421,0.47184272000000005,0.042726400744048515,0.0,0.0112,0.0,0.05,0.4449761644985313,0.4640676038606798,0.0056,0.0056,0.5550238355014687,-1,0.0148,0.0,0.0005684210526315789,0.0,0.0,0.0,27,0.05002701458787746,wanet,0.05,dhash_v,64,spatial,pairwise,hash_spectral,mad,0.137,0.046
0.554245932631579,0.42793490947368423,0.056498359709208,0.0016,0.0312,0.0016,0.05,0.5936440621065883,0.4844197230381871,0.0036,0.0024,0.5936440621065883,1,0.0048,0.0,0.00031578947368421053,0.0,0.0,0.0,15,0.05001500450135041,wanet,0.05,dhash_v,64,spatial,pairwise,hash_stability,mad,0.137,0.028
0.4206106778947369,0.4647509178947369,0.03953389804482786,0.0032,0.02,0.0044,0.05,0.37090373478808225,0.4497449433487201,0.0008,0.0024,0.6290962652119177,-1,0.0132,0.0,0.0009263157894736842,0.0,0.0,0.0,44,0.05004403875410361,wanet,0.05,dhash16,256,spatial,pairwise,bit_llr,mad,0.204,0.093
0.5965615999999999,0.5948969389473684,0.1365926207915935,0.0,0.31,0.0,0.05,0.4664272345782627,0.46619261435165754,0.0,0.0,0.5335727654217373,-1,0.0,0.4412,0.27056842105263157,0.07903977069150842,0.4412,0.13406259495594045,13955,0.03875710916909419,wanet,0.05,dhash16,256,spatial,pairwise,bit_em,mad,0.204,0.928
0.4490050484210526,0.45298234105263163,0.04302585859072374,0.006,0.0352,0.006,0.05,0.40474057910197225,0.43267419219471254,0.004,0.004,0.5952594208980277,-1,0.0084,0.02,0.029347368421052632,0.03462603878116344,0.02,0.02535496957403651,1444,0.050457204053052145,wanet,0.05,dhash16,256,spatial,pairwise,hamming_knn,mad,0.204,0.48
0.46875482526315787,0.4694228084210526,0.05409769903056418,0.0184,0.0692,0.0184,0.05,0.4100480067142258,0.41590499370541334,0.0032,0.0032,0.5899519932857742,-1,0.0032,0.148,0.14258947368421052,0.05179896402071959,0.148,0.07673960385772062,7143,0.04970016566721889,wanet,0.05,dhash16,256,spatial,pairwise,hamming_ball,mad,0.204,0.468
0.45330744,0.4943898863157895,0.04528415694613987,0.0,0.0,0.0,0.05,0.42716999580360887,0.40587700377675195,0.0,0.0,0.5728300041963912,-1,0.0032,0.128,0.1637263157894737,0.03952081017660862,0.128,0.0603944512597905,8097,0.05202491468391285,wanet,0.05,dhash16,256,spatial,pairwise,block_collision,mad,0.204,0.713
0.48228288421052634,0.4784259621052631,0.04643836868926496,0.006,0.0392,0.006,0.05,0.46461833822912296,0.4661537977339488,0.0036,0.0036,0.5353816617708771,-1,0.0112,0.0064,0.010505263157894736,0.031067961165048542,0.0064,0.010613598673300166,515,0.05019702940284935,wanet,0.05,dhash16,256,spatial,pairwise,hash_spectral,mad,0.204,0.056
0.5278039663157894,0.4526094147368421,0.05203737254328253,0.0024,0.0384,0.0064,0.05,0.5573499370541335,0.4559843894250945,0.0112,0.0056,0.5573499370541335,1,0.0112,0.0016,0.0030105263157894735,0.027210884353741496,0.0016,0.003022289384208538,147,0.050067197560828836,wanet,0.05,dhash16,256,spatial,pairwise,hash_stability,mad,0.204,0.031
0.41897677473684214,0.49210204210526315,0.04058672726603682,0.0084,0.032,0.0096,0.05,0.3623334452370961,0.4855783046579941,0.0032,0.0096,0.6376665547629039,-1,0.0176,0.0,0.00031578947368421053,0.0,0.0,0.0,15,0.05001500450135041,wanet,0.05,blockhash,256,spatial,median,bit_llr,mad,0.373,0.092
0.6477338231578947,0.5047910863157894,0.12040292803616853,0.0,0.0,0.0,0.05,0.5016806126731012,0.5053753671842216,0.0,0.0,0.5016806126731012,1,0.0,0.4724,0.2888631578947368,0.07925110723392834,0.4724,0.13573152511205608,14902,0.037580488916747395,wanet,0.05,blockhash,256,spatial,median,bit_em,mad,0.373,0.884
0.44052162526315786,0.5289080463157895,0.04497065610942182,0.0124,0.0392,0.012,0.05,0.4215076793957196,0.5363248426353335,0.006,0.006,0.5784923206042805,-1,0.0228,0.0016,0.0016210526315789473,0.04938271604938271,0.0016,0.0030995738086013174,81,0.05000100162262866,wanet,0.05,blockhash,256,spatial,median,hamming_knn,mad,0.373,0.477
0.437908812631579,0.4669763536842105,0.043128524818527365,0.0,0.0024,0.0,0.05,0.4326536718422157,0.4892743600503566,0.004,0.004,0.5673463281577843,-1,0.004,0.0704,0.15050526315789473,0.024027303754266212,0.0704,0.035826972010178114,7325,0.0544581136496778,wanet,0.05,blockhash,256,spatial,median,hamming_ball,mad,0.373,0.47
0.4890755242105263,0.4475219242105263,0.05586752349018013,0.0,0.0,0.0,0.05,0.4570462022660512,0.4701550566512799,0.0,0.0188,0.5429537977339488,-1,0.0188,0.0,0.017305263157894737,0.0,0.0,0.0,822,0.050835739558339095,wanet,0.05,blockhash,256,spatial,median,block_collision,mad,0.373,0.715
0.49963572631578945,0.4952879663157895,0.051441625031168114,0.0136,0.0624,0.0136,0.05,0.49379932857742337,0.48880398657154844,0.0044,0.0044,0.5062006714225766,-1,0.0088,0.0008,0.0010947368421052631,0.037037037037037035,0.0008,0.0015661707126076742,54,0.050014015136347255,wanet,0.05,blockhash,256,spatial,median,hash_spectral,mad,0.373,0.056
0.5354374694736842,0.5095778989473684,0.057583963100476164,0.0156,0.056,0.0064,0.05,0.5614715065044061,0.5091790600083929,0.0244,0.0156,0.5614715065044061,1,0.0244,0.0008,0.001957894736842105,0.021052631578947368,0.0008,0.0015414258188824663,95,0.05005510469892796,wanet,0.05,blockhash,256,spatial,median,hash_stability,mad,0.373,0.029
0.4208271410526316,0.4588570147368421,0.039639604182389834,0.0044,0.024,0.0036,0.05,0.37343365505665127,0.4416991187578682,0.0024,0.0048,0.6265663449433487,-1,0.0056,0.0,0.0002105263157894737,0.0,0.0,0.0,10,0.05001000200040008,wanet,0.05,phash,64,frequency,median,bit_llr,mad,0.547,0.058
0.47489762105263156,0.4101257010526316,0.04381331123094495,0.0,0.0,0.0,0.05,0.4087375996642887,0.394929878304658,0.0004,0.0004,0.5912624003357113,-1,0.0048,0.0,0.039578947368421054,0.0,0.0,0.0,1880,0.051953449709060684,wanet,0.05,phash,64,frequency,median,bit_em,mad,0.547,0.299
0.36211476210526317,0.49019726736842095,0.03747970449566847,0.0016,0.0164,0.0016,0.05,0.30938090642047844,0.4747026856903063,0.0008,0.0008,0.6906190935795216,-1,0.0236,0.0016,0.008463157894736843,0.009852216748768473,0.0016,0.0027529249827942187,406,0.050328668790579505,wanet,0.05,phash,64,frequency,median,hamming_knn,mad,0.547,0.435
0.3902106315789474,0.42277833263157893,0.038595849647561416,0.0,0.0064,0.0,0.05,0.31062887117079313,0.43189357952161145,0.0008,0.0008,0.6893711288292068,-1,0.0192,0.0024,0.027136842105263157,0.004633204633204633,0.0024,0.0031620553359683794,1295,0.05120624165896725,wanet,0.05,phash,64,frequency,median,hamming_ball,mad,0.547,0.446
0.44774980631578953,0.4590335073684211,0.041988595535279546,0.0032,0.0184,0.0032,0.05,0.4202811582039446,0.44545597985732266,0.0032,0.0032,0.5797188417960554,-1,0.0164,0.0012,0.0029473684210526317,0.02097902097902098,0.0012,0.0022701475595913734,143,0.05008323806085404,wanet,0.05,phash,64,frequency,median,hash_spectral,mad,0.547,0.046
0.569586774736842,0.36745729684210526,0.05499922577860944,0.0,0.0056,0.0,0.05,0.573488501888376,0.5194189257238775,0.0056,0.006,0.573488501888376,1,0.0056,0.0,0.00728421052631579,0.0,0.0,0.0,346,0.05034841100414871,wanet,0.05,phash,64,frequency,median,hash_stability,mad,0.547,0.026
0.4208271410526316,0.4588570147368421,0.039639604615905,0.0044,0.024,0.0036,0.05,0.37343365505665127,0.4416991187578682,0.0024,0.0048,0.6265663449433487,-1,0.0056,0.0,0.0002105263157894737,0.0,0.0,0.0,10,0.05001000200040008,wanet,0.05,phash_nodc,63,frequency,median,bit_llr,mad,0.539,0.059
0.4745989978947368,0.4098216631578947,0.043772322785351515,0.0,0.0,0.0,0.05,0.40874716743600503,0.3950503147293328,0.0004,0.0004,0.591252832563995,-1,0.0048,0.0,0.039578947368421054,0.0,0.0,0.0,1880,0.051953449709060684,wanet,0.05,phash_nodc,63,frequency,median,bit_em,mad,0.539,0.295
0.36211476210526317,0.49019726736842095,0.03747970449566847,0.0016,0.0164,0.0016,0.05,0.30938090642047844,0.4747026856903063,0.0008,0.0008,0.6906190935795216,-1,0.0236,0.0016,0.008463157894736843,0.009852216748768473,0.0016,0.0027529249827942187,406,0.050328668790579505,wanet,0.05,phash_nodc,63,frequency,median,hamming_knn,mad,0.539,0.434
0.3902106315789474,0.42277833263157893,0.038595849647561416,0.0,0.0064,0.0,0.05,0.31062887117079313,0.43189357952161145,0.0008,0.0008,0.6893711288292068,-1,0.0192,0.0024,0.027136842105263157,0.004633204633204633,0.0024,0.0031620553359683794,1295,0.05120624165896725,wanet,0.05,phash_nodc,63,frequency,median,hamming_ball,mad,0.539,0.433
0.4593645473684211,0.47280336421052627,0.043948519183305564,0.0048,0.0344,0.0048,0.05,0.43445556021821236,0.46157775912715066,0.0016,0.0016,0.5655444397817877,-1,0.01,0.0,0.0022315789473684212,0.0,0.0,0.0,106,0.05010622519741853,wanet,0.05,phash_nodc,63,frequency,median,hash_spectral,mad,0.539,0.046
0.569586774736842,0.36745729684210526,0.05499922577860944,0.0,0.0056,0.0,0.05,0.573488501888376,0.5194189257238775,0.0056,0.006,0.573488501888376,1,0.0056,0.0,0.00728421052631579,0.0,0.0,0.0,346,0.05034841100414871,wanet,0.05,phash_nodc,63,frequency,median,hash_stability,mad,0.539,0.026
0.42123941894736844,0.4685308673684211,0.0396752263062232,0.0048,0.0204,0.0032,0.05,0.3751331934536299,0.4562462022660512,0.0024,0.0068,0.6248668065463701,-1,0.0068,0.0,0.0002526315789473684,0.0,0.0,0.0,12,0.05001200288069137,wanet,0.05,phash_mean,64,frequency,mean,bit_llr,mad,0.505,0.057
0.3603002442105263,0.58640336,0.03715738904086294,0.0,0.0,0.0,0.05,0.428609232060428,0.5586994544691565,0.0088,0.0124,0.571390767939572,-1,0.0124,0.0,0.0,0.0,0.0,0.0,0,0.05,wanet,0.05,phash_mean,64,frequency,mean,bit_em,mad,0.505,0.3
0.3784149642105264,0.48657667368421054,0.03753129223447099,0.0008,0.0116,0.0008,0.05,0.32493243810323125,0.4856281997482165,0.0016,0.0016,0.6750675618967688,-1,0.0288,0.0004,0.005894736842105263,0.0035587188612099642,0.0004,0.000719165767709457,281,0.050262475110118866,wanet,0.05,phash_mean,64,frequency,mean,hamming_knn,mad,0.505,0.445
0.3753258610526316,0.46232742315789477,0.0382236515530451,0.0012,0.0108,0.0012,0.05,0.33518317247167434,0.4575375577003777,0.0028,0.0028,0.6648168275283257,-1,0.0028,0.0108,0.0491578947368421,0.01143099068585944,0.0108,0.011106540518305225,2362,0.05191233888912213,wanet,0.05,phash_mean,64,frequency,mean,hamming_ball,mad,0.505,0.44
0.5400554568421053,0.5259986736842105,0.060223364562781184,0.0212,0.086,0.0212,0.05,0.5480866974402014,0.5333614351657574,0.0092,0.0092,0.5480866974402014,1,0.0092,0.0028,0.0013473684210526316,0.09859154929577464,0.0028,0.0054453520031116295,71,0.04993090188067055,wanet,0.05,phash_mean,64,frequency,mean,hash_spectral,mad,0.505,0.046
0.42202560842105263,0.5308629810526315,0.042478241106799035,0.0088,0.0292,0.0096,0.05,0.4350929920268569,0.5031917331095258,0.0072,0.0064,0.5649070079731431,-1,0.0072,0.0004,0.0018736842105263158,0.011111111111111112,0.0004,0.0007722007722007722,90,0.05007012622720897,wanet,0.05,phash_mean,64,frequency,mean,hash_stability,mad,0.505,0.028
0.4225475789473684,0.46599678736842104,0.03969183948070953,0.0032,0.0216,0.0048,0.05,0.37571976500209814,0.4508449433487201,0.0016,0.0052,0.6242802349979019,-1,0.0096,0.0,0.00018947368421052632,0.0,0.0,0.0,9,0.050009001620291656,wanet,0.05,phash16,256,frequency,median,bit_llr,mad,0.631,0.094
0.46511528842105265,0.44638365473684216,0.04334842713362409,0.0,0.0,0.0,0.05,0.409971296684851,0.3914996223248006,0.0016,0.0016,0.590028703315149,-1,0.0036,0.0,0.1271578947368421,0.0,0.0,0.0,6040,0.05686988171064604,wanet,0.05,phash16,256,frequency,median,bit_em,mad,0.631,0.907
0.3639358568421053,0.45884293052631575,0.03662432458182946,0.0008,0.0108,0.0008,0.05,0.28959370541334445,0.4529670583298364,0.0004,0.0004,0.7104062945866556,-1,0.0252,0.0008,0.009410526315789473,0.004454342984409799,0.0008,0.0013563919972872161,449,0.05041270610078505,wanet,0.05,phash16,256,frequency,median,hamming_knn,mad,0.631,0.471
0.3690856463157895,0.4555997978947368,0.03788782364084412,0.0008,0.0064,0.0008,0.05,0.2922737725556022,0.433012715065044,0.0008,0.0008,0.7077262274443978,-1,0.0112,0.0016,0.0124,0.006745362563237774,0.0016,0.0025864856126737797,593,0.05051915720444471,wanet,0.05,phash16,256,frequency,median,hamming_ball,mad,0.631,0.465
0.46398228631578947,0.46592663157894737,0.04407723002752907,0.006,0.0344,0.006,0.05,0.4412541334452371,0.4488962652119177,0.002,0.002,0.5587458665547629,-1,0.0116,0.004,0.008,0.02564102564102564,0.004,0.006920415224913495,390,0.05019149365047369,wanet,0.05,phash16,256,frequency,median,hash_spectral,mad,0.631,0.055
0.6331859536842106,0.49829597894736843,0.07458180986519714,0.0104,0.082,0.0028,0.05,0.6898406630297944,0.5252196391103652,0.0448,0.0044,0.6898406630297944,1,0.0448,0.0,0.0018105263157894736,0.0,0.0,0.0,86,0.05008614817486076,wanet,0.05,phash16,256,frequency,median,hash_stability,mad,0.631,0.029
0.4358076336842106,0.47654912421052636,0.04092920557303515,0.002,0.0172,0.0048,0.05,0.4035245488879564,0.4673532102391943,0.002,0.0056,0.5964754511120436,-1,0.012,0.0,6.31578947368421e-05,0.0,0.0,0.0,3,0.050003000180010804,wanet,0.05,pdq,256,frequency,median,bit_llr,mad,2.265,0.094
0.5238010905263157,0.47801468631578947,0.05465526135102525,0.0,0.0084,0.0,0.05,0.43252085606378515,0.41370709190096516,0.0004,0.0004,0.5674791439362148,-1,0.004,0.226,0.13589473684210526,0.08048433048433049,0.226,0.11869747899159663,7020,0.04502093997208004,wanet,0.05,pdq,256,frequency,median,bit_em,mad,2.265,0.892
0.3794358189473684,0.47708423157894747,0.037913828495971046,0.002,0.0148,0.002,0.05,0.3161039446076374,0.45635023080151077,0.0008,0.0008,0.6838960553923625,-1,0.0348,0.0012,0.007452631578947369,0.008403361344537815,0.0012,0.0021001050052502626,357,0.050299135829824954,wanet,0.05,pdq,256,frequency,median,hamming_knn,mad,2.265,0.469
0.3594213094736842,0.41849947368421053,0.03836348967639987,0.0,0.0056,0.0,0.05,0.3256430969366345,0.4626076793957197,0.0,0.0,0.6743569030633655,-1,0.0232,0.0,0.00983157894736842,0.0,0.0,0.0,467,0.050471402903115095,wanet,0.05,pdq,256,frequency,median,hamming_ball,mad,2.265,0.464
0.5347492968421053,0.5235598484210526,0.056913020420791,0.0128,0.0652,0.0128,0.05,0.5418898447335292,0.5317736466638691,0.014,0.014,0.5418898447335292,1,0.014,0.0044,0.003157894736842105,0.06832298136645963,0.0044,0.008267568583239383,161,0.04994080940628825,wanet,0.05,pdq,256,frequency,median,hash_spectral,mad,2.265,0.056
0.6188021473684211,0.4949375621052632,0.07085885344932105,0.0092,0.0748,0.002,0.05,0.6970605119597145,0.5066627780109106,0.0292,0.0044,0.6970605119597145,1,0.0292,0.0,0.0016210526315789473,0.0,0.0,0.0,77,0.050077118762894855,wanet,0.05,pdq,256,frequency,median,hash_stability,mad,2.265,0.029
0.43541016,0.4952646021052632,0.04104772112146095,0.0,0.0192,0.0,0.05,0.41112383550146875,0.4924090222408729,0.004,0.012,0.5888761644985312,-1,0.012,0.0,0.0013894736842105264,0.0,0.0,0.0,66,0.0500660872351504,wanet,0.05,whash_haar,64,wavelet,median,bit_llr,mad,0.625,0.058
0.4439872252631579,0.4864304042105263,0.047340650873075804,0.0,0.0,0.0,0.05,0.4362599664288712,0.5306004616030213,0.0,0.0,0.5637400335711288,-1,0.0,0.514,0.3222736842105263,0.07744229494365094,0.514,0.13460430524275913,16593,0.036369623132876346,wanet,0.05,whash_haar,64,wavelet,median,bit_em,mad,0.625,0.292
0.43747493052631575,0.49498612631578953,0.04399307029831068,0.0068,0.046,0.0072,0.05,0.39041183382291234,0.4800054133445237,0.0,0.0,0.6095881661770877,-1,0.0284,0.0,4.210526315789474e-05,0.0,0.0,0.0,2,0.0500020000800032,wanet,0.05,whash_haar,64,wavelet,median,hamming_knn,mad,0.625,0.449
0.5146643873684209,0.18637434947368423,0.057027490451440434,0.0,0.0,0.0,0.05,0.4140776751993286,0.4140776751993286,0.0,0.0,0.5859223248006714,-1,0.0,0.0168,0.1596421052631579,0.005508196721311476,0.0168,0.008296296296296296,7625,0.05800589970501475,wanet,0.05,whash_haar,64,wavelet,median,hamming_ball,mad,0.625,0.439
0.4345513684210527,0.4825571494736842,0.04722351390162163,0.0,0.0692,0.0,0.05,0.403790809903483,0.47353927822073016,0.0,0.0,0.596209190096517,-1,0.008,0.1408,0.1027578947368421,0.06726543091916683,0.1408,0.09103840682788052,5233,0.04798177228762258,wanet,0.05,whash_haar,64,wavelet,median,block_collision,mad,0.625,0.16
0.4699627368421052,0.4785999663157895,0.04524197084129365,0.0032,0.0432,0.0032,0.05,0.4449305916911456,0.47622912295425934,0.008,0.008,0.5550694083088543,-1,0.0128,0.0,0.0003368421052631579,0.0,0.0,0.0,16,0.05001600512163892,wanet,0.05,whash_haar,64,wavelet,median,hash_spectral,mad,0.625,0.046
0.3851593515789474,0.5300188547368421,0.03878020933029438,0.0016,0.0204,0.0016,0.05,0.38345707091900966,0.518561015526647,0.0044,0.0048,0.6165429290809903,-1,0.0148,0.0,0.002168421052631579,0.0,0.0,0.0,103,0.05010321261799307,wanet,0.05,whash_haar,64,wavelet,median,hash_stability,mad,0.625,0.027
0.4566960884210526,0.47131744421052635,0.04287191350550884,0.0,0.0116,0.0,0.05,0.4236004196391104,0.46968367603860683,0.0084,0.008,0.5763995803608897,-1,0.0084,0.0,0.0044631578947368425,0.0,0.0,0.0,212,0.05021290270747972,wanet,0.05,whash_db4,169,wavelet,median,bit_llr,mad,1.574,0.078
0.3483061221052631,0.6674204757894737,0.050707878971312376,0.0,0.0,0.0,0.05,0.4594951741502308,0.5385845153168275,0.0,0.0,0.5405048258497692,-1,0.0,0.5472,0.34227368421052634,0.07761261772381708,0.5472,0.13594355559972177,17626,0.03496633100636313,wanet,0.05,whash_db4,169,wavelet,median,bit_em,mad,1.574,0.63
0.44950983157894736,0.47104547789473683,0.042941269675378806,0.0,0.0272,0.0,0.05,0.41051053294167017,0.46341284095677715,0.008,0.0088,0.5894894670583298,-1,0.0136,0.0,0.0,0.0,0.0,0.0,0,0.05,wanet,0.05,whash_db4,169,wavelet,median,hamming_knn,mad,1.574,0.468
0.4921479957894737,0.3033796589473684,0.05293294481309727,0.0,0.0,0.0,0.05,0.4477028535459505,0.4477028535459505,0.0076,0.0076,0.5522971464540495,-1,0.0076,0.0276,0.12597894736842105,0.011399306129192136,0.0276,0.016134689582602595,6053,0.05531663139690991,wanet,0.05,whash_db4,169,wavelet,median,hamming_ball,mad,1.574,0.458
0.4666312294736843,0.4954413263157895,0.04464472789540469,0.0,0.0336,0.0,0.05,0.45712379353755767,0.511075870751154,0.0068,0.0068,0.5428762064624424,-1,0.016,0.0,0.0019157894736842106,0.0,0.0,0.0,91,0.050091165921978,wanet,0.05,whash_db4,169,wavelet,median,hash_spectral,mad,1.574,0.053
0.46437872421052623,0.5220164084210527,0.04824871635044396,0.0136,0.046,0.0148,0.05,0.4450347461183382,0.5404670163659254,0.0136,0.0148,0.5549652538816618,-1,0.016,0.004,0.0023157894736842107,0.08333333333333333,0.004,0.007633587786259542,120,0.04991980753809142,wanet,0.05,whash_db4,169,wavelet,median,hash_stability,mad,1.574,0.03
0.41654755789473685,0.45753043368421054,0.03901528115381763,0.0008,0.0164,0.0012,0.05,0.36284624422996226,0.43644318086445655,0.0004,0.0004,0.6371537557700377,-1,0.0088,0.0,0.00048421052631578945,0.0,0.0,0.0,23,0.05002301058486904,wanet,0.05,mh,64,frequency,mean,bit_llr,mad,0.982,0.059
0.5263512294736842,0.5182868884210526,0.06383543286593768,0.0,0.1144,0.0,0.05,0.4405892152748636,0.44575681913554344,0.0024,0.0024,0.5594107847251364,-1,0.0112,0.0,0.028021052631578947,0.0,0.0,0.0,1331,0.05136740019314143,wanet,0.05,mh,64,frequency,mean,bit_em,mad,0.982,0.299
0.3741275115789474,0.48215246736842104,0.03706079287687798,0.0004,0.0092,0.0004,0.05,0.3146511540075535,0.4738004616030213,0.0004,0.0004,0.6853488459924465,-1,0.0252,0.0004,0.008821052631578948,0.002380952380952381,0.0004,0.0006849315068493151,420,0.050403388463089956,wanet,0.05,mh,64,frequency,mean,hamming_knn,mad,0.982,0.446
0.3876255115789473,0.4426698189473684,0.039212383755126104,0.0,0.0104,0.0,0.05,0.3223952580780529,0.43476454049517416,0.0008,0.0008,0.6776047419219471,-1,0.0008,0.006,0.04031578947368421,0.007772020725388601,0.006,0.006772009029345372,1930,0.05169544414395673,wanet,0.05,mh,64,frequency,mean,hamming_ball,mad,0.982,0.442
0.37735628631578955,0.5964932968421053,0.048297796008860694,0.0212,0.0644,0.0212,0.05,0.3392762064624423,0.42510608476710027,0.0036,0.0036,0.6607237935375577,-1,0.0036,0.0808,0.06509473684210526,0.06132361870066788,0.0808,0.06972730410769762,3294,0.049201387402046846,wanet,0.05,mh,64,frequency,mean,block_collision,mad,0.982,0.153
0.4568608294736842,0.4864732842105264,0.04349945736767477,0.002,0.0252,0.002,0.05,0.4440366764582459,0.48070616869492233,0.0044,0.0044,0.555963323541754,-1,0.0168,0.0,0.0035578947368421054,0.0,0.0,0.0,169,0.05016957315727158,wanet,0.05,mh,64,frequency,mean,hash_spectral,mad,0.982,0.046
0.46947885052631577,0.5099624421052631,0.0463857699531156,0.0064,0.03,0.0076,0.05,0.45924208980276965,0.47450998741082673,0.0052,0.006,0.5407579101972304,-1,0.0052,0.006,0.006357894736842105,0.0473186119873817,0.006,0.010649627263045794,317,0.050017108467685124,wanet,0.05,mh,64,frequency,mean,hash_stability,mad,0.982,0.027
0.39868679578947364,0.46423343157894736,0.038868437122856855,0.0,0.0,0.0,0.05,0.29784767100293746,0.4682595048258497,0.004,0.0056,0.7021523289970626,-1,0.0292,0.0,0.03694736842105263,0.0,0.0,0.0,1755,0.05181884133070785,wanet,0.05,colorhash,42,colour,quantisation,bit_llr,mad,2.526,0.05
0.42334314947368423,0.4830391663157894,0.04211067673563993,0.0,0.0,0.0,0.05,0.31967398237515743,0.38048908938313053,0.0,0.0,0.6803260176248426,-1,0.0092,0.2272,0.41437894736842107,0.02804799762974668,0.2272,0.04993187112654389,20251,0.06494335944065346,wanet,0.05,colorhash,42,colour,quantisation,bit_em,mad,2.526,0.24
0.4136505557894737,0.5569778610526316,0.044399481604365645,0.0,0.0,0.0312,0.05,0.4065188837599665,0.5240863197650021,0.0,0.016,0.5934811162400335,-1,0.016,0.0312,0.00968421052631579,0.1449814126394052,0.0312,0.051349572086899276,538,0.048966883668270594,wanet,0.05,colorhash,42,colour,quantisation,hamming_knn,mad,2.526,0.329
0.43201328000000006,0.46730171789473685,0.044823938103485436,0.0,0.0,0.0,0.05,0.39999370541334445,0.418324171212757,0.0,0.0,0.6000062945866556,-1,0.0,0.266,0.27357894736842103,0.04868228404099561,0.266,0.0823019801980198,13660,0.050495321959273524,wanet,0.05,colorhash,42,colour,quantisation,hamming_ball,mad,2.526,0.329
0.46174980631578944,0.48415040421052635,0.04549852986242359,0.0,0.0,0.0,0.05,0.4717055812001679,0.4764594208980276,0.002,0.0112,0.5282944187998321,-1,0.0112,0.0,0.008021052631578948,0.0,0.0,0.0,381,0.050383925512404525,wanet,0.05,colorhash,42,colour,quantisation,hash_spectral,mad,2.526,0.041
0.5214084210526316,0.4752300757894736,0.05201888627044298,0.0032,0.012,0.0032,0.05,0.5117026017624843,0.500620688208141,0.0032,0.0032,0.5117026017624843,1,0.0032,0.0012,0.0008631578947368422,0.06818181818181818,0.0012,0.0023584905660377358,44,0.049983985907598685,wanet,0.05,colorhash,42,colour,quantisation,hash_stability,mad,2.526,0.024
0.4410616336842106,0.48513469052631586,0.04167337138267388,0.0024,0.0228,0.0064,0.05,0.41123818715904326,0.4761728493495594,0.0012,0.0036,0.5887618128409567,-1,0.0136,0.0,0.0003368421052631579,0.0,0.0,0.0,16,0.05001600512163892,wanet,0.05,rhash8,64,residual,zero,bit_llr,mad,0.528,0.058
0.48823758736842104,0.5006402821052632,0.04990276398964225,0.0,0.0,0.0,0.05,0.4480582459085187,0.44074393621485525,0.0028,0.0028,0.5519417540914813,-1,0.008,0.1204,0.0904421052631579,0.06547748531651076,0.1204,0.08482457376356208,4597,0.048432922934607846,wanet,0.05,rhash8,64,residual,zero,bit_em,mad,0.528,0.303
0.4340433557894737,0.462488,0.04230276316028026,0.0036,0.0288,0.0036,0.05,0.3876837180025179,0.47188736886277793,0.0016,0.0016,0.6123162819974821,-1,0.0152,0.0008,0.005578947368421052,0.00749063670411985,0.0008,0.0014456089627755693,267,0.050228218687792814,wanet,0.05,rhash8,64,residual,zero,hamming_knn,mad,0.528,0.455
0.4275718989473684,0.5078883200000001,0.044392793161881855,0.0064,0.0412,0.0064,0.05,0.3862759546789761,0.4544844733529165,0.0012,0.0012,0.613724045321024,-1,0.0048,0.018,0.020905263157894736,0.04335260115606936,0.018,0.025438100621820236,1038,0.05014092561578367,wanet,0.05,rhash8,64,residual,zero,hamming_ball,mad,0.528,0.447
0.5636260589473684,0.43412342315789476,0.05814369922535555,0.0128,0.0472,0.0128,0.05,0.4080716323961394,0.452978178766261,0.0008,0.0008,0.5919283676038606,-1,0.0008,0.0228,0.019494736842105263,0.05798575788402848,0.0228,0.03273040482342808,983,0.04983985148009874,wanet,0.05,rhash8,64,residual,zero,block_collision,mad,0.528,0.15
0.4797349642105263,0.4908246442105263,0.04738030423572107,0.01,0.0468,0.01,0.05,0.4647589592950063,0.48228103231221153,0.0056,0.0056,0.5352410407049937,-1,0.012,0.0084,0.008042105263157896,0.052109181141439205,0.0084,0.014467791939373063,403,0.04998286186664516,wanet,0.05,rhash8,64,residual,zero,hash_spectral,mad,0.528,0.046
0.5448610694736843,0.5137324715789473,0.058951277467649894,0.0104,0.0596,0.0116,0.05,0.5413989928661351,0.484006924045321,0.006,0.004,0.5413989928661351,1,0.006,0.0036,0.0019368421052631578,0.0891089108910891,0.0036,0.006920415224913495,101,0.04992084009699593,wanet,0.05,rhash8,64,residual,zero,hash_stability,mad,0.528,0.027
0.4282698021052631,0.4924021010526316,0.04129389250008354,0.0076,0.0304,0.0152,0.05,0.38804313890054554,0.48659861519093583,0.002,0.0072,0.6119568610994545,-1,0.0212,0.006,0.002294736842105263,0.12096774193548387,0.006,0.011432926829268292,124,0.049823562434838396,wanet,0.05,rhash16,256,residual,zero,bit_llr,mad,0.593,0.093
0.48908001263157896,0.511095494736842,0.048122973013403014,0.0,0.0,0.0,0.05,0.4574459924464961,0.4209040704993705,0.0,0.0,0.5425540075535039,-1,0.0,0.0,0.11025263157894737,0.0,0.0,0.0,5237,0.05584969729464066,wanet,0.05,rhash16,256,residual,zero,bit_em,mad,0.593,0.901
0.40262824421052623,0.4728776926315789,0.03886760764630923,0.0016,0.0196,0.0016,0.05,0.33735140579101974,0.45846193873268987,0.0024,0.0024,0.6626485942089803,-1,0.0188,0.0024,0.0128,0.009771986970684038,0.0024,0.0038535645472061657,614,0.05050014174057425,wanet,0.05,rhash16,256,residual,zero,hamming_knn,mad,0.593,0.484
0.405324627368421,0.4758207789473684,0.04186468412882895,0.006,0.026,0.006,0.05,0.3459394041124633,0.43787075115400764,0.0036,0.0036,0.6540605958875367,-1,0.0036,0.0204,0.032821052631578945,0.031677018633540374,0.0204,0.024817518248175182,1610,0.05060963008886134,wanet,0.05,rhash16,256,residual,zero,hamming_ball,mad,0.593,0.466
0.40798834947368423,0.592509587368421,0.05116562514704626,0.0152,0.0824,0.0152,0.05,0.3867746118338229,0.439422996223248,0.004,0.004,0.6132253881661771,-1,0.004,0.128,0.08968421052631578,0.06986899563318777,0.128,0.0903954802259887,4580,0.0479964773227653,wanet,0.05,rhash16,256,residual,zero,block_collision,mad,0.593,0.725
0.44364892210526313,0.46713309894736843,0.04213215595099452,0.0048,0.0276,0.0048,0.05,0.4188563155686109,0.45513571128829206,0.0072,0.0072,0.5811436844313891,-1,0.0136,0.0084,0.01597894736842105,0.026923076923076925,0.0084,0.012804878048780487,780,0.0503657049979683,wanet,0.05,rhash16,256,residual,zero,hash_spectral,mad,0.593,0.056
0.5608882863157895,0.5004805136842105,0.061098068271924544,0.0148,0.0592,0.012,0.05,0.5805941670163659,0.4879053713806127,0.014,0.01,0.5805941670163659,1,0.014,0.0064,0.0053052631578947365,0.05970149253731343,0.0064,0.011560693641618497,268,0.04994771977801014,wanet,0.05,rhash16,256,residual,zero,hash_stability,mad,0.593,0.031
0.42806376842105265,0.43839606736842107,0.040029985774480074,0.0036,0.0224,0.0028,0.05,0.3786512379353756,0.4035549727234578,0.0008,0.0008,0.6213487620646244,-1,0.01,0.0,0.0030105263157894735,0.0,0.0,0.0,143,0.050143410153037686,wanet,0.05,rhash32,1024,residual,zero,bit_llr,mad,0.466,0.242
0.4888384042105263,0.18792464421052632,0.04852084491489196,0.0,0.0,0.0,0.05,0.4063325639949643,0.37178762064624427,0.0,0.0,0.5936674360050357,-1,0.0,0.3756,0.3329263157894737,0.056049662746970694,0.3756,0.09754324001454319,16753,0.046951604656059194,wanet,0.05,rhash32,1024,residual,zero,bit_em,mad,0.466,4.068
0.3879389431578947,0.45229138947368425,0.03710277870975206,0.0,0.006,0.0,0.05,0.32577477968946705,0.42937830465799415,0.0012,0.0012,0.674225220310533,-1,0.012,0.0024,0.037136842105263156,0.003389830508474576,0.0024,0.002810304449648712,1770,0.05171055359734605,wanet,0.05,rhash32,1024,residual,zero,hamming_knn,mad,0.466,0.557
0.3984795115789474,0.4180646989473684,0.04226005877555171,0.0012,0.0128,0.0012,0.05,0.33249458665547627,0.4002278640369282,0.0012,0.0012,0.6675054133445237,-1,0.0012,0.0348,0.09298947368421052,0.019316163410301953,0.0348,0.02484294688749286,4504,0.053037629681730265,wanet,0.05,rhash32,1024,residual,zero,hamming_ball,mad,0.466,0.551
0.4282509684210526,0.4748431915789474,0.04508124537709812,0.0236,0.0356,0.0236,0.05,0.4186511120436424,0.4612491397398238,0.0,0.0,0.5813488879563575,-1,0.0076,0.0348,0.024336842105263157,0.06999195494770716,0.0348,0.046486775313919315,1243,0.04949032959369937,wanet,0.05,rhash32,1024,residual,zero,block_collision,mad,0.466,3.193
0.42080015578947366,0.4420762315789474,0.03937660078448507,0.0,0.012,0.0,0.05,0.37327671002937474,0.4228028535459505,0.0036,0.0036,0.6267232899706252,-1,0.018,0.0016,0.028968421052631577,0.002898550724637681,0.0016,0.002061855670103093,1380,0.051336898395721926,wanet,0.05,rhash32,1024,residual,zero,hash_spectral,mad,0.466,0.185
0.5470467747368422,0.5037220505263158,0.05834831204449405,0.014,0.0588,0.01,0.05,0.5692793537557701,0.5111538816617709,0.018,0.01,0.5692793537557701,1,0.018,0.006,0.005452631578947369,0.05474452554744526,0.006,0.010814708002883922,274,0.04997385673490729,wanet,0.05,rhash32,1024,residual,zero,hash_stability,mad,0.466,0.033
0.40919995789473684,0.4910992210526316,0.03928839135263398,0.0044,0.0264,0.0132,0.05,0.36255216114141836,0.48667373059169117,0.0016,0.01,0.6374478388585816,-1,0.026,0.006,0.0023157894736842107,0.12,0.006,0.011428571428571429,125,0.04982456140350877,wanet,0.05,rhash_rgb,768,residual,zero,bit_llr,mad,1.678,0.196
0.27540177263157894,0.575019865263158,0.03530239552207756,0.0,0.0,0.0,0.05,0.4475278220730171,0.503418338229123,0.0,0.0,0.5524721779269829,-1,0.0,0.496,0.2578315789473684,0.09194038703937124,0.496,0.1551260399074248,13487,0.03450825733300468,wanet,0.05,rhash_rgb,768,residual,zero,bit_em,mad,1.678,2.932
0.4308622947368421,0.45617704842105267,0.04069777495410979,0.0008,0.024,0.0008,0.05,0.3789511120436425,0.4402710029374738,0.0012,0.0012,0.6210488879563575,-1,0.0124,0.0032,0.014294736842105263,0.011644832605531296,0.0032,0.005020395356134295,687,0.050534341857116784,wanet,0.05,rhash_rgb,768,residual,zero,hamming_knn,mad,1.678,0.528
0.44284121263157894,0.4448754694736842,0.044375691073886114,0.0052,0.0328,0.0052,0.05,0.3823651279899287,0.416370163659253,0.0028,0.0028,0.6176348720100713,-1,0.0028,0.0228,0.03551578947368421,0.03268348623853211,0.0228,0.026861451460885956,1744,0.05062582891246684,wanet,0.05,rhash_rgb,768,residual,zero,hamming_ball,mad,1.678,0.519
0.4580835663157895,0.4740666610526316,0.04484866711483908,0.0,0.0092,0.0,0.05,0.37292706672261855,0.4258534200587495,0.0052,0.0052,0.6270729332773815,-1,0.0052,0.0192,0.05976842105263158,0.01662625562868029,0.0192,0.017820679413402638,2887,0.05204508309808333,wanet,0.05,rhash_rgb,768,residual,zero,block_collision,mad,1.678,2.076
0.4521192168421053,0.4732484757894737,0.043356458544882716,0.0076,0.0316,0.0076,0.05,0.4317028955098616,0.4585234578262694,0.008,0.008,0.5682971044901384,-1,0.0124,0.014,0.018126315789473685,0.0390625,0.014,0.02061248527679623,896,0.05019957640925383,wanet,0.05,rhash_rgb,768,residual,zero,hash_spectral,mad,1.678,0.117
0.5567152631578948,0.4808236715789473,0.05760821835898687,0.0144,0.0512,0.0092,0.05,0.5857879143936215,0.486295383969786,0.0172,0.0116,0.5857879143936215,1,0.0172,0.0056,0.006063157894736842,0.046357615894039736,0.0056,0.009992862241256246,302,0.05002213368747233,wanet,0.05,rhash_rgb,768,residual,zero,hash_stability,mad,1.678,0.034
0.3484841642105263,0.48748793263157897,0.03458697837191296,0.0,0.0064,0.0024,0.05,0.2637652538816618,0.4953952161141418,0.0012,0.0208,0.7362347461183383,-1,0.0208,0.0,0.0006315789473684211,0.0,0.0,0.0,30,0.05003001801080648,wanet,0.05,rhash_energy,256,residual,mean,bit_llr,mad,0.607,0.094
0.4667752336842106,0.4475203073684211,0.0681553836200919,0.0,0.1472,0.0,0.05,0.2611122534620227,0.30975060847671,0.0,0.0,0.7388877465379773,-1,0.0,0.2296,0.20387368421052632,0.05595632676935075,0.2296,0.08998275591785547,10258,0.048462583664636905,wanet,0.05,rhash_energy,256,residual,mean,bit_em,mad,0.607,0.918
0.3219094315789473,0.48618818105263156,0.03332033397326022,0.0,0.0016,0.0,0.05,0.23297515736466637,0.49551653378094834,0.0016,0.0016,0.7670248426353337,-1,0.0384,0.0,0.0008421052631578948,0.0,0.0,0.0,40,0.0500400320256205,wanet,0.05,rhash_energy,256,residual,mean,hamming_knn,mad,0.607,0.457
0.47727476210526315,0.20034768842105266,0.05754940171845256,0.0,0.0,0.0,0.05,0.34357062526227444,0.34357062526227444,0.0004,0.0004,0.6564293747377256,-1,0.0004,0.0048,0.15606315789473685,0.0016161616161616162,0.0048,0.0024181360201511333,7425,0.0584380504991192,wanet,0.05,rhash_energy,256,residual,mean,hamming_ball,mad,0.607,0.445
0.3238666778947369,0.6808021894736842,0.04211656555378951,0.0,0.0,0.0,0.05,0.3270997482165337,0.6507629458665548,0.0,0.0584,0.6729002517834664,-1,0.0584,0.5704,0.17214736842105263,0.14849526189732376,0.5704,0.23564405519292736,9603,0.02658613263361141,wanet,0.05,rhash_energy,256,residual,mean,block_collision,mad,0.607,0.706
0.4678932631578947,0.47791642105263155,0.045123505101574965,0.008,0.0336,0.008,0.05,0.45457629039026437,0.47239097775912714,0.0112,0.0112,0.5454237096097356,-1,0.016,0.0012,0.0015157894736842106,0.04,0.0012,0.002330097087378641,75,0.050015022533800704,wanet,0.05,rhash_energy,256,residual,mean,hash_spectral,mad,0.607,0.056
0.4371221768421052,0.5319562189473684,0.043163717865888566,0.0056,0.0324,0.0236,0.05,0.43101829626521193,0.5393688208141,0.0128,0.006,0.5689817037347881,-1,0.0128,0.0072,0.0028842105263157895,0.11612903225806452,0.0072,0.013559322033898305,155,0.049794362523823854,wanet,0.05,rhash_energy,256,residual,mean,hash_stability,mad,0.607,0.032
0.42905500631578947,0.4909556294736842,0.041353858963257106,0.008,0.0316,0.0128,0.05,0.3874140159462862,0.484934536298783,0.002,0.0072,0.6125859840537138,-1,0.0208,0.004,0.002294736842105263,0.08403361344537816,0.004,0.007636502481863307,119,0.04991880676008901,wanet,0.05,ahash_res,256,residual,mean,bit_llr,mad,0.594,0.093
0.5075520884210526,0.5264861094736842,0.05078167903448934,0.0,0.0,0.0,0.05,0.4617100713386487,0.4270373898447335,0.0,0.0,0.5382899286613513,-1,0.0,0.0,0.11134736842105263,0.0,0.0,0.0,5289,0.055914651875377426,wanet,0.05,ahash_res,256,residual,mean,bit_em,mad,0.594,0.908
0.39744919157894737,0.4704176042105263,0.038329840119719634,0.0008,0.018,0.0008,0.05,0.33534792278640374,0.46541917750734363,0.0024,0.0024,0.6646520772135962,-1,0.0184,0.002,0.013073684210526315,0.007987220447284345,0.002,0.003198976327575176,626,0.05053266901608134,wanet,0.05,ahash_res,256,residual,mean,hamming_knn,mad,0.594,0.467
0.40648242105263155,0.4746646736842105,0.041879311895217645,0.0056,0.0272,0.0056,0.05,0.3440531682752832,0.43385065044062104,0.0036,0.0036,0.6559468317247168,-1,0.0036,0.0216,0.03437894736842105,0.032009484291641965,0.0216,0.02579412467160258,1687,0.050628195309750997,wanet,0.05,ahash_res,256,residual,mean,hamming_ball,mad,0.594,0.461
0.4121432252631579,0.5986243747368422,0.053344865121557394,0.0264,0.0872,0.0264,0.05,0.3874531682752832,0.44141200167855643,0.004,0.004,0.6125468317247168,-1,0.004,0.1292,0.0868,0.07264957264957266,0.1292,0.09300316729052692,4446,0.047789436712473106,wanet,0.05,ahash_res,256,residual,mean,block_collision,mad,0.594,0.709
0.44263787789473685,0.46536055578947366,0.041988735137997196,0.0048,0.0276,0.0048,0.05,0.4186920688208141,0.45282337389844735,0.008,0.008,0.5813079311791859,-1,0.0108,0.008,0.01568421052631579,0.026143790849673203,0.008,0.01225114854517611,765,0.0503706712704377,wanet,0.05,ahash_res,256,residual,mean,hash_spectral,mad,0.594,0.056
0.5643499452631578,0.500960547368421,0.06177076592359393,0.0148,0.066,0.012,0.05,0.5784693243810324,0.49013273185060846,0.014,0.01,0.5784693243810324,1,0.014,0.0064,0.004821052631578947,0.0653061224489796,0.0064,0.011657559198542805,245,0.049924630690382873,wanet,0.05,ahash_res,256,residual,mean,hash_stability,mad,0.594,0.03
0.40378140210526314,0.5015166484210526,0.03816125652954773,0.0,0.004,0.0,0.05,0.3895135123793538,0.4994521611414184,0.0032,0.006,0.6104864876206462,-1,0.006,0.0,0.0010105263157894737,0.0,0.0,0.0,48,0.05004804612427931,refool,0.05,ahash,64,spatial,mean,bit_llr,mad,0.144,0.058
0.6785676968421053,0.5399217978947368,0.16616555393407453,0.0,0.4388,0.0,0.05,0.4477995803608896,0.4709578682333194,0.0,0.0,0.5522004196391104,-1,0.0,0.4356,0.3291578947368421,0.06511600095670893,0.4356,0.11329588014981273,16724,0.04240293304483712,refool,0.05,ahash,64,spatial,mean,bit_em,mad,0.144,0.294
0.4249084715789474,0.4958324168421053,0.042044562352774255,0.006,0.044,0.0052,0.05,0.3762226605119597,0.47960843474611836,0.002,0.002,0.6237773394880404,-1,0.0272,0.0,0.0,0.0,0.0,0.0,0,0.05,refool,0.05,ahash,64,spatial,mean,hamming_knn,mad,0.144,0.452
0.514486012631579,0.18893273263157895,0.05872982427311791,0.0,0.0,0.0,0.05,0.41522010071338655,0.41522010071338655,0.0016,0.0016,0.5847798992866134,-1,0.0016,0.0136,0.15305263157894736,0.004654983570646221,0.0136,0.0069359445124439,7304,0.05775716694772344,refool,0.05,ahash,64,spatial,mean,hamming_ball,mad,0.144,0.444
0.4268071705263158,0.4767826652631579,0.049801954487757594,0.0,0.0588,0.0,0.05,0.38599832144355856,0.4714882920688207,0.0,0.0,0.6140016785564415,-1,0.022,0.1808,0.10665263157894737,0.08191373686118159,0.1808,0.11274632077824893,5518,0.04604109527449305,refool,0.05,ahash,64,spatial,mean,block_collision,mad,0.144,0.159
0.5005114526315789,0.45779689263157897,0.048236568602868214,0.002,0.0444,0.002,0.05,0.47430432228283675,0.44379244649601346,0.0028,0.0028,0.5256956777171633,-1,0.0128,0.0,0.0008842105263157895,0.0,0.0,0.0,42,0.050042035309660116,refool,0.05,ahash,64,spatial,mean,hash_spectral,mad,0.144,0.046
0.42930128842105264,0.4870544336842105,0.04163706972689005,0.002,0.0168,0.002,0.05,0.4234990767939572,0.5216420898027697,0.0136,0.0092,0.5765009232060427,-1,0.0136,0.0,0.0004631578947368421,0.0,0.0,0.0,22,0.05002200968426108,refool,0.05,ahash,64,spatial,mean,hash_stability,mad,0.144,0.029
0.4099722652631579,0.5254854526315789,0.03945685464051796,0.0,0.0,0.0,0.05,0.40645912715065047,0.5342456147712966,0.0,0.0,0.5935408728493495,-1,0.0,0.0,0.0013263157894736841,0.0,0.0,0.0,63,0.05006307948014498,refool,0.05,ahash4,16,spatial,mean,bit_llr,mad,0.136,0.048
0.6731132042105263,0.5976673347368422,0.1600956811228417,0.0472,0.46,0.0,0.05,0.4612019303399077,0.47856844313890057,0.0,0.0,0.5387980696600922,-1,0.0,0.406,0.15336842105263157,0.12228915662650602,0.406,0.18796296296296297,8300,0.03561151079136691,refool,0.05,ahash4,16,spatial,mean,bit_em,mad,0.136,0.15
0.4586934821052632,0.48139783999999997,0.04875344496004147,0.0,0.0644,0.002,0.05,0.39605048258497694,0.4718180025178346,0.0,0.0144,0.6039495174150231,-1,0.0144,0.0,0.0,0.0,0.0,0.0,0,0.05,refool,0.05,ahash4,16,spatial,mean,hamming_knn,mad,0.136,0.409
0.47482714947368415,0.43666263578947373,0.050581530856711174,0.0,0.0724,0.0,0.05,0.40358640369282417,0.4285886697440201,0.0,0.0,0.5964135963071758,-1,0.0,0.1164,0.13242105263157894,0.04421820392037684,0.1164,0.06408985794516023,6581,0.050876344457495566,refool,0.05,ahash4,16,spatial,mean,hamming_ball,mad,0.136,0.406
0.4592488631578947,0.48420216842105257,0.05056521730892027,0.0312,0.0412,0.0312,0.05,0.4120514897188418,0.43149446076374315,0.0,0.0,0.5879485102811581,-1,0.0,0.1436,0.18458947368421053,0.03933384463679194,0.1436,0.06175281671970414,9127,0.05238176791524968,refool,0.05,ahash4,16,spatial,mean,block_collision,mad,0.136,0.041
0.4999633136842105,0.48991464421052633,0.05066432205258496,0.004,0.0604,0.004,0.05,0.48257201007133865,0.46636206462442303,0.0,0.0,0.5174279899286613,-1,0.0096,0.0,0.0022315789473684212,0.0,0.0,0.0,106,0.05010622519741853,refool,0.05,ahash4,16,spatial,mean,hash_spectral,mad,0.136,0.044
0.4630112968421053,0.36939223578947367,0.04471218024016788,0.0,0.0004,0.0,0.05,0.43696718422156944,0.4885654217373059,0.0004,0.0004,0.5630328157784306,-1,0.0004,0.0,0.002505263157894737,0.0,0.0,0.0,119,0.0501192838956717,refool,0.05,ahash4,16,spatial,mean,hash_stability,mad,0.136,0.025
0.39337110736842107,0.48931098105263154,0.03727461886161841,0.0,0.0024,0.0,0.05,0.3756164498531263,0.4815216953420059,0.0028,0.006,0.6243835501468737,-1,0.006,0.0,0.0006736842105263158,0.0,0.0,0.0,32,0.05003202049311559,refool,0.05,ahash16,256,spatial,mean,bit_llr,mad,0.193,0.092
0.6821765726315789,0.5738588042105264,0.179962084009689,0.0,0.4404,0.0,0.05,0.46576240033571126,0.4709987410826688,0.0,0.0,0.5342375996642887,-1,0.0,0.4588,0.39389473684210524,0.05776300548924813,0.4588,0.10260768439414948,19857,0.044886043194108084,refool,0.05,ahash16,256,spatial,mean,bit_em,mad,0.193,0.891
0.3984670905263158,0.49696648,0.03880998879475865,0.0044,0.0324,0.004,0.05,0.34338002517834665,0.48724993705413344,0.0024,0.0028,0.6566199748216534,-1,0.0268,0.0,0.0,0.0,0.0,0.0,0,0.05,refool,0.05,ahash16,256,spatial,mean,hamming_knn,mad,0.193,0.473
0.4767020084210526,0.2388267663157895,0.053807899644516044,0.0,0.0,0.0,0.05,0.40949089383130505,0.40949089383130505,0.002,0.002,0.5905091061686949,-1,0.002,0.0104,0.14042105263157895,0.003882915173237754,0.0104,0.005654632448890822,6696,0.05713098097173471,refool,0.05,ahash16,256,spatial,mean,hamming_ball,mad,0.193,0.461
0.29860691368421055,0.7098360168421052,0.040067709524060226,0.0,0.0,0.0648,0.05,0.37942819974821645,0.5864772975241292,0.0,0.024,0.6205718002517835,-1,0.024,0.5328,0.0812421052631579,0.2565979580042381,0.5328,0.34637888441034975,5191,0.02606619205963088,refool,0.05,ahash16,256,spatial,mean,block_collision,mad,0.193,0.685
0.4983128294736842,0.4534569768421053,0.047637057278613865,0.0044,0.0396,0.0044,0.05,0.4706980276961813,0.4331415023080151,0.0024,0.0024,0.5293019723038187,-1,0.0072,0.0,0.0006736842105263158,0.0,0.0,0.0,32,0.05003202049311559,refool,0.05,ahash16,256,spatial,mean,hash_spectral,mad,0.193,0.055
0.5256629768421053,0.5389106273684211,0.05847609288422889,0.0152,0.0772,0.0116,0.05,0.5230610155266471,0.5495639530004196,0.008,0.0072,0.5230610155266471,1,0.0096,0.0016,0.0011368421052631579,0.06896551724137931,0.0016,0.003127443315089914,58,0.04997797445036242,refool,0.05,ahash16,256,spatial,mean,hash_stability,mad,0.193,0.033
0.3925626105263158,0.48097591157894737,0.03715695181455639,0.0,0.002,0.0,0.05,0.36922337389844734,0.46994292908099033,0.002,0.004,0.6307766261015526,-1,0.004,0.0,0.0005684210526315789,0.0,0.0,0.0,27,0.05002701458787746,refool,0.05,ahash32,1024,spatial,mean,bit_llr,mad,0.355,0.241
0.6140614315789473,0.4719130526315789,0.09469301269484057,0.0,0.0,0.0,0.05,0.46970910616869493,0.4724449853126311,0.0,0.0,0.5302908938313051,-1,0.0,0.0,0.19903157894736842,0.0,0.0,0.0,9454,0.06165836334040349,refool,0.05,ahash32,1024,spatial,mean,bit_em,mad,0.355,4.079
0.3841269978947368,0.49603078315789473,0.037407214342135384,0.0024,0.0232,0.0024,0.05,0.3234972723457826,0.4898250944187998,0.002,0.0024,0.6765027276542174,-1,0.0304,0.0,2.105263157894737e-05,0.0,0.0,0.0,1,0.0500010000200004,refool,0.05,ahash32,1024,spatial,mean,hamming_knn,mad,0.355,0.563
0.4798451326315789,0.24146008842105263,0.0543978928018979,0.0,0.0,0.0,0.05,0.40222123373898444,0.40222123373898444,0.002,0.002,0.5977787662610156,-1,0.002,0.0088,0.14509473684210528,0.003181949667341626,0.0088,0.004673889951136605,6914,0.05751288121431555,refool,0.05,ahash32,1024,spatial,mean,hamming_ball,mad,0.355,0.552
0.3942229052631579,0.3928537347368421,0.04301819764780613,0.0,0.0,0.0,0.05,0.40621208560637856,0.5937879143936214,0.0,0.0076,0.5937879143936214,-1,0.0076,0.0024,0.13991578947368422,0.0009019843656043296,0.0024,0.0013111888111888112,6652,0.057534372981452434,refool,0.05,ahash32,1024,spatial,mean,block_collision,mad,0.355,2.915
0.4993330147368421,0.44987801263157895,0.04753988039285625,0.004,0.0364,0.004,0.05,0.46912916491817036,0.4272146873688627,0.002,0.002,0.5308708350818296,-1,0.0084,0.0,0.0005052631578947368,0.0,0.0,0.0,24,0.05002401152553226,refool,0.05,ahash32,1024,spatial,mean,hash_spectral,mad,0.355,0.188
0.5368554273684211,0.5340060463157895,0.05960199500157865,0.014,0.0828,0.0088,0.05,0.537551741502308,0.5414177087704574,0.0048,0.0048,0.537551741502308,1,0.0068,0.002,0.0015157894736842106,0.06493506493506493,0.002,0.0038804811796662787,77,0.049976964525369066,refool,0.05,ahash32,1024,spatial,mean,hash_stability,mad,0.355,0.036
0.45906835368421056,0.46622695578947365,0.04289064683637516,0.0,0.0208,0.0,0.05,0.42953608896349144,0.4495739404112463,0.0,0.0048,0.5704639110365086,-1,0.0048,0.0,0.0013894736842105264,0.0,0.0,0.0,66,0.0500660872351504,refool,0.05,mhash,64,spatial,median,bit_llr,mad,0.17,0.057
0.44767578947368425,0.4798483115789474,0.04772798858393701,0.0,0.0,0.0,0.05,0.4476785144775493,0.5238043222828368,0.0,0.0,0.5523214855224508,-1,0.0,0.0,0.27949473684210524,0.0,0.0,0.0,13276,0.06807537305304433,refool,0.05,mhash,64,spatial,median,bit_em,mad,0.17,0.295
0.4552486863157894,0.48248491368421054,0.04499723987229884,0.0056,0.0356,0.0056,0.05,0.40848606798153586,0.46791082668904743,0.0,0.0,0.5915139320184641,-1,0.028,0.0,4.210526315789474e-05,0.0,0.0,0.0,2,0.0500020000800032,refool,0.05,mhash,64,spatial,median,hamming_knn,mad,0.17,0.446
0.42518109473684207,0.5707155831578946,0.05950302122893282,0.036,0.0832,0.036,0.05,0.42556856903063367,0.43214997901804447,0.0,0.0,0.5744314309693663,-1,0.0,0.1472,0.1813263157894737,0.040975392495267784,0.1472,0.06410591411897919,8981,0.05197591360101417,refool,0.05,mhash,64,spatial,median,hamming_ball,mad,0.17,0.44
0.44741718736842107,0.49464809684210526,0.04684004327492076,0.0,0.038,0.0,0.05,0.42081523289970624,0.4833033571128829,0.0,0.0,0.5791847671002938,-1,0.008,0.1388,0.1027578947368421,0.0663733741392502,0.1388,0.08980331262939958,5228,0.0480880907710176,refool,0.05,mhash,64,spatial,median,block_collision,mad,0.17,0.16
0.4634127747368421,0.46682642947368425,0.044010272044747306,0.0036,0.0368,0.0036,0.05,0.4354773814519513,0.45944464960134285,0.0052,0.0052,0.5645226185480487,-1,0.014,0.0,0.0003368421052631579,0.0,0.0,0.0,16,0.05001600512163892,refool,0.05,mhash,64,spatial,median,hash_spectral,mad,0.17,0.046
0.4305140210526316,0.5199239494736843,0.042768799309778234,0.0024,0.0336,0.0024,0.05,0.42774867813680234,0.5087489299202685,0.0068,0.0076,0.5722513218631977,-1,0.0096,0.0008,0.002168421052631579,0.01904761904761905,0.0008,0.0015355086372360845,105,0.05006513678725323,refool,0.05,mhash,64,spatial,median,hash_stability,mad,0.17,0.027
0.38625464,0.5209775663157894,0.03714054692216741,0.0,0.0048,0.0004,0.05,0.3558871170793118,0.5266365925304238,0.0032,0.0132,0.6441128829206881,-1,0.0132,0.0,0.0014736842105263158,0.0,0.0,0.0,70,0.05007009813739235,refool,0.05,ahash_rgb,192,spatial,mean,bit_llr,mad,0.38,0.082
0.6901143410526317,0.5792498694736843,0.1822108206617528,0.0,0.4504,0.0,0.05,0.47228690725975664,0.47506235837180033,0.0,0.0,0.5277130927402434,-1,0.0,0.4688,0.3936210526315789,0.05898636066233832,0.4688,0.1047878760785015,19869,0.044074209286117286,refool,0.05,ahash_rgb,192,spatial,mean,bit_em,mad,0.38,0.66
0.4260354189473684,0.48700070736842105,0.04180799377603517,0.0076,0.044,0.0068,0.05,0.38318161980696597,0.4699923206042803,0.0012,0.0008,0.616818380193034,-1,0.0176,0.0,0.0,0.0,0.0,0.0,0,0.05,refool,0.05,ahash_rgb,192,spatial,mean,hamming_knn,mad,0.38,0.468
0.5207382021052632,0.2007041473684211,0.05996942633369893,0.0,0.0,0.0,0.05,0.42645564414603443,0.42645564414603443,0.0012,0.0012,0.5735443558539656,-1,0.0012,0.0156,0.16827368421052633,0.004855577689243028,0.0156,0.007406000759589822,8032,0.05863991612657263,refool,0.05,ahash_rgb,192,spatial,mean,hamming_ball,mad,0.38,0.456
0.46982631157894733,0.48310949894736843,0.05193377868991534,0.0,0.0,0.0,0.05,0.3915394880402854,0.466797608057071,0.0,0.0,0.6084605119597146,-1,0.0224,0.0,0.04126315789473684,0.0,0.0,0.0,1960,0.05203996669442131,refool,0.05,ahash_rgb,192,spatial,mean,block_collision,mad,0.38,0.408
0.4993771326315789,0.47625975157894734,0.04954876188093363,0.0076,0.0536,0.0076,0.05,0.4705193453629878,0.46737058329836334,0.006,0.006,0.5294806546370122,-1,0.012,0.0,0.0010526315789473684,0.0,0.0,0.0,50,0.05005005005005005,refool,0.05,ahash_rgb,192,spatial,mean,hash_spectral,mad,0.38,0.053
0.434129772631579,0.49669346947368415,0.041704146737134275,0.0016,0.02,0.0016,0.05,0.4159537977339488,0.5121705413344524,0.0108,0.0124,0.5840462022660512,-1,0.0132,0.0,0.0007157894736842105,0.0,0.0,0.0,34,0.0500340231357323,refool,0.05,ahash_rgb,192,spatial,mean,hash_stability,mad,0.38,0.033
0.46408032,0.48248358736842106,0.04468137464466034,0.006,0.0376,0.0088,0.05,0.43182929080990345,0.47121649181703734,0.002,0.0076,0.5681707091900965,-1,0.0164,0.0,6.31578947368421e-05,0.0,0.0,0.0,3,0.050003000180010804,refool,0.05,dhash,64,spatial,pairwise,bit_llr,mad,0.147,0.058
0.6084774484210527,0.6239036378947368,0.08332196916911704,0.0,0.0,0.0,0.05,0.5717204364246748,0.5576373478808225,0.0,0.0,0.5717204364246748,1,0.0,0.0,0.07703157894736842,0.0,0.0,0.0,3659,0.05394790790013163,refool,0.05,dhash,64,spatial,pairwise,bit_em,mad,0.147,0.301
0.48947630315789475,0.5259428673684211,0.06825368353624595,0.0428,0.0964,0.0428,0.05,0.4794642467477969,0.5193474611833823,0.0216,0.0216,0.520535753252203,-1,0.0216,0.0476,0.01271578947368421,0.16459197786998617,0.0476,0.07384424449270865,723,0.048318688231832295,refool,0.05,dhash,64,spatial,pairwise,hamming_knn,mad,0.147,0.45
0.5370698694736842,0.4885142568421052,0.06597662219797423,0.0372,0.1088,0.0372,0.05,0.48618493495593795,0.5135212337389845,0.0236,0.0236,0.513815065044062,-1,0.0236,0.1596,0.0924,0.08333333333333333,0.1596,0.10949506037321624,4788,0.046469963726444304,refool,0.05,dhash,64,spatial,pairwise,hamming_ball,mad,0.147,0.448
0.48233156631578955,0.5435753473684211,0.06828914606909871,0.0412,0.102,0.0412,0.05,0.4886417960553924,0.4925939152328997,0.0,0.0,0.5113582039446076,-1,0.0,0.152,0.09896842105263158,0.07478842747490651,0.152,0.10025062656641603,5081,0.04719606402635856,refool,0.05,dhash,64,spatial,pairwise,block_collision,mad,0.147,0.151
0.5180795621052632,0.5216642610526315,0.0542939185826236,0.0152,0.066,0.0152,0.05,0.5236401174989509,0.5301276961812841,0.0192,0.0192,0.5236401174989509,1,0.0192,0.0,0.0016210526315789473,0.0,0.0,0.0,77,0.050077118762894855,refool,0.05,dhash,64,spatial,pairwise,hash_spectral,mad,0.147,0.046
0.5029705136842105,0.45677774315789466,0.05039740374072289,0.0044,0.0292,0.0024,0.05,0.49947289131347045,0.5272638690725975,0.0104,0.0104,0.5005271086865295,-1,0.0104,0.0,0.00044210526315789476,0.0,0.0,0.0,21,0.050021008823705956,refool,0.05,dhash,64,spatial,pairwise,hash_stability,mad,0.147,0.028
0.43900643789473687,0.49004649263157896,0.042067711687769516,0.0056,0.0308,0.01,0.05,0.4041975241292489,0.4832626521191775,0.0048,0.0084,0.5958024758707511,-1,0.0144,0.0,0.00029473684210526316,0.0,0.0,0.0,14,0.05001400392109791,refool,0.05,dhash_v,64,spatial,pairwise,bit_llr,mad,0.137,0.057
0.6618628757894736,0.5862345389473684,0.11017571339494082,0.0,0.086,0.0,0.05,0.5242477968946706,0.4958182543013009,0.0,0.0,0.5242477968946706,1,0.0,0.0,0.029473684210526315,0.0,0.0,0.0,1400,0.051440329218107,refool,0.05,dhash_v,64,spatial,pairwise,bit_em,mad,0.137,0.297
0.410078572631579,0.4870484842105264,0.03953219544945482,0.0012,0.0192,0.0012,0.05,0.3762784305497272,0.5005934116659674,0.004,0.004,0.6237215694502728,-1,0.0244,0.0004,0.003473684210526316,0.006024096385542169,0.0004,0.0007501875468867217,166,0.05014648633463097,refool,0.05,dhash_v,64,spatial,pairwise,hamming_knn,mad,0.137,0.445
0.4470770484210526,0.4380692084210526,0.04357622028660988,0.0,0.0208,0.0,0.05,0.3836446915652539,0.43823625681913553,0.0072,0.0072,0.6163553084347462,-1,0.0072,0.0616,0.10861052631578948,0.028985507246376812,0.0616,0.03942147702547037,5313,0.05249848949358874,refool,0.05,dhash_v,64,spatial,pairwise,hamming_ball,mad,0.137,0.444
0.43276799157894735,0.43783475368421043,0.04195238111651672,0.0,0.016,0.0,0.05,0.3881274024339068,0.45127717163239606,0.0,0.0,0.6118725975660932,-1,0.0,0.0976,0.1502315789473684,0.033062330623306234,0.0976,0.04939271255060729,7380,0.05293289535429376,refool,0.05,dhash_v,64,spatial,pairwise,block_collision,mad,0.137,0.157
0.4707419536842105,0.4932026021052632,0.044998135020618446,0.0004,0.0284,0.0004,0.05,0.47291405791019725,0.49325388166177087,0.014,0.014,0.5270859420898028,-1,0.014,0.0,0.0005684210526315789,0.0,0.0,0.0,27,0.05002701458787746,refool,0.05,dhash_v,64,spatial,pairwise,hash_spectral,mad,0.137,0.046
0.5301159368421053,0.4430822568421052,0.05389351719070812,0.0024,0.0376,0.0024,0.05,0.5652657574485943,0.49921351237935374,0.006,0.0048,0.5652657574485943,1,0.0076,0.0,0.00031578947368421053,0.0,0.0,0.0,15,0.05001500450135041,refool,0.05,dhash_v,64,spatial,pairwise,hash_stability,mad,0.137,0.027
0.4856569726315789,0.47968145263157896,0.04859725343061423,0.0132,0.0544,0.0084,0.05,0.4613258078052875,0.4667196810742761,0.0028,0.0032,0.5386741921947125,-1,0.0056,0.0,0.0009894736842105264,0.0,0.0,0.0,47,0.050047044221568276,refool,0.05,dhash16,256,spatial,pairwise,bit_llr,mad,0.199,0.093
0.6440237389473684,0.653998867368421,0.20334689417871846,0.0,0.4216,0.0,0.05,0.5401638271086865,0.5306098195551825,0.0,0.0,0.5401638271086865,1,0.0,0.514,0.2668842105263158,0.09203552499641886,0.514,0.15611711821163893,13962,0.03371441256451523,refool,0.05,dhash16,256,spatial,pairwise,bit_em,mad,0.199,0.897
0.48669745684210525,0.48878691368421057,0.05357602488827764,0.0224,0.0776,0.0224,0.05,0.4519035669324381,0.4778349139739823,0.0116,0.0116,0.548096433067562,-1,0.0116,0.054,0.028715789473684212,0.09006004002668445,0.054,0.06751687921980495,1499,0.04876188119832581,refool,0.05,dhash16,256,spatial,pairwise,hamming_knn,mad,0.199,0.48
0.4675749178947369,0.49749890105263156,0.07532175973348919,0.052,0.1296,0.052,0.05,0.45373629878304655,0.47160172052035243,0.0108,0.0108,0.5462637012169534,-1,0.0108,0.1932,0.13766315789473685,0.06878382227285673,0.1932,0.10144927536231885,7022,0.04693098794732189,refool,0.05,dhash16,256,spatial,pairwise,hamming_ball,mad,0.199,0.479
0.46544104421052634,0.5147450821052632,0.0492891448799316,0.0,0.0,0.0,0.05,0.45112035249685273,0.4437386907259756,0.0,0.0,0.5488796475031472,-1,0.002,0.178,0.1637263157894737,0.05412308440768669,0.178,0.08300690169744451,8222,0.049188568145914116,refool,0.05,dhash16,256,spatial,pairwise,block_collision,mad,0.199,0.715
0.49706488421052636,0.4963080631578948,0.0490238140344049,0.0072,0.0492,0.0072,0.05,0.48968292068820807,0.49712878724297105,0.008,0.008,0.5103170793117919,-1,0.0092,0.0068,0.009873684210526316,0.03497942386831276,0.0068,0.011386470194239785,486,0.0501474330492386,refool,0.05,dhash16,256,spatial,pairwise,hash_spectral,mad,0.199,0.056
0.5078951705263157,0.48400786105263155,0.050472941202616715,0.0016,0.0352,0.0124,0.05,0.5365663449433486,0.48687620646244234,0.0092,0.0096,0.5365663449433486,1,0.0096,0.0036,0.0030105263157894735,0.05921052631578947,0.0036,0.006787330316742082,152,0.04997191462044616,refool,0.05,dhash16,256,spatial,pairwise,hash_stability,mad,0.199,0.03
0.4493182189473684,0.49881901894736835,0.04391750623697903,0.0076,0.0412,0.02,0.05,0.41164112463281577,0.4910779269827948,0.0036,0.0136,0.5883588753671842,-1,0.026,0.0,0.00029473684210526316,0.0,0.0,0.0,14,0.05001400392109791,refool,0.05,blockhash,256,spatial,median,bit_llr,mad,0.369,0.093
0.7279788378947369,0.56015288,0.26164243102871526,0.0,0.542,0.0,0.05,0.5600735207721359,0.5641560218212336,0.0,0.0,0.5600735207721359,1,0.0,0.5508,0.2864,0.09191642747480142,0.5508,0.15754247468680282,14981,0.03206830577686399,refool,0.05,blockhash,256,spatial,median,bit_em,mad,0.369,0.881
0.47087826105263153,0.5346203536842106,0.05502404913139227,0.0252,0.0708,0.0248,0.05,0.4595797733948804,0.5461021401594628,0.0148,0.0148,0.5404202266051197,-1,0.0184,0.0068,0.0015789473684210526,0.18478260869565216,0.0068,0.013117283950617283,92,0.04975154283882344,refool,0.05,blockhash,256,spatial,median,hamming_knn,mad,0.369,0.473
0.4681684505263158,0.49027352842105265,0.04671343834732509,0.0,0.0304,0.0,0.05,0.46783008812421323,0.514610281158204,0.0304,0.0304,0.5321699118757868,-1,0.0304,0.1264,0.15096842105263159,0.0422064912515026,0.1264,0.06328226694703114,7487,0.05137252134641169,refool,0.05,blockhash,256,spatial,median,hamming_ball,mad,0.369,0.464
0.4947920126315789,0.48873457263157893,0.06103870549434104,0.0,0.0836,0.0,0.05,0.4744493915232899,0.45160239194292906,0.0,0.0148,0.5255506084767101,-1,0.0148,0.0,0.017305263157894737,0.0,0.0,0.0,822,0.050835739558339095,refool,0.05,blockhash,256,spatial,median,block_collision,mad,0.369,0.709
0.5563038989473684,0.5457990652631579,0.0681641983408674,0.0256,0.1108,0.0256,0.05,0.5758887117079312,0.5623869072597566,0.0404,0.0404,0.5758887117079312,1,0.0404,0.0,0.0005473684210526316,0.0,0.0,0.0,26,0.050026013527034056,refool,0.05,blockhash,256,spatial,median,hash_spectral,mad,0.369,0.055
0.5119533810526316,0.5156539873684209,0.0547163956170212,0.0124,0.0544,0.0072,0.05,0.5114780948384389,0.5434914393621486,0.0228,0.0176,0.5114780948384389,1,0.0228,0.0004,0.001957894736842105,0.010638297872340425,0.0004,0.0007710100231303007,94,0.05007413938203823,refool,0.05,blockhash,256,spatial,median,hash_stability,mad,0.369,0.03
0.4159417431578947,0.47002539789473685,0.039488694310984014,0.0048,0.026,0.0044,0.05,0.3644581619806966,0.45263524968527064,0.0008,0.0048,0.6355418380193034,-1,0.0092,0.0,0.00018947368421052632,0.0,0.0,0.0,9,0.050009001620291656,refool,0.05,phash,64,frequency,median,bit_llr,mad,0.539,0.057
0.38161582736842103,0.41659047157894735,0.03662717497514846,0.0,0.0,0.0,0.05,0.3682587075115401,0.49861569450272764,0.0004,0.0052,0.6317412924884599,-1,0.0052,0.0,0.039578947368421054,0.0,0.0,0.0,1880,0.051953449709060684,refool,0.05,phash,64,frequency,median,bit_em,mad,0.539,0.296
0.33704430315789474,0.4965567957894737,0.03599041532012581,0.002,0.0092,0.002,0.05,0.2878234997901804,0.4841119177507343,0.0008,0.0008,0.7121765002098196,-1,0.0228,0.002,0.0084,0.012376237623762377,0.002,0.003443526170798898,404,0.05030647632873619,refool,0.05,phash,64,frequency,median,hamming_knn,mad,0.539,0.427
0.3674511452631579,0.41997925473684217,0.03736368888256046,0.0,0.0036,0.0,0.05,0.2889684011749895,0.43262320604280324,0.0,0.0,0.7110315988250104,-1,0.0196,0.0012,0.026989473684210525,0.0023346303501945525,0.0012,0.001585204755614267,1285,0.05125731294262548,refool,0.05,phash,64,frequency,median,hamming_ball,mad,0.539,0.425
0.4515628336842105,0.46895643368421047,0.04238187828337768,0.0028,0.0176,0.0028,0.05,0.434503399076794,0.4597208560637851,0.0036,0.0036,0.5654966009232061,-1,0.0112,0.0,0.002863157894736842,0.0,0.0,0.0,136,0.05013637092892668,refool,0.05,phash,64,frequency,median,hash_spectral,mad,0.539,0.046
0.5645644421052632,0.4878864884210526,0.06423651350939763,0.0,0.022,0.0,0.05,0.6045833403273184,0.5164997482165338,0.006,0.0068,0.6045833403273184,1,0.006,0.0,0.0073052631578947366,0.0,0.0,0.0,347,0.05034942500956639,refool,0.05,phash,64,frequency,median,hash_stability,mad,0.539,0.026
0.41594174315789467,0.47002541894736843,0.03948869576073963,0.0048,0.026,0.0044,0.05,0.3644581619806966,0.45263529164918176,0.0008,0.0048,0.6355418380193034,-1,0.0092,0.0,0.00018947368421052632,0.0,0.0,0.0,9,0.050009001620291656,refool,0.05,phash_nodc,63,frequency,median,bit_llr,mad,0.533,0.059
0.3814501431578947,0.4168759663157895,0.036618808174619114,0.0,0.0,0.0,0.05,0.36826055392362567,0.49903516575744855,0.0004,0.0052,0.6317394460763743,-1,0.0052,0.0,0.039578947368421054,0.0,0.0,0.0,1880,0.051953449709060684,refool,0.05,phash_nodc,63,frequency,median,bit_em,mad,0.533,0.296
0.33704430315789474,0.4965567957894737,0.03599041532012581,0.002,0.0092,0.002,0.05,0.2878234997901804,0.4841119177507343,0.0008,0.0008,0.7121765002098196,-1,0.0228,0.002,0.0084,0.012376237623762377,0.002,0.003443526170798898,404,0.05030647632873619,refool,0.05,phash_nodc,63,frequency,median,hamming_knn,mad,0.533,0.428
0.3674511452631579,0.41997925473684217,0.03736368888256046,0.0,0.0036,0.0,0.05,0.2889684011749895,0.43262320604280324,0.0,0.0,0.7110315988250104,-1,0.0196,0.0012,0.026989473684210525,0.0023346303501945525,0.0012,0.001585204755614267,1285,0.05125731294262548,refool,0.05,phash_nodc,63,frequency,median,hamming_ball,mad,0.533,0.427
0.46303767578947364,0.48140078736842107,0.044363994775854794,0.0072,0.0308,0.0072,0.05,0.44384200587494754,0.47022920688208136,0.002,0.002,0.5561579941250525,-1,0.01,0.002,0.0023789473684210525,0.0423728813559322,0.002,0.0038197097020626434,118,0.05001804258048995,refool,0.05,phash_nodc,63,frequency,median,hash_spectral,mad,0.533,0.046
0.5645644421052632,0.4878864884210526,0.06423651350939763,0.0,0.022,0.0,0.05,0.6045833403273184,0.5164997482165338,0.006,0.0068,0.6045833403273184,1,0.006,0.0,0.0073052631578947366,0.0,0.0,0.0,347,0.05034942500956639,refool,0.05,phash_nodc,63,frequency,median,hash_stability,mad,0.533,0.026
0.40948339368421055,0.4729325810526316,0.03883613635139938,0.0052,0.0196,0.004,0.05,0.35674922366764583,0.4634277381451951,0.0016,0.0092,0.6432507763323542,-1,0.0132,0.0,0.0002105263157894737,0.0,0.0,0.0,10,0.05001000200040008,refool,0.05,phash_mean,64,frequency,mean,bit_llr,mad,0.5,0.057
0.3242892463157895,0.6316662905263157,0.035036966210628726,0.0,0.0,0.0,0.05,0.3870806126731011,0.5982064624422996,0.0048,0.024,0.6129193873268989,-1,0.024,0.0,0.0,0.0,0.0,0.0,0,0.05,refool,0.05,phash_mean,64,frequency,mean,bit_em,mad,0.5,0.298
0.3736538821052631,0.4657466821052631,0.03707661128488016,0.0008,0.0068,0.0008,0.05,0.3181616869492237,0.4710434326479228,0.0012,0.0012,0.6818383130507764,-1,0.0284,0.0,0.005831578947368421,0.0,0.0,0.0,277,0.050278543128934296,refool,0.05,phash_mean,64,frequency,mean,hamming_knn,mad,0.5,0.437
0.36721881263157896,0.44656296842105264,0.03767455989948795,0.0,0.0052,0.0,0.05,0.3263348300461602,0.4450313050776333,0.0016,0.0016,0.6736651699538398,-1,0.0016,0.0052,0.04871578947368421,0.00558659217877095,0.0052,0.0053863683447275745,2327,0.05216789377635139,refool,0.05,phash_mean,64,frequency,mean,hamming_ball,mad,0.5,0.445
0.5523537389473684,0.5337838568421053,0.06660056355971583,0.0256,0.0964,0.0256,0.05,0.5672041963911036,0.5459549727234578,0.0192,0.0192,0.5672041963911036,1,0.0192,0.0044,0.0013263157894736841,0.14864864864864866,0.0044,0.008547008547008548,74,0.0498537835997276,refool,0.05,phash_mean,64,frequency,mean,hash_spectral,mad,0.5,0.046
0.46587688000000005,0.5323165010526316,0.04754855757953784,0.0072,0.0412,0.0076,0.05,0.47660780528745283,0.5048227024758708,0.006,0.0052,0.5233921947125472,-1,0.006,0.0016,0.0018736842105263158,0.043010752688172046,0.0016,0.0030852294639413806,93,0.05001302422505861,refool,0.05,phash_mean,64,frequency,mean,hash_stability,mad,0.5,0.028
0.41221865684210524,0.47857264421052637,0.039067465625784906,0.004,0.0196,0.006,0.05,0.36420222408728486,0.46754985312631137,0.0008,0.0068,0.6357977759127151,-1,0.0168,0.0,0.0002105263157894737,0.0,0.0,0.0,10,0.05001000200040008,refool,0.05,phash16,256,frequency,median,bit_llr,mad,0.64,0.093
0.3970454568421053,0.38686581894736843,0.037539598108707335,0.0,0.0,0.0,0.05,0.37006634494334867,0.3879224087284935,0.0004,0.0004,0.6299336550566513,-1,0.0052,0.0,0.1267157894736842,0.0,0.0,0.0,6019,0.05684272754143835,refool,0.05,phash16,256,frequency,median,bit_em,mad,0.64,0.906
0.3570370063157895,0.45239096421052627,0.03623208014532763,0.0012,0.0072,0.0012,0.05,0.2662764582459085,0.45018052874527903,0.0004,0.0004,0.7337235417540915,-1,0.0352,0.0012,0.009431578947368421,0.0066518847006651885,0.0012,0.0020332090816672314,451,0.050394558921471676,refool,0.05,phash16,256,frequency,median,hamming_knn,mad,0.64,0.47
0.34706897263157893,0.46885709052631575,0.03677997709855703,0.0012,0.006,0.0012,0.05,0.2749287452790601,0.4496887117079312,0.0004,0.0004,0.7250712547209399,-1,0.0164,0.0024,0.012336842105263158,0.010135135135135136,0.0024,0.0038809831824062097,592,0.05047765544041451,refool,0.05,phash16,256,frequency,median,hamming_ball,mad,0.64,0.465
0.46247832842105263,0.46991322105263156,0.04418964004202515,0.0076,0.0332,0.0076,0.05,0.4343322702475871,0.4581618128409568,0.0012,0.0012,0.5656677297524129,-1,0.012,0.0048,0.00808421052631579,0.030303030303030304,0.0048,0.008287292817679558,396,0.05015724538343682,refool,0.05,phash16,256,frequency,median,hash_spectral,mad,0.64,0.057
0.6362597347368422,0.493323587368421,0.07539112076125346,0.0124,0.0868,0.0028,0.05,0.7250042803189257,0.5113203944607638,0.0676,0.0028,0.7250042803189257,1,0.0676,0.0,0.001831578947368421,0.0,0.0,0.0,87,0.050087151643860316,refool,0.05,phash16,256,frequency,median,hash_stability,mad,0.64,0.028
0.4297372,0.4889728378947368,0.040593230129396876,0.0028,0.0196,0.0068,0.05,0.3979837599664289,0.49169164918170377,0.0036,0.0108,0.6020162400335711,-1,0.0128,0.0,8.421052631578948e-05,0.0,0.0,0.0,4,0.0500040003200256,refool,0.05,pdq,256,frequency,median,bit_llr,mad,2.258,0.093
0.5165318821052631,0.4809555957894737,0.053778981195380826,0.0,0.0032,0.0,0.05,0.41983835501468736,0.4141807805287453,0.0,0.0,0.5801616449853126,-1,0.0052,0.2208,0.13661052631578946,0.0783979548359608,0.2208,0.11571114138979142,7041,0.0453455620475337,refool,0.05,pdq,256,frequency,median,bit_em,mad,2.258,0.928
0.37458078736842104,0.46570847157894735,0.03746577321913381,0.0008,0.012,0.0008,0.05,0.2900770037767521,0.44814032731850606,0.0,0.0,0.7099229962232478,-1,0.038,0.0008,0.0076,0.005509641873278237,0.0008,0.0013971358714634998,363,0.05032536212905695,refool,0.05,pdq,256,frequency,median,hamming_knn,mad,2.258,0.472
0.38710665263157895,0.4565848842105263,0.03936720565375376,0.002,0.0144,0.002,0.05,0.30565770037767526,0.4145249685270667,0.0004,0.0004,0.6943422996223247,-1,0.0304,0.004,0.013347368421052632,0.015527950310559006,0.004,0.006361323155216285,644,0.050449793338195964,refool,0.05,pdq,256,frequency,median,hamming_ball,mad,2.258,0.465
0.5301009263157894,0.5195064505263158,0.055552820032525506,0.0108,0.066,0.0108,0.05,0.5502021821233739,0.5285584976919849,0.0164,0.0164,0.5502021821233739,1,0.0164,0.004,0.0030736842105263157,0.0641025641025641,0.004,0.007530120481927711,156,0.049955862290345876,refool,0.05,pdq,256,frequency,median,hash_spectral,mad,2.258,0.055
0.6584196378947368,0.5171140042105262,0.08276405261221838,0.0144,0.1004,0.0064,0.05,0.7346696181284096,0.5286026017624843,0.0428,0.0084,0.7346696181284096,1,0.0428,0.0004,0.0016210526315789473,0.01282051282051282,0.0004,0.0007757951900698216,78,0.05005809062136934,refool,0.05,pdq,256,frequency,median,hash_stability,mad,2.258,0.029
0.4590689010526316,0.46633665684210523,0.04289337486166903,0.0,0.0208,0.0,0.05,0.42960872849349563,0.4496579941250525,0.0,0.0048,0.5703912715065044,-1,0.0048,0.0,0.0013894736842105264,0.0,0.0,0.0,66,0.0500660872351504,refool,0.05,whash_haar,64,wavelet,median,bit_llr,mad,0.619,0.057
0.44646377684210525,0.4780494905263158,0.04774312584517321,0.0,0.0,0.0,0.05,0.44751078472513633,0.5238905581200168,0.0,0.0,0.5524892152748637,-1,0.0,0.0,0.27949473684210524,0.0,0.0,0.0,13276,0.06807537305304433,refool,0.05,whash_haar,64,wavelet,median,bit_em,mad,0.619,0.293
0.4553498694736842,0.4823308042105264,0.04499448047319097,0.0056,0.0356,0.0056,0.05,0.407921905161561,0.4683120856063785,0.0,0.0,0.592078094838439,-1,0.028,0.0,4.210526315789474e-05,0.0,0.0,0.0,2,0.0500020000800032,refool,0.05,whash_haar,64,wavelet,median,hamming_knn,mad,0.619,0.445
0.3791537389473684,0.47600113263157895,0.04950243811921375,0.022,0.0612,0.022,0.05,0.4253663869072598,0.4405334032731851,0.0,0.0,0.5746336130927402,-1,0.0,0.1132,0.1760421052631579,0.03273568536726432,0.1132,0.05078510542844325,8645,0.05360899528472978,refool,0.05,whash_haar,64,wavelet,median,hamming_ball,mad,0.619,0.438
0.44727907368421055,0.4940883494736842,0.046823491368763515,0.0,0.038,0.0,0.05,0.42080767939571967,0.48328304657994126,0.0,0.0,0.5791923206042804,-1,0.008,0.1388,0.1027578947368421,0.0663733741392502,0.1388,0.08980331262939958,5228,0.0480880907710176,refool,0.05,whash_haar,64,wavelet,median,block_collision,mad,0.619,0.161
0.46325110315789475,0.4669421894736842,0.04399484428957799,0.0032,0.0368,0.0032,0.05,0.43532110784725137,0.45947498950902227,0.0052,0.0052,0.5646788921527486,-1,0.0144,0.0,0.0003368421052631579,0.0,0.0,0.0,16,0.05001600512163892,refool,0.05,whash_haar,64,wavelet,median,hash_spectral,mad,0.619,0.046
0.4305162863157894,0.5199197431578947,0.04276942025977319,0.0024,0.0336,0.0024,0.05,0.42762240872849344,0.5085423415862358,0.0068,0.0076,0.5723775912715066,-1,0.0096,0.0008,0.002168421052631579,0.01904761904761905,0.0008,0.0015355086372360845,105,0.05006513678725323,refool,0.05,whash_haar,64,wavelet,median,hash_stability,mad,0.619,0.027
0.46617740631578947,0.45822752,0.04325059149931123,0.0,0.0004,0.0,0.05,0.4397261015526647,0.44789324381032314,0.006,0.006,0.5602738984473352,-1,0.006,0.0,0.004273684210526316,0.0,0.0,0.0,203,0.05020382753981163,refool,0.05,whash_db4,169,wavelet,median,bit_llr,mad,1.582,0.079
0.40234856421052634,0.7446229852631578,0.07328133286346976,0.0,0.0,0.0,0.05,0.4625930339907679,0.53730931598825,0.0,0.0,0.5374069660092321,-1,0.0,0.5452,0.34254736842105266,0.07729386412612,0.5452,0.1353928677858349,17634,0.03512945683742199,refool,0.05,whash_db4,169,wavelet,median,bit_em,mad,1.582,0.601
0.4532313010526316,0.47110087999999994,0.043228593528846566,0.0,0.028,0.0,0.05,0.4222185480486781,0.4522862358371801,0.0072,0.0092,0.5777814519513219,-1,0.0112,0.0,0.0,0.0,0.0,0.0,0,0.05,refool,0.05,whash_db4,169,wavelet,median,hamming_knn,mad,1.582,0.471
0.4930327536842105,0.3029569305263158,0.05285650562423572,0.0,0.0,0.0,0.05,0.44916365925304236,0.44916365925304236,0.0044,0.0044,0.5508363407469576,-1,0.0044,0.0268,0.12593684210526315,0.011076210943957679,0.0268,0.01567434787694467,6049,0.0553571022274806,refool,0.05,whash_db4,169,wavelet,median,hamming_ball,mad,1.582,0.461
0.4638253263157895,0.48661083789473686,0.04409116738635276,0.0,0.0316,0.0,0.05,0.4551768778850188,0.49402832563994964,0.006,0.006,0.5448231221149812,-1,0.0136,0.0,0.0019157894736842106,0.0,0.0,0.0,91,0.050091165921978,refool,0.05,whash_db4,169,wavelet,median,hash_spectral,mad,1.582,0.053
0.46829426947368424,0.5345955831578947,0.0495144218720925,0.0136,0.0548,0.0148,0.05,0.4495178346621905,0.5530763743180864,0.0136,0.0148,0.5504821653378096,-1,0.0164,0.0036,0.0023157894736842107,0.07563025210084033,0.0036,0.006872852233676976,119,0.04993885447364728,refool,0.05,whash_db4,169,wavelet,median,hash_stability,mad,1.582,0.029
0.4127414821052632,0.45951932210526314,0.038675875439701246,0.002,0.0108,0.0036,0.05,0.36334859420898025,0.4414552664708351,0.0008,0.0028,0.6366514057910198,-1,0.0112,0.0,0.0005263157894736842,0.0,0.0,0.0,25,0.05002501250625312,refool,0.05,mh,64,frequency,mean,bit_llr,mad,0.974,0.058
0.5967166105263157,0.5981240589473684,0.08118981677431111,0.0,0.03,0.0,0.05,0.5398235417540914,0.49001095258078053,0.0144,0.0144,0.5398235417540914,1,0.0144,0.0,0.027452631578947367,0.0,0.0,0.0,1304,0.051338919007721376,refool,0.05,mh,64,frequency,mean,bit_em,mad,0.974,0.301
0.3651249094736842,0.4797018147368422,0.036424939401933344,0.0004,0.0076,0.0004,0.05,0.3083599664288712,0.47241208560637854,0.0008,0.0008,0.6916400335711288,-1,0.026,0.0004,0.008736842105263157,0.002403846153846154,0.0004,0.0006858710562414266,416,0.05039932236205227,refool,0.05,mh,64,frequency,mean,hamming_knn,mad,0.974,0.448
0.37603942315789474,0.4372128378947368,0.03847702846553725,0.0,0.008,0.0,0.05,0.31261548468317246,0.43203604699958037,0.0,0.0,0.6873845153168275,-1,0.0,0.0048,0.03993684210526316,0.006286013619696176,0.0048,0.005443411204354729,1909,0.05173525191823834,refool,0.05,mh,64,frequency,mean,hamming_ball,mad,0.974,0.445
0.3694482231578947,0.5865335663157896,0.0461710571036335,0.018,0.0548,0.018,0.05,0.3335348720100713,0.4163407469576165,0.0028,0.0028,0.6664651279899287,-1,0.0028,0.0672,0.06461052631578948,0.051899907321594066,0.0672,0.05856719539829179,3237,0.04986848576866326,refool,0.05,mh,64,frequency,mean,block_collision,mad,0.974,0.153
0.4665902568421052,0.4900957178947369,0.044708073763193745,0.0028,0.0308,0.0028,0.05,0.45669143936214857,0.4832387326898867,0.0068,0.0068,0.5433085606378514,-1,0.0108,0.0,0.0035789473684210526,0.0,0.0,0.0,170,0.05017057997190447,refool,0.05,mh,64,frequency,mean,hash_spectral,mad,0.974,0.046
0.503572,0.519156934736842,0.05110176778578711,0.0084,0.0408,0.0088,0.05,0.49142719261435164,0.4835206042803189,0.0068,0.0068,0.5085728073856484,-1,0.0068,0.0068,0.006357894736842105,0.05329153605015674,0.0068,0.012061014544164597,319,0.049978865159719006,refool,0.05,mh,64,frequency,mean,hash_stability,mad,0.974,0.027
0.4542237894736842,0.4441560210526316,0.04441909337028149,0.0,0.0,0.0,0.05,0.39520721779269824,0.4756936634494335,0.0064,0.0044,0.6047927822073018,-1,0.0064,0.0,0.03694736842105263,0.0,0.0,0.0,1755,0.05181884133070785,refool,0.05,colorhash,42,colour,quantisation,bit_llr,mad,2.504,0.05
0.47244362105263155,0.5035720926315789,0.048916591577042895,0.0,0.0,0.0,0.05,0.3635711707931179,0.4041104909777592,0.0,0.0,0.636428829206882,-1,0.0,0.31,0.4144842105263158,0.037873234618579874,0.31,0.06749989112920786,20463,0.05840132714899956,refool,0.05,colorhash,42,colour,quantisation,bit_em,mad,2.504,0.242
0.4232583157894737,0.6585897936842107,0.052313689352661716,0.0,0.0,0.064,0.05,0.4932587494754511,0.49324548887956354,0.0,0.0012,0.5067412505245489,-1,0.0012,0.1476,0.024210526315789474,0.24292297564186965,0.1476,0.1836277681015178,1519,0.04395536395701409,refool,0.05,colorhash,42,colour,quantisation,hamming_knn,mad,2.504,0.333
0.48209670736842103,0.49838911999999996,0.050404989782623325,0.0,0.0,0.0,0.05,0.48102354175409145,0.4623017624842635,0.0,0.0,0.5189764582459085,-1,0.0,0.3096,0.2710526315789474,0.056707451095318336,0.3096,0.09585732862715958,13649,0.047481499821187864,refool,0.05,colorhash,42,colour,quantisation,hamming_ball,mad,2.504,0.329
0.45632375999999997,0.5009392547368421,0.04681472796960835,0.0,0.0,0.0,0.05,0.5073319345362988,0.5150221569450273,0.0116,0.0112,0.5073319345362988,1,0.0116,0.0,0.008021052631578948,0.0,0.0,0.0,381,0.050383925512404525,refool,0.05,colorhash,42,colour,quantisation,hash_spectral,mad,2.504,0.041
0.5147884042105263,0.4530797052631579,0.05198871103851229,0.0032,0.0104,0.0032,0.05,0.5050558959295006,0.47787582878724294,0.0032,0.0032,0.5050558959295006,1,0.0032,0.0008,0.0008631578947368422,0.046511627906976744,0.0008,0.0015729453401494297,43,0.05000300258222071,refool,0.05,colorhash,42,colour,quantisation,hash_stability,mad,2.504,0.024
0.46099718315789473,0.48529845473684213,0.04454302317524519,0.008,0.0396,0.008,0.05,0.44065404951741505,0.47813453629878305,0.004,0.0036,0.559345950482585,-1,0.0088,0.0008,0.0003578947368421053,0.10526315789473684,0.0008,0.0015879317189360857,19,0.04997899201696645,refool,0.05,rhash8,64,residual,zero,bit_llr,mad,0.509,0.057
0.514775372631579,0.5185633305263158,0.05779904734918791,0.0,0.016,0.0,0.05,0.47571414183801936,0.45008287872429714,0.0028,0.0028,0.5242858581619807,-1,0.0064,0.2156,0.09446315789473685,0.10724233983286909,0.2156,0.14323677916555938,5026,0.04360297060523858,refool,0.05,rhash8,64,residual,zero,bit_em,mad,0.509,0.298
0.4347357894736842,0.45150773473684214,0.0422001906905929,0.002,0.0276,0.002,0.05,0.3889613512379354,0.46105719681074275,0.0004,0.0004,0.6110386487620646,-1,0.0212,0.0,0.005621052631578948,0.0,0.0,0.0,267,0.05026843343454045,refool,0.05,rhash8,64,residual,zero,hamming_knn,mad,0.509,0.45
0.42955193684210524,0.5047651663157895,0.04453349271940291,0.004,0.0412,0.004,0.05,0.389250650440621,0.45092274443978175,0.0008,0.0008,0.610749349559379,-1,0.0052,0.0148,0.021052631578947368,0.03567984570877531,0.0148,0.020921685043822448,1037,0.05030329023956866,refool,0.05,rhash8,64,residual,zero,hamming_ball,mad,0.509,0.446
0.5621883663157895,0.42417419368421044,0.05694045421522304,0.0108,0.0472,0.0108,0.05,0.40978438942509443,0.4446490977759127,0.0012,0.0012,0.5902156105749056,-1,0.0012,0.0156,0.018989473684210525,0.04144527098831031,0.0156,0.022667829119442023,941,0.050164088138771684,refool,0.05,rhash8,64,residual,zero,block_collision,mad,0.509,0.152
0.4775904589473684,0.48987774315789473,0.046520414783022934,0.006,0.0428,0.006,0.05,0.46642215694502726,0.48360830885438527,0.0036,0.0036,0.5335778430549727,-1,0.0108,0.0052,0.007894736842105263,0.03350515463917526,0.0052,0.009002770083102494,388,0.05012900104813352,refool,0.05,rhash8,64,residual,zero,hash_spectral,mad,0.509,0.046
0.5492485431578947,0.43317945684210524,0.05553522754856416,0.0044,0.0276,0.002,0.05,0.60030365086026,0.4870453629878305,0.01,0.0052,0.60030365086026,1,0.01,0.0004,0.0015368421052631579,0.013513513513513514,0.0004,0.000777000777000777,74,0.05005408003845692,refool,0.05,rhash8,64,residual,zero,hash_stability,mad,0.509,0.028
0.45588097684210527,0.48754619789473685,0.044861328866437775,0.0124,0.0444,0.0192,0.05,0.4245878304657994,0.478824087284935,0.0052,0.0096,0.5754121695342006,-1,0.0192,0.0068,0.002336842105263158,0.1328125,0.0068,0.01293759512937595,128,0.049787455887070904,refool,0.05,rhash16,256,residual,zero,bit_llr,mad,0.59,0.093
0.5112179578947369,0.5210685094736842,0.0514103106150142,0.0,0.0,0.0,0.05,0.4815644146034411,0.43067259756609316,0.0,0.0,0.5184355853965589,-1,0.0,0.0,0.11033684210526316,0.0,0.0,0.0,5241,0.055854688442547866,refool,0.05,rhash16,256,residual,zero,bit_em,mad,0.59,0.912
0.398478,0.476216627368421,0.03863296512366472,0.0012,0.0212,0.0012,0.05,0.33512459085186747,0.4625731850608477,0.0012,0.0012,0.6648754091481326,-1,0.0248,0.002,0.01288421052631579,0.008103727714748784,0.002,0.003208213025344883,617,0.05052345949010793,refool,0.05,rhash16,256,residual,zero,hamming_knn,mad,0.59,0.485
0.4033432631578947,0.4713473936842105,0.04169290351623379,0.0064,0.0272,0.0064,0.05,0.34677767519932856,0.43134041124632816,0.004,0.004,0.6532223248006714,-1,0.004,0.0188,0.03311578947368421,0.029012345679012345,0.0188,0.022815533980582524,1620,0.0507027697395618,refool,0.05,rhash16,256,residual,zero,hamming_ball,mad,0.59,0.461
0.38246807157894747,0.58503624,0.04775690738770525,0.0176,0.07,0.0176,0.05,0.36792287033151494,0.4299469156525388,0.0044,0.0044,0.6320771296684851,-1,0.0044,0.1176,0.08928421052631579,0.06482910694597574,0.1176,0.08358208955223881,4535,0.048520840206752444,refool,0.05,rhash16,256,residual,zero,block_collision,mad,0.59,0.711
0.44138471157894743,0.4756872463157895,0.04214858941182179,0.0032,0.0288,0.0032,0.05,0.41491892572387745,0.46430860260176243,0.006,0.006,0.5850810742761225,-1,0.0124,0.0084,0.01608421052631579,0.0267515923566879,0.0084,0.012785388127853882,785,0.05037082190389109,refool,0.05,rhash16,256,residual,zero,hash_spectral,mad,0.59,0.056
0.5719818315789473,0.49773826947368427,0.06251667578635192,0.0148,0.0688,0.01,0.05,0.6093981116240034,0.4827349979018044,0.0148,0.0084,0.6093981116240034,1,0.0148,0.0056,0.005326315789473684,0.052434456928838954,0.0056,0.010119262739428984,267,0.04998693020730702,refool,0.05,rhash16,256,residual,zero,hash_stability,mad,0.59,0.03
0.44242956631578945,0.43156937263157896,0.04104966639483723,0.0032,0.0224,0.0012,0.05,0.39644015946286193,0.39879769198489295,0.0008,0.0012,0.6035598405371381,-1,0.0084,0.0,0.0026947368421052632,0.0,0.0,0.0,128,0.050128328521013794,refool,0.05,rhash32,1024,residual,zero,bit_llr,mad,0.466,0.241
0.5001735242105263,0.5933577557894737,0.08239206439526259,0.0,0.1776,0.0,0.05,0.4212603021401595,0.3918768359211079,0.0,0.0,0.5787396978598405,-1,0.0,0.3952,0.3314736842105263,0.0590450008964322,0.3952,0.10274008215047055,16733,0.04545044638831274,refool,0.05,rhash32,1024,residual,zero,bit_em,mad,0.466,4.074
0.3713664463157895,0.45884594947368423,0.03612901230053488,0.0,0.0068,0.0,0.05,0.2994629878304658,0.4456648762064625,0.0016,0.0016,0.7005370121695342,-1,0.022,0.0028,0.03705263157894737,0.003961516694963215,0.0028,0.0032809936723693462,1767,0.05168660460680447,refool,0.05,rhash32,1024,residual,zero,hamming_knn,mad,0.466,0.559
0.4403719578947368,0.40594148210526315,0.045433182180179894,0.006,0.0336,0.006,0.05,0.311656357532522,0.3695978178766261,0.0016,0.0016,0.688343642467478,-1,0.0016,0.064,0.09970526315789474,0.032679738562091505,0.064,0.04326663061114116,4896,0.05188009932600213,refool,0.05,rhash32,1024,residual,zero,hamming_ball,mad,0.466,0.548
0.40492016842105255,0.5170525136842105,0.044791584957895245,0.0264,0.0448,0.0264,0.05,0.3741096097356274,0.49268845992446497,0.0,0.0,0.6258903902643727,-1,0.0192,0.0448,0.024526315789473684,0.08770555990602975,0.0448,0.05930632777336511,1277,0.04901176035958377,refool,0.05,rhash32,1024,residual,zero,block_collision,mad,0.466,3.2
0.4281285178947369,0.4484160210526316,0.04006533371335663,0.0,0.0136,0.0,0.05,0.38672748636172893,0.4282565673520772,0.004,0.004,0.6132725136382711,-1,0.0172,0.0036,0.028905263157894736,0.006512301013024602,0.0036,0.00463678516228748,1382,0.05123616767452384,refool,0.05,rhash32,1024,residual,zero,hash_spectral,mad,0.466,0.187
0.5994538315789474,0.5032071831578948,0.06714985961132626,0.0148,0.0692,0.0064,0.05,0.6430721359630718,0.5072963911036509,0.0252,0.006,0.6430721359630718,1,0.0252,0.0032,0.005494736842105263,0.02973977695167286,0.0032,0.00577825929938606,269,0.05010958959200499,refool,0.05,rhash32,1024,residual,zero,hash_stability,mad,0.466,0.034
0.4426172547368421,0.49098242526315783,0.043177692074941,0.01,0.0368,0.0184,0.05,0.4116479227864037,0.48276454049517414,0.0056,0.012,0.5883520772135963,-1,0.02,0.0068,0.0024,0.1297709923664122,0.0068,0.012922843025465602,131,0.04979045098157172,refool,0.05,rhash_rgb,768,residual,zero,bit_llr,mad,1.639,0.197
0.3113224673684211,0.43338603789473684,0.037094060683121044,0.0,0.0,0.0,0.05,0.4770289970625262,0.4852345362987831,0.0,0.0,0.5229710029374738,-1,0.0,0.0,0.21743157894736842,0.0,0.0,0.0,10328,0.06301673724541239,refool,0.05,rhash_rgb,768,residual,zero,bit_em,mad,1.639,2.952
0.42443440000000004,0.4643858652631579,0.04027388335578415,0.0008,0.0236,0.0008,0.05,0.37165283256399495,0.44920730172052037,0.0012,0.0012,0.628347167436005,-1,0.0072,0.002,0.01431578947368421,0.0072992700729927005,0.002,0.0031397174254317113,685,0.05059312582378587,refool,0.05,rhash_rgb,768,residual,zero,hamming_knn,mad,1.639,0.532
0.4591381894736842,0.4518104631578948,0.046351666707542725,0.0108,0.0368,0.0108,0.05,0.37539916072177926,0.4135788082249266,0.004,0.004,0.6246008392782207,-1,0.004,0.0292,0.03696842105263158,0.03991252050300711,0.0292,0.03372603372603373,1829,0.05038301052500467,refool,0.05,rhash_rgb,768,residual,zero,hamming_ball,mad,1.639,0.52
0.4681394905263157,0.4882023621052632,0.04673749115702638,0.0,0.0196,0.0,0.05,0.3690059169114561,0.42142102391942926,0.0048,0.0048,0.6309940830885439,-1,0.0048,0.038,0.06425263157894737,0.030187480139815696,0.038,0.03364618381441473,3147,0.05133075790237551,refool,0.05,rhash_rgb,768,residual,zero,block_collision,mad,1.639,2.062
0.45403852631578945,0.4764791578947368,0.04353760005158194,0.0052,0.0328,0.0052,0.05,0.4353210658833403,0.4660216953420059,0.008,0.008,0.5646789341166597,-1,0.0096,0.0116,0.018105263157894735,0.03262092238470191,0.0116,0.017114192977279435,889,0.05031459347193093,refool,0.05,rhash_rgb,768,residual,zero,hash_spectral,mad,1.639,0.117
0.5711665010526317,0.48015493473684207,0.05991174644079193,0.012,0.0536,0.0088,0.05,0.6134775912715066,0.48343252203105336,0.0184,0.0104,0.6134775912715066,1,0.0184,0.0044,0.006084210526315789,0.03666666666666667,0.0044,0.007857142857142858,300,0.05008048289738431,refool,0.05,rhash_rgb,768,residual,zero,hash_stability,mad,1.639,0.034
0.3260995831578947,0.5059398568421053,0.03346076500088798,0.0,0.0036,0.0004,0.05,0.23085463701216952,0.5209738984473353,0.0,0.0304,0.7691453629878304,-1,0.0388,0.0,0.0006947368421052632,0.0,0.0,0.0,33,0.05003302179438429,refool,0.05,rhash_energy,256,residual,mean,bit_llr,mad,0.6,0.093
0.47909492631578954,0.43487093473684213,0.07027215382276812,0.0,0.1304,0.0,0.05,0.25053453629878303,0.3057289131347042,0.0,0.0,0.749465463701217,-1,0.0,0.2212,0.20454736842105264,0.05385139740967962,0.2212,0.08661602318114182,10269,0.04900455563665652,refool,0.05,rhash_energy,256,residual,mean,bit_em,mad,0.6,0.898
0.3064414147368421,0.49654629052631577,0.03260473495446123,0.0,0.0016,0.0,0.05,0.2146571128829207,0.5093390264372639,0.0008,0.0008,0.7853428871170793,-1,0.0748,0.0,0.0008421052631578948,0.0,0.0,0.0,40,0.0500400320256205,refool,0.05,rhash_energy,256,residual,mean,hamming_knn,mad,0.6,0.464
0.47476042947368424,0.19597077052631579,0.05786980987752707,0.0,0.0,0.0,0.05,0.3404834242551406,0.3404834242551406,0.0,0.0,0.6595165757448593,-1,0.0,0.004,0.15614736842105262,0.0013464386697185943,0.004,0.0020147073637554144,7427,0.05848777394123036,refool,0.05,rhash_energy,256,residual,mean,hamming_ball,mad,0.6,0.461
0.3393105936842105,0.7070605810526316,0.0460475599565076,0.0,0.0,0.0,0.05,0.31455174150230797,0.6649743180864455,0.0,0.0624,0.685448258497692,-1,0.0624,0.5888,0.17214736842105263,0.1525546688776039,0.5888,0.2423244711498889,9649,0.02547644420212634,refool,0.05,rhash_energy,256,residual,mean,block_collision,mad,0.6,0.706
0.4545048294736842,0.4903202147368421,0.04415501984093787,0.0064,0.0392,0.0064,0.05,0.44027373059169117,0.4893072177926983,0.004,0.004,0.5597262694083088,-1,0.0148,0.002,0.001768421052631579,0.056179775280898875,0.002,0.003862495171881035,89,0.04998898038508545,refool,0.05,rhash_energy,256,residual,mean,hash_spectral,mad,0.6,0.056
0.45517326315789475,0.5338156378947368,0.04621843928696891,0.0088,0.0412,0.0128,0.05,0.4489996223248006,0.5234955937893412,0.012,0.0016,0.5510003776751994,-1,0.012,0.0052,0.0032210526315789474,0.0783132530120482,0.0052,0.009752438109527382,166,0.04990568688044307,refool,0.05,rhash_energy,256,residual,mean,hash_stability,mad,0.6,0.033
0.456263747368421,0.4858726273684211,0.044766170191587684,0.0132,0.0456,0.018,0.05,0.42489383130507763,0.47472484263533365,0.0048,0.0076,0.5751061686949224,-1,0.0164,0.0068,0.0024,0.1297709923664122,0.0068,0.012922843025465602,131,0.04979045098157172,refool,0.05,ahash_res,256,residual,mean,bit_llr,mad,0.588,0.093
0.5336993221052633,0.538134892631579,0.05586695313619654,0.0,0.0,0.0,0.05,0.4885744859420898,0.43564020142677295,0.0,0.0,0.5114255140579103,-1,0.0,0.0,0.11149473684210526,0.0,0.0,0.0,5296,0.055923407301360056,refool,0.05,ahash_res,256,residual,mean,bit_em,mad,0.588,0.906
0.3965244842105263,0.4773374484210527,0.038507042876536814,0.0008,0.02,0.0008,0.05,0.3312534200587495,0.45787251363827114,0.0012,0.0012,0.6687465799412504,-1,0.0208,0.0016,0.013431578947368421,0.006230529595015576,0.0016,0.002546148949713558,642,0.05056930993962478,refool,0.05,ahash_res,256,residual,mean,hamming_knn,mad,0.588,0.474
0.40240442947368427,0.4680463115789473,0.04154200733347502,0.0052,0.028,0.0052,0.05,0.34340549727234576,0.42662077213596317,0.0032,0.0032,0.6565945027276543,-1,0.0032,0.0184,0.03450526315789474,0.027299703264094956,0.0184,0.02198327359617682,1685,0.050791679602607887,refool,0.05,ahash_res,256,residual,mean,hamming_ball,mad,0.588,0.464
0.3846584084210527,0.5896344336842104,0.04895869333014869,0.0196,0.0776,0.0196,0.05,0.3675018883759966,0.4307910197230381,0.0044,0.0044,0.6324981116240034,-1,0.0044,0.1172,0.08621052631578947,0.06677301731996353,0.1172,0.08507549361207897,4388,0.04838638954661054,refool,0.05,ahash_res,256,residual,mean,block_collision,mad,0.588,0.707
0.43949201263157894,0.47747425263157894,0.042015782780734146,0.0032,0.0292,0.0032,0.05,0.41366130927402434,0.46412031053294167,0.0048,0.0048,0.5863386907259757,-1,0.0156,0.0076,0.015768421052631577,0.024739583333333332,0.0076,0.011627906976744186,768,0.05039405264868378,refool,0.05,ahash_res,256,residual,mean,hash_spectral,mad,0.588,0.055
0.5739046568421053,0.49859564210526314,0.06296082368177908,0.0148,0.0688,0.01,0.05,0.605915988250105,0.4855944187998322,0.0148,0.0092,0.605915988250105,1,0.0148,0.0056,0.004842105263157895,0.05737704918032787,0.0056,0.01020408163265306,244,0.04996382345847737,refool,0.05,ahash_res,256,residual,mean,hash_stability,mad,0.588,0.03
0.7319733473684211,0.5872182105263157,0.24116839153689942,0.1524,0.3048,0.0,0.05,0.8113004444444444,0.5963936931216931,0.3672,0.0024,0.8113004444444444,1,0.3672,0.0,0.0010105263157894737,0.0,0.0,0.0,48,0.05004804612427931,batt,0.05,ahash,64,spatial,mean,bit_llr,mad,0.144,0.057
0.22107130947368422,0.7029357178947369,0.03252914908239055,0.0,0.0,0.0,0.05,0.28299022222222225,0.620400761904762,0.0,0.0,0.7170097777777777,-1,0.0,0.7096,0.35922105263157894,0.09417635504592026,0.7096,0.16628391995125838,18837,0.023296858453935757,batt,0.05,ahash,64,spatial,mean,bit_em,mad,0.144,0.292
0.4651392463157894,0.40995963368421057,0.04318686931708598,0.0,0.0232,0.0,0.05,0.42339051851851855,0.3577286349206349,0.0,0.0,0.5766094814814815,-1,0.0008,0.0,0.0,0.0,0.0,0.0,0,0.05,batt,0.05,ahash,64,spatial,mean,hamming_knn,mad,0.144,0.464
0.34850142736842105,0.4570034905263157,0.0419201281422736,0.0,0.01,0.0,0.05,0.3948333544973545,0.40349070899470907,0.0,0.0,0.6051666455026454,-1,0.0,0.068,0.17191578947368422,0.020393474088291747,0.068,0.03137689184200812,8336,0.05592357910906298,batt,0.05,ahash,64,spatial,mean,hamming_ball,mad,0.144,0.43
0.39899982315789473,0.46290383578947364,0.04047389865478633,0.0,0.0296,0.0,0.05,0.370856,0.47409701587301595,0.0,0.0,0.6291439999999999,-1,0.018,0.0692,0.10686315789473684,0.03295865879215089,0.0692,0.04465092269970319,5249,0.051998838014792964,batt,0.05,ahash,64,spatial,mean,block_collision,mad,0.144,0.16
0.4663956757894737,0.43856219368421057,0.043697533969293954,0.0,0.0348,0.0,0.05,0.41385282539682544,0.409674962962963,0.0,0.0,0.5861471746031746,-1,0.0092,0.0,0.0009263157894736842,0.0,0.0,0.0,44,0.05004403875410361,batt,0.05,ahash,64,spatial,mean,hash_spectral,mad,0.144,0.046
0.33196761684210524,0.3890235368421053,0.03572218254369874,0.0,0.0,0.0,0.05,0.20827420105820105,0.38691851851851844,0.0,0.0,0.791725798941799,-1,0.012,0.0,0.0005684210526315789,0.0,0.0,0.0,27,0.05002701458787746,batt,0.05,ahash,64,spatial,mean,hash_stability,mad,0.144,0.029
0.6604437052631579,0.49851911157894735,0.09754723309252043,0.0432,0.142,0.0,0.05,0.7377699470899471,0.506647746031746,0.1372,0.0004,0.7377699470899471,1,0.1372,0.0,0.0011789473684210526,0.0,0.0,0.0,56,0.050056062790325165,batt,0.05,ahash4,16,spatial,mean,bit_llr,mad,0.133,0.048
0.6427656715789474,0.5427389094736842,0.12002739175713845,0.0136,0.4,0.0,0.05,0.41556482539682543,0.40904698412698415,0.0,0.0,0.5844351746031746,-1,0.0,0.35,0.12117894736842105,0.13195596440959131,0.35,0.19165480232176105,6631,0.037469159999077684,batt,0.05,ahash4,16,spatial,mean,bit_em,mad,0.133,0.148
0.4746150063157895,0.43340842105263155,0.0464285567643707,0.0,0.0156,0.0008,0.05,0.4253046772486772,0.3863796402116402,0.0,0.0016,0.5746953227513227,-1,0.0016,0.0,2.105263157894737e-05,0.0,0.0,0.0,1,0.0500010000200004,batt,0.05,ahash4,16,spatial,mean,hamming_knn,mad,0.133,0.398
0.46585690526315787,0.38052015999999994,0.044553686468192175,0.0,0.0208,0.0,0.05,0.4197031957671957,0.37858611640211637,0.0,0.0,0.5802968042328043,-1,0.0,0.0288,0.1244,0.012038120715599399,0.0288,0.016979129819596747,5981,0.05515799995456507,batt,0.05,ahash4,16,spatial,mean,hamming_ball,mad,0.133,0.399
0.4593718821052632,0.44239095578947374,0.04348801467070727,0.004,0.004,0.004,0.05,0.43081714285714284,0.39884757671957677,0.0,0.0,0.5691828571428572,-1,0.0,0.0816,0.18355789473684211,0.022862266054017706,0.0816,0.03571741223846625,8923,0.05589502641380822,batt,0.05,ahash4,16,spatial,mean,block_collision,mad,0.133,0.041
0.4781562189473684,0.4427498947368421,0.04504996449896412,0.0,0.0348,0.0,0.05,0.4329451428571429,0.43492575661375665,0.0,0.0,0.5670548571428571,-1,0.012,0.0,0.0022736842105263158,0.0,0.0,0.0,108,0.050108233784975545,batt,0.05,ahash4,16,spatial,mean,hash_spectral,mad,0.133,0.044
0.3305697852631579,0.5022149768421053,0.037240564496657386,0.0,0.002,0.0,0.05,0.2581902222222222,0.417389291005291,0.0,0.0,0.7418097777777778,-1,0.0,0.0,0.004926315789473684,0.0,0.0,0.0,234,0.05023510026926014,batt,0.05,ahash4,16,spatial,mean,hash_stability,mad,0.133,0.025
0.6915063326315789,0.5681622273684211,0.19456164596441236,0.1288,0.2496,0.0012,0.05,0.7755349841269841,0.5665511111111111,0.306,0.0004,0.7755349841269841,1,0.306,0.0,0.0006736842105263158,0.0,0.0,0.0,32,0.05003202049311559,batt,0.05,ahash16,256,spatial,mean,bit_llr,mad,0.194,0.093
0.39007283789473685,0.39020646315789476,0.04969425179172246,0.0,0.0,0.0,0.05,0.349240253968254,0.650759746031746,0.0,0.0,0.650759746031746,-1,0.0,0.0,0.29547368421052633,0.0,0.0,0.0,14035,0.06951202558042541,batt,0.05,ahash16,256,spatial,mean,bit_em,mad,0.194,0.888
0.4323783410526316,0.4318036463157895,0.0402494056618816,0.0,0.0204,0.0,0.05,0.3933724444444444,0.38546717460317464,0.0,0.0,0.6066275555555556,-1,0.0008,0.0,0.0,0.0,0.0,0.0,0,0.05,batt,0.05,ahash16,256,spatial,mean,hamming_knn,mad,0.194,0.455
0.5386381221052632,0.19073148631578946,0.0613006222198741,0.0,0.0,0.0,0.05,0.3969136931216931,0.3969136931216931,0.0,0.0,0.6030863068783069,-1,0.0,0.0,0.1627578947368421,0.0,0.0,0.0,7731,0.05914499988171,batt,0.05,ahash16,256,spatial,mean,hamming_ball,mad,0.194,0.444
0.44203053894736843,0.5219929136842105,0.048673076973920516,0.0,0.0,0.0,0.05,0.40543445502645503,0.5343484021164022,0.0,0.032,0.594565544973545,-1,0.032,0.0,0.04711578947368421,0.0,0.0,0.0,2238,0.0523428667141242,batt,0.05,ahash16,256,spatial,mean,block_collision,mad,0.194,0.69
0.47100066105263155,0.4286822610526316,0.04370524540752936,0.0024,0.0268,0.0024,0.05,0.41411555555555557,0.401109417989418,0.0004,0.0004,0.5858844444444444,-1,0.0136,0.0,0.0006526315789473684,0.0,0.0,0.0,31,0.050031019231923796,batt,0.05,ahash16,256,spatial,mean,hash_spectral,mad,0.194,0.056
0.34765839157894735,0.45560397894736837,0.03508828738011275,0.0,0.0016,0.0012,0.05,0.274111619047619,0.43890052910052907,0.0,0.0,0.7258883809523811,-1,0.01,0.0,0.0016421052631578948,0.0,0.0,0.0,78,0.050078121870117384,batt,0.05,ahash16,256,spatial,mean,hash_stability,mad,0.194,0.033
0.6662764631578947,0.55750248,0.16355491832449653,0.1056,0.2112,0.0028,0.05,0.7472925714285714,0.5497020529100529,0.2452,0.0004,0.7472925714285714,1,0.2452,0.0,0.00048421052631578945,0.0,0.0,0.0,23,0.05002301058486904,batt,0.05,ahash32,1024,spatial,mean,bit_llr,mad,0.35,0.24
0.33780722947368413,0.5245047536842106,0.047266946812639,0.0,0.0,0.0,0.05,0.384530328042328,0.615469671957672,0.0,0.0,0.615469671957672,-1,0.0,0.0,0.1492421052631579,0.0,0.0,0.0,7089,0.05826011978280627,batt,0.05,ahash32,1024,spatial,mean,bit_em,mad,0.35,4.08
0.41751001263157894,0.4333768168421053,0.03893601995307022,0.0,0.0156,0.0,0.05,0.37122057142857146,0.39437646560846557,0.0,0.0,0.6287794285714285,-1,0.0004,0.0,2.105263157894737e-05,0.0,0.0,0.0,1,0.0500010000200004,batt,0.05,ahash32,1024,spatial,mean,hamming_knn,mad,0.35,0.548
0.4798485347368421,0.2351154989473684,0.053726867829500244,0.0,0.0,0.0,0.05,0.38772008465608465,0.38772008465608465,0.0,0.0,0.6122799153439153,-1,0.0,0.0,0.1433684210526316,0.0,0.0,0.0,6810,0.057883769391062746,batt,0.05,ahash32,1024,spatial,mean,hamming_ball,mad,0.35,0.532
0.4044048547368421,0.37669661052631576,0.046119313749613214,0.0,0.0,0.0,0.05,0.4569981798941799,0.5430018201058202,0.0,0.0072,0.5430018201058201,-1,0.0072,0.0008,0.1318736842105263,0.0003191828917969997,0.0008,0.0004563084645220169,6266,0.05711803173732108,batt,0.05,ahash32,1024,spatial,mean,block_collision,mad,0.35,2.921
0.47112549473684207,0.4331128715789474,0.04381713702006773,0.004,0.0272,0.004,0.05,0.41456804232804234,0.39871403174603176,0.0004,0.0004,0.5854319576719577,-1,0.014,0.0,0.00048421052631578945,0.0,0.0,0.0,23,0.05002301058486904,batt,0.05,ahash32,1024,spatial,mean,hash_spectral,mad,0.35,0.184
0.39667772631578946,0.4498644210526316,0.03756332752295837,0.0,0.0048,0.0028,0.05,0.34796410582010584,0.42826400000000003,0.0,0.0,0.6520358941798942,-1,0.0084,0.0,0.0022736842105263158,0.0,0.0,0.0,108,0.050108233784975545,batt,0.05,ahash32,1024,spatial,mean,hash_stability,mad,0.35,0.051
0.7473604084210526,0.5211622484210526,0.12525554017988513,0.0324,0.2176,0.0,0.05,0.8595751111111112,0.5024799153439155,0.384,0.0,0.8595751111111112,1,0.384,0.0,0.001431578947368421,0.0,0.0,0.0,68,0.05006809260594408,batt,0.05,mhash,64,spatial,median,bit_llr,mad,0.174,0.057
0.47252386105263156,0.38962488421052627,0.04657392841937143,0.0,0.0,0.0,0.05,0.3838137566137566,0.532688,0.0,0.0,0.6161862433862434,-1,0.0,0.0,0.3276842105263158,0.0,0.0,0.0,15565,0.0726005517641934,batt,0.05,mhash,64,spatial,median,bit_em,mad,0.174,0.292
0.4842243789473684,0.41997977684210525,0.046076785351813476,0.0,0.0312,0.0,0.05,0.4544897354497354,0.36738641269841266,0.0,0.0,0.5455102645502645,-1,0.0012,0.0,0.0010315789473684211,0.0,0.0,0.0,49,0.050049048067105764,batt,0.05,mhash,64,spatial,median,hamming_knn,mad,0.174,0.438
0.5066550357894737,0.1704421515789474,0.05679530573134643,0.0,0.0,0.0,0.05,0.41861075132275133,0.41861075132275133,0.0,0.0,0.5813892486772487,-1,0.0,0.0,0.16149473684210527,0.0,0.0,0.0,7671,0.059061163741170354,batt,0.05,mhash,64,spatial,median,hamming_ball,mad,0.174,0.432
0.4156695410526316,0.45698408842105265,0.04247801998196434,0.0,0.0412,0.0,0.05,0.35859102645502644,0.4312154497354498,0.0,0.0,0.6414089735449735,-1,0.0048,0.0436,0.10338947368421053,0.021713147410358565,0.0436,0.02898936170212766,5020,0.05315695864828813,batt,0.05,mhash,64,spatial,median,block_collision,mad,0.174,0.16
0.4296487705263158,0.4436367031578948,0.04013033299797058,0.0,0.0212,0.0,0.05,0.37538057142857145,0.42212605291005284,0.0,0.0,0.6246194285714286,-1,0.012,0.0,0.0003578947368421053,0.0,0.0,0.0,17,0.05001700578196587,batt,0.05,mhash,64,spatial,median,hash_spectral,mad,0.174,0.046
0.2785376757894737,0.48122091789473687,0.03374470738810755,0.0,0.0,0.0,0.05,0.22484774603174607,0.45394129100529107,0.0,0.0,0.7751522539682539,-1,0.018,0.0,0.002168421052631579,0.0,0.0,0.0,103,0.05010321261799307,batt,0.05,mhash,64,spatial,median,hash_stability,mad,0.174,0.027
0.6925558863157895,0.5809536926315789,0.17706691919510098,0.1044,0.2464,0.0,0.05,0.7691832380952381,0.6012812698412697,0.3172,0.0004,0.7691832380952381,1,0.3172,0.0,0.0013684210526315789,0.0,0.0,0.0,65,0.05006508460999299,batt,0.05,ahash_rgb,192,spatial,mean,bit_llr,mad,0.381,0.082
0.3263228842105263,0.6679407536842106,0.04679874920631924,0.0,0.0,0.0,0.05,0.293901291005291,0.6698129947089946,0.0,0.0,0.7060987089947091,-1,0.0,0.726,0.37926315789473686,0.09152798789712557,0.726,0.1625615763546798,19830,0.022704673516738483,batt,0.05,ahash_rgb,192,spatial,mean,bit_em,mad,0.381,0.656
0.4691941389473684,0.39838448842105256,0.04297418707495976,0.0,0.02,0.0,0.05,0.44523356613756615,0.3503848888888889,0.0,0.0,0.5547664338624338,-1,0.0008,0.0,0.0,0.0,0.0,0.0,0,0.05,batt,0.05,ahash_rgb,192,spatial,mean,hamming_knn,mad,0.381,0.451
0.5222993305263157,0.18967990315789474,0.059941650032620024,0.0,0.0,0.0,0.05,0.4098272592592592,0.4098272592592592,0.0,0.0,0.5901727407407408,-1,0.0,0.0,0.16606315789473683,0.0,0.0,0.0,7888,0.059365501519756836,batt,0.05,ahash_rgb,192,spatial,mean,hamming_ball,mad,0.381,0.44
0.4096826905263158,0.42272786947368424,0.04272337060751344,0.0,0.0468,0.0,0.05,0.35262010582010583,0.4060754708994709,0.0,0.0,0.6473798941798942,-1,0.0172,0.0896,0.06503157894736843,0.0676124358587383,0.0896,0.07706863925683811,3313,0.048750187418339155,batt,0.05,ahash_rgb,192,spatial,mean,block_collision,mad,0.381,0.412
0.47785952,0.45340841263157894,0.04568139929299342,0.0036,0.0436,0.0036,0.05,0.4328940952380952,0.4276263703703704,0.0008,0.0008,0.5671059047619048,-1,0.0144,0.0,0.0010736842105263159,0.0,0.0,0.0,51,0.050051052073114576,batt,0.05,ahash_rgb,192,spatial,mean,hash_spectral,mad,0.381,0.053
0.30230321684210526,0.43324311578947367,0.03333282060112592,0.0,0.0,0.0,0.05,0.19582793650793653,0.4151609312169312,0.0,0.0,0.8041720634920635,-1,0.02,0.0,0.0007157894736842105,0.0,0.0,0.0,34,0.0500340231357323,batt,0.05,ahash_rgb,192,spatial,mean,hash_stability,mad,0.381,0.033
0.7546342736842107,0.4694010905263158,0.08796845089289981,0.0,0.0,0.0,0.05,0.9154891005291006,0.46807136507936503,0.0652,0.0,0.9154891005291006,1,0.0652,0.0,8.421052631578948e-05,0.0,0.0,0.0,4,0.0500040003200256,batt,0.05,dhash,64,spatial,pairwise,bit_llr,mad,0.146,0.057
0.6506272799999999,0.3675283200000001,0.06649850109866476,0.0,0.0,0.0,0.05,0.8802982857142857,0.1940935873015873,0.016,0.0,0.8802982857142857,1,0.016,0.0,0.07867368421052631,0.0,0.0,0.0,3737,0.0540388647515293,batt,0.05,dhash,64,spatial,pairwise,bit_em,mad,0.146,0.299
0.6921125600000001,0.45093283368421044,0.07361509784984924,0.0004,0.0204,0.0004,0.05,0.8166590052910053,0.4547062433862433,0.0084,0.0084,0.8166590052910053,1,0.0084,0.0004,0.00983157894736842,0.002136752136752137,0.0004,0.0006738544474393531,468,0.050452232899943474,batt,0.05,dhash,64,spatial,pairwise,hamming_knn,mad,0.146,0.449
0.7415540673684211,0.6387247915789473,0.09779751174116273,0.0152,0.094,0.0152,0.05,0.8024661587301587,0.6825314285714286,0.0068,0.0068,0.8024661587301587,1,0.0068,0.1768,0.08513684210526316,0.09852875613018279,0.1768,0.1265387918694532,4486,0.045216856351891724,batt,0.05,dhash,64,spatial,pairwise,hamming_ball,mad,0.146,0.444
0.5503059831578947,0.5120871368421052,0.06199768045891024,0.0316,0.0836,0.0316,0.05,0.5519854391534391,0.4598013121693122,0.0,0.0,0.5519854391534391,1,0.0,0.1428,0.09907368421052631,0.07051155441437883,0.1428,0.09440698135660452,5063,0.04768898680374747,batt,0.05,dhash,64,spatial,pairwise,block_collision,mad,0.146,0.152
0.45583906526315787,0.4686669094736842,0.04272182241793357,0.0012,0.0188,0.0012,0.05,0.4423418412698412,0.45588482539682545,0.0004,0.0004,0.5576581587301588,-1,0.0116,0.0,0.001957894736842105,0.0,0.0,0.0,93,0.05009317330234236,batt,0.05,dhash,64,spatial,pairwise,hash_spectral,mad,0.146,0.046
0.4037102610526316,0.4561661936842105,0.03914594544608187,0.0008,0.004,0.0028,0.05,0.34761007407407407,0.4213226666666667,0.0,0.0004,0.6523899259259259,-1,0.0032,0.0,0.0006105263157894737,0.0,0.0,0.0,29,0.05002901682976126,batt,0.05,dhash,64,spatial,pairwise,hash_stability,mad,0.146,0.027
0.7680442484210527,0.4967536252631579,0.09295048759765122,0.0,0.002,0.0,0.05,0.9259028148148147,0.5097707513227513,0.148,0.0,0.9259028148148147,1,0.148,0.0,0.00018947368421052632,0.0,0.0,0.0,9,0.050009001620291656,batt,0.05,dhash_v,64,spatial,pairwise,bit_llr,mad,0.137,0.058
0.5811073094736843,0.43225390315789475,0.059632742605751375,0.0,0.0,0.0,0.05,0.720675343915344,0.27841655026455026,0.0,0.0,0.720675343915344,1,0.0,0.0,0.06907368421052631,0.0,0.0,0.0,3281,0.05351141933688649,batt,0.05,dhash_v,64,spatial,pairwise,bit_em,mad,0.137,0.298
0.526141507368421,0.38851866947368424,0.04896378831174037,0.002,0.0156,0.002,0.05,0.5538574814814815,0.3457159365079365,0.0016,0.0016,0.5538574814814815,1,0.0016,0.0,0.0022526315789473685,0.0,0.0,0.0,107,0.050107229471068084,batt,0.05,dhash_v,64,spatial,pairwise,hamming_knn,mad,0.137,0.449
0.5411192673684211,0.4736031831578948,0.05177648872831105,0.0,0.0164,0.0,0.05,0.5500949417989418,0.44634954497354495,0.0048,0.0048,0.5500949417989418,1,0.0048,0.0612,0.09524210526315789,0.0327132777421424,0.0612,0.04263619896892852,4677,0.05178386249806941,batt,0.05,dhash_v,64,spatial,pairwise,hamming_ball,mad,0.137,0.443
0.4171322189473684,0.3966897810526316,0.0401985533508625,0.0,0.0144,0.0,0.05,0.3500431322751323,0.3855354074074074,0.0,0.0,0.6499568677248677,-1,0.0,0.0688,0.1564,0.02262860149980266,0.0688,0.03405603405603406,7601,0.05490695535272058,batt,0.05,dhash_v,64,spatial,pairwise,block_collision,mad,0.137,0.156
0.4290664926315789,0.4662023368421053,0.04048589271372256,0.0,0.0168,0.0,0.05,0.3962551111111111,0.4553801904761905,0.0012,0.0012,0.6037448888888889,-1,0.0196,0.0,0.0005052631578947368,0.0,0.0,0.0,24,0.05002401152553226,batt,0.05,dhash_v,64,spatial,pairwise,hash_spectral,mad,0.137,0.046
0.42367931789473684,0.4421143368421052,0.040498186831502136,0.0004,0.0056,0.0,0.05,0.4105317671957672,0.41062708994708996,0.0,0.0,0.5894682328042328,-1,0.0052,0.0,0.0005894736842105263,0.0,0.0,0.0,28,0.05002801568878572,batt,0.05,dhash_v,64,spatial,pairwise,hash_stability,mad,0.137,0.027
0.7955549894736844,0.5606463115789474,0.10384550736971487,0.0,0.0,0.0,0.05,0.9739803597883598,0.6799719365079365,0.3004,0.0,0.9739803597883598,1,0.3004,0.0,0.0007157894736842105,0.0,0.0,0.0,34,0.0500340231357323,batt,0.05,dhash16,256,spatial,pairwise,bit_llr,mad,0.198,0.102
0.9967610484210527,0.9965762736842105,0.8987503734748132,0.9932,0.9996,0.9932,0.05,0.9691064973544974,0.9688117248677252,0.0,0.0,0.9691064973544974,1,0.0,0.9996,0.2439157894736842,0.17742279020234292,0.9996,0.3013566475731082,14085,2.7843519420854795e-05,batt,0.05,dhash16,256,spatial,pairwise,bit_em,mad,0.198,0.904
0.6582611368421052,0.33381285052631576,0.0642733651879443,0.0,0.006,0.0,0.05,0.7904258624338625,0.271647746031746,0.002,0.002,0.7904258624338625,1,0.002,0.002,0.024126315789473683,0.004344048653344918,0.002,0.002738975623116954,1151,0.05107576408933653,batt,0.05,dhash16,256,spatial,pairwise,hamming_knn,mad,0.198,0.471
0.7244971031578947,0.6359377894736842,0.08801302779921238,0.0056,0.0688,0.0056,0.05,0.7702121058201058,0.633023746031746,0.0024,0.0024,0.7702121058201058,1,0.0024,0.23,0.12492631578947369,0.08833922261484099,0.23,0.12765012765012765,6509,0.04426203122485112,batt,0.05,dhash16,256,spatial,pairwise,hamming_ball,mad,0.198,0.463
0.4817078442105263,0.44140858105263153,0.05160750003812739,0.0,0.0,0.0,0.05,0.49496063492063497,0.36201688888888883,0.0,0.0,0.505039365079365,-1,0.0,0.1236,0.16328421052631578,0.03831370117792932,0.1236,0.05849503076194983,8065,0.052247525932991534,batt,0.05,dhash16,256,spatial,pairwise,block_collision,mad,0.198,0.715
0.42510956210526313,0.45395595789473686,0.03970544044079951,0.0016,0.0092,0.0016,0.05,0.39439305820105824,0.4324468994708994,0.0008,0.0008,0.6056069417989418,-1,0.0124,0.0016,0.010189473684210526,0.00819672131147541,0.0016,0.002677376171352075,488,0.050412021328162866,batt,0.05,dhash16,256,spatial,pairwise,hash_spectral,mad,0.198,0.056
0.4864237178947369,0.4339079789473684,0.04579570371680399,0.002,0.0164,0.0036,0.05,0.49767902645502643,0.4089663068783068,0.0028,0.002,0.5023209735449736,-1,0.0028,0.0016,0.0032842105263157896,0.025,0.0016,0.0030075187969924814,160,0.05008025682182986,batt,0.05,dhash16,256,spatial,pairwise,hash_stability,mad,0.198,0.029
0.7908839705263156,0.5277414063157895,0.10154536574485384,0.0,0.01,0.0,0.05,0.9476230264550265,0.566581544973545,0.1676,0.0,0.9476230264550265,1,0.1676,0.0,0.00029473684210526316,0.0,0.0,0.0,14,0.05001400392109791,batt,0.05,blockhash,256,spatial,median,bit_llr,mad,0.372,0.094
0.7878192589473685,0.5382995452631579,0.16383693121219844,0.0,0.0,0.0,0.05,0.9112946031746033,0.8898031322751323,0.0,0.0,0.9112946031746033,1,0.0,0.0,0.3369263157894737,0.0,0.0,0.0,16004,0.07353806330156488,batt,0.05,blockhash,256,spatial,median,bit_em,mad,0.372,0.891
0.6344746821052631,0.4635140252631579,0.06975275709722364,0.0136,0.078,0.0132,0.05,0.6997921693121694,0.4409508571428572,0.0092,0.0088,0.6997921693121694,1,0.0092,0.002,0.0012631578947368421,0.07692307692307693,0.002,0.003898635477582846,65,0.04996495444077301,batt,0.05,blockhash,256,spatial,median,hamming_knn,mad,0.372,0.469
0.6325181768421052,0.5597194399999998,0.06759624811417833,0.0,0.0468,0.0,0.05,0.6836722962962963,0.6041508994708994,0.028,0.028,0.6836722962962963,1,0.028,0.1832,0.12821052631578947,0.06994502138057422,0.1832,0.10123784261715296,6548,0.046994384608303415,batt,0.05,blockhash,256,spatial,median,hamming_ball,mad,0.372,0.461
0.5134712378947369,0.39458048842105264,0.05111928354252462,0.0,0.0,0.0,0.05,0.4776694603174603,0.4365679576719577,0.0,0.0056,0.5223305396825397,-1,0.0056,0.0,0.017178947368421054,0.0,0.0,0.0,816,0.0508295380611581,batt,0.05,blockhash,256,spatial,median,block_collision,mad,0.372,0.716
0.47631163789473685,0.48315708631578946,0.046375268199251474,0.006,0.044,0.006,0.05,0.46621379894179893,0.47642543915343916,0.0012,0.0012,0.5337862010582011,-1,0.0148,0.0,0.0006315789473684211,0.0,0.0,0.0,30,0.05003001801080648,batt,0.05,blockhash,256,spatial,median,hash_spectral,mad,0.372,0.055
0.47608185684210524,0.42173401263157895,0.04502176337360797,0.0,0.0048,0.0,0.05,0.4445718518518519,0.41784262433862435,0.0,0.0004,0.5554281481481481,-1,0.0036,0.0,0.0020210526315789473,0.0,0.0,0.0,96,0.05009618467457518,batt,0.05,blockhash,256,spatial,median,hash_stability,mad,0.372,0.03
0.9352463326315791,0.8549196968421052,0.5317327275507898,0.3792,0.6968,0.0492,0.05,0.9859822222222223,0.9307771428571429,0.8972,0.6112,0.9859822222222223,1,0.8972,0.0,0.0002526315789473684,0.0,0.0,0.0,12,0.05001200288069137,batt,0.05,phash,64,frequency,median,bit_llr,mad,0.543,0.057
0.993805347368421,0.9923924884210527,0.9775004454698101,0.9528,0.9892,0.9528,0.05,0.993902433862434,0.9906836402116402,0.9412,0.9412,0.993902433862434,1,0.9412,0.9896,0.054294736842105264,0.4896101325944983,0.9896,0.655103932212366,5053,0.000578459074020513,batt,0.05,phash,64,frequency,median,bit_em,mad,0.543,0.31
0.8456504421052632,0.7515334189473684,0.19888640251805711,0.0232,0.3324,0.0196,0.05,0.9307944126984127,0.8446005925925926,0.5672,0.4736,0.9307944126984127,1,0.5672,0.0088,0.007431578947368421,0.058666666666666666,0.0088,0.015304347826086957,375,0.04993450881612091,batt,0.05,phash,64,frequency,median,hamming_knn,mad,0.543,0.442
0.8574045305263158,0.8144632926315789,0.606965219216512,0.5116,0.6256,0.5116,0.05,0.903651216931217,0.8625456507936509,0.6256,0.6256,0.903651216931217,1,0.6256,0.5648,0.02054736842105263,0.5912897822445561,0.5648,0.5777414075286416,2388,0.022851382004536673,batt,0.05,phash,64,frequency,median,hamming_ball,mad,0.543,0.432
0.6845247031578948,0.5903128084210526,0.07874162340113462,0.0,0.0068,0.0,0.05,0.8106832592592593,0.6415650793650793,0.1264,0.1264,0.8106832592592593,1,0.1264,0.0,0.0031789473684210525,0.0,0.0,0.0,151,0.05015145740135208,batt,0.05,phash,64,frequency,median,hash_spectral,mad,0.543,0.046
0.5844359452631579,0.48040724210526314,0.06056802671906613,0.0024,0.0504,0.004,0.05,0.5577543280423279,0.45281337566137564,0.0008,0.0008,0.5577543280423279,1,0.0016,0.004,0.00863157894736842,0.023809523809523808,0.004,0.00684931506849315,420,0.050221863654699474,batt,0.05,phash,64,frequency,median,hash_stability,mad,0.543,0.026
0.9352463410526316,0.854919692631579,0.5317327367801603,0.3792,0.6968,0.0492,0.05,0.9859822222222223,0.9307771428571429,0.8972,0.6112,0.9859822222222223,1,0.8972,0.0,0.0002526315789473684,0.0,0.0,0.0,12,0.05001200288069137,batt,0.05,phash_nodc,63,frequency,median,bit_llr,mad,0.535,0.059
0.9938048631578948,0.9923931663157894,0.977502921489963,0.9528,0.9892,0.9528,0.05,0.9939025185185186,0.9906838941798942,0.9412,0.9412,0.9939025185185186,1,0.9412,0.9896,0.054294736842105264,0.4896101325944983,0.9896,0.655103932212366,5053,0.000578459074020513,batt,0.05,phash_nodc,63,frequency,median,bit_em,mad,0.535,0.297
0.8456504421052632,0.7515334189473684,0.19888640251805711,0.0232,0.3324,0.0196,0.05,0.9307944126984127,0.8446005925925926,0.5672,0.4736,0.9307944126984127,1,0.5672,0.0088,0.007431578947368421,0.058666666666666666,0.0088,0.015304347826086957,375,0.04993450881612091,batt,0.05,phash_nodc,63,frequency,median,hamming_knn,mad,0.535,0.431
0.8574045305263158,0.8144632926315789,0.606965219216512,0.5116,0.6256,0.5116,0.05,0.903651216931217,0.8625456507936509,0.6256,0.6256,0.903651216931217,1,0.6256,0.5648,0.02054736842105263,0.5912897822445561,0.5648,0.5777414075286416,2388,0.022851382004536673,batt,0.05,phash_nodc,63,frequency,median,hamming_ball,mad,0.535,0.43
0.6929222863157894,0.5925383831578948,0.08247575394448432,0.0,0.0284,0.0,0.05,0.8106831746031746,0.6415643174603174,0.1264,0.1264,0.8106831746031746,1,0.1264,0.0,0.0016421052631578948,0.0,0.0,0.0,78,0.050078121870117384,batt,0.05,phash_nodc,63,frequency,median,hash_spectral,mad,0.535,0.047
0.5844359452631579,0.48040724210526314,0.06056802671906613,0.0024,0.0504,0.004,0.05,0.5577543280423279,0.45281337566137564,0.0008,0.0008,0.5577543280423279,1,0.0016,0.004,0.00863157894736842,0.023809523809523808,0.004,0.00684931506849315,420,0.050221863654699474,batt,0.05,phash_nodc,63,frequency,median,hash_stability,mad,0.535,0.026
0.9444744378947368,0.863280614736842,0.5482789437145674,0.38,0.7116,0.062,0.05,0.9919464973544974,0.9451245714285714,0.9084,0.6432,0.9919464973544974,1,0.9084,0.0,0.0002526315789473684,0.0,0.0,0.0,12,0.05001200288069137,batt,0.05,phash_mean,64,frequency,mean,bit_llr,mad,0.506,0.057
0.9983519789473685,0.9974799284210527,0.9904412030413943,0.9908,0.9968,0.9908,0.05,0.9954230264550266,0.9939284232804232,0.9088,0.9088,0.9954230264550266,1,0.9088,0.9968,0.017242105263157895,0.7526427061310782,0.9968,0.8576837033212872,3311,0.0001713465698558547,batt,0.05,phash_mean,64,frequency,mean,bit_em,mad,0.506,0.3
0.8763718231578947,0.8133881557894737,0.2903474492412707,0.1272,0.4796,0.1272,0.05,0.9539413756613756,0.8849431534391535,0.7328,0.6444,0.9539413756613756,1,0.7328,0.09,0.0072,0.3968253968253968,0.09,0.1467231822627975,567,0.0460218882123278,batt,0.05,phash_mean,64,frequency,mean,hamming_knn,mad,0.506,0.445
0.8629432378947368,0.8327233684210527,0.6637911980087841,0.5892,0.6652,0.5892,0.05,0.9061147936507937,0.874887746031746,0.6888,0.6888,0.9061147936507937,1,0.6888,0.6652,0.049957894736842104,0.4120416253716551,0.6652,0.508873929008568,4036,0.018209903402662955,batt,0.05,phash_mean,64,frequency,mean,hamming_ball,mad,0.506,0.438
0.6860820210526316,0.5493994568421052,0.08157912985817292,0.0048,0.0712,0.0048,0.05,0.7874399576719577,0.5660062222222222,0.072,0.072,0.7874399576719577,1,0.072,0.0,0.0012,0.0,0.0,0.0,57,0.05005706505416174,batt,0.05,phash_mean,64,frequency,mean,hash_spectral,mad,0.506,0.046
0.2709525978947368,0.4893669221052632,0.0334103894067768,0.0,0.0,0.0,0.05,0.17543754497354497,0.4380032169312169,0.0,0.0,0.824562455026455,-1,0.004,0.0,0.002673684210526316,0.0,0.0,0.0,127,0.050127323401439654,batt,0.05,phash_mean,64,frequency,mean,hash_stability,mad,0.506,0.028
0.989401162105263,0.9795911115789473,0.9459383645755178,0.9092,0.9576,0.856,0.05,0.9964904126984127,0.9905905608465608,0.9836,0.9548,0.9964904126984127,1,0.9836,0.53,0.00016842105263157895,0.9939984996249063,0.53,0.6913644664753457,1333,0.02414367024883391,batt,0.05,phash16,256,frequency,median,bit_llr,mad,0.628,0.094
0.83217992,0.80047128,0.20926037126035052,0.0,0.0,0.0,0.05,0.9974877883597882,0.9973481058201059,0.9884,0.9884,0.9974877883597882,1,0.9884,0.0,0.12397894736842105,0.0,0.0,0.0,5889,0.056675205730996804,batt,0.05,phash16,256,frequency,median,bit_em,mad,0.628,0.902
0.963415747368421,0.9485416168421053,0.6416063147429315,0.5748,0.864,0.5748,0.05,0.9880284867724868,0.9769236402116401,0.9364,0.9296,0.9880284867724868,1,0.9364,0.5268,0.008989473684210526,0.7551605504587156,0.5268,0.620640904806786,1744,0.02451508620689655,batt,0.05,phash16,256,frequency,median,hamming_knn,mad,0.628,0.465
0.7839376631578947,0.5990867494736841,0.1548248167017578,0.0792,0.2596,0.0792,0.05,0.9302546031746032,0.9302546031746032,0.8036,0.8036,0.9302546031746032,1,0.8036,0.086,0.010694736842105264,0.29737206085753803,0.086,0.1334160719826249,723,0.04637051768573574,batt,0.05,phash16,256,frequency,median,hamming_ball,mad,0.628,0.46
0.7824245684210527,0.7624509136842106,0.16007448055919882,0.0132,0.2788,0.0132,0.05,0.8762284021164021,0.8316753439153439,0.5644,0.3796,0.8762284021164021,1,0.5644,0.0004,0.006168421052631579,0.003401360544217687,0.0004,0.0007158196134574087,294,0.05027562064941858,batt,0.05,phash16,256,frequency,median,hash_spectral,mad,0.628,0.056
0.7578867368421054,0.5760038526315789,0.11022371468100647,0.0032,0.076,0.0036,0.05,0.8733640634920635,0.6163197037037036,0.1916,0.008,0.8733640634920635,1,0.1916,0.0,0.0014526315789473684,0.0,0.0,0.0,69,0.050069095351585186,batt,0.05,phash16,256,frequency,median,hash_stability,mad,0.628,0.028
0.9856906021052633,0.9748429810526316,0.9221842665333206,0.8696,0.9476,0.8256,0.05,0.9951704550264551,0.9888167619047619,0.9828,0.952,0.9951704550264551,1,0.9828,0.49,0.0002736842105263158,0.9894991922455574,0.49,0.6554307116104869,1238,0.0261474098683401,batt,0.05,pdq,256,frequency,median,bit_llr,mad,2.286,0.092
0.7993142105263158,0.7569828421052631,0.17538579533911183,0.0,0.0,0.0,0.05,0.9960826243386245,0.9956756825396825,0.9828,0.9828,0.9960826243386245,1,0.9828,0.0,0.11086315789473684,0.0,0.0,0.0,5266,0.05588590333974158,batt,0.05,pdq,256,frequency,median,bit_em,mad,2.286,0.892
0.9668774315789476,0.953841865263158,0.7285245606112591,0.7116,0.88,0.7116,0.05,0.9869898835978836,0.97686708994709,0.9344,0.9296,0.9869898835978836,1,0.9344,0.6344,0.006926315789473684,0.8281984334203656,0.6344,0.7184597961494904,1915,0.01900800665488198,batt,0.05,pdq,256,frequency,median,hamming_knn,mad,2.286,0.467
0.7590804294736841,0.5667228799999999,0.14501782183264406,0.0992,0.236,0.0992,0.05,0.9146748783068783,0.9146748783068783,0.7536,0.7536,0.9146748783068783,1,0.7536,0.0912,0.009621052631578947,0.33284671532846716,0.0912,0.14317111459968604,685,0.046071175098854306,batt,0.05,pdq,256,frequency,median,hamming_ball,mad,2.286,0.463
0.7784052042105263,0.7788718694736843,0.2061080458798475,0.0928,0.3676,0.0928,0.05,0.8587348994708994,0.8404557037037037,0.5756,0.4256,0.8587348994708994,1,0.5756,0.0128,0.0026947368421052632,0.2,0.0128,0.02406015037593985,160,0.049518459069020866,batt,0.05,pdq,256,frequency,median,hash_spectral,mad,2.286,0.056
0.8107866694736843,0.6384926947368421,0.13912421471788267,0.0044,0.134,0.0032,0.05,0.9314914708994708,0.7116382222222222,0.3424,0.0224,0.9314914708994708,1,0.3424,0.0,0.0015368421052631579,0.0,0.0,0.0,73,0.050073106735834316,batt,0.05,pdq,256,frequency,median,hash_stability,mad,2.286,0.029
0.7473880336842104,0.5209084842105263,0.12501396721943045,0.032,0.2172,0.0,0.05,0.8598372063492064,0.5027140740740741,0.3848,0.0,0.8598372063492064,1,0.3848,0.0,0.001431578947368421,0.0,0.0,0.0,68,0.05006809260594408,batt,0.05,whash_haar,64,wavelet,median,bit_llr,mad,0.627,0.058
0.4756465684210527,0.39323568842105266,0.04659109310037152,0.0,0.0,0.0,0.05,0.38400351322751325,0.531874328042328,0.0,0.0,0.6159964867724868,-1,0.0,0.0,0.3276842105263158,0.0,0.0,0.0,15565,0.0726005517641934,batt,0.05,whash_haar,64,wavelet,median,bit_em,mad,0.627,0.312
0.4842021557894738,0.4200121010526316,0.04607634469501629,0.0,0.0312,0.0,0.05,0.45430044444444445,0.3675932698412698,0.0,0.0,0.5456995555555555,-1,0.0012,0.0,0.0010315789473684211,0.0,0.0,0.0,49,0.050049048067105764,batt,0.05,whash_haar,64,wavelet,median,hamming_knn,mad,0.627,0.439
0.5066728968421053,0.1704612673684211,0.05679602009118556,0.0,0.0,0.0,0.05,0.4187936084656085,0.4187936084656085,0.0,0.0,0.5812063915343915,-1,0.0,0.0,0.16149473684210527,0.0,0.0,0.0,7671,0.059061163741170354,batt,0.05,whash_haar,64,wavelet,median,hamming_ball,mad,0.627,0.432
0.41568885894736846,0.4570568168421053,0.042478123513916485,0.0,0.0412,0.0,0.05,0.3585608465608466,0.4312344126984127,0.0,0.0,0.6414391534391535,-1,0.0048,0.0436,0.10338947368421053,0.021713147410358565,0.0436,0.02898936170212766,5020,0.05315695864828813,batt,0.05,whash_haar,64,wavelet,median,block_collision,mad,0.627,0.159
0.4293235494736842,0.44365904421052627,0.04010021755893235,0.0,0.0212,0.0,0.05,0.3753070052910053,0.4221463703703704,0.0,0.0,0.6246929947089948,-1,0.0116,0.0,0.0003578947368421053,0.0,0.0,0.0,17,0.05001700578196587,batt,0.05,whash_haar,64,wavelet,median,hash_spectral,mad,0.627,0.046
0.2785278315789474,0.48118020210526324,0.03374710815419012,0.0,0.0,0.0,0.05,0.2247977142857143,0.4537378201058201,0.0,0.0,0.7752022857142857,-1,0.018,0.0,0.002168421052631579,0.0,0.0,0.0,103,0.05010321261799307,batt,0.05,whash_haar,64,wavelet,median,hash_stability,mad,0.627,0.027
0.9310665852631579,0.7899730989473684,0.30405523979757026,0.0,0.5868,0.0,0.05,0.9924740740740741,0.9024502857142858,0.8624,0.0,0.9924740740740741,1,0.8624,0.0,0.0031789473684210525,0.0,0.0,0.0,151,0.05015145740135208,batt,0.05,whash_db4,169,wavelet,median,bit_llr,mad,1.566,0.079
0.5108500715789474,0.0744029642105263,0.08201457278348158,0.0,0.0,0.0,0.05,0.14941155555555555,0.14941155555555555,0.0,0.0,0.8505884444444445,-1,0.0,0.0,0.34416842105263157,0.0,0.0,0.0,16348,0.07428978961131583,batt,0.05,whash_db4,169,wavelet,median,bit_em,mad,1.566,0.604
0.5999687578947368,0.3135172715789473,0.05635987287132574,0.0,0.0,0.0,0.05,0.6819384126984127,0.22701451851851853,0.0,0.0,0.6819384126984127,1,0.0,0.0,0.0,0.0,0.0,0.0,0,0.05,batt,0.05,whash_db4,169,wavelet,median,hamming_knn,mad,1.566,0.454
0.5505121263157894,0.4003186105263158,0.054493138752860576,0.0,0.0,0.0,0.05,0.5186297566137565,0.5186297566137565,0.0,0.0,0.5186297566137565,1,0.0,0.0,0.10835789473684211,0.0,0.0,0.0,5147,0.055737631819499256,batt,0.05,whash_db4,169,wavelet,median,hamming_ball,mad,1.566,0.442
0.397419587368421,0.4011431326315789,0.03727462375072319,0.0,0.0,0.0,0.05,0.3410851216931217,0.3567430264550265,0.0,0.0,0.6589148783068783,-1,0.0096,0.0,0.0019789473684210528,0.0,0.0,0.0,94,0.05009417705285937,batt,0.05,whash_db4,169,wavelet,median,hash_spectral,mad,1.566,0.053
0.17008994947368422,0.6158962484210526,0.0314056961047232,0.0,0.0,0.0,0.05,0.021867216931216925,0.7481954285714285,0.0,0.0,0.978132783068783,-1,0.2448,0.0,0.0022315789473684212,0.0,0.0,0.0,106,0.05010622519741853,batt,0.05,whash_db4,169,wavelet,median,hash_stability,mad,1.566,0.03
0.8432185431578949,0.6764314147368422,0.15098418302263572,0.0004,0.1792,0.0,0.05,0.9658030899470901,0.782421291005291,0.6328,0.0892,0.9658030899470901,1,0.6328,0.0,0.00048421052631578945,0.0,0.0,0.0,23,0.05002301058486904,batt,0.05,mh,64,frequency,mean,bit_llr,mad,0.957,0.058
0.9987669810526315,0.9983692884210527,0.9907377500307556,0.9896,0.998,0.9896,0.05,0.9954727619047619,0.9946353439153439,0.916,0.916,0.9954727619047619,1,0.916,0.998,0.04406315789473684,0.5438099389712293,0.998,0.7040067720090294,4588,0.00011010305646084735,batt,0.05,mh,64,frequency,mean,bit_em,mad,0.957,0.3
0.7156077936842106,0.5673995663157895,0.0944073480501029,0.0,0.1008,0.0,0.05,0.8215565714285714,0.6032835555555556,0.1916,0.124,0.8215565714285714,1,0.1916,0.0,0.00871578947368421,0.0,0.0,0.0,414,0.050417456540152464,batt,0.05,mh,64,frequency,mean,hamming_knn,mad,0.957,0.446
0.7604304042105263,0.7086838357894738,0.27738984587984683,0.2028,0.3716,0.2028,0.05,0.8207724021164021,0.7372420317460318,0.332,0.332,0.8207724021164021,1,0.332,0.332,0.037136842105263156,0.3199691595990748,0.332,0.325873576756969,2594,0.03522760831962199,batt,0.05,mh,64,frequency,mean,hamming_ball,mad,0.957,0.441
0.5572872294736841,0.5902621894736843,0.06157026787541277,0.0008,0.0324,0.0008,0.05,0.4839962328042328,0.4344523597883597,0.0,0.0,0.5160037671957671,-1,0.0,0.0768,0.06364210526315789,0.059720062208398136,0.0768,0.06719160104986877,3215,0.049332050871005666,batt,0.05,mh,64,frequency,mean,block_collision,mad,0.957,0.152
0.6349550231578948,0.5147861263157896,0.0655985117763003,0.0,0.0184,0.0,0.05,0.7351503915343917,0.5336836402116403,0.0308,0.0308,0.7351503915343917,1,0.0308,0.0,0.003431578947368421,0.0,0.0,0.0,163,0.050163533117964565,batt,0.05,mh,64,frequency,mean,hash_spectral,mad,0.957,0.046
0.395553132631579,0.4363874147368421,0.038678048536601325,0.0,0.0008,0.0,0.05,0.38332584126984126,0.40277993650793653,0.0,0.0,0.6166741587301587,-1,0.0012,0.0,0.006252631578947368,0.0,0.0,0.0,297,0.050298774721847773,batt,0.05,mh,64,frequency,mean,hash_stability,mad,0.957,0.027
0.43505643789473686,0.41639275789473684,0.04107988862437151,0.0,0.0,0.0,0.05,0.34499144973544976,0.41978120634920635,0.0096,0.0096,0.6550085502645502,-1,0.0224,0.0,0.03818947368421052,0.0,0.0,0.0,1814,0.05188228946166937,batt,0.05,colorhash,42,colour,quantisation,bit_llr,mad,2.535,0.05
0.4325077347368421,0.5017767157894737,0.043053900959875484,0.0,0.0,0.0,0.05,0.30703479365079367,0.33507212698412703,0.0,0.0,0.6929652063492063,-1,0.0132,0.2392,0.41172631578947366,0.029670057057802034,0.2392,0.05279187817258883,20155,0.06372926788406769,batt,0.05,colorhash,42,colour,quantisation,bit_em,mad,2.535,0.241
0.40530169684210526,0.4796485852631579,0.04136463509710832,0.0,0.0,0.004,0.05,0.3417156402116403,0.5354021164021163,0.0,0.0356,0.6582843597883596,-1,0.0356,0.0024,0.0078105263157894735,0.015915119363395226,0.0024,0.004171011470281543,377,0.05025895250186405,batt,0.05,colorhash,42,colour,quantisation,hamming_knn,mad,2.535,0.318
0.34155039578947366,0.5104321642105263,0.04108405838088859,0.0,0.0,0.0,0.05,0.32033989417989417,0.3860422433862434,0.0,0.0,0.6796601058201058,-1,0.0,0.1556,0.26867368421052634,0.0295794996578207,0.1556,0.04970928375183694,13151,0.0572878504165649,batt,0.05,colorhash,42,colour,quantisation,hamming_ball,mad,2.535,0.343
0.46781712,0.5003346736842105,0.045408471590149324,0.0,0.0,0.0,0.05,0.49049062433862434,0.46861769312169316,0.0156,0.0116,0.5095093756613757,-1,0.0156,0.0,0.006736842105263158,0.0,0.0,0.0,320,0.05032206119162641,batt,0.05,colorhash,42,colour,quantisation,hash_spectral,mad,2.535,0.041
0.6380857136842105,0.5615292210526316,0.0759043789970854,0.0108,0.04,0.0108,0.05,0.6317502645502645,0.5845602962962964,0.0108,0.0108,0.6317502645502645,1,0.0108,0.0028,0.0009052631578947368,0.14,0.0028,0.005490196078431373,50,0.04990990990990991,batt,0.05,colorhash,42,colour,quantisation,hash_stability,mad,2.535,0.025
0.8466705052631578,0.6760510863157894,0.1359206102422037,0.0,0.0024,0.0,0.05,0.9880003386243384,0.8217364656084657,0.7876,0.0,0.9880003386243384,1,0.7876,0.0,0.00029473684210526316,0.0,0.0,0.0,14,0.05001400392109791,batt,0.05,rhash8,64,residual,zero,bit_llr,mad,0.511,0.058
0.9967335578947367,0.9965901557894739,0.988310511282498,0.9892,0.9932,0.9892,0.05,0.9951635978835979,0.9932256507936507,0.9276,0.9276,0.9951635978835979,1,0.9276,0.9948,0.09886315789473685,0.3462341639983294,0.9948,0.5136837756893525,7183,0.00030361772193287714,batt,0.05,rhash8,64,residual,zero,bit_em,mad,0.511,0.298
0.8000750694736845,0.6319858021052631,0.11795301889024634,0.0,0.0332,0.0,0.05,0.9405688042328042,0.7442613333333333,0.3312,0.1268,0.9405688042328042,1,0.3312,0.0,0.004063157894736842,0.0,0.0,0.0,193,0.05019374786676572,batt,0.05,rhash8,64,residual,zero,hamming_knn,mad,0.511,0.448
0.8694042694736842,0.8086888294736843,0.3369579972105674,0.188,0.4884,0.188,0.05,0.9377526349206349,0.8564814814814814,0.5264,0.5264,0.9377526349206349,1,0.5264,0.2864,0.014357894736842106,0.5121602288984263,0.2864,0.3673678809645972,1398,0.03670630838237109,batt,0.05,rhash8,64,residual,zero,hamming_ball,mad,0.511,0.442
0.6778206021052631,0.45542485894736845,0.07974228318171844,0.0012,0.0408,0.0012,0.05,0.5542699259259259,0.49158217989417996,0.0,0.0,0.5542699259259259,1,0.0,0.0052,0.017873684210526316,0.015081206496519721,0.0052,0.007733491969066032,862,0.05061256054377467,batt,0.05,rhash8,64,residual,zero,block_collision,mad,0.511,0.151
0.6472777852631579,0.4772861852631579,0.06548376995382535,0.0,0.0,0.0,0.05,0.7720693333333333,0.4774357671957672,0.0,0.0,0.7720693333333333,1,0.0008,0.0,0.006989473684210526,0.0,0.0,0.0,332,0.05033421921559153,batt,0.05,rhash8,64,residual,zero,hash_spectral,mad,0.511,0.045
0.5932591284210527,0.4588977136842105,0.061176342908184564,0.0036,0.0356,0.0036,0.05,0.5820999365079366,0.4301093756613757,0.0024,0.0012,0.5820999365079366,1,0.0024,0.0,0.001894736842105263,0.0,0.0,0.0,90,0.050090162292125824,batt,0.05,rhash8,64,residual,zero,hash_stability,mad,0.511,0.027
0.9377961010526317,0.8756530736842106,0.2738495783906014,0.0,0.398,0.0,0.05,0.9992575661375662,0.9872544338624338,0.994,0.7764,0.9992575661375662,1,0.994,0.0,0.0013052631578947369,0.0,0.0,0.0,62,0.05006207697544956,batt,0.05,rhash16,256,residual,zero,bit_llr,mad,0.588,0.098
0.8092415410526316,0.8061310652631579,0.20341979868020732,0.0,0.0,0.0,0.05,0.9999213544973545,0.9999213544973544,0.998,0.998,0.9999213544973545,1,0.998,0.0,0.14797894736842104,0.0,0.0,0.0,7029,0.05817877172977124,batt,0.05,rhash16,256,residual,zero,bit_em,mad,0.588,0.897
0.9006030863157894,0.8544154821052632,0.19674051871083814,0.0,0.0468,0.0,0.05,0.9965018835978836,0.9820683597883597,0.9524,0.884,0.9965018835978836,1,0.9524,0.0,0.012484210526315789,0.0,0.0,0.0,593,0.050600117392272354,batt,0.05,rhash16,256,residual,zero,hamming_knn,mad,0.588,0.469
0.9831904926315791,0.9790216336842106,0.9152021643202375,0.872,0.938,0.872,0.05,0.9917216507936508,0.9866462645502646,0.938,0.938,0.9917216507936508,1,0.938,0.9256,0.034105263157894736,0.5882053889171327,0.9256,0.719303699098539,3934,0.004037685060565276,batt,0.05,rhash16,256,residual,zero,hamming_ball,mad,0.588,0.463
0.746532387368421,0.6471296126315789,0.09220989852893328,0.0,0.0,0.0,0.05,0.9145205079365077,0.7220225608465608,0.4088,0.4088,0.9145205079365077,1,0.4088,0.0,0.06183157894736842,0.0,0.0,0.0,2937,0.05312028557465525,batt,0.05,rhash16,256,residual,zero,block_collision,mad,0.588,0.709
0.6887859831578947,0.4524586021052631,0.07216249301435075,0.0,0.0,0.0,0.05,0.865905312169312,0.43530958730158725,0.0,0.0,0.865905312169312,1,0.0,0.0,0.015052631578947368,0.0,0.0,0.0,715,0.05072537283149031,batt,0.05,rhash16,256,residual,zero,hash_spectral,mad,0.588,0.055
0.5952465136842104,0.42568239578947376,0.05936057354139276,0.002,0.03,0.0012,0.05,0.6521865396825396,0.3736251428571428,0.0004,0.0012,0.6521865396825396,1,0.0008,0.0012,0.005957894736842106,0.01048951048951049,0.0012,0.0021536252692031586,286,0.050227300156897456,batt,0.05,rhash16,256,residual,zero,hash_stability,mad,0.588,0.03
0.9855195957894736,0.9738790021052632,0.5939039065844797,0.1624,0.9948,0.0,0.05,0.9999845925925925,0.9994846137566138,0.9992,0.9984,0.9999845925925925,1,0.9992,0.0,0.0020421052631578946,0.0,0.0,0.0,97,0.05009718854577881,batt,0.05,rhash32,1024,residual,zero,bit_llr,mad,0.468,0.239
0.7108545515789474,0.6638308715789475,0.15348770720375612,0.0,0.0,0.0,0.05,0.9998,0.9998,0.9996,0.9996,0.9998,1,0.9996,0.0,0.3263157894736842,0.0,0.0,0.0,15500,0.07246376811594203,batt,0.05,rhash32,1024,residual,zero,bit_em,mad,0.468,4.075
0.8777088168421053,0.8575367242105263,0.16294214646244123,0.0,0.0,0.0,0.05,0.9968550264550264,0.9956705185185185,0.9564,0.9564,0.9968550264550264,1,0.9564,0.0,0.034084210526315786,0.0,0.0,0.0,1619,0.051673177487030035,batt,0.05,rhash32,1024,residual,zero,hamming_knn,mad,0.468,0.563
0.97223752,0.9691170189473685,0.7040944009256984,0.4992,0.8684,0.4992,0.05,0.9953190264550265,0.989346455026455,0.9204,0.9204,0.9953190264550265,1,0.9204,0.9204,0.07722105263157895,0.3854917071536271,0.9204,0.5433935529578463,5969,0.004519543049215325,batt,0.05,rhash32,1024,residual,zero,hamming_ball,mad,0.468,0.552
0.9993369515789474,0.9988875957894737,0.9976601402468472,0.9988,0.9988,0.9988,0.05,0.9992554497354497,0.998693164021164,0.9988,0.9988,0.9992554497354497,1,0.9988,0.9988,0.014989473684210526,0.7781240261763789,0.9988,0.8747591522157996,3209,6.411489388985061e-05,batt,0.05,rhash32,1024,residual,zero,block_collision,mad,0.468,3.189
0.7765357221052631,0.6920216,0.09803527550679515,0.0,0.0,0.0,0.05,0.9861721058201057,0.8316930370370372,0.7824,0.0,0.9861721058201057,1,0.7824,0.0,0.02797894736842105,0.0,0.0,0.0,1329,0.051365289392040436,batt,0.05,rhash32,1024,residual,zero,hash_spectral,mad,0.468,0.183
0.5330778484210527,0.4230523031578947,0.050203332053712094,0.0012,0.0168,0.0024,0.05,0.5492322116402117,0.38316474074074075,0.0012,0.0012,0.5492322116402117,1,0.002,0.002,0.006084210526315789,0.017006802721088437,0.002,0.0035790980672870437,294,0.050195147467106585,batt,0.05,rhash32,1024,residual,zero,hash_stability,mad,0.468,0.033
0.9526312042105262,0.9070594442105264,0.3304381552254061,0.0,0.6948,0.0,0.05,0.9996576507936508,0.9922105396825397,0.9964,0.9052,0.9996576507936508,1,0.9964,0.0,0.0016421052631578948,0.0,0.0,0.0,78,0.050078121870117384,batt,0.05,rhash_rgb,768,residual,zero,bit_llr,mad,1.647,0.193
0.6365034021052631,0.5908878736842105,0.12509708499015848,0.0,0.0,0.0,0.05,0.9998747936507937,0.9998747936507937,0.9996,0.9996,0.9998747936507937,1,0.9996,0.0,0.2669684210526316,0.0,0.0,0.0,12681,0.06699000509124038,batt,0.05,rhash_rgb,768,residual,zero,bit_em,mad,1.647,2.945
0.9420492210526317,0.9239602778947369,0.29104168240640843,0.0,0.5084,0.0,0.05,0.9988488888888889,0.9961881481481482,0.9824,0.9624,0.9988488888888889,1,0.9824,0.0,0.012778947368421053,0.0,0.0,0.0,607,0.050614459538801046,batt,0.05,rhash_rgb,768,residual,zero,hamming_knn,mad,1.647,0.529
0.9694767789473685,0.959708307368421,0.869424483258666,0.794,0.8916,0.794,0.05,0.9889596613756615,0.9729756613756615,0.9336,0.9336,0.9889596613756615,1,0.9336,0.8688,0.030042105263157894,0.603500972492359,0.8688,0.7122479094933596,3599,0.007068813172129911,batt,0.05,rhash_rgb,768,residual,zero,hamming_ball,mad,1.647,0.521
0.7569720631578949,0.6290987242105264,0.09291451847622653,0.0,0.0,0.0,0.05,0.9500050370370371,0.7646482539682541,0.5892,0.5264,0.9500050370370371,1,0.5892,0.0,0.05530526315789474,0.0,0.0,0.0,2627,0.052772676419057266,batt,0.05,rhash_rgb,768,residual,zero,block_collision,mad,1.647,2.061
0.7079240421052633,0.5004096631578948,0.07691719554030813,0.0,0.0,0.0,0.05,0.8948069417989419,0.514514201058201,0.0,0.0008,0.8948069417989419,1,0.0008,0.0,0.016673684210526316,0.0,0.0,0.0,792,0.050804747195577954,batt,0.05,rhash_rgb,768,residual,zero,hash_spectral,mad,1.647,0.115
0.5727298863157895,0.4141928968421053,0.055030608198117115,0.002,0.0212,0.0012,0.05,0.6160297989417989,0.3692018624338624,0.0012,0.0008,0.6160297989417989,1,0.0012,0.0008,0.006526315789473684,0.00641025641025641,0.0008,0.001422475106685633,312,0.050273707937530186,batt,0.05,rhash_rgb,768,residual,zero,hash_stability,mad,1.647,0.033
0.7692334736842106,0.6056580715789475,0.13650875531070855,0.0424,0.2084,0.0016,0.05,0.8796579894179893,0.6662102433862435,0.5056,0.0536,0.8796579894179893,1,0.5056,0.0,0.0008631578947368422,0.0,0.0,0.0,41,0.05004103364759103,batt,0.05,rhash_energy,256,residual,mean,bit_llr,mad,0.621,0.092
0.8358762736842105,0.8090324842105263,0.2354152374450855,0.0,0.0,0.0,0.05,0.9872165502645504,0.9846208253968254,0.9092,0.9092,0.9872165502645504,1,0.9092,0.0,0.14307368421052633,0.0,0.0,0.0,6796,0.0578650124988427,batt,0.05,rhash_energy,256,residual,mean,bit_em,mad,0.621,0.89
0.41882504421052635,0.4241935410526316,0.0389402129721606,0.0,0.0012,0.0,0.05,0.38643856084656086,0.3870193015873016,0.0,0.0,0.6135614391534392,-1,0.0032,0.0,0.0006947368421052632,0.0,0.0,0.0,33,0.05003302179438429,batt,0.05,rhash_energy,256,residual,mean,hamming_knn,mad,0.621,0.458
0.5175674863157895,0.18252925473684212,0.059600728824569904,0.0,0.0,0.0,0.05,0.3758388148148148,0.3758388148148148,0.0,0.0,0.6241611851851852,-1,0.0,0.0,0.1683578947368421,0.0,0.0,0.0,7997,0.059519558126800466,batt,0.05,rhash_energy,256,residual,mean,hamming_ball,mad,0.621,0.448
0.36762155789473683,0.7105861515789474,0.04906731080313266,0.0,0.0,0.0,0.05,0.2712725502645502,0.7724220105820107,0.0,0.0216,0.7287274497354498,-1,0.0216,0.3096,0.15330526315789475,0.09607745779543198,0.3096,0.1466464569912846,8056,0.041150104901773794,batt,0.05,rhash_energy,256,residual,mean,block_collision,mad,0.621,0.707
0.6614392378947369,0.5719834863157894,0.07464090901160823,0.0,0.0204,0.0,0.05,0.7930034708994709,0.6078557883597884,0.3072,0.0884,0.7930034708994709,1,0.3072,0.0,0.0013473684210526316,0.0,0.0,0.0,64,0.05006408202499199,batt,0.05,rhash_energy,256,residual,mean,hash_spectral,mad,0.621,0.056
0.3116918189473684,0.4273804042105263,0.0338596541875702,0.0,0.0,0.0108,0.05,0.2114792804232804,0.3891372698412699,0.0,0.004,0.7885207195767197,-1,0.004,0.0032,0.002463157894736842,0.064,0.0032,0.006095238095238095,125,0.049964912280701754,batt,0.05,rhash_energy,256,residual,mean,hash_stability,mad,0.621,0.032
0.9398686821052632,0.8807639368421053,0.28627971392641405,0.0,0.5064,0.0,0.05,0.9980977777777778,0.986263873015873,0.9904,0.776,0.9980977777777778,1,0.9904,0.0,0.0012842105263157894,0.0,0.0,0.0,61,0.0500610745109033,batt,0.05,ahash_res,256,residual,mean,bit_llr,mad,0.592,0.093
0.8111253894736841,0.8061429726315789,0.19669131836196863,0.0,0.0,0.0,0.05,0.9990896084656086,0.9991326984126985,0.9964,0.9964,0.9990896084656086,1,0.9964,0.0,0.1483578947368421,0.0,0.0,0.0,7047,0.058203152282727634,batt,0.05,ahash_res,256,residual,mean,bit_em,mad,0.592,0.907
0.8798970736842106,0.8126999368421053,0.16930898173146428,0.0,0.0116,0.0,0.05,0.9921625396825398,0.9657335026455027,0.8916,0.7604,0.9921625396825398,1,0.8916,0.0,0.01288421052631579,0.0,0.0,0.0,612,0.050619583704543614,batt,0.05,ahash_res,256,residual,mean,hamming_knn,mad,0.592,0.471
0.9774953010526317,0.971361814736842,0.8799122344391476,0.8116,0.9212,0.8116,0.05,0.9868040211640212,0.9801223703703703,0.898,0.898,0.9868040211640212,1,0.898,0.898,0.03254736842105263,0.5921920337641783,0.898,0.713718009855349,3791,0.0055184055054210215,batt,0.05,ahash_res,256,residual,mean,hamming_ball,mad,0.592,0.465
0.662655532631579,0.5175044084210526,0.06832537534357601,0.0,0.0,0.0,0.05,0.7860276825396826,0.5071004021164021,0.02,0.02,0.7860276825396826,1,0.02,0.0,0.062442105263157896,0.0,0.0,0.0,2966,0.053153038227665095,batt,0.05,ahash_res,256,residual,mean,block_collision,mad,0.592,0.709
0.6913829389473684,0.471662812631579,0.0730177244325878,0.0,0.0,0.0,0.05,0.8688237460317461,0.4688617566137566,0.0,0.0,0.8688237460317461,1,0.0,0.0,0.015073684210526316,0.0,0.0,0.0,716,0.05072640207775343,batt,0.05,ahash_res,256,residual,mean,hash_spectral,mad,0.592,0.056
0.6906992884210528,0.4828257810526316,0.081868676268425,0.0044,0.0564,0.0012,0.05,0.7919644444444445,0.47373185185185185,0.028,0.0012,0.7919644444444445,1,0.028,0.0004,0.004821052631578947,0.004347826086956522,0.0004,0.0007326007326007326,230,0.05021097046413502,batt,0.05,ahash_res,256,residual,mean,hash_stability,mad,0.592,0.031
0.38345209684210524,0.5190900589473684,0.03684898117611138,0.0,0.0008,0.0,0.05,0.37863810323122116,0.5102415862358372,0.0056,0.0136,0.6213618967687788,-1,0.0136,0.0,0.0009263157894736842,0.0,0.0,0.0,44,0.05004403875410361,adaptive_patch,0.05,ahash,64,spatial,mean,bit_llr,mad,0.145,0.058
0.6776357221052631,0.5210650568421052,0.15696538530704818,0.0,0.4268,0.0,0.05,0.43438837599664293,0.46113046579941247,0.0,0.0,0.5656116240033571,-1,0.0,0.4248,0.32989473684210524,0.06347119292373894,0.4248,0.11044093178036606,16732,0.04322472045208609,adaptive_patch,0.05,ahash,64,spatial,mean,bit_em,mad,0.145,0.293
0.4141784968421053,0.49486461052631575,0.041192207536928885,0.0052,0.0432,0.0056,0.05,0.3546450272765422,0.48566743600503565,0.002,0.0024,0.6453549727234578,-1,0.0292,0.0,0.0,0.0,0.0,0.0,0,0.05,adaptive_patch,0.05,ahash,64,spatial,mean,hamming_knn,mad,0.145,0.448
0.5120083115789474,0.18658665263157898,0.05916277616834121,0.0,0.0,0.0,0.05,0.40715476290390273,0.40715476290390273,0.0016,0.0016,0.5928452370960973,-1,0.0016,0.0164,0.1530315789473684,0.00560875512995896,0.0164,0.00835881753312946,7310,0.05760131178261888,adaptive_patch,0.05,ahash,64,spatial,mean,hamming_ball,mad,0.145,0.442
0.43112614315789477,0.48386076210526313,0.05031168225274031,0.0,0.0664,0.0,0.05,0.37293768359211077,0.48279039026437265,0.0,0.0,0.6270623164078892,-1,0.0276,0.1792,0.10656842105263158,0.08130671506352087,0.1792,0.1118601747815231,5510,0.04612272420768712,adaptive_patch,0.05,ahash,64,spatial,mean,block_collision,mad,0.145,0.158
0.5088073305263157,0.46387046315789476,0.04976916773940816,0.004,0.052,0.004,0.05,0.4794499370541334,0.45417750734368445,0.0068,0.0068,0.5205500629458666,-1,0.008,0.0,0.0008842105263157895,0.0,0.0,0.0,42,0.050042035309660116,adaptive_patch,0.05,ahash,64,spatial,mean,hash_spectral,mad,0.145,0.046
0.4133070610526316,0.48362233263157894,0.04010010959465751,0.0012,0.01,0.0008,0.05,0.38005291649181705,0.5122501468736886,0.006,0.0104,0.619947083508183,-1,0.012,0.0,0.00048421052631578945,0.0,0.0,0.0,23,0.05002301058486904,adaptive_patch,0.05,ahash,64,spatial,mean,hash_stability,mad,0.145,0.029
0.38545694736842107,0.5473647073684211,0.037620501371137094,0.0,0.0,0.0,0.05,0.3998316407889215,0.5466168275283256,0.0024,0.0064,0.6001683592110785,-1,0.0064,0.0,0.0013052631578947369,0.0,0.0,0.0,62,0.05006207697544956,adaptive_patch,0.05,ahash4,16,spatial,mean,bit_llr,mad,0.135,0.049
0.6659294821052631,0.6003118189473684,0.15487250981956335,0.044,0.4548,0.0,0.05,0.44162484263533364,0.47573730591691143,0.0,0.0,0.5583751573646664,-1,0.0,0.4088,0.15463157894736843,0.12214652802677184,0.4088,0.18809238980399373,8367,0.03550068455311892,adaptive_patch,0.05,ahash4,16,spatial,mean,bit_em,mad,0.135,0.149
0.45569885473684213,0.4969066863157894,0.0479835332975398,0.0,0.0688,0.0004,0.05,0.3913981535879144,0.4844177926982795,0.0,0.0132,0.6086018464120856,-1,0.0132,0.0,0.0,0.0,0.0,0.0,0,0.05,adaptive_patch,0.05,ahash4,16,spatial,mean,hamming_knn,mad,0.135,0.408
0.38988685052631583,0.42847471157894734,0.04947521242225899,0.0,0.0312,0.0,0.05,0.42046630297943766,0.44661154007553505,0.0,0.0,0.5795336970205623,-1,0.0,0.0732,0.12705263157894736,0.029430685107751688,0.0732,0.04198210598761184,6218,0.05292129185510027,adaptive_patch,0.05,ahash4,16,spatial,mean,hamming_ball,mad,0.135,0.407
0.44802681684210527,0.4811228210526316,0.04945815226343895,0.0276,0.0452,0.0276,0.05,0.4012921947125472,0.43351233738984474,0.0,0.0,0.5987078052874528,-1,0.0,0.1564,0.1858736842105263,0.042407809110629066,0.1564,0.0667235494880546,9220,0.0517165277096616,adaptive_patch,0.05,ahash4,16,spatial,mean,block_collision,mad,0.135,0.04
0.5013575242105264,0.4822597642105263,0.05005879225353051,0.0,0.064,0.0,0.05,0.4978637012169534,0.4732454888795636,0.0,0.0,0.5021362987830467,-1,0.0084,0.0,0.0022105263157894735,0.0,0.0,0.0,105,0.05010522096402445,adaptive_patch,0.05,ahash4,16,spatial,mean,hash_spectral,mad,0.135,0.044
0.4411037894736842,0.3787890021052631,0.04309620555660633,0.0,0.0008,0.0,0.05,0.40897389844733534,0.4994331095258078,0.0016,0.0016,0.5910261015526647,-1,0.0016,0.0,0.002505263157894737,0.0,0.0,0.0,119,0.0501192838956717,adaptive_patch,0.05,ahash4,16,spatial,mean,hash_stability,mad,0.135,0.026
0.3790648463157895,0.5016875494736842,0.036393532516942904,0.0,0.0004,0.0,0.05,0.3657077633235417,0.4917017205203525,0.0036,0.0096,0.6342922366764583,-1,0.0096,0.0,0.0006315789473684211,0.0,0.0,0.0,30,0.05003001801080648,adaptive_patch,0.05,ahash16,256,spatial,mean,bit_llr,mad,0.196,0.093
0.6733112757894737,0.5494702105263158,0.17058821285622336,0.0,0.4252,0.0,0.05,0.4542714645404951,0.45700692404532106,0.0,0.0,0.545728535459505,-1,0.0,0.4412,0.39431578947368423,0.05561438007361468,0.4412,0.0987775936954283,19833,0.04630888056485564,adaptive_patch,0.05,ahash16,256,spatial,mean,bit_em,mad,0.196,0.893
0.3888324336842105,0.5039991410526315,0.038329813154099536,0.0052,0.0296,0.0056,0.05,0.3250561896768779,0.4971003776751993,0.0032,0.0032,0.6749438103231221,-1,0.0376,0.0,0.0,0.0,0.0,0.0,0,0.05,adaptive_patch,0.05,ahash16,256,spatial,mean,hamming_knn,mad,0.196,0.476
0.4760138105263158,0.2379742821052632,0.0538688178421057,0.0,0.0,0.0,0.05,0.4075986571548468,0.4075986571548468,0.0028,0.0028,0.5924013428451532,-1,0.0028,0.0132,0.14016842105263158,0.0049319982065461065,0.0132,0.007180937874007181,6691,0.0569627560091436,adaptive_patch,0.05,ahash16,256,spatial,mean,hamming_ball,mad,0.196,0.46
0.2874393726315789,0.7128706231578947,0.03848141132581687,0.0,0.0,0.0776,0.05,0.3780271086865296,0.6052191355434327,0.0,0.0352,0.6219728913134703,-1,0.0352,0.536,0.08126315789473684,0.25769230769230766,0.536,0.34805194805194806,5200,0.025892857142857145,adaptive_patch,0.05,ahash16,256,spatial,mean,block_collision,mad,0.196,0.685
0.5041842989473685,0.45913907789473685,0.048852841224119946,0.006,0.0444,0.006,0.05,0.47445614771296685,0.4433381871590433,0.0052,0.0052,0.5255438522870332,-1,0.0076,0.0,0.0006736842105263158,0.0,0.0,0.0,32,0.05003202049311559,adaptive_patch,0.05,ahash16,256,spatial,mean,hash_spectral,mad,0.196,0.055
0.48247766315789475,0.5208657600000001,0.0494555306382999,0.0084,0.0528,0.0116,0.05,0.46989555182543014,0.5161235417540915,0.0048,0.0044,0.5301044481745698,-1,0.008,0.0016,0.0012421052631578946,0.06349206349206349,0.0016,0.0031213421771361686,63,0.04998297855297675,adaptive_patch,0.05,ahash16,256,spatial,mean,hash_stability,mad,0.196,0.033
0.3801267157894737,0.4924818063157895,0.03640064792143549,0.0,0.0,0.0,0.05,0.3612147712966849,0.47977788501888374,0.0036,0.0044,0.6387852287033151,-1,0.0044,0.0,0.0005473684210526316,0.0,0.0,0.0,26,0.050026013527034056,adaptive_patch,0.05,ahash32,1024,spatial,mean,bit_llr,mad,0.35,0.242
0.3618676842105263,0.4661251747368421,0.04908923122564943,0.0,0.0,0.0,0.05,0.41579890893831306,0.5842010910616869,0.0,0.0,0.5842010910616869,-1,0.0,0.0,0.19907368421052632,0.0,0.0,0.0,9456,0.061661404893449095,adaptive_patch,0.05,ahash32,1024,spatial,mean,bit_em,mad,0.35,4.039
0.3747753136842105,0.5069640715789473,0.036945702546997375,0.004,0.024,0.0032,0.05,0.306282794796475,0.5037052874527906,0.0032,0.0036,0.693717205203525,-1,0.0376,0.0,2.105263157894737e-05,0.0,0.0,0.0,1,0.0500010000200004,adaptive_patch,0.05,ahash32,1024,spatial,mean,hamming_knn,mad,0.35,0.565
0.4797086400000001,0.2415137347368421,0.05437617502939523,0.0,0.0,0.0,0.05,0.40087310113302554,0.40087310113302554,0.0036,0.0036,0.5991268988669745,-1,0.0036,0.0112,0.14501052631578948,0.004048582995951417,0.0112,0.00594732370433305,6916,0.05737628818122737,adaptive_patch,0.05,ahash32,1024,spatial,mean,hamming_ball,mad,0.35,0.552
0.394408147368421,0.3905366778947369,0.04312413209866271,0.0,0.0,0.0,0.05,0.40394704154427197,0.5960529584557281,0.0,0.0136,0.596052958455728,-1,0.0136,0.0028,0.13966315789473685,0.0010540581237765397,0.0028,0.0015315610983481019,6641,0.0574967134850896,adaptive_patch,0.05,ahash32,1024,spatial,mean,block_collision,mad,0.35,2.929
0.5007797263157894,0.45995066947368424,0.048337312302288604,0.0056,0.0428,0.0056,0.05,0.4701526647083508,0.4396222828367604,0.0044,0.0044,0.5298473352916492,-1,0.014,0.0,0.0005052631578947368,0.0,0.0,0.0,24,0.05002401152553226,adaptive_patch,0.05,ahash32,1024,spatial,mean,hash_spectral,mad,0.35,0.188
0.49781180210526316,0.5103412126315789,0.050328835817399914,0.0076,0.0548,0.008,0.05,0.4892178346621905,0.506707007973143,0.004,0.0032,0.5107821653378095,-1,0.0068,0.0016,0.0017263157894736843,0.046511627906976744,0.0016,0.0030935808197989174,86,0.05000601033778098,adaptive_patch,0.05,ahash32,1024,spatial,mean,hash_stability,mad,0.35,0.037
0.4355345515789474,0.49227507368421053,0.0409945342008292,0.0,0.0164,0.0,0.05,0.41128006714225773,0.4902395300041964,0.0028,0.008,0.5887199328577423,-1,0.008,0.0,0.0013473684210526316,0.0,0.0,0.0,64,0.05006408202499199,adaptive_patch,0.05,mhash,64,spatial,median,bit_llr,mad,0.17,0.058
0.4662748084210526,0.5154921052631578,0.05127372427983516,0.0,0.0,0.0,0.05,0.43560176248426347,0.530402308015107,0.0,0.0,0.5643982375157366,-1,0.0,0.5008,0.3214315789473684,0.07578692493946732,0.5008,0.1316508937960042,16520,0.03727598566308244,adaptive_patch,0.05,mhash,64,spatial,median,bit_em,mad,0.17,0.293
0.4395156505263158,0.49140502736842107,0.04430061916434794,0.0076,0.048,0.0076,0.05,0.3830636172891313,0.4769188417960554,0.0,0.0,0.6169363827108687,-1,0.0312,0.0,4.210526315789474e-05,0.0,0.0,0.0,2,0.0500020000800032,adaptive_patch,0.05,mhash,64,spatial,median,hamming_knn,mad,0.17,0.441
0.5123327157894736,0.1835741136842105,0.057413987990832145,0.0,0.0,0.0,0.05,0.40700327318506085,0.40700327318506085,0.0,0.0,0.5929967268149392,-1,0.0,0.0156,0.15936842105263158,0.005125509265343672,0.0156,0.007715896725689979,7609,0.058054775777877377,adaptive_patch,0.05,mhash,64,spatial,median,hamming_ball,mad,0.17,0.437
0.4199997389473684,0.49120177684210525,0.045358769442403656,0.0,0.0616,0.0,0.05,0.38993663449433486,0.4784962652119178,0.0,0.0,0.6100633655056651,-1,0.0076,0.1332,0.1027578947368421,0.06386651323360185,0.1332,0.08633653098262899,5214,0.04838565623185817,adaptive_patch,0.05,mhash,64,spatial,median,block_collision,mad,0.17,0.159
0.4670251915789474,0.4798727747368421,0.044942563858482464,0.0032,0.0424,0.0032,0.05,0.44332647922786406,0.47580264372639525,0.008,0.008,0.5566735207721359,-1,0.0128,0.0,0.0003368421052631579,0.0,0.0,0.0,16,0.05001600512163892,adaptive_patch,0.05,mhash,64,spatial,median,hash_spectral,mad,0.17,0.046
0.3863139747368421,0.5241458442105263,0.03870652545455583,0.002,0.0164,0.002,0.05,0.38445493075954684,0.512787368862778,0.0044,0.0048,0.6155450692404532,-1,0.0128,0.0,0.002168421052631579,0.0,0.0,0.0,103,0.05010321261799307,adaptive_patch,0.05,mhash,64,spatial,median,hash_stability,mad,0.17,0.028
0.3686141347368421,0.5360729263157895,0.03600096551922173,0.0,0.0008,0.0016,0.05,0.3473065883340327,0.539935585396559,0.0052,0.0252,0.6526934116659673,-1,0.0252,0.0,0.0014736842105263158,0.0,0.0,0.0,70,0.05007009813739235,adaptive_patch,0.05,ahash_rgb,192,spatial,mean,bit_llr,mad,0.379,0.081
0.669569612631579,0.6469562778947368,0.17268285161976799,0.0,0.4356,0.0,0.05,0.4567950902224087,0.46224225765841387,0.0,0.0,0.5432049097775913,-1,0.0,0.4488,0.39456842105263157,0.05648409182440596,0.4488,0.10033983187265248,19864,0.04572604194319087,adaptive_patch,0.05,ahash_rgb,192,spatial,mean,bit_em,mad,0.379,0.662
0.4170787410526316,0.4972344505263158,0.0415586856661785,0.0088,0.0476,0.008,0.05,0.36398766261015525,0.4800507343684431,0.0016,0.0016,0.6360123373898448,-1,0.022,0.0,0.0,0.0,0.0,0.0,0,0.05,adaptive_patch,0.05,ahash_rgb,192,spatial,mean,hamming_knn,mad,0.379,0.465
0.52428456,0.20350318736842105,0.06039655461623379,0.0,0.0,0.0,0.05,0.4252725556021821,0.4252725556021821,0.0016,0.0016,0.5747274443978179,-1,0.0016,0.0144,0.16806315789473683,0.004489337822671156,0.0144,0.006844757106188802,8019,0.05869321836068698,adaptive_patch,0.05,ahash_rgb,192,spatial,mean,hamming_ball,mad,0.379,0.453
0.4626001515789474,0.4960114315789474,0.054574108898876025,0.0,0.0,0.0,0.05,0.37292840956777173,0.47944557280738564,0.0,0.0,0.6270715904322283,-1,0.0352,0.0,0.04126315789473684,0.0,0.0,0.0,1960,0.05203996669442131,adaptive_patch,0.05,ahash_rgb,192,spatial,mean,block_collision,mad,0.379,0.408
0.5093695536842104,0.4869419578947368,0.05180328363684479,0.0108,0.0592,0.0108,0.05,0.4824,0.4803175828787243,0.0104,0.0104,0.5176000000000001,-1,0.0104,0.0,0.0010526315789473684,0.0,0.0,0.0,50,0.05005005005005005,adaptive_patch,0.05,ahash_rgb,192,spatial,mean,hash_spectral,mad,0.379,0.053
0.4019037684210526,0.49757938105263155,0.03879041792654009,0.0016,0.0128,0.002,0.05,0.3640269827947965,0.508922870331515,0.006,0.0092,0.6359730172052035,-1,0.0148,0.0,0.0007368421052631579,0.0,0.0,0.0,35,0.05003502451716201,adaptive_patch,0.05,ahash_rgb,192,spatial,mean,hash_stability,mad,0.379,0.035
0.4083688,0.48495972210526317,0.03895680934726955,0.0048,0.0224,0.0084,0.05,0.3558295006294587,0.4746971884179606,0.0004,0.0048,0.6441704993705413,-1,0.0232,0.0,2.105263157894737e-05,0.0,0.0,0.0,1,0.0500010000200004,adaptive_patch,0.05,dhash,64,spatial,pairwise,bit_llr,mad,0.146,0.057
0.5514354568421052,0.5550427831578948,0.06119261564887966,0.0,0.0,0.0,0.05,0.49574976919848923,0.48750394460763735,0.0,0.0,0.5042502308015108,-1,0.0,0.0,0.07713684210526316,0.0,0.0,0.0,3664,0.053953729281767955,adaptive_patch,0.05,dhash,64,spatial,pairwise,bit_em,mad,0.146,0.298
0.4357215915789474,0.4973906063157895,0.043898560685634726,0.0104,0.038,0.0104,0.05,0.3993704993705413,0.47706869492236675,0.0032,0.0032,0.6006295006294586,-1,0.0104,0.014,0.012968421052631579,0.053763440860215055,0.014,0.02221516978736909,651,0.04995035360392308,adaptive_patch,0.05,dhash,64,spatial,pairwise,hamming_knn,mad,0.146,0.468
0.4263492000000001,0.5107045347368421,0.04404799092048284,0.008,0.0428,0.008,0.05,0.404034494334872,0.4577043642467478,0.0044,0.0044,0.5959655056651281,-1,0.0044,0.0764,0.09421052631578947,0.04093441920274325,0.0764,0.053307284398548704,4666,0.050933074513610094,adaptive_patch,0.05,dhash,64,spatial,pairwise,hamming_ball,mad,0.146,0.445
0.49292119157894737,0.569506467368421,0.06158413697199637,0.0272,0.0772,0.0272,0.05,0.4358035669324381,0.4382096516995384,0.0,0.0,0.564196433067562,-1,0.0,0.1552,0.1071157894736842,0.07085463842220599,0.1552,0.09729187562688064,5476,0.04743509118677567,adaptive_patch,0.05,dhash,64,spatial,pairwise,block_collision,mad,0.146,0.153
0.48820358315789475,0.4950783663157895,0.04787158327172582,0.008,0.042,0.008,0.05,0.48098501888375994,0.4980163239613932,0.006,0.006,0.5190149811162401,-1,0.0148,0.0004,0.001663157894736842,0.0125,0.0004,0.0007751937984496124,80,0.050060096153846156,adaptive_patch,0.05,dhash,64,spatial,pairwise,hash_spectral,mad,0.146,0.047
0.5208611410526317,0.5112470063157895,0.053818634834152536,0.0076,0.0364,0.0132,0.05,0.5663709609735627,0.48673718002517835,0.0132,0.0068,0.5663709609735627,1,0.0132,0.0004,0.0005052631578947368,0.04,0.0004,0.0007920792079207921,25,0.050005002501250624,adaptive_patch,0.05,dhash,64,spatial,pairwise,hash_stability,mad,0.146,0.027
0.42674324210526315,0.48446082105263155,0.040645779973415626,0.0036,0.0308,0.0032,0.05,0.38832463281577845,0.4756589173310952,0.002,0.0056,0.6116753671842216,-1,0.0112,0.0,0.0002736842105263158,0.0,0.0,0.0,13,0.05001300338087903,adaptive_patch,0.05,dhash_v,64,spatial,pairwise,bit_llr,mad,0.136,0.057
0.4419062315789474,0.5667905263157895,0.04540621108068381,0.0,0.0,0.0,0.05,0.5110787242971044,0.46394326479227865,0.0,0.0,0.5110787242971044,1,0.0,0.0,0.030294736842105263,0.0,0.0,0.0,1439,0.051481641646588826,adaptive_patch,0.05,dhash_v,64,spatial,pairwise,bit_em,mad,0.136,0.297
0.3802950694736842,0.48895930105263163,0.037211791875501714,0.0004,0.014,0.0004,0.05,0.332829878304658,0.5033754511120437,0.0016,0.0016,0.6671701216953421,-1,0.0268,0.0,0.0034105263157894737,0.0,0.0,0.0,162,0.05016252658613909,adaptive_patch,0.05,dhash_v,64,spatial,pairwise,hamming_knn,mad,0.136,0.448
0.40019253894736845,0.4293586652631579,0.04040427555701283,0.0,0.0116,0.0,0.05,0.34351191775073436,0.4253173310952581,0.0056,0.0056,0.6564880822492656,-1,0.0056,0.0368,0.10393684210526316,0.01829389540664148,0.0368,0.024438836498871033,5029,0.05354561828734073,adaptive_patch,0.05,dhash_v,64,spatial,pairwise,hamming_ball,mad,0.136,0.442
0.40321093473684205,0.45037766315789474,0.04095496584834266,0.0,0.0364,0.0,0.05,0.3525594628619388,0.4356722618548049,0.0,0.0,0.6474405371380612,-1,0.0,0.0848,0.15286315789473684,0.028368794326241134,0.0848,0.04251478993281861,7473,0.0538011145860277,adaptive_patch,0.05,dhash_v,64,spatial,pairwise,block_collision,mad,0.136,0.158
0.4481961768421053,0.46834524631578955,0.041871876004664965,0.0,0.0088,0.0,0.05,0.43119471254720937,0.4572123373898447,0.0036,0.0036,0.5688052874527907,-1,0.0108,0.0,0.0005684210526315789,0.0,0.0,0.0,27,0.05002701458787746,adaptive_patch,0.05,dhash_v,64,spatial,pairwise,hash_spectral,mad,0.136,0.046
0.56984544,0.42474295157894737,0.058954352221065494,0.0008,0.0364,0.0008,0.05,0.6107751573646665,0.4813033571128829,0.006,0.004,0.6107751573646665,1,0.006,0.0,0.00031578947368421053,0.0,0.0,0.0,15,0.05001500450135041,adaptive_patch,0.05,dhash_v,64,spatial,pairwise,hash_stability,mad,0.136,0.027
0.42133351578947364,0.456577052631579,0.039520834137180265,0.0028,0.0204,0.0052,0.05,0.3714571548468317,0.43322920688208144,0.0008,0.0028,0.6285428451531683,-1,0.0112,0.0004,0.0009894736842105264,0.020833333333333332,0.0004,0.0007849293563579278,48,0.050028026905829595,adaptive_patch,0.05,dhash16,256,spatial,pairwise,bit_llr,mad,0.195,0.094
0.5796317557894737,0.6008897726315789,0.12790557812477268,0.0,0.318,0.0,0.05,0.4618133025597985,0.4516500209819555,0.0,0.0,0.5381866974402014,-1,0.0,0.428,0.27012631578947366,0.07697287964894611,0.428,0.13047984878970795,13901,0.039613285686584114,adaptive_patch,0.05,dhash16,256,spatial,pairwise,bit_em,mad,0.195,0.888
0.4236685263157895,0.4563355452631579,0.040775869949675775,0.0052,0.0296,0.0052,0.05,0.3634027696181284,0.43574532102391944,0.0032,0.0032,0.6365972303818717,-1,0.014,0.0164,0.029789473684210525,0.02815934065934066,0.0164,0.020728008088978768,1456,0.050655075807514834,adaptive_patch,0.05,dhash16,256,spatial,pairwise,hamming_knn,mad,0.195,0.475
0.43326254315789475,0.44991298947368424,0.05069841231416857,0.0124,0.0536,0.0124,0.05,0.37539819555182546,0.39966307175828786,0.0024,0.0024,0.6246018044481745,-1,0.0024,0.1132,0.13633684210526315,0.041870099127089805,0.1132,0.061129711631925696,6759,0.05127078467195486,adaptive_patch,0.05,dhash16,256,spatial,pairwise,hamming_ball,mad,0.195,0.467
0.4475863536842105,0.500713254736842,0.04617688279072186,0.0,0.0572,0.0,0.05,0.3936503147293327,0.3989971044901385,0.0,0.0,0.6063496852706673,-1,0.0072,0.1272,0.16646315789473684,0.03866261398176292,0.1272,0.059300699300699304,8225,0.05223219628964692,adaptive_patch,0.05,dhash16,256,spatial,pairwise,block_collision,mad,0.195,0.719
0.4678030905263158,0.4699872168421053,0.04448015931249453,0.0052,0.03,0.0052,0.05,0.44264154427192615,0.4553391523289971,0.0036,0.0036,0.5573584557280739,-1,0.0124,0.0056,0.010778947368421053,0.026615969581749048,0.0056,0.009253139458030404,526,0.050248615434369565,adaptive_patch,0.05,dhash16,256,spatial,pairwise,hash_spectral,mad,0.195,0.056
0.5591689094736841,0.46130109894736837,0.0568857372490643,0.0024,0.0404,0.0044,0.05,0.606244901384809,0.46433697020562315,0.0168,0.0032,0.606244901384809,1,0.0168,0.0012,0.003094736842105263,0.02,0.0012,0.0022641509433962265,150,0.05009027081243731,adaptive_patch,0.05,dhash16,256,spatial,pairwise,hash_stability,mad,0.195,0.031
0.41786313684210524,0.4923385768421053,0.04035207576477764,0.0068,0.0276,0.008,0.05,0.36271447754930763,0.4877423835501469,0.0044,0.0112,0.6372855224506924,-1,0.0172,0.0,0.00031578947368421053,0.0,0.0,0.0,15,0.05001500450135041,adaptive_patch,0.05,blockhash,256,spatial,median,bit_llr,mad,0.393,0.093
0.4224406442105263,0.44353277473684205,0.047494662944568306,0.0,0.0,0.0,0.05,0.49314452370960976,0.5061500629458666,0.0,0.0,0.5068554762903903,-1,0.0,0.464,0.3331157894736842,0.06830359771536242,0.464,0.11907817071292923,16983,0.04058515310294697,adaptive_patch,0.05,blockhash,256,spatial,median,bit_em,mad,0.393,0.899
0.4194992252631579,0.5244917936842105,0.04172237647941596,0.0084,0.0332,0.0088,0.05,0.3889928661351238,0.5332621485522451,0.0036,0.0036,0.6110071338648762,-1,0.0344,0.0016,0.0016,0.05,0.0016,0.0031007751937984496,80,0.05,adaptive_patch,0.05,blockhash,256,spatial,median,hamming_knn,mad,0.393,0.475
0.4413354526315789,0.4073756842105263,0.042480570317014375,0.0,0.0,0.0,0.05,0.39853881661770885,0.4774745279060008,0.0032,0.0032,0.6014611833822912,-1,0.0032,0.0432,0.14829473684210526,0.015100671140939598,0.0432,0.02237878159966846,7152,0.055825242718446605,adaptive_patch,0.05,blockhash,256,spatial,median,hamming_ball,mad,0.393,0.463
0.46185955789473687,0.4527012294736842,0.049024295668983704,0.0,0.0,0.0,0.05,0.4355936634494335,0.4788703734788082,0.0,0.0212,0.5644063365505665,-1,0.0212,0.0,0.01696842105263158,0.0,0.0,0.0,806,0.05081920559417815,adaptive_patch,0.05,blockhash,256,spatial,median,block_collision,mad,0.393,0.713
0.49770944,0.4923242484210527,0.05242575055451689,0.0176,0.0692,0.0176,0.05,0.4745409567771717,0.48408195551825434,0.0052,0.0052,0.5254590432228283,-1,0.0104,0.0044,0.0015157894736842106,0.13253012048192772,0.0044,0.008517228029423151,83,0.04986277220185508,adaptive_patch,0.05,blockhash,256,spatial,median,hash_spectral,mad,0.393,0.056
0.5559593178947368,0.502395827368421,0.06056536539403471,0.0168,0.0588,0.0088,0.05,0.5821322702475871,0.5016822073017205,0.0228,0.0148,0.5821322702475871,1,0.0228,0.0008,0.001957894736842105,0.021052631578947368,0.0008,0.0015414258188824663,95,0.05005510469892796,adaptive_patch,0.05,blockhash,256,spatial,median,hash_stability,mad,0.393,0.029
0.42982176842105263,0.46263574736842106,0.04058917503298409,0.0056,0.0256,0.0036,0.05,0.38466256819135547,0.4486923625681914,0.0024,0.0056,0.6153374318086445,-1,0.008,0.0,0.00018947368421052632,0.0,0.0,0.0,9,0.050009001620291656,adaptive_patch,0.05,phash,64,frequency,median,bit_llr,mad,0.536,0.058
0.48032520000000006,0.42403111157894735,0.04490119143997109,0.0,0.0,0.0,0.05,0.4079738145195132,0.3942488459924465,0.0008,0.0008,0.5920261854804868,-1,0.0032,0.0,0.03949473684210526,0.0,0.0,0.0,1876,0.05194913141052281,adaptive_patch,0.05,phash,64,frequency,median,bit_em,mad,0.536,0.298
0.3532574863157895,0.49852085473684205,0.036965637026246306,0.0024,0.0112,0.0024,0.05,0.30211212757028955,0.48334548887956363,0.0008,0.0008,0.6978878724297104,-1,0.0256,0.0024,0.008442105263157895,0.014742014742014743,0.0024,0.0041279669762641896,407,0.05028935535256992,adaptive_patch,0.05,phash,64,frequency,median,hamming_knn,mad,0.536,0.435
0.3840248210526316,0.4275332631578947,0.038249091580924655,0.0004,0.0064,0.0004,0.05,0.30439383130507763,0.4373717582878724,0.0008,0.0008,0.6956061686949224,-1,0.0208,0.002,0.027305263157894735,0.0038402457757296467,0.002,0.0026301946344029457,1302,0.05123413692554109,adaptive_patch,0.05,phash,64,frequency,median,hamming_ball,mad,0.536,0.435
0.44681105263157894,0.4621713642105263,0.04192410633182235,0.0032,0.0184,0.0032,0.05,0.4233581200167855,0.44665442719261433,0.0028,0.0028,0.5766418799832145,-1,0.012,0.0016,0.0029473684210526317,0.027777777777777776,0.0016,0.0030257186081694403,144,0.05006418485237484,adaptive_patch,0.05,phash,64,frequency,median,hash_spectral,mad,0.536,0.046
0.5774900673684211,0.3713030399999999,0.05598547256333024,0.0,0.0048,0.0,0.05,0.5853295845572808,0.526462064624423,0.0048,0.0048,0.5853295845572808,1,0.0048,0.0,0.007263157894736842,0.0,0.0,0.0,345,0.050347397039573055,adaptive_patch,0.05,phash,64,frequency,median,hash_stability,mad,0.536,0.026
0.4298217852631579,0.4626357094736842,0.0405891760419816,0.0056,0.0256,0.0036,0.05,0.38466256819135547,0.44869236256819134,0.0024,0.0056,0.6153374318086445,-1,0.008,0.0,0.00018947368421052632,0.0,0.0,0.0,9,0.050009001620291656,adaptive_patch,0.05,phash_nodc,63,frequency,median,bit_llr,mad,0.541,0.059
0.4804328842105263,0.4239409852631579,0.04490854827256814,0.0,0.0,0.0,0.05,0.40798292068820813,0.39429806966009234,0.0008,0.0008,0.5920170793117918,-1,0.0032,0.0,0.03949473684210526,0.0,0.0,0.0,1876,0.05194913141052281,adaptive_patch,0.05,phash_nodc,63,frequency,median,bit_em,mad,0.541,0.297
0.3532574863157895,0.49852085473684205,0.036965637026246306,0.0024,0.0112,0.0024,0.05,0.30211212757028955,0.48334548887956363,0.0008,0.0008,0.6978878724297104,-1,0.0256,0.0024,0.008442105263157895,0.014742014742014743,0.0024,0.0041279669762641896,407,0.05028935535256992,adaptive_patch,0.05,phash_nodc,63,frequency,median,hamming_knn,mad,0.541,0.452
0.3840248210526316,0.4275332631578947,0.038249091580924655,0.0004,0.0064,0.0004,0.05,0.30439383130507763,0.4373717582878724,0.0008,0.0008,0.6956061686949224,-1,0.0208,0.002,0.027305263157894735,0.0038402457757296467,0.002,0.0026301946344029457,1302,0.05123413692554109,adaptive_patch,0.05,phash_nodc,63,frequency,median,hamming_ball,mad,0.541,0.435
0.4580385052631578,0.47522312,0.04377854571678143,0.0052,0.0344,0.0052,0.05,0.4340345362987831,0.4641515316827528,0.0012,0.0012,0.5659654637012169,-1,0.0108,0.0008,0.002168421052631579,0.01904761904761905,0.0008,0.0015355086372360845,105,0.05006513678725323,adaptive_patch,0.05,phash_nodc,63,frequency,median,hash_spectral,mad,0.541,0.046
0.5774900673684211,0.3713030399999999,0.05598547256333024,0.0,0.0048,0.0,0.05,0.5853295845572808,0.526462064624423,0.0048,0.0048,0.5853295845572808,1,0.0048,0.0,0.007263157894736842,0.0,0.0,0.0,345,0.050347397039573055,adaptive_patch,0.05,phash_nodc,63,frequency,median,hash_stability,mad,0.541,0.026
0.4275552252631579,0.4713861347368421,0.04032759148636811,0.0044,0.0248,0.004,0.05,0.3847853965589593,0.45856034410407054,0.002,0.0076,0.6152146034410406,-1,0.0076,0.0,0.0002526315789473684,0.0,0.0,0.0,12,0.05001200288069137,adaptive_patch,0.05,phash_mean,64,frequency,mean,bit_llr,mad,0.513,0.058
0.355886972631579,0.5811015705263158,0.03665300921942641,0.0,0.0,0.0,0.05,0.42481384809064204,0.5482113302559798,0.0072,0.0096,0.575186151909358,-1,0.0096,0.0,0.0,0.0,0.0,0.0,0,0.05,adaptive_patch,0.05,phash_mean,64,frequency,mean,bit_em,mad,0.513,0.296
0.36905135999999994,0.48531770526315793,0.036864119482359306,0.0016,0.0072,0.0016,0.05,0.3161419639110365,0.483058623583718,0.0016,0.002,0.6838580360889635,-1,0.0228,0.0,0.005831578947368421,0.0,0.0,0.0,277,0.050278543128934296,adaptive_patch,0.05,phash_mean,64,frequency,mean,hamming_knn,mad,0.513,0.445
0.3652248,0.46050091368421053,0.03759738703300588,0.0004,0.0088,0.0004,0.05,0.32553890054553086,0.45299437683592114,0.0032,0.0032,0.6744610994544691,-1,0.0032,0.0088,0.04926315789473684,0.009314140558848433,0.0088,0.00904977375565611,2362,0.05201729711574793,adaptive_patch,0.05,phash_mean,64,frequency,mean,hamming_ball,mad,0.513,0.44
0.5276900463157894,0.5216281221052632,0.0570973582238213,0.0196,0.078,0.0196,0.05,0.5309825849769199,0.523080402853546,0.0096,0.0096,0.5309825849769199,1,0.0096,0.002,0.0013684210526315789,0.07142857142857142,0.002,0.0038910505836575876,70,0.04996995794111756,adaptive_patch,0.05,phash_mean,64,frequency,mean,hash_spectral,mad,0.513,0.045
0.46373029052631576,0.5076776168421052,0.046205474766343194,0.0072,0.0336,0.006,0.05,0.43287994125052454,0.4767949223667646,0.0048,0.0052,0.5671200587494755,-1,0.0048,0.002,0.0019789473684210528,0.050505050505050504,0.002,0.003847633705271258,99,0.04999899801607182,adaptive_patch,0.05,phash_mean,64,frequency,mean,hash_stability,mad,0.513,0.028
0.4435706905263158,0.4723446105263158,0.04211519192652153,0.006,0.028,0.006,0.05,0.4076498531263114,0.4600390264372639,0.0044,0.006,0.5923501468736886,-1,0.0084,0.0,0.00018947368421052632,0.0,0.0,0.0,9,0.050009001620291656,adaptive_patch,0.05,phash16,256,frequency,median,bit_llr,mad,0.619,0.092
0.4527281010526316,0.43647877473684216,0.04181412919906198,0.0,0.0,0.0,0.05,0.40529987410826684,0.3901174989509022,0.0008,0.0008,0.5947001258917332,-1,0.0048,0.0,0.12732631578947368,0.0,0.0,0.0,6048,0.05688023298143429,adaptive_patch,0.05,phash16,256,frequency,median,bit_em,mad,0.619,0.901
0.3546234652631579,0.4653141978947369,0.03610562314599169,0.0012,0.0104,0.0012,0.05,0.2833439781787662,0.45601817037347886,0.0004,0.0004,0.7166560218212338,-1,0.0232,0.0012,0.0092,0.006818181818181818,0.0012,0.0020408163265306124,440,0.05038337368845843,adaptive_patch,0.05,phash16,256,frequency,median,hamming_knn,mad,0.619,0.468
0.36878358736842104,0.45857162105263155,0.03788597181409876,0.0004,0.008,0.0004,0.05,0.2927096097356273,0.4373818296265212,0.0004,0.0004,0.7072903902643727,-1,0.0088,0.0008,0.01256842105263158,0.00333889816360601,0.0008,0.0012907389480477573,599,0.05056577802068784,adaptive_patch,0.05,phash16,256,frequency,median,hamming_ball,mad,0.619,0.465
0.46435126736842103,0.4642564884210526,0.0443562679315071,0.0064,0.036,0.0064,0.05,0.4329467058329836,0.44916290390264374,0.0028,0.0028,0.5670532941670163,-1,0.0128,0.0052,0.008063157894736842,0.03282828282828283,0.0052,0.008977900552486187,396,0.05013708571889364,adaptive_patch,0.05,phash16,256,frequency,median,hash_spectral,mad,0.619,0.056
0.6410094063157895,0.4977098442105263,0.07618677909025814,0.0124,0.0808,0.0012,0.05,0.6981391942929082,0.5246915652538817,0.0464,0.004,0.6981391942929082,1,0.0464,0.0004,0.0017894736842105263,0.011627906976744186,0.0004,0.0007733952049497294,86,0.05006611371559082,adaptive_patch,0.05,phash16,256,frequency,median,hash_stability,mad,0.619,0.028
0.46636102736842105,0.4977585431578948,0.04567337683845595,0.0056,0.0452,0.0076,0.05,0.4511733529164918,0.49192127570289546,0.0072,0.0076,0.5488266470835081,-1,0.0108,0.0,6.31578947368421e-05,0.0,0.0,0.0,3,0.050003000180010804,adaptive_patch,0.05,pdq,256,frequency,median,bit_llr,mad,2.258,0.093
0.5240971494736842,0.48624240421052634,0.05574807608104372,0.0,0.0192,0.0,0.05,0.43586911456147714,0.42648887956357534,0.0012,0.0012,0.5641308854385229,-1,0.0076,0.2348,0.136,0.0832978572442174,0.2348,0.12297056667015817,7047,0.044537052126743186,adaptive_patch,0.05,pdq,256,frequency,median,bit_em,mad,2.258,0.903
0.36994345263157896,0.47666431157894734,0.03724149143466182,0.0016,0.0116,0.0016,0.05,0.3092511540075535,0.4565892992026857,0.0008,0.0008,0.6907488459924465,-1,0.0256,0.0008,0.0073052631578947366,0.0057306590257879654,0.0008,0.001404001404001404,349,0.050311171980423355,adaptive_patch,0.05,pdq,256,frequency,median,hamming_knn,mad,2.258,0.471
0.4063099242105263,0.4595672968421052,0.04080426353659432,0.0032,0.0232,0.0032,0.05,0.3223416701636592,0.4134698279479647,0.0004,0.0004,0.6776583298363408,-1,0.026,0.006,0.01336842105263158,0.023076923076923078,0.006,0.009523809523809525,650,0.05035460992907802,adaptive_patch,0.05,pdq,256,frequency,median,hamming_ball,mad,2.258,0.466
0.5190858863157894,0.5031312463157895,0.05289842003071182,0.0128,0.058,0.0128,0.05,0.525373520772136,0.5052070499370541,0.0116,0.0116,0.525373520772136,1,0.0116,0.0056,0.003326315789473684,0.08139534883720931,0.0056,0.010479041916167664,172,0.04989162719755961,adaptive_patch,0.05,pdq,256,frequency,median,hash_spectral,mad,2.258,0.056
0.6256466021052631,0.49337770105263157,0.07281696805321283,0.0116,0.0816,0.004,0.05,0.7030378514477549,0.5051999580360889,0.0308,0.006,0.7030378514477549,1,0.0308,0.0004,0.0016210526315789473,0.01282051282051282,0.0004,0.0007757951900698216,78,0.05005809062136934,adaptive_patch,0.05,pdq,256,frequency,median,hash_stability,mad,2.258,0.028
0.43536817684210527,0.49223799999999995,0.04097349037163923,0.0,0.0156,0.0,0.05,0.4113885858161981,0.4904820814099874,0.0028,0.008,0.5886114141838019,-1,0.008,0.0,0.0013894736842105264,0.0,0.0,0.0,66,0.0500660872351504,adaptive_patch,0.05,whash_haar,64,wavelet,median,bit_llr,mad,0.62,0.058
0.44758237473684215,0.4896821052631579,0.04704335454798111,0.0,0.0,0.0,0.05,0.43581032312211493,0.530112631137222,0.0,0.0,0.5641896768778851,-1,0.0,0.4944,0.32077894736842105,0.07503187033327263,0.4944,0.13029041269171981,16473,0.03770095743728935,adaptive_patch,0.05,whash_haar,64,wavelet,median,bit_em,mad,0.62,0.293
0.43530365473684207,0.4860929010526316,0.04328912468886266,0.0072,0.0392,0.0072,0.05,0.3825135543432648,0.47871959714645407,0.0,0.0,0.6174864456567353,-1,0.0312,0.0,4.210526315789474e-05,0.0,0.0,0.0,2,0.0500020000800032,adaptive_patch,0.05,whash_haar,64,wavelet,median,hamming_knn,mad,0.62,0.441
0.5123112757894737,0.18355304421052632,0.057413342140126014,0.0,0.0,0.0,0.05,0.40679991607217786,0.40679991607217786,0.0,0.0,0.5932000839278222,-1,0.0,0.0156,0.15936842105263158,0.005125509265343672,0.0156,0.007715896725689979,7609,0.058054775777877377,adaptive_patch,0.05,whash_haar,64,wavelet,median,hamming_ball,mad,0.62,0.436
0.4198090484210527,0.49060855157894734,0.04533543934122887,0.0,0.0616,0.0,0.05,0.3899315988250105,0.47847150650440623,0.0,0.0,0.6100684011749895,-1,0.0076,0.1332,0.1027578947368421,0.06386651323360185,0.1332,0.08633653098262899,5214,0.04838565623185817,adaptive_patch,0.05,whash_haar,64,wavelet,median,block_collision,mad,0.62,0.16
0.4668102694736842,0.4799510736842105,0.04491810507646447,0.0032,0.0424,0.0032,0.05,0.44319227864036925,0.4758283676038607,0.008,0.008,0.5568077213596307,-1,0.0132,0.0,0.0003368421052631579,0.0,0.0,0.0,16,0.05001600512163892,adaptive_patch,0.05,whash_haar,64,wavelet,median,hash_spectral,mad,0.62,0.046
0.3863007115789474,0.5241101010526316,0.0387038695228107,0.002,0.0164,0.002,0.05,0.3843234578262694,0.5125473352916492,0.0044,0.0048,0.6156765421737306,-1,0.0128,0.0,0.002168421052631579,0.0,0.0,0.0,103,0.05010321261799307,adaptive_patch,0.05,whash_haar,64,wavelet,median,hash_stability,mad,0.62,0.027
0.4628983284210526,0.4632995873684211,0.04323056303206554,0.0,0.0104,0.0,0.05,0.43545560218212337,0.4598975241292489,0.0112,0.0076,0.5645443978178766,-1,0.0112,0.0,0.0044631578947368425,0.0,0.0,0.0,212,0.05021290270747972,adaptive_patch,0.05,whash_db4,169,wavelet,median,bit_llr,mad,1.569,0.078
0.34941484631578945,0.6603219115789474,0.05055975753608499,0.0,0.0,0.0,0.05,0.46305388166177086,0.532541586235837,0.0,0.0,0.5369461183382291,-1,0.0,0.542,0.3909684210526316,0.06800160594198534,0.542,0.12084187996075983,19926,0.038072753873778016,adaptive_patch,0.05,whash_db4,169,wavelet,median,bit_em,mad,1.569,0.6
0.4358552842105263,0.47503285894736846,0.04163430354721169,0.0,0.0232,0.0,0.05,0.39001284095677713,0.4647028115820394,0.0068,0.0052,0.6099871590432229,-1,0.0172,0.0,0.0,0.0,0.0,0.0,0,0.05,adaptive_patch,0.05,whash_db4,169,wavelet,median,hamming_knn,mad,1.569,0.47
0.49074954105263163,0.29935232,0.05363748107488003,0.0,0.0,0.0,0.05,0.4402088124213177,0.4402088124213177,0.0048,0.0048,0.5597911875786823,-1,0.0048,0.0228,0.12574736842105264,0.00945273631840796,0.0228,0.013364595545134817,6030,0.055560609506481694,adaptive_patch,0.05,whash_db4,169,wavelet,median,hamming_ball,mad,1.569,0.457
0.4574287242105263,0.4878001557894737,0.04333156574615909,0.0,0.0268,0.0,0.05,0.44435325220310534,0.4998393621485522,0.0048,0.0048,0.5556467477968947,-1,0.0152,0.0,0.001957894736842105,0.0,0.0,0.0,93,0.05009317330234236,adaptive_patch,0.05,whash_db4,169,wavelet,median,hash_spectral,mad,1.569,0.053
0.48367214736842107,0.5358461263157894,0.05361742549448201,0.0164,0.0572,0.0196,0.05,0.4645568610994544,0.5144008812421317,0.012,0.0124,0.5354431389005456,-1,0.012,0.0124,0.00391578947368421,0.14285714285714285,0.0124,0.022819285977180713,217,0.04959524335616576,adaptive_patch,0.05,whash_db4,169,wavelet,median,hash_stability,mad,1.569,0.03
0.4186168168421053,0.4586460252631579,0.039192301980309256,0.0012,0.014,0.0032,0.05,0.36951892572387746,0.437559714645405,0.0008,0.0032,0.6304810742761225,-1,0.0104,0.0,0.0005263157894736842,0.0,0.0,0.0,25,0.05002501250625312,adaptive_patch,0.05,mh,64,frequency,mean,bit_llr,mad,0.959,0.058
0.49898613473684206,0.49034457263157893,0.053556628157381506,0.0,0.0368,0.0,0.05,0.4108006714225766,0.40953268988669744,0.0028,0.0028,0.5891993285774234,-1,0.0116,0.0,0.02743157894736842,0.0,0.0,0.0,1303,0.05133786475552909,adaptive_patch,0.05,mh,64,frequency,mean,bit_em,mad,0.959,0.299
0.37480712421052625,0.4744870778947368,0.03706043590246053,0.0008,0.0084,0.0008,0.05,0.30318610994544687,0.4642605958875367,0.0008,0.0008,0.6968138900545531,-1,0.0244,0.0008,0.008905263157894737,0.004705882352941176,0.0008,0.0013675213675213675,425,0.050388300554715076,adaptive_patch,0.05,mh,64,frequency,mean,hamming_knn,mad,0.959,0.446
0.3935184757894737,0.46457613052631586,0.04012738732655353,0.0028,0.0144,0.0028,0.05,0.30875111204364253,0.41017935375577,0.0016,0.0016,0.6912488879563574,-1,0.0016,0.0144,0.043978947368421055,0.016941176470588234,0.0144,0.015567567567567567,2125,0.05146736292428199,adaptive_patch,0.05,mh,64,frequency,mean,hamming_ball,mad,0.959,0.441
0.3708137684210526,0.5914318989473685,0.04671467413500327,0.0176,0.0604,0.0176,0.05,0.3338171212757029,0.4257447335291649,0.0032,0.0032,0.6661828787242972,-1,0.0032,0.0752,0.06456842105263158,0.05775729646697389,0.0752,0.06533449174630755,3255,0.049459835276500164,adaptive_patch,0.05,mh,64,frequency,mean,block_collision,mad,0.959,0.153
0.45026541894736843,0.4764597684210526,0.04248616283838766,0.002,0.0196,0.002,0.05,0.4349220730172052,0.46535891733109525,0.002,0.002,0.5650779269827948,-1,0.0104,0.0,0.0036842105263157894,0.0,0.0,0.0,175,0.050175614651279475,adaptive_patch,0.05,mh,64,frequency,mean,hash_spectral,mad,0.959,0.046
0.4632153894736842,0.5126775915789473,0.04589577613466786,0.0072,0.0312,0.0076,0.05,0.45356030214015947,0.47703407469576165,0.0052,0.0056,0.5464396978598405,-1,0.0064,0.0056,0.006336842105263158,0.044444444444444446,0.0056,0.00994671403197158,315,0.05003522189795713,adaptive_patch,0.05,mh,64,frequency,mean,hash_stability,mad,0.959,0.028
0.40360135578947365,0.4584514484210526,0.03918770426746927,0.0,0.0,0.0,0.05,0.2956271086865296,0.44766684851028116,0.0024,0.0028,0.7043728913134704,-1,0.028,0.0,0.03686315789473684,0.0,0.0,0.0,1751,0.051814545379178845,adaptive_patch,0.05,colorhash,42,colour,quantisation,bit_llr,mad,2.509,0.05
0.42409148210526315,0.4914801389473684,0.04226808993168218,0.0,0.0,0.0,0.05,0.3163548048678137,0.37886097356273607,0.0,0.0,0.6836451951321862,-1,0.0116,0.2288,0.4146526315789474,0.028221827511347938,0.2288,0.050245959241040056,20268,0.06484595721781246,adaptive_patch,0.05,colorhash,42,colour,quantisation,bit_em,mad,2.509,0.24
0.4250802021052632,0.5289417136842106,0.04456914671614932,0.0,0.0,0.0164,0.05,0.3916463701216954,0.5300289970625263,0.0,0.0212,0.6083536298783045,-1,0.0212,0.0156,0.008778947368421053,0.08552631578947369,0.0156,0.02638700947225981,456,0.04967301792346197,adaptive_patch,0.05,colorhash,42,colour,quantisation,hamming_knn,mad,2.509,0.334
0.43419005052631576,0.4684257515789474,0.045083366493066906,0.0,0.0,0.0,0.05,0.3846410407049937,0.41362299622324794,0.0,0.0,0.6153589592950063,-1,0.0,0.2436,0.2736,0.044762954796030874,0.2436,0.07562868674324744,13605,0.05195768649539772,adaptive_patch,0.05,colorhash,42,colour,quantisation,hamming_ball,mad,2.509,0.333
0.4543472589473685,0.47901400421052637,0.04422610699903382,0.0,0.0,0.0,0.05,0.4682053713806127,0.47005715484683175,0.0016,0.01,0.5317946286193873,-1,0.01,0.0,0.007515789473684211,0.0,0.0,0.0,357,0.05035956731059767,adaptive_patch,0.05,colorhash,42,colour,quantisation,hash_spectral,mad,2.509,0.041
0.5418744757894737,0.48697248842105256,0.05563992134973085,0.0048,0.02,0.0048,0.05,0.5327967268149392,0.5117682752832563,0.0048,0.0048,0.5327967268149392,1,0.0048,0.0016,0.0008631578947368422,0.08888888888888889,0.0016,0.003143418467583497,45,0.04996496847162446,adaptive_patch,0.05,colorhash,42,colour,quantisation,hash_stability,mad,2.509,0.025
0.4399975368421053,0.4779443831578947,0.041440332769280636,0.004,0.0224,0.0072,0.05,0.41114427192614356,0.4651792278640369,0.0012,0.0032,0.5888557280738564,-1,0.0116,0.0004,0.0003368421052631579,0.058823529411764705,0.0004,0.0007945967421533572,17,0.04999699897965308,adaptive_patch,0.05,rhash8,64,residual,zero,bit_llr,mad,0.511,0.057
0.49651523789473684,0.5015104631578948,0.05194172083508245,0.0,0.0004,0.0,0.05,0.4513476710029375,0.4336086026017625,0.0028,0.0028,0.5486523289970625,-1,0.0076,0.1588,0.09707368421052631,0.07927316293929712,0.1588,0.10575386254661694,5008,0.04674164295874822,adaptive_patch,0.05,rhash8,64,residual,zero,bit_em,mad,0.511,0.296
0.42277876210526316,0.4552349305263157,0.041173690034490285,0.0032,0.0264,0.0032,0.05,0.37581086865295843,0.4690960973562736,0.0028,0.0028,0.6241891313470416,-1,0.0152,0.0024,0.005536842105263158,0.022304832713754646,0.0024,0.004333694474539545,269,0.050149805956043514,adaptive_patch,0.05,rhash8,64,residual,zero,hamming_knn,mad,0.511,0.452
0.41576114947368414,0.501717107368421,0.043297981615689145,0.0048,0.0372,0.0048,0.05,0.37627402433906837,0.45123835501468745,0.0016,0.0016,0.6237259756609317,-1,0.0044,0.0156,0.02063157894736842,0.038272816486751716,0.0156,0.02216538789428815,1019,0.05024397215246729,adaptive_patch,0.05,rhash8,64,residual,zero,hamming_ball,mad,0.511,0.448
0.5599315157894736,0.42735668210526323,0.0570841699302108,0.0108,0.0384,0.0108,0.05,0.40704972723457833,0.4456204783885858,0.002,0.002,0.5929502727654217,-1,0.002,0.0168,0.0192,0.0440251572327044,0.0168,0.024319629415170817,954,0.050116217428536475,adaptive_patch,0.05,rhash8,64,residual,zero,block_collision,mad,0.511,0.151
0.47237141894736845,0.4889236168421052,0.046416136876761285,0.0104,0.0428,0.0104,0.05,0.4540787662610155,0.47865665127989926,0.006,0.006,0.5459212337389845,-1,0.0152,0.008,0.00808421052631579,0.04950495049504951,0.008,0.013774104683195593,404,0.050004032583272844,adaptive_patch,0.05,rhash8,64,residual,zero,hash_spectral,mad,0.511,0.046
0.5692378484210526,0.4248995452631579,0.05858116708506277,0.01,0.0392,0.0028,0.05,0.622519597146454,0.47785178346621904,0.0196,0.01,0.622519597146454,1,0.0196,0.0008,0.0015368421052631579,0.02666666666666667,0.0008,0.0015533980582524273,75,0.050035052578868304,adaptive_patch,0.05,rhash8,64,residual,zero,hash_stability,mad,0.511,0.027
0.4351202947368421,0.48094763368421056,0.04158364353524003,0.0072,0.0304,0.0156,0.05,0.3955560218212337,0.46932996223248014,0.0024,0.0076,0.6044439781787663,-1,0.0172,0.006,0.0024210526315789475,0.11538461538461539,0.006,0.011406844106463879,130,0.04982955684780429,adaptive_patch,0.05,rhash16,256,residual,zero,bit_llr,mad,0.587,0.093
0.4940994568421052,0.503683827368421,0.048486858387041365,0.0,0.0,0.0,0.05,0.4594904322282837,0.41184804867813685,0.0,0.0,0.5405095677717163,-1,0.0,0.0,0.1104421052631579,0.0,0.0,0.0,5246,0.05586092863207758,adaptive_patch,0.05,rhash16,256,residual,zero,bit_em,mad,0.587,0.907
0.3971716715789474,0.4742729178947368,0.03844753616462372,0.0004,0.02,0.0004,0.05,0.3305088963491397,0.47223399076793954,0.0016,0.0016,0.6694911036508603,-1,0.0252,0.0008,0.012505263157894736,0.003355704697986577,0.0008,0.0012919896640826874,596,0.0505627074730791,adaptive_patch,0.05,rhash16,256,residual,zero,hamming_knn,mad,0.587,0.472
0.3952330273684211,0.48519181052631577,0.04124074371153477,0.0052,0.028,0.0052,0.05,0.3377073017205203,0.44719286613512377,0.0016,0.0016,0.6622926982794797,-1,0.0016,0.0184,0.03322105263157895,0.02832512315270936,0.0184,0.02230843840931135,1624,0.05072763353729122,adaptive_patch,0.05,rhash16,256,residual,zero,hamming_ball,mad,0.587,0.466
0.39560342315789476,0.5959231494736842,0.05097139754999366,0.0176,0.0828,0.0176,0.05,0.3779051195971464,0.44041624003357116,0.004,0.004,0.6220948804028537,-1,0.004,0.1304,0.08932631578947368,0.07135040490260451,0.1304,0.09223369642099306,4569,0.04785278774405142,adaptive_patch,0.05,rhash16,256,residual,zero,block_collision,mad,0.587,0.711
0.43995028631578953,0.47109145684210524,0.04187693000944215,0.0032,0.0288,0.0032,0.05,0.40910734368443147,0.4620958455728074,0.0068,0.0068,0.5908926563155685,-1,0.0232,0.0068,0.01608421052631579,0.02176696542893726,0.0068,0.010362694300518135,781,0.050447997724456003,adaptive_patch,0.05,rhash16,256,residual,zero,hash_spectral,mad,0.587,0.056
0.5891649642105263,0.5062696968421052,0.06623896858971114,0.0184,0.0716,0.0116,0.05,0.6257987410826689,0.4908119177507344,0.0184,0.0092,0.6257987410826689,1,0.0184,0.0056,0.005326315789473684,0.052434456928838954,0.0056,0.010119262739428984,267,0.04998693020730702,adaptive_patch,0.05,rhash16,256,residual,zero,hash_stability,mad,0.587,0.03
0.44348611368421054,0.4392100463157894,0.041542233500927665,0.0056,0.0308,0.0024,0.05,0.3990991187578682,0.401629836340747,0.0008,0.0012,0.6009008812421318,-1,0.01,0.0,0.002863157894736842,0.0,0.0,0.0,136,0.05013637092892668,adaptive_patch,0.05,rhash32,1024,residual,zero,bit_llr,mad,0.462,0.24
0.490563052631579,0.1903126610526316,0.04897316360556254,0.0,0.0,0.0,0.05,0.41310772135963075,0.3845382710868652,0.0,0.0,0.5868922786403692,-1,0.0,0.0,0.2796421052631579,0.0,0.0,0.0,13283,0.06808835144483481,adaptive_patch,0.05,rhash32,1024,residual,zero,bit_em,mad,0.462,4.06
0.3730274442105263,0.4687036505263158,0.03634189915802092,0.0,0.0076,0.0,0.05,0.3014793957196811,0.4600443138900545,0.0012,0.0012,0.6985206042803189,-1,0.024,0.0028,0.03688421052631579,0.003979533826037522,0.0028,0.003287156609532754,1759,0.051678033208266826,adaptive_patch,0.05,rhash32,1024,residual,zero,hamming_knn,mad,0.462,0.562
0.44784565894736844,0.4153262147368421,0.046521784078418324,0.008,0.0376,0.008,0.05,0.3209065463701217,0.37493235417540915,0.0012,0.0012,0.6790934536298783,-1,0.0012,0.0752,0.10021052631578947,0.03799514955537591,0.0752,0.050483351235230935,4948,0.051318476427239634,adaptive_patch,0.05,rhash32,1024,residual,zero,hamming_ball,mad,0.462,0.55
0.4229748842105263,0.4926012463157895,0.0486699378407155,0.0336,0.0556,0.0336,0.05,0.3870174989509022,0.49835354595048265,0.0,0.0,0.6129825010490978,-1,0.0184,0.054,0.024336842105263157,0.104570100697134,0.054,0.07122131363756265,1291,0.04855365538196227,adaptive_patch,0.05,rhash32,1024,residual,zero,block_collision,mad,0.462,3.221
0.4272598442105263,0.4551265473684211,0.04016769458019674,0.0,0.0124,0.0,0.05,0.3843397398237516,0.43783361309274027,0.0036,0.0036,0.6156602601762484,-1,0.0144,0.0012,0.028968421052631577,0.002175489485134155,0.0012,0.0015467904098994587,1379,0.051356409781781534,adaptive_patch,0.05,rhash32,1024,residual,zero,hash_spectral,mad,0.462,0.186
0.6181014189473684,0.5032389515789474,0.07017113104109778,0.0128,0.0756,0.0064,0.05,0.6768116240033571,0.5162824171212756,0.0284,0.0068,0.6768116240033571,1,0.0284,0.0032,0.0053894736842105264,0.030303030303030304,0.0032,0.005788712011577424,264,0.05010455203474345,adaptive_patch,0.05,rhash32,1024,residual,zero,hash_stability,mad,0.462,0.033
0.4176073263157895,0.48107829052631573,0.039791513495237255,0.0064,0.026,0.0128,0.05,0.3724735207721359,0.4698018464120856,0.0012,0.0088,0.6275264792278641,-1,0.0212,0.0052,0.0023789473684210525,0.10317460317460317,0.0052,0.009900990099009901,126,0.04986566146689658,adaptive_patch,0.05,rhash_rgb,768,residual,zero,bit_llr,mad,1.636,0.192
0.27917071578947367,0.5423606063157894,0.03505457892032824,0.0,0.0,0.0,0.05,0.45359160721779274,0.4922760386067982,0.0,0.0,0.5464083927822072,-1,0.0,0.4764,0.2576421052631579,0.08868865887258917,0.4764,0.14953857743737836,13429,0.03579338820376801,adaptive_patch,0.05,rhash_rgb,768,residual,zero,bit_em,mad,1.636,2.948
0.42489396210526315,0.4656972421052632,0.04031386998846114,0.0008,0.0244,0.0008,0.05,0.3707469576164498,0.4534504406210659,0.002,0.002,0.6292530423835502,-1,0.0112,0.0044,0.01431578947368421,0.015918958031837915,0.0044,0.006894390473205891,691,0.0504776004380539,adaptive_patch,0.05,rhash_rgb,768,residual,zero,hamming_knn,mad,1.636,0.529
0.4592689431578947,0.4558355663157895,0.04640152791297544,0.0104,0.0388,0.0104,0.05,0.3743579941250525,0.41610453210239196,0.004,0.004,0.6256420058749474,-1,0.004,0.0296,0.03698947368421052,0.040415073730202075,0.0296,0.03417224659432002,1831,0.05036434221179597,adaptive_patch,0.05,rhash_rgb,768,residual,zero,hamming_ball,mad,1.636,0.519
0.45836888421052635,0.4807044084210526,0.04537402364100337,0.0,0.012,0.0,0.05,0.3719320184641209,0.4384706672261855,0.006,0.006,0.6280679815358792,-1,0.006,0.0148,0.059705263157894733,0.012878524190741385,0.0148,0.013772566536385632,2873,0.0522630339295945,adaptive_patch,0.05,rhash_rgb,768,residual,zero,block_collision,mad,1.636,2.063
0.44798866526315784,0.47438381052631584,0.0429564653994315,0.0064,0.034,0.0064,0.05,0.4255170793117919,0.4620372219890894,0.0064,0.0064,0.574482920688208,-1,0.0104,0.012,0.018126315789473685,0.03367003367003367,0.012,0.017693895606015926,891,0.05029627970433118,adaptive_patch,0.05,rhash_rgb,768,residual,zero,hash_spectral,mad,1.636,0.114
0.5878971073684209,0.48941202526315786,0.06309296385171664,0.0136,0.0544,0.0088,0.05,0.6363066302979437,0.4912442719261435,0.0208,0.0112,0.6363066302979437,1,0.0208,0.0044,0.006105263157894737,0.036544850498338874,0.0044,0.00785433773652267,301,0.050081490573250974,adaptive_patch,0.05,rhash_rgb,768,residual,zero,hash_stability,mad,1.636,0.034
0.3324162484210526,0.5042257178947369,0.03377732131389682,0.0,0.0044,0.0004,0.05,0.23857205203524967,0.5185315568610995,0.0004,0.0296,0.7614279479647503,-1,0.032,0.0,0.0006736842105263158,0.0,0.0,0.0,32,0.05003202049311559,adaptive_patch,0.05,rhash_energy,256,residual,mean,bit_llr,mad,0.599,0.093
0.4685647452631579,0.4348573978947369,0.06915225338203346,0.0,0.136,0.0,0.05,0.2494352077213596,0.3047056231640789,0.0,0.0,0.7505647922786404,-1,0.0,0.2176,0.20507368421052632,0.05289256198347107,0.2176,0.08509972624168947,10285,0.049250912753367744,adaptive_patch,0.05,rhash_energy,256,residual,mean,bit_em,mad,0.599,0.889
0.3099358231578947,0.4976201473684211,0.03276149101354807,0.0,0.0012,0.0,0.05,0.2167909357952161,0.5144282417121275,0.0004,0.0004,0.7832090642047839,-1,0.0684,0.0,0.0008421052631578948,0.0,0.0,0.0,40,0.0500400320256205,adaptive_patch,0.05,rhash_energy,256,residual,mean,hamming_knn,mad,0.599,0.455
0.47321692210526317,0.1963443326315789,0.05750981213348687,0.0,0.0,0.0,0.05,0.34328027696181285,0.34328027696181285,0.0,0.0,0.6567197230381872,-1,0.0,0.0032,0.15789473684210525,0.0010655301012253596,0.0032,0.0015987210231814548,7508,0.0586463334274687,adaptive_patch,0.05,rhash_energy,256,residual,mean,hamming_ball,mad,0.599,0.459
0.2733789936842105,0.7172794778947369,0.0379231980364049,0.0,0.0,0.3396,0.05,0.2992251783466219,0.6690297104490137,0.0,0.064,0.7007748216533781,-1,0.064,0.6104,0.17353684210526316,0.15620841437199304,0.6104,0.24875702991278834,9769,0.024210186174840297,adaptive_patch,0.05,rhash_energy,256,residual,mean,block_collision,mad,0.599,0.707
0.4703069810526315,0.4777794905263158,0.0460490906996429,0.0108,0.0388,0.0108,0.05,0.449910365086026,0.4656217373059169,0.0048,0.0048,0.550089634913974,-1,0.0136,0.0048,0.0020842105263157895,0.10810810810810811,0.0048,0.009191880505553428,111,0.04987071298282186,adaptive_patch,0.05,rhash_energy,256,residual,mean,hash_spectral,mad,0.599,0.056
0.3893548505263158,0.5356969052631578,0.03841681451787938,0.0044,0.024,0.024,0.05,0.3630863617289132,0.5361469576164499,0.0064,0.0056,0.6369136382710868,-1,0.0064,0.0064,0.0028,0.10738255033557047,0.0064,0.0120800302000755,149,0.0498284888969128,adaptive_patch,0.05,rhash_energy,256,residual,mean,hash_stability,mad,0.599,0.032
0.43393691789473676,0.4801380042105263,0.04147065257890568,0.0088,0.0304,0.012,0.05,0.39367897608057073,0.46805321023919433,0.002,0.0068,0.6063210239194292,-1,0.0164,0.0048,0.002463157894736842,0.09302325581395349,0.0048,0.009128946367440091,129,0.04988871287922841,adaptive_patch,0.05,ahash_res,256,residual,mean,bit_llr,mad,0.591,0.093
0.5177815031578947,0.52421264,0.05264845068727989,0.0,0.0,0.0,0.05,0.4636371380612673,0.4178388166177088,0.0,0.0,0.5363628619387327,-1,0.0,0.0,0.11149473684210526,0.0,0.0,0.0,5296,0.055923407301360056,adaptive_patch,0.05,ahash_res,256,residual,mean,bit_em,mad,0.591,0.897
0.3973568336842105,0.4770042736842105,0.038509955361677235,0.0004,0.0192,0.0004,0.05,0.32810524548887954,0.4691187998321444,0.0012,0.0012,0.6718947545111205,-1,0.0248,0.0012,0.012989473684210526,0.004838709677419355,0.0012,0.0019230769230769232,620,0.05056703118671527,adaptive_patch,0.05,ahash_res,256,residual,mean,hamming_knn,mad,0.591,0.467
0.3972438610526316,0.48196107789473686,0.04128224527078564,0.004,0.03,0.004,0.05,0.33638732689886697,0.4423012589173311,0.0016,0.0016,0.663612673101133,-1,0.0016,0.0196,0.03454736842105263,0.028994082840236687,0.0196,0.023389021479713605,1690,0.050734837507762365,adaptive_patch,0.05,ahash_res,256,residual,mean,hamming_ball,mad,0.591,0.462
0.398244547368421,0.6022872126315789,0.05258742368341602,0.026,0.0884,0.026,0.05,0.3772309693663449,0.4422577843054972,0.004,0.004,0.6227690306336551,-1,0.004,0.1348,0.08673684210526315,0.07561139780121158,0.1348,0.09688083944228834,4457,0.04749357749818853,adaptive_patch,0.05,ahash_res,256,residual,mean,block_collision,mad,0.591,0.709
0.438052,0.4725971747368421,0.041690098378685356,0.0032,0.0276,0.0032,0.05,0.4087628199748216,0.4629823751573647,0.0068,0.0068,0.5912371800251783,-1,0.0136,0.0068,0.0156,0.022427440633245383,0.0068,0.010435850214855739,758,0.05042443442589659,adaptive_patch,0.05,ahash_res,256,residual,mean,hash_spectral,mad,0.591,0.056
0.5926593642105263,0.5072190821052631,0.06714275120714358,0.0188,0.0732,0.0112,0.05,0.6239617708770457,0.4937137221989089,0.0188,0.0104,0.6239617708770457,1,0.0188,0.0056,0.004842105263157895,0.05737704918032787,0.0056,0.01020408163265306,244,0.04996382345847737,adaptive_patch,0.05,ahash_res,256,residual,mean,hash_stability,mad,0.591,0.03
0.48615757473684207,0.5263844378947369,0.047097287802968825,0.0,0.0008,0.0104,0.05,0.56310568,0.5040620800000001,0.042,0.0012,0.56310568,1,0.042,0.0,0.0010105263157894737,0.0,0.0,0.0,48,0.05004804612427931,clean_label_badnets,0.05,ahash,64,spatial,mean,bit_llr,mad,0.145,0.056
0.7288723915789473,0.5914670947368421,0.29792565451265707,0.0,0.5008,0.0,0.05,0.52310072,0.52051264,0.0,0.0,0.52310072,1,0.0,0.5044,0.3687157894736842,0.06716378162450067,0.5044,0.11854289071680377,18775,0.03967974379503603,clean_label_badnets,0.05,ahash,64,spatial,mean,bit_em,mad,0.145,0.29
0.5184330694736843,0.504712677894737,0.05510332092977177,0.0036,0.08,0.0028,0.05,0.5145407999999999,0.49993015999999996,0.012,0.0068,0.5145407999999999,1,0.012,0.0,0.0,0.0,0.0,0.0,0,0.05,clean_label_badnets,0.05,ahash,64,spatial,mean,hamming_knn,mad,0.145,0.442
0.4697803578947368,0.5103652294736843,0.06940655373353184,0.0504,0.1244,0.0504,0.05,0.51303408,0.50624272,0.0052,0.0052,0.51303408,1,0.0052,0.2004,0.16385263157894736,0.060478029937228395,0.2004,0.09291543026706231,8284,0.04791926359190718,clean_label_badnets,0.05,ahash,64,spatial,mean,hamming_ball,mad,0.145,0.426
0.5226046357894737,0.5003234189473683,0.06126478136545895,0.0,0.0,0.0,0.05,0.52798776,0.5127139199999999,0.0,0.0,0.52798776,1,0.0036,0.2324,0.0983578947368421,0.1106034646868456,0.2324,0.14987746678705016,5253,0.04288555657362505,clean_label_badnets,0.05,ahash,64,spatial,mean,block_collision,mad,0.145,0.157
0.5201811915789474,0.4970267831578947,0.05303632509088173,0.0096,0.062,0.0096,0.05,0.48976191999999996,0.49866896,0.0116,0.0116,0.51023808,-1,0.0116,0.0,0.0009684210526315789,0.0,0.0,0.0,46,0.050046042358970255,clean_label_badnets,0.05,ahash,64,spatial,mean,hash_spectral,mad,0.145,0.045
0.48532408000000005,0.5061113726315789,0.047566375726487836,0.002,0.0156,0.0048,0.05,0.51108984,0.50999872,0.0064,0.008,0.51108984,1,0.0064,0.0004,0.0005684210526315789,0.03571428571428571,0.0004,0.0007911392405063291,28,0.05000800448251021,clean_label_badnets,0.05,ahash,64,spatial,mean,hash_stability,mad,0.145,0.029
0.4556244336842106,0.5457472842105263,0.044619025716002285,0.0,0.0,0.048,0.05,0.54029144,0.49378879999999997,0.0332,0.0012,0.54029144,1,0.0332,0.0008,0.0015368421052631579,0.02666666666666667,0.0008,0.0015533980582524273,75,0.050035052578868304,clean_label_badnets,0.05,ahash4,16,spatial,mean,bit_llr,mad,0.135,0.047
0.5974263831578948,0.3769098694736842,0.06379410199743225,0.0,0.0,0.0,0.05,0.51036656,0.48989392,0.0,0.0,0.51036656,1,0.0,0.0,0.11682105263157895,0.0,0.0,0.0,5549,0.05624170434860858,clean_label_badnets,0.05,ahash4,16,spatial,mean,bit_em,mad,0.135,0.148
0.5205939663157895,0.5197750147368421,0.059571514250999116,0.0,0.0816,0.0024,0.05,0.5083951999999999,0.49170080000000005,0.0,0.0064,0.5083951999999999,1,0.0064,0.0,2.105263157894737e-05,0.0,0.0,0.0,1,0.0500010000200004,clean_label_badnets,0.05,ahash4,16,spatial,mean,hamming_knn,mad,0.135,0.394
0.48219175157894734,0.48628307789473685,0.06288937052453401,0.0,0.0636,0.0,0.05,0.5047662399999999,0.49414415999999994,0.0,0.0,0.5047662399999999,1,0.0,0.1252,0.11865263157894737,0.05261388468650193,0.1252,0.07409160847437567,5949,0.04964700006810288,clean_label_badnets,0.05,ahash4,16,spatial,mean,hamming_ball,mad,0.135,0.395
0.5109787578947369,0.520864694736842,0.08030837709370661,0.0636,0.0636,0.0636,0.05,0.50249328,0.49577696000000004,0.0,0.0,0.50249328,1,0.0,0.2212,0.18652631578947368,0.05874853925422288,0.2212,0.09283975488961639,9413,0.04797102520511494,clean_label_badnets,0.05,ahash4,16,spatial,mean,block_collision,mad,0.135,0.04
0.5119870189473685,0.48112799578947374,0.0521091861150301,0.0,0.0568,0.0,0.05,0.49426872,0.4833348,0.0,0.0,0.50573128,-1,0.0072,0.0,0.002336842105263158,0.0,0.0,0.0,111,0.05011124696826956,clean_label_badnets,0.05,ahash4,16,spatial,mean,hash_spectral,mad,0.135,0.042
0.5242985347368421,0.3734152589473684,0.04963316572868117,0.0,0.0032,0.0,0.05,0.51599712,0.49438632,0.0112,0.0112,0.51599712,1,0.0112,0.0,0.002673684210526316,0.0,0.0,0.0,127,0.050127323401439654,clean_label_badnets,0.05,ahash4,16,spatial,mean,hash_stability,mad,0.135,0.025
0.47444303157894735,0.5255708589473684,0.04551814861658836,0.0,0.0,0.0196,0.05,0.55045088,0.49888432000000005,0.024,0.0012,0.55045088,1,0.024,0.0,0.0006315789473684211,0.0,0.0,0.0,30,0.05003001801080648,clean_label_badnets,0.05,ahash16,256,spatial,mean,bit_llr,mad,0.198,0.092
0.4747281221052631,0.23350027368421056,0.06422355083340127,0.0,0.0,0.0,0.05,0.51047096,0.4895290400000001,0.0,0.0,0.51047096,1,0.0,0.0,0.31101052631578946,0.0,0.0,0.0,14773,0.07096829136741704,clean_label_badnets,0.05,ahash16,256,spatial,mean,bit_em,mad,0.198,0.891
0.5106170063157894,0.5056694315789474,0.05216700924933274,0.0008,0.0636,0.0008,0.05,0.5082424799999999,0.5002759200000001,0.0028,0.0028,0.5082424799999999,1,0.0076,0.0,0.0,0.0,0.0,0.0,0,0.05,clean_label_badnets,0.05,ahash16,256,spatial,mean,hamming_knn,mad,0.198,0.444
0.5323593052631579,0.3087706568421053,0.05267109008070865,0.0,0.0,0.0,0.05,0.50986136,0.50986136,0.0044,0.0044,0.50986136,1,0.0044,0.0384,0.14890526315789473,0.013390988980331985,0.0384,0.019857275829972074,7169,0.05612757115173589,clean_label_badnets,0.05,ahash16,256,spatial,mean,hamming_ball,mad,0.198,0.434
0.4071083915789473,0.6558492589473683,0.05559241633661495,0.0,0.0,0.1344,0.05,0.50660184,0.49344296,0.0,0.0076,0.50660184,1,0.0076,0.394,0.06991578947368421,0.2287505805852299,0.394,0.28945048486629443,4306,0.033155337681095985,clean_label_badnets,0.05,ahash16,256,spatial,mean,block_collision,mad,0.198,0.688
0.5218523873684211,0.5011471747368421,0.05365244527084859,0.0136,0.0572,0.0136,0.05,0.4917452,0.5010548,0.0112,0.0112,0.5082548,-1,0.0112,0.0,0.0006947368421052632,0.0,0.0,0.0,33,0.05003302179438429,clean_label_badnets,0.05,ahash16,256,spatial,mean,hash_spectral,mad,0.198,0.055
0.5133097810526316,0.5120935368421052,0.060736810906362265,0.0272,0.0896,0.0236,0.05,0.51448752,0.51406408,0.0124,0.0096,0.51448752,1,0.0124,0.0048,0.0011157894736842106,0.18461538461538463,0.0048,0.00935672514619883,65,0.049824772203865025,clean_label_badnets,0.05,ahash16,256,spatial,mean,hash_stability,mad,0.198,0.032
0.47061352842105264,0.5207817010526316,0.04494552625579823,0.0,0.0,0.0228,0.05,0.53930152,0.49460824000000003,0.016,0.0012,0.53930152,1,0.016,0.0,0.0005473684210526316,0.0,0.0,0.0,26,0.050026013527034056,clean_label_badnets,0.05,ahash32,1024,spatial,mean,bit_llr,mad,0.348,0.239
0.41726668631578945,0.3753988884210526,0.05539493907368445,0.0,0.0,0.0,0.05,0.5109916,0.48900840000000007,0.0,0.0,0.5109916,1,0.0,0.0,0.2095578947368421,0.0,0.0,0.0,9954,0.0624282075613045,clean_label_badnets,0.05,ahash32,1024,spatial,mean,bit_em,mad,0.348,4.065
0.5065434905263158,0.5039278568421053,0.051078740421937205,0.0,0.0544,0.0,0.05,0.50421728,0.4979648,0.0068,0.0068,0.50421728,1,0.0084,0.0,2.105263157894737e-05,0.0,0.0,0.0,1,0.0500010000200004,clean_label_badnets,0.05,ahash32,1024,spatial,mean,hamming_knn,mad,0.348,0.55
0.5232696757894737,0.33666868210526313,0.05145708701635467,0.0,0.0,0.0,0.05,0.5057016,0.5057016,0.0084,0.0084,0.5057016,1,0.0084,0.0404,0.1332,0.015712507778469196,0.0404,0.022625448028673834,6428,0.05505829431745157,clean_label_badnets,0.05,ahash32,1024,spatial,mean,hamming_ball,mad,0.348,0.525
0.43816742315789475,0.3064636084210526,0.05332236430091138,0.0,0.0,0.0,0.05,0.5087724,0.49122759999999993,0.0,0.0108,0.5087724,1,0.0108,0.0008,0.13602105263157896,0.00030945381401825775,0.0008,0.0004462791476068281,6463,0.05737648436961665,clean_label_badnets,0.05,ahash32,1024,spatial,mean,block_collision,mad,0.348,2.944
0.5255111663157894,0.5043592168421053,0.05477278842640978,0.0144,0.0556,0.0144,0.05,0.49151343999999997,0.5025988,0.0112,0.0112,0.50848656,-1,0.0136,0.0,0.0005473684210526316,0.0,0.0,0.0,26,0.050026013527034056,clean_label_badnets,0.05,ahash32,1024,spatial,mean,hash_spectral,mad,0.348,0.185
0.515973852631579,0.5179780926315789,0.06348537142414476,0.034,0.098,0.0288,0.05,0.50739776,0.5156581600000001,0.0104,0.0064,0.50739776,1,0.0104,0.0064,0.0016,0.17391304347826086,0.0064,0.012345679012345678,92,0.049771579706660254,clean_label_badnets,0.05,ahash32,1024,spatial,mean,hash_stability,mad,0.348,0.035
0.5300603578947368,0.5028378947368422,0.054102522676381895,0.0,0.0512,0.0,0.05,0.5746668799999999,0.50599488,0.0976,0.0052,0.5746668799999999,1,0.0976,0.0,0.001431578947368421,0.0,0.0,0.0,68,0.05006809260594408,clean_label_badnets,0.05,mhash,64,spatial,median,bit_llr,mad,0.17,0.071
0.4599614357894737,0.5899764589473684,0.061888718112112676,0.0,0.0,0.0,0.05,0.52515496,0.470372,0.0,0.0,0.52515496,1,0.0,0.4548,0.37138947368421055,0.06054957929491959,0.4548,0.10687094651752985,18778,0.04365511498302479,clean_label_badnets,0.05,mhash,64,spatial,median,bit_em,mad,0.17,0.292
0.5324147747368421,0.5159232505263158,0.06124191348695819,0.0196,0.0888,0.0196,0.05,0.52050328,0.5011745599999999,0.0,0.0,0.52050328,1,0.0044,0.0,0.0004,0.0,0.0,0.0,19,0.050019007222744646,clean_label_badnets,0.05,mhash,64,spatial,median,hamming_knn,mad,0.17,0.425
0.49239309052631586,0.5262764547368421,0.0917330382424357,0.074,0.1304,0.074,0.05,0.5136628000000001,0.50921984,0.004,0.004,0.5136628000000001,1,0.004,0.2328,0.17793684210526317,0.06442328979411113,0.2328,0.10091902202184845,9034,0.04681931357711273,clean_label_badnets,0.05,mhash,64,spatial,median,hamming_ball,mad,0.17,0.42
0.5277250231578947,0.4957524505263158,0.06108414055022406,0.0,0.0804,0.0,0.05,0.51234576,0.50960912,0.0,0.0,0.51234576,1,0.0048,0.178,0.09675789473684211,0.08827613568736362,0.178,0.11802148256199443,5041,0.04570831201761605,clean_label_badnets,0.05,mhash,64,spatial,median,block_collision,mad,0.17,0.158
0.4974660968421052,0.4830901852631579,0.04866707527632054,0.0056,0.0524,0.0056,0.05,0.48451944,0.48356071999999994,0.0124,0.0124,0.51548056,-1,0.0132,0.0,0.0003578947368421053,0.0,0.0,0.0,17,0.05001700578196587,clean_label_badnets,0.05,mhash,64,spatial,median,hash_spectral,mad,0.17,0.044
0.46114179789473686,0.5096731410526316,0.04507090518064133,0.0024,0.0212,0.0024,0.05,0.51653584,0.50416016,0.0136,0.0032,0.51653584,1,0.0136,0.0,0.002105263157894737,0.0,0.0,0.0,100,0.050100200400801605,clean_label_badnets,0.05,mhash,64,spatial,median,hash_stability,mad,0.17,0.027
0.49388075789473684,0.5165042231578947,0.047703026402047786,0.0,0.0036,0.0248,0.05,0.5610303200000001,0.50058648,0.0244,0.0028,0.5610303200000001,1,0.0244,0.0,0.001494736842105263,0.0,0.0,0.0,71,0.05007110096336798,clean_label_badnets,0.05,ahash_rgb,192,spatial,mean,bit_llr,mad,0.385,0.08
0.7175608042105264,0.6766142315789474,0.30229406310490564,0.0,0.4956,0.0,0.05,0.52485112,0.5200288,0.0,0.0,0.52485112,1,0.0,0.514,0.3858105263157895,0.06552445056345928,0.514,0.11623173985798924,19611,0.03998157227944322,clean_label_badnets,0.05,ahash_rgb,192,spatial,mean,bit_em,mad,0.385,0.657
0.5119377263157895,0.5013372968421053,0.05237355062936704,0.0024,0.068,0.0008,0.05,0.5148924,0.4990284,0.0032,0.0028,0.5148924,1,0.0096,0.0,0.0,0.0,0.0,0.0,0,0.05,clean_label_badnets,0.05,ahash_rgb,192,spatial,mean,hamming_knn,mad,0.385,0.443
0.5622549389473683,0.2628529263157895,0.057634833070425974,0.0,0.0,0.0,0.05,0.51370912,0.51370912,0.0052,0.0052,0.51370912,1,0.0052,0.0392,0.18547368421052632,0.011001347103726987,0.0392,0.017180925666199158,8908,0.05845420033096466,clean_label_badnets,0.05,ahash_rgb,192,spatial,mean,hamming_ball,mad,0.385,0.433
0.5481632252631579,0.5068047242105264,0.06159958335830912,0.0,0.0,0.0,0.05,0.5231620799999999,0.51788224,0.0,0.0,0.5231620799999999,1,0.006,0.0,0.04366315789473684,0.0,0.0,0.0,2074,0.05216375245169637,clean_label_badnets,0.05,ahash_rgb,192,spatial,mean,block_collision,mad,0.385,0.409
0.5065201557894737,0.4921101557894737,0.050403522564905434,0.0088,0.0484,0.0088,0.05,0.49036872,0.49476552000000007,0.0096,0.0096,0.50963128,-1,0.0096,0.0,0.0011157894736842106,0.0,0.0,0.0,53,0.050053056239613994,clean_label_badnets,0.05,ahash_rgb,192,spatial,mean,hash_spectral,mad,0.385,0.052
0.4887479789473684,0.49604554947368423,0.047026643881200744,0.0008,0.014,0.002,0.05,0.5116974400000001,0.50322984,0.0076,0.0092,0.5116974400000001,1,0.0076,0.0004,0.0006947368421052632,0.029411764705882353,0.0004,0.0007892659826361484,34,0.050014009526478005,clean_label_badnets,0.05,ahash_rgb,192,spatial,mean,hash_stability,mad,0.385,0.031
0.5655921263157895,0.5066362315789474,0.0741269407701113,0.0368,0.0992,0.0152,0.05,0.61131984,0.51260912,0.0376,0.0104,0.61131984,1,0.0376,0.0,2.105263157894737e-05,0.0,0.0,0.0,1,0.0500010000200004,clean_label_badnets,0.05,dhash,64,spatial,pairwise,bit_llr,mad,0.145,0.055
0.5882080715789474,0.5983969894736842,0.09501401092191664,0.0,0.146,0.0,0.05,0.46715824,0.48378336,0.0,0.0,0.5328417599999999,-1,0.0,0.0,0.04094736842105263,0.0,0.0,0.0,1945,0.052023722817604826,clean_label_badnets,0.05,dhash,64,spatial,pairwise,bit_em,mad,0.145,0.296
0.5032446526315789,0.4974096,0.051278393962744764,0.0072,0.0584,0.0072,0.05,0.5128795199999999,0.5018119999999999,0.006,0.006,0.5128795199999999,1,0.006,0.0092,0.01208421052631579,0.038525963149078725,0.0092,0.014853083629318696,597,0.05013865554723397,clean_label_badnets,0.05,dhash,64,spatial,pairwise,hamming_knn,mad,0.145,0.443
0.5565842357894737,0.546561212631579,0.07031412025509866,0.03,0.096,0.03,0.05,0.51021312,0.50289992,0.0152,0.0152,0.51021312,1,0.0152,0.1648,0.08736842105263158,0.09031126698816308,0.1648,0.11668082696120079,4562,0.04595272679255249,clean_label_badnets,0.05,dhash,64,spatial,pairwise,hamming_ball,mad,0.145,0.439
0.5058263536842106,0.6084985305263158,0.09381843975917435,0.076,0.1332,0.076,0.05,0.49684864000000006,0.49909344,0.018,0.018,0.5031513599999999,-1,0.018,0.2136,0.10290526315789474,0.0984876429361859,0.2136,0.13481444079777835,5422,0.04410247207142537,clean_label_badnets,0.05,dhash,64,spatial,pairwise,block_collision,mad,0.145,0.153
0.5064098105263158,0.49951129684210527,0.051459986119233365,0.0084,0.0592,0.0084,0.05,0.5059843199999999,0.49539664000000005,0.006,0.006,0.5059843199999999,1,0.0068,0.0016,0.0018526315789473683,0.043478260869565216,0.0016,0.0030864197530864196,92,0.05001202212070209,clean_label_badnets,0.05,dhash,64,spatial,pairwise,hash_spectral,mad,0.145,0.045
0.5179038484210526,0.5105065515789473,0.05296185151422638,0.0068,0.0384,0.0088,0.05,0.57725456,0.48809624000000007,0.012,0.0044,0.57725456,1,0.012,0.0008,0.00048421052631578945,0.08,0.0008,0.0015841584158415843,25,0.049984992496248125,clean_label_badnets,0.05,dhash,64,spatial,pairwise,hash_stability,mad,0.145,0.026
0.5405126484210526,0.49896303578947365,0.056520854799143136,0.01,0.0664,0.0032,0.05,0.5814423200000001,0.49357480000000004,0.036,0.0052,0.5814423200000001,1,0.036,0.0,0.0002736842105263158,0.0,0.0,0.0,13,0.05001300338087903,clean_label_badnets,0.05,dhash_v,64,spatial,pairwise,bit_llr,mad,0.137,0.056
0.6659751578947368,0.6491406484210527,0.2485181169482124,0.1764,0.4268,0.1764,0.05,0.48641784,0.4882192799999999,0.0,0.0,0.51358216,-1,0.0,0.4288,0.09042105263157894,0.19973914663685485,0.4288,0.2725308249650438,5367,0.03199426433356485,clean_label_badnets,0.05,dhash_v,64,spatial,pairwise,bit_em,mad,0.137,0.295
0.5053525431578947,0.4817341810526316,0.04901685261836004,0.0012,0.0284,0.0012,0.05,0.52767712,0.48396544,0.008,0.008,0.52767712,1,0.008,0.0,0.003031578947368421,0.0,0.0,0.0,144,0.05014441591784339,clean_label_badnets,0.05,dhash_v,64,spatial,pairwise,hamming_knn,mad,0.137,0.446
0.5364830694736843,0.5217060505263158,0.05660911019539125,0.0008,0.0516,0.0008,0.05,0.5276684,0.5013022399999999,0.0084,0.0084,0.5276684,1,0.0084,0.13,0.10482105263157895,0.061274509803921566,0.13,0.08329062019477192,5304,0.04866207266869518,clean_label_badnets,0.05,dhash_v,64,spatial,pairwise,hamming_ball,mad,0.137,0.44
0.5039253221052631,0.48230791157894737,0.04921713324479623,0.0,0.0,0.0,0.05,0.50059024,0.50090912,0.0,0.0,0.50059024,1,0.0,0.116,0.1392421052631579,0.04200463499420626,0.116,0.061675882603147596,6904,0.051280861332838316,clean_label_badnets,0.05,dhash_v,64,spatial,pairwise,block_collision,mad,0.137,0.155
0.48357870736842107,0.48635314105263155,0.04570208091603992,0.0,0.0048,0.0,0.05,0.49525832,0.48970416,0.0104,0.0104,0.50474168,-1,0.0184,0.0,0.0005473684210526316,0.0,0.0,0.0,26,0.050026013527034056,clean_label_badnets,0.05,dhash_v,64,spatial,pairwise,hash_spectral,mad,0.137,0.045
0.5131275789473685,0.4308581431578947,0.05133688126914568,0.0052,0.0332,0.0024,0.05,0.5509176000000001,0.49494712,0.0148,0.01,0.5509176000000001,1,0.0148,0.0,0.0003368421052631579,0.0,0.0,0.0,16,0.05001600512163892,clean_label_badnets,0.05,dhash_v,64,spatial,pairwise,hash_stability,mad,0.137,0.026
0.59638936,0.5110938610526317,0.08092254695406467,0.0428,0.1216,0.02,0.05,0.66571632,0.5256386399999999,0.0896,0.0368,0.66571632,1,0.0896,0.0012,0.0009684210526315789,0.061224489795918366,0.0012,0.0023538642604943117,49,0.04998898920942524,clean_label_badnets,0.05,dhash16,256,spatial,pairwise,bit_llr,mad,0.197,0.093
0.5906384589473684,0.6395534526315789,0.22144329580082273,0.1636,0.378,0.1636,0.05,0.47167776,0.48734183999999997,0.0,0.0,0.52832224,-1,0.0,0.4556,0.2595368421052632,0.0845771144278607,0.4556,0.14266925533913696,13467,0.03725398954370022,clean_label_badnets,0.05,dhash16,256,spatial,pairwise,bit_em,mad,0.197,0.897
0.520597212631579,0.48842512000000005,0.05307090318639697,0.008,0.0628,0.008,0.05,0.5159756799999999,0.48085711999999997,0.0124,0.0124,0.5159756799999999,1,0.0124,0.0288,0.024694736842105262,0.05783132530120482,0.0288,0.03845126835781042,1245,0.04980002051071685,clean_label_badnets,0.05,dhash16,256,spatial,pairwise,hamming_knn,mad,0.197,0.474
0.5528742189473683,0.5476059789473684,0.0973611102675414,0.0696,0.1568,0.0696,0.05,0.5075733600000001,0.49571160000000003,0.0128,0.0128,0.5075733600000001,1,0.0128,0.2568,0.12663157894736843,0.0964398377647589,0.2568,0.14022059626515235,6657,0.042867360358073966,clean_label_badnets,0.05,dhash16,256,spatial,pairwise,hamming_ball,mad,0.197,0.466
0.4769907578947369,0.5264720210526316,0.050760882173325465,0.0,0.0,0.0,0.05,0.49311752000000003,0.48889128,0.0,0.0,0.50688248,-1,0.0,0.134,0.1568421052631579,0.04303147077713552,0.134,0.06514341273699563,7785,0.051285088238777685,clean_label_badnets,0.05,dhash16,256,spatial,pairwise,block_collision,mad,0.197,0.716
0.5110713768421052,0.4946369852631578,0.05105821028270676,0.0072,0.0528,0.0072,0.05,0.5086360799999999,0.49371352,0.006,0.006,0.5086360799999999,1,0.0128,0.0068,0.009978947368421053,0.034623217922606926,0.0068,0.011367435640254095,491,0.050152497525702396,clean_label_badnets,0.05,dhash16,256,spatial,pairwise,hash_spectral,mad,0.197,0.054
0.5116143915789474,0.4886606863157895,0.05134216675959809,0.0044,0.0416,0.004,0.05,0.5492168799999998,0.4981856,0.0136,0.0032,0.5492168799999998,1,0.0136,0.0008,0.003136842105263158,0.013245033112582781,0.0008,0.0015088645794039985,151,0.050111336235431,clean_label_badnets,0.05,dhash16,256,spatial,pairwise,hash_stability,mad,0.197,0.029
0.5543966610526316,0.4966498105263158,0.06407603776638346,0.0288,0.0916,0.0064,0.05,0.5907008,0.50284768,0.044,0.008,0.5907008,1,0.044,0.0,0.0003578947368421053,0.0,0.0,0.0,17,0.05001700578196587,clean_label_badnets,0.05,blockhash,256,spatial,median,bit_llr,mad,0.374,0.092
0.5122483115789473,0.42391671999999997,0.05516838762967155,0.0,0.0,0.0,0.05,0.48405487999999997,0.5078585599999998,0.0,0.0,0.51594512,-1,0.0,0.0,0.2536421052631579,0.0,0.0,0.0,12048,0.06587268128161888,clean_label_badnets,0.05,blockhash,256,spatial,median,bit_em,mad,0.374,0.901
0.5045177642105263,0.49830002105263155,0.05646326226403489,0.018,0.0496,0.018,0.05,0.5148680000000001,0.49435023999999994,0.0124,0.0124,0.5148680000000001,1,0.0124,0.008,0.0012631578947368421,0.25,0.008,0.015503875968992248,80,0.049679487179487176,clean_label_badnets,0.05,blockhash,256,spatial,median,hamming_knn,mad,0.374,0.471
0.4999418021052632,0.4755013936842105,0.04781038321444261,0.0,0.0108,0.0,0.05,0.5109807199999999,0.5076675199999999,0.0096,0.0096,0.5109807199999999,1,0.0096,0.0916,0.14797894736842104,0.031551391567925045,0.0916,0.046935847509735604,7258,0.053132749988301906,clean_label_badnets,0.05,blockhash,256,spatial,median,hamming_ball,mad,0.374,0.462
0.5470508294736842,0.4717930273684211,0.06804743054501529,0.0,0.0,0.0,0.05,0.5160084,0.51149272,0.0,0.0068,0.5160084,1,0.0068,0.0,0.029536842105263156,0.0,0.0,0.0,1403,0.05144350474309114,clean_label_badnets,0.05,blockhash,256,spatial,median,block_collision,mad,0.374,0.733
0.5089310357894736,0.4990560757894737,0.0562889766754073,0.0248,0.064,0.0248,0.05,0.49511776,0.492808,0.0108,0.0108,0.5048822399999999,-1,0.0108,0.0048,0.0008210526315789474,0.23529411764705882,0.0048,0.009408075264602116,51,0.04981080702316363,clean_label_badnets,0.05,blockhash,256,spatial,median,hash_spectral,mad,0.374,0.054
0.5359548757894737,0.5022481768421053,0.05608868962409427,0.0088,0.0484,0.0044,0.05,0.54325256,0.5054846399999999,0.0116,0.0056,0.54325256,1,0.0116,0.0,0.002,0.0,0.0,0.0,95,0.05009518084360284,clean_label_badnets,0.05,blockhash,256,spatial,median,hash_stability,mad,0.374,0.028
0.7768787747368421,0.6116106021052632,0.2579732326427965,0.1708,0.312,0.0624,0.05,0.925366,0.6841415200000001,0.6544,0.2008,0.925366,1,0.6544,0.0,0.00023157894736842104,0.0,0.0,0.0,11,0.05001100242053252,clean_label_badnets,0.05,phash,64,frequency,median,bit_llr,mad,0.543,0.056
0.8775130021052632,0.8619436042105263,0.6911267734176908,0.5116,0.7832,0.5116,0.05,0.91245624,0.87748664,0.646,0.646,0.91245624,1,0.646,0.7844,0.0544,0.43146314631463145,0.7844,0.5567068843151171,4545,0.011857881421185788,clean_label_badnets,0.05,phash,64,frequency,median,bit_em,mad,0.543,0.296
0.6909266442105263,0.5824628757894739,0.13372235819682596,0.086,0.2028,0.0812,0.05,0.8168271199999999,0.6211126399999999,0.2668,0.2032,0.8168271199999999,1,0.2668,0.0592,0.006989473684210526,0.30833333333333335,0.0592,0.09932885906040269,480,0.04749596122778675,clean_label_badnets,0.05,phash,64,frequency,median,hamming_knn,mad,0.543,0.439
0.7010163115789474,0.6158715578947369,0.3454056114278268,0.2628,0.3484,0.2628,0.05,0.770194,0.7007896800000001,0.3308,0.3308,0.770194,1,0.3308,0.2988,0.022631578947368423,0.4099890230515917,0.2988,0.34567329939842667,1822,0.036385902279048525,clean_label_badnets,0.05,phash,64,frequency,median,hamming_ball,mad,0.543,0.436
0.5366410357894738,0.5815238147368422,0.07783945083162552,0.0512,0.1292,0.0512,0.05,0.5836674399999999,0.6403204,0.1728,0.1728,0.5836674399999999,1,0.1728,0.018,0.0028210526315789472,0.25139664804469275,0.018,0.0335946248600224,179,0.04927640954617531,clean_label_badnets,0.05,phash,64,frequency,median,hash_spectral,mad,0.543,0.045
0.5315280547368422,0.3348073389473684,0.05073872706508567,0.0,0.0,0.0,0.05,0.63952056,0.46661096,0.0064,0.0,0.63952056,1,0.0064,0.0,0.007747368421052631,0.0,0.0,0.0,368,0.05037072856221792,clean_label_badnets,0.05,phash,64,frequency,median,hash_stability,mad,0.543,0.025
0.7768787873684211,0.6116105894736842,0.257973280241441,0.1708,0.312,0.0624,0.05,0.925366,0.6841415200000001,0.6544,0.2008,0.925366,1,0.6544,0.0,0.00023157894736842104,0.0,0.0,0.0,11,0.05001100242053252,clean_label_badnets,0.05,phash_nodc,63,frequency,median,bit_llr,mad,0.541,0.059
0.8775424842105264,0.8619733726315789,0.6911997434646869,0.512,0.7832,0.512,0.05,0.91245688,0.87748728,0.646,0.646,0.91245688,1,0.646,0.7844,0.053789473684210526,0.4342338352524358,0.7844,0.5590079817559863,4516,0.011850320991997185,clean_label_badnets,0.05,phash_nodc,63,frequency,median,bit_em,mad,0.541,0.296
0.6909266442105263,0.5824628757894739,0.13372235819682596,0.086,0.2028,0.0812,0.05,0.8168271199999999,0.6211126399999999,0.2668,0.2032,0.8168271199999999,1,0.2668,0.0592,0.006989473684210526,0.30833333333333335,0.0592,0.09932885906040269,480,0.04749596122778675,clean_label_badnets,0.05,phash_nodc,63,frequency,median,hamming_knn,mad,0.541,0.438
0.7010163115789474,0.6158715578947369,0.3454056114278268,0.2628,0.3484,0.2628,0.05,0.770194,0.7007896800000001,0.3308,0.3308,0.770194,1,0.3308,0.2988,0.022631578947368423,0.4099890230515917,0.2988,0.34567329939842667,1822,0.036385902279048525,clean_label_badnets,0.05,phash_nodc,63,frequency,median,hamming_ball,mad,0.541,0.433
0.5414819157894737,0.5823151368421052,0.08627644022313832,0.0612,0.1412,0.0612,0.05,0.58370104,0.64020936,0.1728,0.1728,0.58370104,1,0.1728,0.018,0.0017052631578947368,0.35714285714285715,0.018,0.03427265803503427,126,0.04922404459237278,clean_label_badnets,0.05,phash_nodc,63,frequency,median,hash_spectral,mad,0.541,0.045
0.5315280547368422,0.3348073389473684,0.05073872706508567,0.0,0.0,0.0,0.05,0.63952056,0.46661096,0.0064,0.0,0.63952056,1,0.0064,0.0,0.007747368421052631,0.0,0.0,0.0,368,0.05037072856221792,clean_label_badnets,0.05,phash_nodc,63,frequency,median,hash_stability,mad,0.541,0.025
0.7709465557894737,0.5963132252631579,0.2182105615368411,0.1432,0.2844,0.038,0.05,0.9230720000000001,0.66740488,0.632,0.1572,0.9230720000000001,1,0.632,0.0,0.00029473684210526316,0.0,0.0,0.0,14,0.05001400392109791,clean_label_badnets,0.05,phash_mean,64,frequency,mean,bit_llr,mad,0.509,0.056
0.8965014315789475,0.8575079031578947,0.8059130925502237,0.7804,0.8,0.7804,0.05,0.9091155200000001,0.8732030399999999,0.6452,0.6452,0.9091155200000001,1,0.6452,0.7704,0.0033473684210526314,0.9237410071942446,0.7704,0.8401308615049073,2085,0.01197954711468225,clean_label_badnets,0.05,phash_mean,64,frequency,mean,bit_em,mad,0.509,0.295
0.6797964463157895,0.5747606568421052,0.1253622159886142,0.0732,0.1836,0.0732,0.05,0.81597712,0.61895784,0.298,0.2044,0.81597712,1,0.298,0.0604,0.006273684210526316,0.3363028953229399,0.0604,0.10240759579518481,449,0.047405703214869525,clean_label_badnets,0.05,phash_mean,64,frequency,mean,hamming_knn,mad,0.509,0.445
0.6531111368421053,0.5677252715789474,0.23875085489320572,0.1724,0.2564,0.1724,0.05,0.76391672,0.67045184,0.318,0.318,0.76391672,1,0.318,0.2564,0.04905263157894737,0.21575227196230226,0.2564,0.23432644854688356,2971,0.03952880137787323,clean_label_badnets,0.05,phash_mean,64,frequency,mean,hamming_ball,mad,0.509,0.438
0.547988745263158,0.5661668547368421,0.08994771347733953,0.0636,0.1504,0.0636,0.05,0.5865665600000001,0.6141076000000001,0.1644,0.1644,0.5865665600000001,1,0.1644,0.0152,0.0012421052631578946,0.3917525773195876,0.0152,0.029264536003080478,97,0.049335711279882975,clean_label_badnets,0.05,phash_mean,64,frequency,mean,hash_spectral,mad,0.509,0.044
0.5365193431578947,0.48192931368421055,0.05421267607843457,0.0052,0.036,0.0032,0.05,0.55606928,0.45515088000000004,0.0052,0.0024,0.55606928,1,0.0052,0.0004,0.0019157894736842106,0.010869565217391304,0.0004,0.0007716049382716049,92,0.05007213272421255,clean_label_badnets,0.05,phash_mean,64,frequency,mean,hash_stability,mad,0.509,0.027
0.833833052631579,0.6969653136842104,0.337983093536513,0.2208,0.4028,0.1216,0.05,0.9590492800000001,0.8047168,0.814,0.4476,0.9590492800000001,1,0.814,0.0116,0.00029473684210526316,0.6744186046511628,0.0116,0.022807707432166733,43,0.049462537782492946,clean_label_badnets,0.05,phash16,256,frequency,median,bit_llr,mad,0.617,0.094
0.9121344,0.9133982989473683,0.8013587614833637,0.66,0.8468,0.66,0.05,0.94815104,0.9230952,0.8052,0.8052,0.94815104,1,0.8052,0.8684,0.1404,0.24558823529411763,0.8684,0.38289241622574954,8840,0.007993197278911564,clean_label_badnets,0.05,phash16,256,frequency,median,bit_em,mad,0.617,0.911
0.735525747368421,0.6066479747368421,0.13952258168363116,0.0696,0.2328,0.0696,0.05,0.87027824,0.68880816,0.4264,0.3408,0.87027824,1,0.4264,0.0624,0.009263157894736843,0.26174496644295303,0.0624,0.10077519379844961,596,0.047445550967532994,clean_label_badnets,0.05,phash16,256,frequency,median,hamming_knn,mad,0.617,0.469
0.7532975494736841,0.6758339368421051,0.43505140872971004,0.3452,0.4456,0.3452,0.05,0.79519856,0.7505089599999999,0.4076,0.4076,0.79519856,1,0.4076,0.3728,0.01591578947368421,0.5521327014218009,0.3728,0.44508118433619864,1688,0.03245570458685213,clean_label_badnets,0.05,phash16,256,frequency,median,hamming_ball,mad,0.617,0.462
0.5085219073684211,0.6634102610526317,0.09778468882930896,0.0756,0.1684,0.0756,0.05,0.5469807200000001,0.75539008,0.2144,0.2228,0.5469807200000001,1,0.2144,0.0544,0.0064,0.3090909090909091,0.0544,0.09251700680272108,440,0.0476997578692494,clean_label_badnets,0.05,phash16,256,frequency,median,hash_spectral,mad,0.617,0.054
0.5876565305263157,0.4603819452631579,0.06214484395978793,0.0024,0.0452,0.0016,0.05,0.65551152,0.48447264,0.022,0.002,0.65551152,1,0.022,0.0004,0.0015578947368421053,0.013333333333333334,0.0004,0.0007766990291262136,75,0.050055082623935904,clean_label_badnets,0.05,phash16,256,frequency,median,hash_stability,mad,0.617,0.032
0.8472861347368421,0.7337435536842105,0.38553749715190594,0.2632,0.4612,0.1864,0.05,0.9588177600000001,0.83357064,0.8244,0.5192,0.9588177600000001,1,0.8244,0.0236,6.31578947368421e-05,0.9516129032258065,0.0236,0.04605776736924278,62,0.04888061195882895,clean_label_badnets,0.05,pdq,256,frequency,median,bit_llr,mad,2.273,0.092
0.917650732631579,0.9195685305263158,0.8321724569603979,0.7244,0.8556,0.7244,0.05,0.9558568,0.9208417600000001,0.8252,0.8252,0.9558568,1,0.8252,0.8768,0.10597894736842105,0.30334901743703296,0.8768,0.45075056549455067,7226,0.007200635900313275,clean_label_badnets,0.05,pdq,256,frequency,median,bit_em,mad,2.273,0.902
0.7641484505263157,0.6583397094736841,0.20043464320219856,0.136,0.322,0.136,0.05,0.8867345599999998,0.74623616,0.5568,0.4284,0.8867345599999998,1,0.5568,0.1008,0.006673684210526316,0.4428822495606327,0.1008,0.16422287390029325,569,0.045477534340798285,clean_label_badnets,0.05,pdq,256,frequency,median,hamming_knn,mad,2.273,0.47
0.7466780421052632,0.680957532631579,0.4684117446180643,0.3852,0.456,0.3852,0.05,0.8122344,0.7639664800000001,0.456,0.456,0.8122344,1,0.456,0.3852,0.009178947368421052,0.688348820586133,0.3852,0.49397281354193384,1399,0.03162486368593239,clean_label_badnets,0.05,pdq,256,frequency,median,hamming_ball,mad,2.273,0.466
0.5095035494736843,0.6780578315789473,0.12878986632402514,0.094,0.1888,0.094,0.05,0.54290064,0.76739248,0.2176,0.2328,0.54290064,1,0.2176,0.056,0.0029052631578947367,0.5035971223021583,0.056,0.1007919366450684,278,0.04746389927999678,clean_label_badnets,0.05,pdq,256,frequency,median,hash_spectral,mad,2.273,0.055
0.5572643157894737,0.4502763831578947,0.056645592252534405,0.002,0.0376,0.0008,0.05,0.6503592,0.45509512,0.0156,0.0016,0.6503592,1,0.0156,0.0004,0.0016842105263157896,0.012345679012345678,0.0004,0.0007748934521503294,81,0.05006109898034816,clean_label_badnets,0.05,pdq,256,frequency,median,hash_stability,mad,2.273,0.027
0.5300692336842106,0.5030177473684211,0.05410673249954586,0.0,0.0512,0.0,0.05,0.5747806400000001,0.50626992,0.0976,0.0052,0.5747806400000001,1,0.0976,0.0,0.001431578947368421,0.0,0.0,0.0,68,0.05006809260594408,clean_label_badnets,0.05,whash_haar,64,wavelet,median,bit_llr,mad,0.621,0.057
0.42864025684210527,0.5474444547368421,0.05189190923624574,0.0,0.0,0.0,0.05,0.5252644,0.47015024000000005,0.0,0.0,0.5252644,1,0.0,0.4548,0.37141052631578947,0.06054635497097822,0.4548,0.10686592415057099,18779,0.0436565132442907,clean_label_badnets,0.05,whash_haar,64,wavelet,median,bit_em,mad,0.621,0.307
0.5325373347368421,0.5157120421052632,0.06124758635500638,0.0196,0.0888,0.0196,0.05,0.52040072,0.5014049599999999,0.0,0.0,0.52040072,1,0.0044,0.0,0.0004,0.0,0.0,0.0,19,0.050019007222744646,clean_label_badnets,0.05,whash_haar,64,wavelet,median,hamming_knn,mad,0.621,0.424
0.4923475452631579,0.5262586947368421,0.09171848411857475,0.074,0.1304,0.074,0.05,0.5135052800000001,0.50932248,0.004,0.004,0.5135052800000001,1,0.004,0.2324,0.17793684210526317,0.0643197165947083,0.2324,0.10075435706234284,9033,0.046842580613664656,clean_label_badnets,0.05,whash_haar,64,wavelet,median,hamming_ball,mad,0.621,0.419
0.5220658694736843,0.4996284589473684,0.06064934955673196,0.0,0.0804,0.0,0.05,0.51237304,0.5093144000000001,0.0,0.0,0.51237304,1,0.0048,0.178,0.09675789473684211,0.08827613568736362,0.178,0.11802148256199443,5041,0.04570831201761605,clean_label_badnets,0.05,whash_haar,64,wavelet,median,block_collision,mad,0.621,0.158
0.4976157515789474,0.48349369684210525,0.048700689502598,0.006,0.0524,0.006,0.05,0.484572,0.48374671999999996,0.0124,0.0124,0.515428,-1,0.0132,0.0,0.0003578947368421053,0.0,0.0,0.0,17,0.05001700578196587,clean_label_badnets,0.05,whash_haar,64,wavelet,median,hash_spectral,mad,0.621,0.045
0.46122626105263154,0.5095694610526317,0.0450770435985623,0.0024,0.0212,0.0024,0.05,0.51639112,0.50369576,0.0136,0.0032,0.51639112,1,0.0136,0.0,0.002105263157894737,0.0,0.0,0.0,100,0.050100200400801605,clean_label_badnets,0.05,whash_haar,64,wavelet,median,hash_stability,mad,0.621,0.027
0.5465939915789474,0.5063754905263158,0.05699444441370376,0.0,0.0232,0.0,0.05,0.59779088,0.51700136,0.16,0.0084,0.59779088,1,0.16,0.0,0.0042947368421052635,0.0,0.0,0.0,204,0.05020483572977749,clean_label_badnets,0.05,whash_db4,169,wavelet,median,bit_llr,mad,1.572,0.076
0.46438589052631585,0.280002412631579,0.05915956858958441,0.0,0.0,0.0,0.05,0.5206540000000001,0.479346,0.0,0.0,0.5206540000000001,1,0.0,0.0,0.3629263157894737,0.0,0.0,0.0,17239,0.0763102469399591,clean_label_badnets,0.05,whash_db4,169,wavelet,median,bit_em,mad,1.572,0.59
0.5061094694736842,0.487467987368421,0.049196740444236955,0.0,0.0212,0.0,0.05,0.5026116,0.48492367999999997,0.0196,0.0144,0.5026116,1,0.0196,0.0,0.0,0.0,0.0,0.0,0,0.05,clean_label_badnets,0.05,whash_db4,169,wavelet,median,hamming_knn,mad,1.572,0.447
0.5283768168421052,0.38660096842105257,0.051553337413948463,0.0,0.0,0.0,0.05,0.49766512,0.49766512,0.0144,0.0144,0.50233488,-1,0.0144,0.0392,0.11637894736842105,0.01741912548880199,0.0392,0.02412010829436377,5626,0.054130797313742283,clean_label_badnets,0.05,whash_db4,169,wavelet,median,hamming_ball,mad,1.572,0.437
0.47962110315789475,0.48405377684210527,0.046583560849550044,0.0,0.0512,0.0,0.05,0.46877016000000005,0.4767148,0.012,0.012,0.53122984,-1,0.012,0.0,0.0020421052631578946,0.0,0.0,0.0,97,0.05009718854577881,clean_label_badnets,0.05,whash_db4,169,wavelet,median,hash_spectral,mad,1.572,0.052
0.5088511663157894,0.4813076547368421,0.05066560188882979,0.0056,0.0344,0.0072,0.05,0.5578000799999999,0.49691944,0.0104,0.0092,0.5578000799999999,1,0.0104,0.002,0.0024210526315789475,0.041666666666666664,0.002,0.003816793893129771,120,0.050020048115477146,clean_label_badnets,0.05,whash_db4,169,wavelet,median,hash_stability,mad,1.572,0.028
0.6239881473684212,0.49594183999999997,0.0745982616229725,0.0264,0.0996,0.006,0.05,0.7319410399999999,0.48881991999999996,0.0912,0.0064,0.7319410399999999,1,0.0912,0.0,0.00037894736842105265,0.0,0.0,0.0,18,0.05001800648233364,clean_label_badnets,0.05,mh,64,frequency,mean,bit_llr,mad,0.952,0.057
0.34543828631578943,0.573620547368421,0.036707216541934956,0.0,0.0,0.0,0.05,0.49985296,0.49100896,0.004,0.0032,0.50014704,-1,0.004,0.0,0.01896842105263158,0.0,0.0,0.0,901,0.05091753396199515,clean_label_badnets,0.05,mh,64,frequency,mean,bit_em,mad,0.952,0.298
0.5331597936842106,0.4909339199999999,0.05392398197527312,0.002,0.0444,0.002,0.05,0.57823872,0.48243968,0.0088,0.0088,0.57823872,1,0.0088,0.0016,0.009010526315789474,0.009259259259259259,0.0016,0.002728512960436562,432,0.05035506778566817,clean_label_badnets,0.05,mh,64,frequency,mean,hamming_knn,mad,0.952,0.449
0.5368668126315789,0.47476408421052635,0.05452375085208026,0.002,0.0468,0.002,0.05,0.5772612799999999,0.51572744,0.0144,0.0144,0.5772612799999999,1,0.0144,0.036,0.04117894736842105,0.04398826979472141,0.036,0.039595248570171576,2046,0.05025649580848313,clean_label_badnets,0.05,mh,64,frequency,mean,hamming_ball,mad,0.952,0.444
0.5643788926315789,0.6554304799999999,0.10709804859222871,0.072,0.1712,0.072,0.05,0.5252572,0.5060884800000001,0.0104,0.0104,0.5252572,1,0.0104,0.1876,0.05665263157894737,0.14841772151898736,0.1876,0.1657243816254417,3160,0.043360375747224594,clean_label_badnets,0.05,mh,64,frequency,mean,block_collision,mad,0.952,0.152
0.47592148210526314,0.49861632421052626,0.045242694564400734,0.0,0.014,0.0,0.05,0.48910040000000005,0.5000200800000001,0.0052,0.0052,0.5108995999999999,-1,0.0152,0.0,0.004042105263157895,0.0,0.0,0.0,192,0.050192740122068744,clean_label_badnets,0.05,mh,64,frequency,mean,hash_spectral,mad,0.952,0.045
0.49685782736842105,0.4442989642105264,0.04932373819851106,0.0012,0.0228,0.0012,0.05,0.48212664,0.51153512,0.0072,0.0076,0.5178733600000001,-1,0.0096,0.0004,0.006568421052631579,0.003194888178913738,0.0004,0.0007109847138286527,313,0.0502948457342967,clean_label_badnets,0.05,mh,64,frequency,mean,hash_stability,mad,0.952,0.027
0.5335731157894738,0.43506565052631585,0.05323316089498702,0.0,0.0,0.0,0.05,0.47965095999999996,0.49740360000000006,0.0052,0.0076,0.52034904,-1,0.0088,0.0,0.03848421052631579,0.0,0.0,0.0,1828,0.051897367765506935,clean_label_badnets,0.05,colorhash,42,colour,quantisation,bit_llr,mad,2.503,0.049
0.5673533557894737,0.5080019705263158,0.0644632737022077,0.0,0.0,0.0,0.05,0.4782676,0.48302616,0.0,0.0,0.5217324,-1,0.0,0.4768,0.4119578947368421,0.057418111753371866,0.4768,0.10249355116079106,20760,0.04473324213406293,clean_label_badnets,0.05,colorhash,42,colour,quantisation,bit_em,mad,2.503,0.24
0.5104730484210527,0.6887724084210527,0.08147307093994471,0.0,0.0,0.0736,0.05,0.4940752,0.5061807199999999,0.0,0.0152,0.5059248000000001,-1,0.0152,0.0924,0.014273684210526315,0.25412541254125415,0.0924,0.13552361396303902,909,0.04622028477725041,clean_label_badnets,0.05,colorhash,42,colour,quantisation,hamming_knn,mad,2.503,0.324
0.48577382315789475,0.5543195705263159,0.05359118247102742,0.0,0.0,0.0,0.05,0.4936788,0.49547968000000003,0.0,0.0,0.5063212,-1,0.0,0.3432,0.25701052631578947,0.0656666156436553,0.3432,0.11024026724913273,13066,0.044457681269291165,clean_label_badnets,0.05,colorhash,42,colour,quantisation,hamming_ball,mad,2.503,0.318
0.45117547368421057,0.4614395073684211,0.044129312194897,0.0,0.0,0.0,0.05,0.5003284,0.5053306399999999,0.0156,0.0068,0.5003284,1,0.0156,0.0,0.006736842105263158,0.0,0.0,0.0,320,0.05032206119162641,clean_label_badnets,0.05,colorhash,42,colour,quantisation,hash_spectral,mad,2.503,0.04
0.5172836505263159,0.47977778947368416,0.052384776375992155,0.0052,0.064,0.0052,0.05,0.50904952,0.51242984,0.0052,0.0052,0.50904952,1,0.0052,0.0004,0.0009052631578947368,0.022727272727272728,0.0004,0.0007861635220125787,44,0.05002402113860197,clean_label_badnets,0.05,colorhash,42,colour,quantisation,hash_stability,mad,2.503,0.023
0.50547976,0.5006636589473684,0.05213843552289079,0.014,0.0608,0.0096,0.05,0.50572544,0.50331888,0.01,0.006,0.50572544,1,0.01,0.0,0.0003578947368421053,0.0,0.0,0.0,17,0.05001700578196587,clean_label_badnets,0.05,rhash8,64,residual,zero,bit_llr,mad,0.51,0.056
0.5319262947368422,0.5671219873684211,0.06756801483385545,0.0,0.0,0.0,0.05,0.49611744,0.49098264,0.0148,0.0148,0.50388256,-1,0.0148,0.2564,0.07867368421052631,0.14641388761991778,0.2564,0.1863913928467578,4378,0.04074788479242471,clean_label_badnets,0.05,rhash8,64,residual,zero,bit_em,mad,0.51,0.297
0.5145645305263158,0.4870396084210526,0.05511375670731895,0.0144,0.0684,0.0144,0.05,0.5104656,0.50581632,0.0088,0.0088,0.5104656,1,0.0088,0.0056,0.0038736842105263156,0.0707070707070707,0.0056,0.010378057820607857,198,0.04991767398899643,clean_label_badnets,0.05,rhash8,64,residual,zero,hamming_knn,mad,0.51,0.446
0.5414598484210527,0.49760718736842113,0.06170166313702885,0.0236,0.0904,0.0236,0.05,0.51028864,0.5137113600000001,0.0116,0.0116,0.51028864,1,0.0116,0.0436,0.017873684210526316,0.11377870563674322,0.0436,0.06304222093695779,958,0.04875412911382081,clean_label_badnets,0.05,rhash8,64,residual,zero,hamming_ball,mad,0.51,0.441
0.5979447242105262,0.47951436631578936,0.07107487036773973,0.0296,0.1084,0.0296,0.05,0.5114552,0.5042967199999999,0.0128,0.0128,0.5114552,1,0.0128,0.0504,0.017347368421052632,0.13263157894736843,0.0504,0.07304347826086957,950,0.04839959225280326,clean_label_badnets,0.05,rhash8,64,residual,zero,block_collision,mad,0.51,0.15
0.5048255073684211,0.5059186105263158,0.052326552388384774,0.012,0.0576,0.012,0.05,0.50162368,0.5081812,0.0088,0.0088,0.50162368,1,0.0132,0.0096,0.007768421052631579,0.061068702290076333,0.0096,0.01659177324576564,393,0.04991231076259399,clean_label_badnets,0.05,rhash8,64,residual,zero,hash_spectral,mad,0.51,0.045
0.5315374147368421,0.5390341936842105,0.06103288678633868,0.0212,0.0704,0.0172,0.05,0.52735456,0.51958456,0.0096,0.0112,0.52735456,1,0.0096,0.0052,0.0017263157894736843,0.1368421052631579,0.0052,0.01001926782273603,95,0.04983468590321611,clean_label_badnets,0.05,rhash8,64,residual,zero,hash_stability,mad,0.51,0.043
0.53250424,0.49200701473684205,0.058256778731855904,0.0232,0.0728,0.0176,0.05,0.54326304,0.48577072,0.0124,0.0124,0.54326304,1,0.0124,0.0052,0.001894736842105263,0.1262135922330097,0.0052,0.009988474836726853,103,0.0498426759123795,clean_label_badnets,0.05,rhash16,256,residual,zero,bit_llr,mad,0.592,0.092
0.4548603452631579,0.5089006315789474,0.04409803356535459,0.0,0.0,0.0,0.05,0.49423167999999995,0.48522,0.0,0.0,0.50576832,-1,0.0,0.0,0.1167578947368421,0.0,0.0,0.0,5546,0.05623790884959733,clean_label_badnets,0.05,rhash16,256,residual,zero,bit_em,mad,0.592,0.9
0.5210024378947369,0.5006094105263158,0.05280368279419075,0.0028,0.0532,0.0028,0.05,0.5241764,0.5006440799999999,0.0084,0.0084,0.5241764,1,0.0092,0.0048,0.0144,0.017241379310344827,0.0048,0.007509386733416771,696,0.050462437124776896,clean_label_badnets,0.05,rhash16,256,residual,zero,hamming_knn,mad,0.592,0.467
0.5277288926315791,0.5325537726315789,0.06119453498829053,0.0156,0.0892,0.0156,0.05,0.5232350400000001,0.5053569600000001,0.008,0.008,0.5232350400000001,1,0.008,0.07,0.034778947368421055,0.09578544061302682,0.07,0.08088745088976196,1827,0.04826355012143732,clean_label_badnets,0.05,rhash16,256,residual,zero,hamming_ball,mad,0.592,0.482
0.549981212631579,0.5475300589473684,0.06103656756600718,0.0,0.08,0.0,0.05,0.5259248,0.50673624,0.0088,0.0088,0.5259248,1,0.0088,0.1224,0.07875789473684211,0.07561156412157154,0.1224,0.09347792882236139,4047,0.04774443453093378,clean_label_badnets,0.05,rhash16,256,residual,zero,block_collision,mad,0.592,0.705
0.490357267368421,0.49980410947368414,0.04757809019632522,0.0,0.0372,0.0,0.05,0.48305752,0.50598992,0.01,0.01,0.51694248,-1,0.01,0.0052,0.01608421052631579,0.01673101673101673,0.0052,0.007934086054317974,777,0.050525161001970624,clean_label_badnets,0.05,rhash16,256,residual,zero,hash_spectral,mad,0.592,0.055
0.4951852463157894,0.5127502652631579,0.05134301538549416,0.012,0.0456,0.0104,0.05,0.5042372,0.50402776,0.0108,0.0104,0.5042372,1,0.0108,0.006,0.005326315789473684,0.055970149253731345,0.006,0.01083815028901734,268,0.04996782755569854,clean_label_badnets,0.05,rhash16,256,residual,zero,hash_stability,mad,0.592,0.029
0.6359455915789474,0.4806444126315789,0.07390215998476507,0.016,0.1032,0.0036,0.05,0.76176224,0.46250095999999996,0.1216,0.028,0.76176224,1,0.1216,0.0,0.0029052631578947367,0.0,0.0,0.0,138,0.05013838193413822,clean_label_badnets,0.05,rhash32,1024,residual,zero,bit_llr,mad,0.463,0.239
0.5708171073684211,0.6380074021052631,0.12785755411932131,0.0,0.288,0.0,0.05,0.49156447999999997,0.4956464,0.0,0.0,0.50843552,-1,0.0,0.472,0.3607578947368421,0.06442454684428915,0.472,0.11337432744043044,18316,0.041661406388082314,clean_label_badnets,0.05,rhash32,1024,residual,zero,bit_em,mad,0.463,4.061
0.54624976,0.4847667031578947,0.053517984459396484,0.0,0.0256,0.0,0.05,0.5886772800000001,0.48210336,0.0168,0.0168,0.5886772800000001,1,0.0168,0.0136,0.037221052631578946,0.018867924528301886,0.0136,0.01580660158066016,1802,0.051163948711564794,clean_label_badnets,0.05,rhash32,1024,residual,zero,hamming_knn,mad,0.463,0.557
0.5570000631578947,0.532643772631579,0.07305142994403749,0.0312,0.112,0.0312,0.05,0.5682513599999999,0.5339856,0.0248,0.0248,0.5682513599999999,1,0.0248,0.1608,0.08783157894736843,0.08788806296458242,0.1608,0.11365564037319763,4574,0.046185004182626686,clean_label_badnets,0.05,rhash32,1024,residual,zero,hamming_ball,mad,0.463,0.548
0.8408863200000001,0.7783264336842105,0.7162692875243601,0.6804,0.6804,0.6804,0.05,0.89133208,0.80253456,0.6804,0.6804,0.89133208,1,0.6804,0.6804,0.013242105263157895,0.7300429184549356,0.6804,0.7043478260869566,2330,0.016761065659744074,clean_label_badnets,0.05,rhash32,1024,residual,zero,block_collision,mad,0.463,3.175
0.5030396884210526,0.5004836252631578,0.04815250970855772,0.0,0.0084,0.0,0.05,0.51274544,0.51153488,0.0168,0.0168,0.51274544,1,0.0168,0.0004,0.029852631578947367,0.0007047216349541931,0.0004,0.0005103342689461597,1419,0.05143986332105144,clean_label_badnets,0.05,rhash32,1024,residual,zero,hash_spectral,mad,0.463,0.185
0.5072078568421052,0.5001735326315789,0.052415060631057206,0.0092,0.056,0.0116,0.05,0.50606376,0.5026758400000001,0.0132,0.0136,0.50606376,1,0.0132,0.0076,0.005494736842105263,0.06785714285714285,0.0076,0.013669064748201438,280,0.049899436846339504,clean_label_badnets,0.05,rhash32,1024,residual,zero,hash_stability,mad,0.463,0.032
0.5581673852631579,0.4704874694736842,0.058571416431748104,0.0144,0.0644,0.01,0.05,0.6081872,0.44127256000000004,0.0176,0.0076,0.6081872,1,0.0176,0.002,0.0022315789473684212,0.04504504504504504,0.002,0.0038299502106472617,111,0.05001102447433302,clean_label_badnets,0.05,rhash_rgb,768,residual,zero,bit_llr,mad,1.646,0.192
0.30992054315789475,0.5735909010526316,0.04107730799587659,0.0,0.0,0.0,0.05,0.50124952,0.5006317600000001,0.0,0.0,0.50124952,1,0.0,0.4756,0.30113684210526315,0.07674433615181049,0.4756,0.13216250764186072,15493,0.03799229141913235,clean_label_badnets,0.05,rhash_rgb,768,residual,zero,bit_em,mad,1.646,2.937
0.5228327789473685,0.4924621010526315,0.05250829776874027,0.0024,0.0564,0.0024,0.05,0.53539096,0.49410455999999997,0.0096,0.0096,0.53539096,1,0.0096,0.0068,0.015536842105263158,0.022516556291390728,0.0068,0.010445468509984639,755,0.050421362574880696,clean_label_badnets,0.05,rhash_rgb,768,residual,zero,hamming_knn,mad,1.646,0.529
0.5095938989473685,0.5512627452631579,0.06094229175345853,0.0192,0.092,0.0192,0.05,0.53645472,0.50171584,0.0116,0.0116,0.53645472,1,0.0116,0.072,0.03393684210526316,0.10044642857142858,0.072,0.08387698042870456,1792,0.04812479256554929,clean_label_badnets,0.05,rhash_rgb,768,residual,zero,hamming_ball,mad,1.646,0.516
0.532654707368421,0.5358677894736842,0.05337740173449067,0.0,0.0,0.0,0.05,0.51900528,0.49371696,0.0,0.0,0.51900528,1,0.0,0.0,0.06214736842105263,0.0,0.0,0.0,2952,0.05313722156095902,clean_label_badnets,0.05,rhash_rgb,768,residual,zero,block_collision,mad,1.646,2.059
0.4891587410526316,0.4974983494736842,0.04799702456617906,0.006,0.044,0.006,0.05,0.48265904,0.49572976,0.0116,0.0116,0.5173409600000001,-1,0.0116,0.0144,0.01848421052631579,0.03938730853391685,0.0144,0.0210896309314587,914,0.050197612353827976,clean_label_badnets,0.05,rhash_rgb,768,residual,zero,hash_spectral,mad,1.646,0.113
0.5005718189473685,0.49103353684210527,0.0498929299715266,0.0096,0.0444,0.0076,0.05,0.5007600799999999,0.49981320000000007,0.01,0.0104,0.5007600799999999,1,0.01,0.0048,0.0062947368421052636,0.03858520900321544,0.0048,0.008537886872998933,311,0.05007144438406891,clean_label_badnets,0.05,rhash_rgb,768,residual,zero,hash_stability,mad,1.646,0.032
0.5240057852631579,0.49812998315789475,0.05156232788403864,0.0,0.0156,0.006,0.05,0.55657712,0.52037456,0.0512,0.0068,0.55657712,1,0.0512,0.0,0.0006947368421052632,0.0,0.0,0.0,33,0.05003302179438429,clean_label_badnets,0.05,rhash_energy,256,residual,mean,bit_llr,mad,0.621,0.092
0.5637319242105263,0.629978,0.09241269842853436,0.0,0.0,0.0,0.05,0.49122672,0.49727776,0.0,0.0,0.50877328,-1,0.0,0.4792,0.17509473684210528,0.1259064634787178,0.4792,0.19941739492301291,9515,0.032160059281215264,clean_label_badnets,0.05,rhash_energy,256,residual,mean,bit_em,mad,0.621,0.882
0.4866837557894737,0.4890525936842105,0.046117385547995396,0.0,0.0012,0.0,0.05,0.49782503999999994,0.49112032000000005,0.0104,0.0016,0.5021749600000001,-1,0.0104,0.0,0.0007789473684210527,0.0,0.0,0.0,37,0.050037027400276206,clean_label_badnets,0.05,rhash_energy,256,residual,mean,hamming_knn,mad,0.621,0.474
0.4369978947368421,0.5423195578947368,0.05354482874496508,0.018,0.0908,0.018,0.05,0.50029008,0.49609712000000006,0.0136,0.0136,0.50029008,1,0.0136,0.198,0.1712,0.0573779993045091,0.198,0.08897276894041521,8627,0.04846155705411742,clean_label_badnets,0.05,rhash_energy,256,residual,mean,hamming_ball,mad,0.621,0.463
0.451752547368421,0.25877807157894733,0.05518069711952236,0.0,0.0,0.0,0.05,0.5024854399999998,0.49751456,0.0,0.008,0.5024854399999998,1,0.008,0.0352,0.14869473684210527,0.012305971192840163,0.0352,0.01823645218112113,7151,0.056290695232094096,clean_label_badnets,0.05,rhash_energy,256,residual,mean,block_collision,mad,0.621,0.702
0.4987257389473685,0.5028518189473684,0.05076476042548514,0.014,0.0488,0.014,0.05,0.50152544,0.4986004,0.0096,0.0096,0.50152544,1,0.0096,0.0048,0.0016210526315789473,0.1348314606741573,0.0048,0.009269988412514484,89,0.04984873074071848,clean_label_badnets,0.05,rhash_energy,256,residual,mean,hash_spectral,mad,0.621,0.054
0.46752564210526315,0.5261582526315789,0.04712962193453406,0.0064,0.0396,0.0448,0.05,0.4721864,0.50631176,0.0096,0.008,0.5278136,-1,0.0096,0.022,0.0029052631578947367,0.2849740932642487,0.022,0.04084663943557371,193,0.04908948541369687,clean_label_badnets,0.05,rhash_energy,256,residual,mean,hash_stability,mad,0.621,0.031
0.5110140463157894,0.5073670526315789,0.058391350649080034,0.0312,0.0776,0.022,0.05,0.50042352,0.5036889600000001,0.0116,0.0148,0.50042352,1,0.0116,0.0068,0.0021894736842105263,0.14049586776859505,0.0068,0.012972148035101107,121,0.04978046873433709,clean_label_badnets,0.05,ahash_res,256,residual,mean,bit_llr,mad,0.588,0.092
0.5007761178947367,0.5613508968421053,0.05238582933501616,0.0,0.0,0.0,0.05,0.48988264000000004,0.48458312000000003,0.0,0.0,0.51011736,-1,0.0,0.0,0.11774736842105263,0.0,0.0,0.0,5593,0.056297430585268086,clean_label_badnets,0.05,ahash_res,256,residual,mean,bit_em,mad,0.588,0.892
0.5163122231578947,0.4942181136842106,0.05148140814648606,0.0016,0.0428,0.0016,0.05,0.5143293600000001,0.50380016,0.008,0.008,0.5143293600000001,1,0.01,0.004,0.014463157894736843,0.014347202295552367,0.004,0.006255864873318737,697,0.050504026124170945,clean_label_badnets,0.05,ahash_res,256,residual,mean,hamming_knn,mad,0.588,0.469
0.5281445094736843,0.5424172968421054,0.06196357083796125,0.0196,0.0904,0.0196,0.05,0.51624856,0.50585944,0.0056,0.0056,0.51624856,1,0.0056,0.0684,0.03197894736842105,0.10118343195266272,0.0684,0.08162291169451073,1690,0.04820948043883254,clean_label_badnets,0.05,ahash_res,256,residual,mean,hamming_ball,mad,0.588,0.461
0.5502296336842105,0.5493296715789473,0.061434398014802244,0.0,0.0688,0.0,0.05,0.5247763200000001,0.5068952800000001,0.0088,0.0088,0.5247763200000001,1,0.0088,0.128,0.0803578947368421,0.0773507372492144,0.128,0.09642910953744162,4137,0.047532869633473605,clean_label_badnets,0.05,ahash_res,256,residual,mean,block_collision,mad,0.588,0.705
0.4898682610526316,0.49734578105263155,0.04731529066563596,0.0,0.0348,0.0,0.05,0.48441856,0.50393648,0.01,0.01,0.5155814400000001,-1,0.0108,0.0044,0.016105263157894737,0.014175257731958763,0.0044,0.006715506715506716,776,0.05056476515520884,clean_label_badnets,0.05,ahash_res,256,residual,mean,hash_spectral,mad,0.588,0.054
0.5088884336842106,0.511838947368421,0.053439597710199474,0.0124,0.056,0.01,0.05,0.51278,0.50523976,0.01,0.01,0.51278,1,0.01,0.0056,0.004905263157894737,0.05668016194331984,0.0056,0.010192937750273025,247,0.049966836170683177,clean_label_badnets,0.05,ahash_res,256,residual,mean,hash_stability,mad,0.588,0.029
0.380649932631579,0.520891187368421,0.03664355828285327,0.0,0.0004,0.0,0.05,0.3659453968253968,0.5173177566137567,0.0052,0.0172,0.6340546031746033,-1,0.0172,0.0,0.0009263157894736842,0.0,0.0,0.0,44,0.05004403875410361,stego,0.05,ahash,64,spatial,mean,bit_llr,mad,0.143,0.057
0.6620413768421052,0.5133904210526317,0.14913948276604655,0.0,0.404,0.0,0.05,0.4211573756613757,0.44934649735449733,0.0,0.0,0.5788426243386243,-1,0.0,0.4076,0.3757473684210526,0.05400964647267716,0.4076,0.09538072728974586,18867,0.04757010246362381,stego,0.05,ahash,64,spatial,mean,bit_em,mad,0.143,0.292
0.4118292884210526,0.49815722947368424,0.04087898765621009,0.0076,0.0404,0.0052,0.05,0.3590726772486773,0.49208414814814816,0.0028,0.0032,0.6409273227513227,-1,0.0308,0.0,0.0,0.0,0.0,0.0,0,0.05,stego,0.05,ahash,64,spatial,mean,hamming_knn,mad,0.143,0.436
0.510295347368421,0.18450589894736844,0.05899179195563489,0.0,0.0,0.0,0.05,0.4036199788359788,0.4036199788359788,0.0032,0.0032,0.5963800211640212,-1,0.0032,0.0156,0.1532421052631579,0.005329324952172725,0.0156,0.00794459156651049,7318,0.057658966308982706,stego,0.05,ahash,64,spatial,mean,hamming_ball,mad,0.143,0.429
0.4109215242105263,0.47325995368421053,0.04568875948360408,0.0,0.0,0.0,0.05,0.3715705396825396,0.46484893121693116,0.0,0.0,0.6284294603174604,-1,0.0304,0.1548,0.10686315789473684,0.07084019769357495,0.1548,0.09719954790907949,5463,0.04744369849787817,stego,0.05,ahash,64,spatial,mean,block_collision,mad,0.143,0.159
0.5095557936842106,0.4694992463157895,0.04952076344984713,0.0008,0.0472,0.0008,0.05,0.4846441904761905,0.46751466666666663,0.0076,0.0076,0.5153558095238095,-1,0.008,0.0,0.0009263157894736842,0.0,0.0,0.0,44,0.05004403875410361,stego,0.05,ahash,64,spatial,mean,hash_spectral,mad,0.143,0.046
0.42000703157894737,0.4724255115789474,0.04065887612479455,0.0004,0.0104,0.0004,0.05,0.3853209735449735,0.5066062645502645,0.0048,0.008,0.6146790264550265,-1,0.012,0.0,0.0005684210526315789,0.0,0.0,0.0,27,0.05002701458787746,stego,0.05,ahash,64,spatial,mean,hash_stability,mad,0.143,0.029
0.3768822736842105,0.540473907368421,0.036809118011819096,0.0,0.0,0.0,0.05,0.3835514920634921,0.5529824338624338,0.008,0.036,0.6164485079365079,-1,0.036,0.0,0.0015578947368421053,0.0,0.0,0.0,74,0.05007410968232985,stego,0.05,ahash4,16,spatial,mean,bit_llr,mad,0.135,0.047
0.6520189263157894,0.5829990610526317,0.1445279788676383,0.0468,0.4264,0.0,0.05,0.42685528042328047,0.46393574603174603,0.0,0.0,0.5731447195767195,-1,0.0,0.3848,0.1558736842105263,0.1149892421706909,0.3848,0.1770660776734769,8366,0.03694096171398376,stego,0.05,ahash4,16,spatial,mean,bit_em,mad,0.135,0.148
0.4569209178947369,0.4924268757894737,0.04904077144142648,0.0,0.0612,0.0012,0.05,0.3936954497354497,0.4751942433862434,0.0,0.0132,0.6063045502645503,-1,0.0132,0.0,2.105263157894737e-05,0.0,0.0,0.0,1,0.0500010000200004,stego,0.05,ahash4,16,spatial,mean,hamming_knn,mad,0.135,0.398
0.3775193894736842,0.431810214736842,0.049184140558224926,0.0,0.044,0.0,0.05,0.42173985185185187,0.44564914285714285,0.0,0.0,0.5782601481481482,-1,0.0,0.0696,0.12147368421052632,0.029273216689098252,0.0696,0.041212695405021316,5944,0.05279644089340839,stego,0.05,ahash4,16,spatial,mean,hamming_ball,mad,0.135,0.398
0.4459593978947369,0.47663281263157886,0.049805920208374634,0.0312,0.044,0.0312,0.05,0.4021263915343915,0.4267412063492063,0.0,0.0,0.5978736084656084,-1,0.0,0.1416,0.1870736842105263,0.03831168831168831,0.1416,0.06030664395229983,9240,0.05264965652600589,stego,0.05,ahash4,16,spatial,mean,block_collision,mad,0.135,0.04
0.5111737642105263,0.485978387368421,0.05119726735684237,0.0,0.054,0.0,0.05,0.4991790476190476,0.48631513227513223,0.0,0.0,0.5008209523809524,-1,0.0156,0.0,0.0022736842105263158,0.0,0.0,0.0,108,0.050108233784975545,stego,0.05,ahash4,16,spatial,mean,hash_spectral,mad,0.135,0.044
0.4978207705263158,0.529519642105263,0.051530729696612224,0.0068,0.0592,0.0068,0.05,0.40626518518518523,0.446285417989418,0.0016,0.0016,0.5937348148148147,-1,0.0016,0.0068,0.004926315789473684,0.06772908366533864,0.0068,0.012359142130134497,251,0.04991055096584856,stego,0.05,ahash4,16,spatial,mean,hash_stability,mad,0.135,0.025
0.3817465557894737,0.500480092631579,0.036554222734879446,0.0,0.0,0.0,0.05,0.3586399153439153,0.4952375026455027,0.0028,0.008,0.6413600846560847,-1,0.008,0.0,0.0005684210526315789,0.0,0.0,0.0,27,0.05002701458787746,stego,0.05,ahash16,256,spatial,mean,bit_llr,mad,0.194,0.102
0.40948776,0.349477772631579,0.05342504061205053,0.0,0.0,0.0,0.05,0.40067424338624336,0.5993257566137568,0.0,0.0,0.5993257566137566,-1,0.0,0.0,0.29547368421052633,0.0,0.0,0.0,14035,0.06951202558042541,stego,0.05,ahash16,256,spatial,mean,bit_em,mad,0.194,0.886
0.38780906947368426,0.5110882105263158,0.0383762116721575,0.0064,0.0364,0.0068,0.05,0.33017291005291005,0.5027787936507936,0.0028,0.0032,0.66982708994709,-1,0.0448,0.0,0.0,0.0,0.0,0.0,0,0.05,stego,0.05,ahash16,256,spatial,mean,hamming_knn,mad,0.194,0.456
0.5335644715789474,0.1935955452631579,0.06224970801746536,0.0,0.0,0.0,0.05,0.4038576931216932,0.4038576931216932,0.0032,0.0032,0.5961423068783068,-1,0.0032,0.0136,0.16193684210526316,0.004400724825265338,0.0136,0.006649716409153139,7726,0.05833372758669631,stego,0.05,ahash16,256,spatial,mean,hamming_ball,mad,0.194,0.444
0.29505829894736846,0.702645852631579,0.038713186814207115,0.0,0.0,0.038,0.05,0.37266971428571427,0.6048940529100528,0.0,0.034,0.6273302857142857,-1,0.034,0.5488,0.08214736842105264,0.2601441031475161,0.5488,0.3529714432724466,5274,0.02522022984393865,stego,0.05,ahash16,256,spatial,mean,block_collision,mad,0.194,0.689
0.5055018357894736,0.46276799157894744,0.04883498492425742,0.0032,0.0432,0.0032,0.05,0.47900021164021167,0.45188673015873015,0.0044,0.0044,0.5209997883597883,-1,0.0084,0.0,0.0006526315789473684,0.0,0.0,0.0,31,0.050031019231923796,stego,0.05,ahash16,256,spatial,mean,hash_spectral,mad,0.194,0.056
0.47648978947368426,0.5210481684210527,0.048766516895519044,0.0104,0.052,0.012,0.05,0.4645776931216931,0.5168397883597884,0.0036,0.0036,0.5354223068783068,-1,0.01,0.0008,0.0013473684210526316,0.030303030303030304,0.0008,0.001558846453624318,66,0.05002603436536228,stego,0.05,ahash16,256,spatial,mean,hash_stability,mad,0.194,0.033
0.38333869052631586,0.490157507368421,0.036589012586265277,0.0,0.0004,0.0,0.05,0.356688253968254,0.4826175661375661,0.0012,0.0056,0.643311746031746,-1,0.0056,0.0,0.0005263157894736842,0.0,0.0,0.0,25,0.05002501250625312,stego,0.05,ahash32,1024,spatial,mean,bit_llr,mad,0.356,0.245
0.34862248421052633,0.5098701726315789,0.048378156266030606,0.0,0.0,0.0,0.05,0.40103720634920637,0.5989627936507936,0.0,0.0,0.5989627936507936,-1,0.0,0.0,0.14926315789473685,0.0,0.0,0.0,7090,0.05826147751106968,stego,0.05,ahash32,1024,spatial,mean,bit_em,mad,0.356,4.07
0.3736957684210527,0.5096145094736843,0.03689817354348975,0.0028,0.0284,0.0032,0.05,0.30988143915343913,0.5056300529100529,0.0028,0.0032,0.6901185608465609,-1,0.0516,0.0,2.105263157894737e-05,0.0,0.0,0.0,1,0.0500010000200004,stego,0.05,ahash32,1024,spatial,mean,hamming_knn,mad,0.356,0.545
0.4755670778947368,0.2356865052631579,0.054860497263917354,0.0,0.0,0.0,0.05,0.39320673015873014,0.39320673015873014,0.0032,0.0032,0.6067932698412699,-1,0.0032,0.014,0.14265263157894736,0.0051387461459403904,0.014,0.007517989474814735,6811,0.05707471809951608,stego,0.05,ahash32,1024,spatial,mean,hamming_ball,mad,0.356,0.529
0.38105269894736843,0.4154004884210526,0.0419412945647804,0.0,0.0,0.0,0.05,0.3933053121693122,0.6066946878306877,0.0,0.0232,0.6066946878306878,-1,0.0232,0.0016,0.13178947368421054,0.0006385696040868455,0.0016,0.0009128251939753537,6264,0.057069690872507774,stego,0.05,ahash32,1024,spatial,mean,block_collision,mad,0.356,2.923
0.5040447115789474,0.4606287663157895,0.0484633563010486,0.0036,0.04,0.0036,0.05,0.47628262433862434,0.44590065608465607,0.0036,0.0036,0.5237173756613757,-1,0.01,0.0,0.00048421052631578945,0.0,0.0,0.0,23,0.05002301058486904,stego,0.05,ahash32,1024,spatial,mean,hash_spectral,mad,0.356,0.183
0.49353940210526315,0.5093999705263158,0.04976179486983244,0.0116,0.05,0.0092,0.05,0.48453206349206346,0.5057096296296296,0.002,0.0028,0.5154679365079365,-1,0.0072,0.0008,0.0017473684210526316,0.023529411764705882,0.0008,0.0015473887814313346,85,0.05004507663027146,stego,0.05,ahash32,1024,spatial,mean,hash_stability,mad,0.356,0.036
0.4252739747368421,0.49913763789473686,0.04019236904551174,0.0,0.0216,0.0,0.05,0.396970455026455,0.5039699047619047,0.0048,0.0124,0.603029544973545,-1,0.0124,0.0,0.0012210526315789474,0.0,0.0,0.0,58,0.050058067358135436,stego,0.05,mhash,64,spatial,median,bit_llr,mad,0.169,0.057
0.44574662736842097,0.4626094315789474,0.04718589983840561,0.0,0.0,0.0,0.05,0.4244538412698413,0.5408707724867725,0.0,0.0,0.5755461587301587,-1,0.0,0.0,0.3276842105263158,0.0,0.0,0.0,15565,0.0726005517641934,stego,0.05,mhash,64,spatial,median,bit_em,mad,0.169,0.291
0.43699429894736846,0.4973591157894737,0.04395162347733937,0.0088,0.048,0.0084,0.05,0.3893010793650794,0.48252812698412706,0.0024,0.0,0.6106989206349206,-1,0.0296,0.0,4.210526315789474e-05,0.0,0.0,0.0,2,0.0500020000800032,stego,0.05,mhash,64,spatial,median,hamming_knn,mad,0.169,0.437
0.5114585305263157,0.18347028631578952,0.05669097714651601,0.0,0.0,0.0,0.05,0.41345714285714286,0.41345714285714286,0.0024,0.0024,0.5865428571428571,-1,0.0024,0.016,0.1608,0.005209690023443605,0.016,0.007860090391039498,7678,0.05812579745758707,stego,0.05,mhash,64,spatial,median,hamming_ball,mad,0.169,0.436
0.42866827368421057,0.48655079999999995,0.04461730756710537,0.0,0.0564,0.0,0.05,0.39352118518518525,0.4686248465608466,0.0,0.0,0.6064788148148148,-1,0.0088,0.1176,0.10338947368421053,0.05648414985590778,0.1176,0.07631408176508761,5205,0.04924656769728764,stego,0.05,mhash,64,spatial,median,block_collision,mad,0.169,0.16
0.47135421052631576,0.47816686315789475,0.04506837783712926,0.0012,0.0408,0.0012,0.05,0.4503181798941799,0.4782088042328042,0.0056,0.0056,0.5496818201058201,-1,0.0064,0.0,0.0003578947368421053,0.0,0.0,0.0,17,0.05001700578196587,stego,0.05,mhash,64,spatial,median,hash_spectral,mad,0.169,0.046
0.3902762610526316,0.532366774736842,0.039168358196321924,0.0012,0.0172,0.0012,0.05,0.38819403174603173,0.5224698835978836,0.0036,0.004,0.6118059682539683,-1,0.0124,0.0,0.0021473684210526318,0.0,0.0,0.0,102,0.050102208505350916,stego,0.05,mhash,64,spatial,median,hash_stability,mad,0.169,0.027
0.36312400421052626,0.5434925894736843,0.03568109377621686,0.0,0.0008,0.0016,0.05,0.334930835978836,0.5523073439153439,0.0016,0.0284,0.665069164021164,-1,0.0284,0.0,0.001431578947368421,0.0,0.0,0.0,68,0.05006809260594408,stego,0.05,ahash_rgb,192,spatial,mean,bit_llr,mad,0.375,0.08
0.6684976589473685,0.5533198905263158,0.1615542669628672,0.0,0.404,0.0,0.05,0.4431326984126984,0.44745743915343916,0.0,0.0,0.5568673015873016,-1,0.0,0.43,0.39486315789473686,0.05420805809086783,0.43,0.09627871568671353,19831,0.047233915608737444,stego,0.05,ahash_rgb,192,spatial,mean,bit_em,mad,0.375,0.66
0.4134362063157895,0.49835241684210524,0.04080458067122373,0.0092,0.0392,0.0092,0.05,0.3672068148148148,0.48251441269841266,0.0016,0.0016,0.6327931851851851,-1,0.0188,0.0,0.0,0.0,0.0,0.0,0,0.05,stego,0.05,ahash_rgb,192,spatial,mean,hamming_knn,mad,0.375,0.45
0.5236962442105263,0.19893299368421052,0.06065927959517407,0.0,0.0,0.0,0.05,0.41879932275132264,0.41879932275132264,0.0028,0.0028,0.5812006772486773,-1,0.0028,0.0168,0.16513684210526317,0.005325893989348212,0.0168,0.008087810514153668,7886,0.05836538918174479,stego,0.05,ahash_rgb,192,spatial,mean,hamming_ball,mad,0.375,0.439
0.44949010947368423,0.46555473684210524,0.04887956625190961,0.0,0.0,0.0,0.05,0.36633879365079364,0.455349291005291,0.0,0.0,0.6336612063492064,-1,0.0272,0.0,0.04187368421052631,0.0,0.0,0.0,1989,0.05207140030409698,stego,0.05,ahash_rgb,192,spatial,mean,block_collision,mad,0.375,0.412
0.5120203494736841,0.49434372210526323,0.05179371496987429,0.0076,0.0564,0.0076,0.05,0.4870470687830688,0.4950651005291005,0.01,0.01,0.5129529312169312,-1,0.0112,0.0,0.0010736842105263159,0.0,0.0,0.0,51,0.050051052073114576,stego,0.05,ahash_rgb,192,spatial,mean,hash_spectral,mad,0.375,0.053
0.4048027284210527,0.4942043115789474,0.039063175516221856,0.0016,0.0144,0.0016,0.05,0.3659735026455026,0.50428491005291,0.0068,0.0068,0.6340264973544973,-1,0.0152,0.0,0.0007157894736842105,0.0,0.0,0.0,34,0.0500340231357323,stego,0.05,ahash_rgb,192,spatial,mean,hash_stability,mad,0.375,0.033
0.439710332631579,0.48626295157894733,0.042494721431607096,0.0096,0.0356,0.0112,0.05,0.40208778835978837,0.4740110052910053,0.0024,0.0076,0.5979122116402116,-1,0.016,0.0004,0.0,1.0,0.0004,0.0007996801279488205,1,0.0499809996199924,stego,0.05,dhash,64,spatial,pairwise,bit_llr,mad,0.146,0.058
0.5783203705263158,0.5718941557894737,0.06952739966309943,0.0,0.0,0.0,0.05,0.5012739470899471,0.48321502645502645,0.0,0.0,0.5012739470899471,1,0.0,0.0,0.07869473684210526,0.0,0.0,0.0,3738,0.05404003285633998,stego,0.05,dhash,64,spatial,pairwise,bit_em,mad,0.146,0.3
0.43755630736842105,0.4804568463157895,0.043515738025748055,0.0084,0.044,0.0084,0.05,0.39548071957671954,0.4536050370370371,0.002,0.002,0.6045192804232804,-1,0.0096,0.0112,0.01263157894736842,0.044585987261146494,0.0112,0.017902813299232736,628,0.05006886494369278,stego,0.05,dhash,64,spatial,pairwise,hamming_knn,mad,0.146,0.443
0.42983895157894736,0.5048201684210527,0.04491255024422285,0.0124,0.0472,0.0124,0.05,0.3979459047619048,0.4381560211640212,0.0028,0.0028,0.6020540952380953,-1,0.0028,0.0824,0.09345263157894737,0.04434876210979548,0.0824,0.05766270118964311,4645,0.05057876750082681,stego,0.05,dhash,64,spatial,pairwise,hamming_ball,mad,0.146,0.452
0.46785050947368423,0.560570172631579,0.053481832843330294,0.0156,0.0704,0.0156,0.05,0.4153767619047619,0.4317860740740741,0.0,0.0,0.5846232380952381,-1,0.0,0.1208,0.10703157894736842,0.05607129595246937,0.1208,0.07659142784681715,5386,0.04926704621867575,stego,0.05,dhash,64,spatial,pairwise,block_collision,mad,0.146,0.153
0.4828045768421053,0.4815583031578948,0.04686468875958109,0.0076,0.0388,0.0076,0.05,0.47232287830687836,0.4742736084656084,0.0036,0.0036,0.5276771216931216,-1,0.0112,0.0,0.0017894736842105263,0.0,0.0,0.0,85,0.050085144746068316,stego,0.05,dhash,64,spatial,pairwise,hash_spectral,mad,0.146,0.046
0.5175670021052632,0.5033219578947368,0.05281712559296374,0.0052,0.0372,0.0104,0.05,0.5645971216931216,0.4790146031746032,0.0108,0.0044,0.5645971216931216,1,0.0108,0.0004,0.0005052631578947368,0.04,0.0004,0.0007920792079207921,25,0.050005002501250624,stego,0.05,dhash,64,spatial,pairwise,hash_stability,mad,0.146,0.027
0.4380631578947368,0.48443516210526316,0.0415161861805498,0.0024,0.0252,0.0056,0.05,0.40303415873015874,0.47795674074074074,0.0016,0.0112,0.5969658412698413,-1,0.014,0.0,0.00023157894736842104,0.0,0.0,0.0,11,0.05001100242053252,stego,0.05,dhash_v,64,spatial,pairwise,bit_llr,mad,0.138,0.058
0.4339902989473684,0.5555405684210526,0.04352038973820439,0.0,0.0,0.0,0.05,0.5067652486772487,0.46283051851851853,0.0,0.0,0.5067652486772487,1,0.0,0.0,0.0692421052631579,0.0,0.0,0.0,3289,0.05352058401661279,stego,0.05,dhash_v,64,spatial,pairwise,bit_em,mad,0.138,0.298
0.38320506947368427,0.493394492631579,0.03750051195579893,0.0008,0.0148,0.0008,0.05,0.33091729100529105,0.4961412063492063,0.0012,0.0012,0.6690827089947089,-1,0.0336,0.0,0.0021473684210526318,0.0,0.0,0.0,102,0.050102208505350916,stego,0.05,dhash_v,64,spatial,pairwise,hamming_knn,mad,0.138,0.449
0.39978678315789473,0.42979466947368417,0.04075286219682336,0.0,0.0108,0.0,0.05,0.3380376719576719,0.43372114285714286,0.0004,0.0004,0.6619623280423281,-1,0.0004,0.042,0.09652631578947368,0.022388059701492536,0.042,0.02920723226703755,4690,0.0528580887221364,stego,0.05,dhash_v,64,spatial,pairwise,hamming_ball,mad,0.138,0.443
0.3945627242105263,0.45240041684210525,0.039892884966188015,0.0,0.0292,0.0,0.05,0.3470209100529101,0.442338962962963,0.0,0.0,0.65297908994709,-1,0.0,0.0908,0.15185263157894738,0.030510752688172042,0.0908,0.04567404426559356,7440,0.05340695488721805,stego,0.05,dhash_v,64,spatial,pairwise,block_collision,mad,0.138,0.157
0.4459842189473684,0.4649107157894736,0.041643510707605906,0.0,0.0068,0.0,0.05,0.43101265608465605,0.4575772698412698,0.004,0.004,0.5689873439153439,-1,0.0116,0.0,0.0005052631578947368,0.0,0.0,0.0,24,0.05002401152553226,stego,0.05,dhash_v,64,spatial,pairwise,hash_spectral,mad,0.138,0.046
0.5827250273684211,0.5206494357894738,0.06628643177293603,0.0096,0.0924,0.0076,0.05,0.6113005714285715,0.484016126984127,0.0096,0.0076,0.6113005714285715,1,0.0096,0.0016,0.0005052631578947368,0.14285714285714285,0.0016,0.0031645569620253164,28,0.04994797086368366,stego,0.05,dhash_v,64,spatial,pairwise,hash_stability,mad,0.138,0.027
0.5793304252631579,0.47821479999999994,0.06297376484754356,0.02,0.0764,0.0076,0.05,0.6076169312169312,0.47136347089947095,0.018,0.0092,0.6076169312169312,1,0.018,0.0,0.0008421052631578948,0.0,0.0,0.0,40,0.0500400320256205,stego,0.05,dhash16,256,spatial,pairwise,bit_llr,mad,0.198,0.094
0.5676056421052631,0.5649364757894737,0.11557893663753568,0.0,0.3096,0.0,0.05,0.4470626455026455,0.42752808465608466,0.0,0.0,0.5529373544973545,-1,0.0,0.4096,0.2713052631578947,0.07361081158795198,0.4096,0.12479434525623058,13911,0.04089888885810081,stego,0.05,dhash16,256,spatial,pairwise,bit_em,mad,0.198,0.906
0.42022924210526313,0.4171899578947369,0.039521032805426,0.0036,0.0164,0.0036,0.05,0.3576709417989418,0.37418713227513223,0.0012,0.0012,0.6423290582010581,-1,0.0064,0.01,0.030757894736842106,0.016823687752355317,0.01,0.012543903662819869,1486,0.051016201508842805,stego,0.05,dhash16,256,spatial,pairwise,hamming_knn,mad,0.198,0.469
0.41224276631578943,0.4433748,0.047113843743448715,0.0088,0.0396,0.0088,0.05,0.3492657354497355,0.37419161904761905,0.0012,0.0012,0.6507342645502645,-1,0.0012,0.0948,0.14065263157894736,0.034258456201214225,0.0948,0.05032915693353154,6918,0.05252773780233044,stego,0.05,dhash16,256,spatial,pairwise,hamming_ball,mad,0.198,0.46
0.4098541052631579,0.4485382778947369,0.04210957722083761,0.0,0.0468,0.0,0.05,0.30264626455026455,0.3321077671957672,0.0,0.0,0.6973537354497354,-1,0.0108,0.1036,0.1791157894736842,0.029542602942853883,0.1036,0.04597497115469956,8767,0.054349671379720126,stego,0.05,dhash16,256,spatial,pairwise,block_collision,mad,0.198,0.714
0.45014851789473687,0.45220370105263163,0.041854304839931515,0.0044,0.0168,0.0044,0.05,0.41994598941798944,0.43100203174603174,0.0012,0.0012,0.5800540105820106,-1,0.0112,0.0044,0.010968421052631579,0.020676691729323307,0.0044,0.007255936675461741,532,0.05031535538125657,stego,0.05,dhash16,256,spatial,pairwise,hash_spectral,mad,0.198,0.055
0.6103063873684211,0.4484136378947369,0.06471165826790512,0.006,0.0468,0.0008,0.05,0.6762818624338625,0.451191873015873,0.026,0.0008,0.6762818624338625,1,0.026,0.0004,0.003136842105263158,0.006666666666666667,0.0004,0.0007547169811320754,150,0.05013039117352056,stego,0.05,dhash16,256,spatial,pairwise,hash_stability,mad,0.198,0.03
0.43765722947368413,0.49821478315789475,0.04211671094976965,0.0056,0.036,0.0036,0.05,0.3926116402116402,0.4930473650793651,0.0008,0.0036,0.6073883597883598,-1,0.0112,0.0,0.00029473684210526316,0.0,0.0,0.0,14,0.05001400392109791,stego,0.05,blockhash,256,spatial,median,bit_llr,mad,0.372,0.092
0.6056463494736842,0.4151041389473685,0.07601575690388974,0.0,0.0,0.0,0.05,0.49967856084656076,0.49943280423280423,0.0,0.0,0.5003214391534392,-1,0.0,0.0,0.28997894736842106,0.0,0.0,0.0,13774,0.06901120742008503,stego,0.05,blockhash,256,spatial,median,bit_em,mad,0.372,0.915
0.41233996210526314,0.5140740378947368,0.04147516697527156,0.0104,0.0408,0.0104,0.05,0.3748811005291005,0.5187549206349206,0.0056,0.0056,0.6251188994708995,-1,0.0292,0.002,0.0014736842105263158,0.06666666666666667,0.002,0.003883495145631068,75,0.0499749624436655,stego,0.05,blockhash,256,spatial,median,hamming_knn,mad,0.372,0.474
0.40667540210526315,0.4628176378947368,0.04188357442770567,0.0,0.0156,0.0,0.05,0.38349684656084654,0.4686123597883598,0.004,0.004,0.6165031534391534,-1,0.004,0.0588,0.13170526315789474,0.022957988442917382,0.0588,0.03302257665955296,6403,0.05397160355070303,stego,0.05,blockhash,256,spatial,median,hamming_ball,mad,0.372,0.497
0.4665324463157895,0.43273119157894735,0.046602719296270745,0.0,0.0,0.0,0.05,0.42147492063492065,0.4935459894179894,0.0,0.0304,0.5785250793650794,-1,0.0304,0.0,0.017178947368421054,0.0,0.0,0.0,816,0.0508295380611581,stego,0.05,blockhash,256,spatial,median,block_collision,mad,0.372,0.716
0.4897768547368421,0.4864678105263158,0.05162586908923346,0.018,0.0684,0.018,0.05,0.47408702645502643,0.47586827513227514,0.006,0.006,0.5259129735449736,-1,0.0104,0.0052,0.0014526315789473684,0.15853658536585366,0.0052,0.010069713400464756,82,0.04982170760046476,stego,0.05,blockhash,256,spatial,median,hash_spectral,mad,0.372,0.056
0.56554792,0.4991397684210527,0.06176489970133873,0.0112,0.0588,0.0068,0.05,0.5924717883597884,0.4944478306878307,0.0188,0.0104,0.5924717883597884,1,0.0188,0.0008,0.001957894736842105,0.021052631578947368,0.0008,0.0015414258188824663,95,0.05005510469892796,stego,0.05,blockhash,256,spatial,median,hash_stability,mad,0.372,0.03
0.4253601305263158,0.4770720294736842,0.040344211631256705,0.006,0.0272,0.0048,0.05,0.3802552380952381,0.46245367195767195,0.002,0.0064,0.6197447619047619,-1,0.0108,0.0,0.00023157894736842104,0.0,0.0,0.0,11,0.05001100242053252,stego,0.05,phash,64,frequency,median,bit_llr,mad,0.544,0.058
0.43610959578947367,0.3874789178947369,0.040104291545653176,0.0,0.0,0.0,0.05,0.40935585185185186,0.4111654603174603,0.0008,0.0008,0.5906441481481481,-1,0.0084,0.0,0.039473684210526314,0.0,0.0,0.0,1875,0.05194805194805195,stego,0.05,phash,64,frequency,median,bit_em,mad,0.544,0.3
0.3667573010526316,0.49649862736842104,0.0377593281328883,0.0008,0.012,0.0008,0.05,0.3132222645502646,0.4896819470899471,0.0008,0.0008,0.6867777354497354,-1,0.0272,0.0008,0.008463157894736843,0.0049504950495049506,0.0008,0.0013774104683195593,404,0.050366965077828854,stego,0.05,phash,64,frequency,median,hamming_knn,mad,0.544,0.436
0.3824087621052632,0.44479213473684204,0.038436928414095406,0.0004,0.0072,0.0004,0.05,0.3128402116402117,0.4460605714285714,0.0004,0.0004,0.6871597883597883,-1,0.022,0.004,0.022905263157894738,0.009107468123861567,0.004,0.005558643690939411,1098,0.050918162856324896,stego,0.05,phash,64,frequency,median,hamming_ball,mad,0.544,0.429
0.4564097136842105,0.47403891789473684,0.0429913821587366,0.0028,0.024,0.0028,0.05,0.4386780105820106,0.462930708994709,0.0036,0.0036,0.5613219894179894,-1,0.0124,0.0008,0.0033473684210526314,0.012422360248447204,0.0008,0.001503194287861706,161,0.050121390878629185,stego,0.05,phash,64,frequency,median,hash_spectral,mad,0.544,0.047
0.6004670694736843,0.5404278526315789,0.0727442749872964,0.0172,0.116,0.02,0.05,0.5762628148148148,0.5139684656084655,0.008,0.008,0.5762628148148148,1,0.008,0.02,0.00863157894736842,0.10869565217391304,0.02,0.033783783783783786,460,0.049454985870004034,stego,0.05,phash,64,frequency,median,hash_stability,mad,0.544,0.026
0.42536015157894735,0.4770719957894737,0.04034421426919941,0.006,0.0272,0.0048,0.05,0.3802552380952381,0.46245367195767195,0.002,0.0064,0.6197447619047619,-1,0.0108,0.0,0.00023157894736842104,0.0,0.0,0.0,11,0.05001100242053252,stego,0.05,phash_nodc,63,frequency,median,bit_llr,mad,0.565,0.059
0.4355607115789474,0.38753308210526316,0.04006436106333995,0.0,0.0,0.0,0.05,0.4093674497354498,0.41135746031746023,0.0008,0.0008,0.5906325502645502,-1,0.0084,0.0,0.039473684210526314,0.0,0.0,0.0,1875,0.05194805194805195,stego,0.05,phash_nodc,63,frequency,median,bit_em,mad,0.565,0.297
0.3667573010526316,0.49649862736842104,0.0377593281328883,0.0008,0.012,0.0008,0.05,0.3132222645502646,0.4896819470899471,0.0008,0.0008,0.6867777354497354,-1,0.0272,0.0008,0.008463157894736843,0.0049504950495049506,0.0008,0.0013774104683195593,404,0.050366965077828854,stego,0.05,phash_nodc,63,frequency,median,hamming_knn,mad,0.565,0.432
0.3824087621052632,0.44479213473684204,0.038436928414095406,0.0004,0.0072,0.0004,0.05,0.3128402116402117,0.4460605714285714,0.0004,0.0004,0.6871597883597883,-1,0.022,0.004,0.022905263157894738,0.009107468123861567,0.004,0.005558643690939411,1098,0.050918162856324896,stego,0.05,phash_nodc,63,frequency,median,hamming_ball,mad,0.565,0.431
0.4645764968421052,0.47506757052631576,0.044490682148402065,0.0064,0.0336,0.0064,0.05,0.4373595767195767,0.4661954285714286,0.0044,0.0044,0.5626404232804233,-1,0.0104,0.0008,0.001831578947368421,0.02247191011235955,0.0008,0.001544998068752414,89,0.05004908737552844,stego,0.05,phash_nodc,63,frequency,median,hash_spectral,mad,0.565,0.047
0.6004670694736843,0.5404278526315789,0.0727442749872964,0.0172,0.116,0.02,0.05,0.5762628148148148,0.5139684656084655,0.008,0.008,0.5762628148148148,1,0.008,0.02,0.00863157894736842,0.10869565217391304,0.02,0.033783783783783786,460,0.049454985870004034,stego,0.05,phash_nodc,63,frequency,median,hash_stability,mad,0.565,0.026
0.4193957347368421,0.4753644421052632,0.03972284345055449,0.0056,0.0248,0.0036,0.05,0.37273629629629634,0.46599365079365074,0.0044,0.0112,0.6272637037037037,-1,0.0156,0.0,0.0002736842105263158,0.0,0.0,0.0,13,0.05001300338087903,stego,0.05,phash_mean,64,frequency,mean,bit_llr,mad,0.513,0.059
0.36567190736842103,0.5711776210526316,0.036636314132621375,0.0,0.0,0.0,0.05,0.4194184973544973,0.5605274920634921,0.0064,0.01,0.5805815026455027,-1,0.01,0.0,0.0,0.0,0.0,0.0,0,0.05,stego,0.05,phash_mean,64,frequency,mean,bit_em,mad,0.513,0.301
0.3757285684210526,0.4836038568421053,0.037304121848552606,0.0,0.0072,0.0,0.05,0.32433155555555554,0.48956609523809524,0.0012,0.0012,0.6756684444444445,-1,0.0204,0.0,0.007515789473684211,0.0,0.0,0.0,357,0.05035956731059767,stego,0.05,phash_mean,64,frequency,mean,hamming_knn,mad,0.513,0.443
0.3801772463157895,0.44581896421052636,0.03856362979605854,0.0,0.0068,0.0,0.05,0.33716232804232804,0.45355445502645503,0.0024,0.0024,0.662837671957672,-1,0.0024,0.0096,0.05218947368421053,0.009588493807431082,0.0096,0.009594243453927643,2503,0.052129608185780156,stego,0.05,phash_mean,64,frequency,mean,hamming_ball,mad,0.513,0.44
0.5354753052631579,0.5180423789473685,0.05731734690105506,0.016,0.0696,0.016,0.05,0.540296126984127,0.5290746243386244,0.01,0.01,0.540296126984127,1,0.01,0.002,0.0013894736842105264,0.07042253521126761,0.002,0.0038895371450797353,71,0.049970958761441246,stego,0.05,phash_mean,64,frequency,mean,hash_spectral,mad,0.513,0.045
0.45857816842105265,0.5061815410526316,0.04591048822741431,0.0036,0.04,0.004,0.05,0.42937756613756617,0.4851166560846561,0.0032,0.0036,0.5706224338624338,-1,0.004,0.0024,0.0023578947368421053,0.05084745762711865,0.0024,0.004583651642475172,118,0.04999799526883445,stego,0.05,phash_mean,64,frequency,mean,hash_stability,mad,0.513,0.028
0.515398332631579,0.4819237094736842,0.055342152599431996,0.0172,0.0596,0.0124,0.05,0.5173033650793651,0.47378048677248685,0.0156,0.0124,0.5173033650793651,1,0.0156,0.0,0.00029473684210526316,0.0,0.0,0.0,14,0.05001400392109791,stego,0.05,phash16,256,frequency,median,bit_llr,mad,0.623,0.092
0.44583650105263156,0.4328825178947368,0.04136756586361966,0.0,0.0,0.0,0.05,0.39767572486772484,0.38891339682539683,0.0004,0.0004,0.6023242751322752,-1,0.006,0.0,0.12812631578947367,0.0,0.0,0.0,6086,0.05692945302181537,stego,0.05,phash16,256,frequency,median,bit_em,mad,0.623,0.904
0.3711002568421053,0.45715012631578944,0.037068139056220584,0.0008,0.0116,0.0008,0.05,0.2954970158730159,0.4632498201058201,0.0008,0.0008,0.7045029841269841,-1,0.0248,0.0008,0.010189473684210526,0.00411522633744856,0.0008,0.0013395847287340924,486,0.05045037767096175,stego,0.05,phash16,256,frequency,median,hamming_knn,mad,0.623,0.466
0.38220468631578947,0.460356892631579,0.03884205528085206,0.0016,0.0128,0.0016,0.05,0.3042660317460317,0.4434137142857143,0.0008,0.0008,0.6957339682539683,-1,0.0136,0.0028,0.012778947368421053,0.011400651465798045,0.0028,0.00449582530507386,614,0.050479893087109706,stego,0.05,phash16,256,frequency,median,hamming_ball,mad,0.623,0.463
0.44648704000000006,0.4524543494736843,0.04171966060654709,0.0032,0.0236,0.0032,0.05,0.41085938624338625,0.4366183703703704,0.0008,0.0008,0.5891406137566138,-1,0.0152,0.0024,0.007747368421052631,0.016042780748663103,0.0024,0.0041753653444676405,374,0.05025591423850401,stego,0.05,phash16,256,frequency,median,hash_spectral,mad,0.623,0.056
0.6265526442105264,0.4902229684210526,0.07266199008589214,0.0132,0.0712,0.0064,0.05,0.6841484021164022,0.5099771005291005,0.0388,0.0064,0.6841484021164022,1,0.0388,0.0008,0.0014736842105263158,0.027777777777777776,0.0008,0.0015552099533437014,72,0.05003204614645089,stego,0.05,phash16,256,frequency,median,hash_stability,mad,0.623,0.029
0.5826669263157895,0.51402504,0.07529830549960717,0.0308,0.102,0.0176,0.05,0.6150330582010581,0.5124303915343915,0.0408,0.0156,0.6150330582010581,1,0.0408,0.0004,0.0001263157894736842,0.14285714285714285,0.0004,0.0007977662544874351,7,0.04998699817974516,stego,0.05,pdq,256,frequency,median,bit_llr,mad,2.245,0.093
0.5037394947368421,0.472153027368421,0.05148873950102534,0.0,0.0224,0.0,0.05,0.4122714074074074,0.4027331216931217,0.0008,0.0008,0.5877285925925926,-1,0.01,0.2216,0.1675578947368421,0.0650769411488312,0.2216,0.10060837192408971,8513,0.04690625979222407,stego,0.05,pdq,256,frequency,median,bit_em,mad,2.245,0.906
0.3890110989473684,0.4621294273684211,0.03852753652695651,0.0012,0.0164,0.0012,0.05,0.3217293121693122,0.45339453968253973,0.0004,0.0004,0.6782706878306878,-1,0.0192,0.0008,0.008421052631578947,0.004975124378109453,0.0008,0.0013783597518952446,402,0.05036493406992217,stego,0.05,pdq,256,frequency,median,hamming_knn,mad,2.245,0.466
0.34492399999999995,0.5216913557894737,0.03717640648357634,0.0036,0.0196,0.0036,0.05,0.3295707513227513,0.4752620105820106,0.0024,0.0024,0.6704292486772487,-1,0.0244,0.0044,0.013157894736842105,0.01729559748427673,0.0044,0.00701530612244898,636,0.050421359695324526,stego,0.05,pdq,256,frequency,median,hamming_ball,mad,2.245,0.46
0.5125881768421052,0.5047335873684211,0.05247381357761903,0.0108,0.0592,0.0108,0.05,0.517213544973545,0.5046151957671958,0.0108,0.0108,0.517213544973545,1,0.0108,0.0024,0.002968421052631579,0.04081632653061224,0.0024,0.004533434076312807,147,0.05002707961406535,stego,0.05,pdq,256,frequency,median,hash_spectral,mad,2.245,0.056
0.6112283536842106,0.47441397052631584,0.06792343741972257,0.0084,0.0608,0.0032,0.05,0.691544253968254,0.4857402328042329,0.0292,0.0056,0.691544253968254,1,0.0292,0.0012,0.0016210526315789473,0.0375,0.0012,0.002325581395348837,80,0.050020032051282054,stego,0.05,pdq,256,frequency,median,hash_stability,mad,2.245,0.028
0.42543357894736844,0.4991358105263158,0.040207297442018126,0.0,0.0216,0.0,0.05,0.3970273439153439,0.5039408677248678,0.0048,0.012,0.6029726560846561,-1,0.012,0.0,0.0012210526315789474,0.0,0.0,0.0,58,0.050058067358135436,stego,0.05,whash_haar,64,wavelet,median,bit_llr,mad,0.62,0.057
0.4499224842105263,0.4660393936842105,0.04742339261291087,0.0,0.0,0.0,0.05,0.4244098624338625,0.5404445714285714,0.0,0.0,0.5755901375661375,-1,0.0,0.0,0.3276842105263158,0.0,0.0,0.0,15565,0.0726005517641934,stego,0.05,whash_haar,64,wavelet,median,bit_em,mad,0.62,0.293
0.43701013473684214,0.49740687157894736,0.04392893813984168,0.0088,0.048,0.0084,0.05,0.38919310052910056,0.48264685714285716,0.0024,0.0,0.6108068994708995,-1,0.0296,0.0,4.210526315789474e-05,0.0,0.0,0.0,2,0.0500020000800032,stego,0.05,whash_haar,64,wavelet,median,hamming_knn,mad,0.62,0.438
0.5114602652631579,0.18344634526315792,0.0566934075946868,0.0,0.0,0.0,0.05,0.4135655026455026,0.4135655026455026,0.0024,0.0024,0.5864344973544974,-1,0.0024,0.016,0.1608,0.005209690023443605,0.016,0.007860090391039498,7678,0.05812579745758707,stego,0.05,whash_haar,64,wavelet,median,hamming_ball,mad,0.62,0.433
0.427181427368421,0.48174033684210527,0.043979719089690505,0.0,0.04,0.0,0.05,0.39353066666666675,0.4694199365079365,0.0,0.0,0.6064693333333333,-1,0.0088,0.1176,0.10338947368421053,0.05648414985590778,0.1176,0.07631408176508761,5205,0.04924656769728764,stego,0.05,whash_haar,64,wavelet,median,block_collision,mad,0.62,0.16
0.4711025642105262,0.47836212631578945,0.04504637358561251,0.0012,0.0404,0.0012,0.05,0.45022480423280425,0.47821743915343917,0.0056,0.0056,0.5497751957671957,-1,0.0064,0.0,0.0003578947368421053,0.0,0.0,0.0,17,0.05001700578196587,stego,0.05,whash_haar,64,wavelet,median,hash_spectral,mad,0.62,0.046
0.3902859368421053,0.532375132631579,0.03916965161605698,0.0012,0.0172,0.0012,0.05,0.3881267724867724,0.5223771428571429,0.0036,0.004,0.6118732275132276,-1,0.0124,0.0,0.0021473684210526318,0.0,0.0,0.0,102,0.050102208505350916,stego,0.05,whash_haar,64,wavelet,median,hash_stability,mad,0.62,0.027
0.4456580252631579,0.47705802947368425,0.04173247538206976,0.0,0.0016,0.0,0.05,0.40961917460317465,0.48127077248677247,0.0036,0.0104,0.5903808253968253,-1,0.0104,0.0,0.004210526315789474,0.0,0.0,0.0,200,0.050200803212851405,stego,0.05,whash_db4,169,wavelet,median,bit_llr,mad,1.576,0.078
0.3731431242105263,0.731728227368421,0.06129112394452274,0.0,0.0,0.0,0.05,0.4456720423280423,0.5517731216931219,0.0,0.0,0.5543279576719577,-1,0.0,0.5624,0.3897263157894737,0.07058941660809319,0.5624,0.12543491836916762,19918,0.036367262814972406,stego,0.05,whash_db4,169,wavelet,median,bit_em,mad,1.576,0.612
0.4471464210526316,0.47465380210526315,0.042740724118347846,0.0,0.0188,0.0,0.05,0.40756110052910055,0.4625989417989418,0.0024,0.0024,0.5924388994708994,-1,0.0136,0.0,0.0,0.0,0.0,0.0,0,0.05,stego,0.05,whash_db4,169,wavelet,median,hamming_knn,mad,1.576,0.451
0.47195091789473687,0.32535177684210526,0.049368260189891836,0.0,0.0,0.0,0.05,0.4362202328042328,0.4362202328042328,0.0044,0.0044,0.5637797671957672,-1,0.0044,0.0228,0.10736842105263159,0.011052937754508435,0.0228,0.01488833746898263,5157,0.05447895992685592,stego,0.05,whash_db4,169,wavelet,median,hamming_ball,mad,1.576,0.444
0.4715647536842105,0.4860263242105263,0.044943901667696615,0.0,0.0332,0.0,0.05,0.46710395767195767,0.4935519153439153,0.01,0.01,0.5328960423280423,-1,0.0112,0.0,0.0019789473684210528,0.0,0.0,0.0,94,0.05009417705285937,stego,0.05,whash_db4,169,wavelet,median,hash_spectral,mad,1.576,0.053
0.4602904589473684,0.5191527494736842,0.046495780005531534,0.0084,0.0384,0.0124,0.05,0.438304,0.538552634920635,0.0084,0.0124,0.561696,-1,0.0156,0.0028,0.0023789473684210525,0.058333333333333334,0.0028,0.0053435114503816794,120,0.04997995188452285,stego,0.05,whash_db4,169,wavelet,median,hash_stability,mad,1.576,0.03
0.4399996336842105,0.45690454315789475,0.041100363432186225,0.0024,0.02,0.002,0.05,0.3980091851851852,0.43518315343915337,0.0012,0.0016,0.6019908148148148,-1,0.006,0.0,0.00044210526315789476,0.0,0.0,0.0,21,0.050021008823705956,stego,0.05,mh,64,frequency,mean,bit_llr,mad,0.955,0.057
0.5597450063157895,0.5455885136842106,0.06263208825624468,0.0,0.0,0.0,0.05,0.5129209312169312,0.4768976507936508,0.0064,0.0064,0.5129209312169312,1,0.0064,0.0,0.026884210526315788,0.0,0.0,0.0,1277,0.05131046938817396,stego,0.05,mh,64,frequency,mean,bit_em,mad,0.955,0.298
0.3767891115789474,0.46857920421052635,0.037158820034936306,0.0,0.0056,0.0,0.05,0.30331555555555556,0.46570641269841273,0.0012,0.0012,0.6966844444444444,-1,0.0352,0.0,0.00888421052631579,0.0,0.0,0.0,422,0.05042559199645004,stego,0.05,mh,64,frequency,mean,hamming_knn,mad,0.955,0.444
0.3883739494736842,0.45809109052631575,0.039585576271975495,0.0,0.0128,0.0,0.05,0.30666116402116406,0.4136226878306879,0.0,0.0,0.6933388359788359,-1,0.0,0.012,0.04372631578947368,0.014238253440911248,0.012,0.01302365964836119,2107,0.05157329881193494,stego,0.05,mh,64,frequency,mean,hamming_ball,mad,0.955,0.44
0.37189162526315794,0.600517507368421,0.045879657814657776,0.0156,0.044,0.0156,0.05,0.33600579894179894,0.4267667301587302,0.0028,0.0028,0.6639942010582011,-1,0.0028,0.0632,0.06507368421052631,0.04863034779932287,0.0632,0.05496608105757523,3249,0.050095185129729845,stego,0.05,mh,64,frequency,mean,block_collision,mad,0.955,0.153
0.4500981094736842,0.47422179789473684,0.04242687029653607,0.0024,0.0196,0.0024,0.05,0.43491225396825395,0.46460740740740736,0.0052,0.0052,0.565087746031746,-1,0.0128,0.0004,0.003431578947368421,0.006097560975609756,0.0004,0.0007507507507507507,164,0.05014447387430773,stego,0.05,mh,64,frequency,mean,hash_spectral,mad,0.955,0.046
0.4803415536842105,0.48829020210526314,0.046905394198526185,0.0064,0.0268,0.0064,0.05,0.4637839576719577,0.4540198518518519,0.0048,0.0048,0.5362160423280423,-1,0.0048,0.0048,0.006252631578947368,0.038834951456310676,0.0048,0.008543965824136704,309,0.050069429071662876,stego,0.05,mh,64,frequency,mean,hash_stability,mad,0.955,0.027
0.41176010947368424,0.44125402947368414,0.03877902758600808,0.0,0.0,0.0,0.05,0.30835343915343916,0.4573394285714285,0.0016,0.002,0.6916465608465608,-1,0.032,0.0,0.0364,0.0,0.0,0.0,1729,0.051790930372273204,stego,0.05,colorhash,42,colour,quantisation,bit_llr,mad,2.509,0.05
0.43735022736842105,0.5035622231578947,0.04358577890425234,0.0,0.0,0.0,0.05,0.32152237037037035,0.32257921693121694,0.0,0.0,0.6784776296296297,-1,0.0124,0.2564,0.41170526315789474,0.03173738674060504,0.2564,0.05648323566991232,20197,0.06237627084521692,stego,0.05,colorhash,42,colour,quantisation,bit_em,mad,2.509,0.24
0.38315803368421053,0.4592391831578947,0.03844699525722184,0.0,0.0,0.0032,0.05,0.30090658201058207,0.5166742857142856,0.0,0.028,0.6990934179894179,-1,0.028,0.0024,0.007768421052631579,0.016,0.0024,0.0041739130434782605,375,0.05025692695214106,stego,0.05,colorhash,42,colour,quantisation,hamming_knn,mad,2.509,0.319
0.32000792842105263,0.4629368168421052,0.03953905868968948,0.0,0.0,0.0,0.05,0.3001773544973545,0.3491656719576719,0.0,0.0,0.6998226455026455,-1,0.0,0.1216,0.26867368421052634,0.02326649318842798,0.1216,0.039059488629063346,13066,0.059457410516055666,stego,0.05,colorhash,42,colour,quantisation,hamming_ball,mad,2.509,0.317
0.44301242947368424,0.46140765894736835,0.04177104328780608,0.0,0.0,0.0,0.05,0.45629883597883597,0.4322089312169312,0.0068,0.0092,0.543701164021164,-1,0.0092,0.0,0.006736842105263158,0.0,0.0,0.0,320,0.05032206119162641,stego,0.05,colorhash,42,colour,quantisation,hash_spectral,mad,2.509,0.041
0.6713749178947369,0.5852221642105264,0.09560034836797758,0.0216,0.0692,0.0216,0.05,0.6657778624338625,0.6062880846560847,0.0216,0.0216,0.6657778624338625,1,0.0216,0.0092,0.0009052631578947368,0.3484848484848485,0.0092,0.017926734216679657,66,0.04960547923258701,stego,0.05,colorhash,42,colour,quantisation,hash_stability,mad,2.509,0.025
0.5775250357894737,0.499816092631579,0.0638806668088173,0.0168,0.0796,0.0072,0.05,0.6139513227513227,0.5045044656084656,0.0224,0.0088,0.6139513227513227,1,0.0224,0.0,0.0002736842105263158,0.0,0.0,0.0,13,0.05001300338087903,stego,0.05,rhash8,64,residual,zero,bit_llr,mad,0.507,0.057
0.46438774736842103,0.46603816000000003,0.044802525567085194,0.0,0.0,0.0,0.05,0.4290143492063492,0.4282275555555556,0.0016,0.0016,0.5709856507936508,-1,0.0044,0.0,0.059957894736842106,0.0,0.0,0.0,2848,0.053020020359687815,stego,0.05,rhash8,64,residual,zero,bit_em,mad,0.507,0.295
0.46843432842105265,0.474042332631579,0.0462220372777755,0.0044,0.0268,0.0044,0.05,0.4334363174603174,0.448693417989418,0.0016,0.0016,0.5665636825396826,-1,0.0096,0.0016,0.0053894736842105264,0.015384615384615385,0.0016,0.002898550724637681,260,0.05018094089264174,stego,0.05,rhash8,64,residual,zero,hamming_knn,mad,0.507,0.448
0.46596767578947373,0.49234820210526314,0.04743329931011705,0.0072,0.0424,0.0072,0.05,0.4372618835978835,0.4499379470899471,0.0024,0.0024,0.5627381164021166,-1,0.0024,0.0152,0.018631578947368423,0.041170097508125676,0.0152,0.022202746129126497,923,0.05016606557043014,stego,0.05,rhash8,64,residual,zero,hamming_ball,mad,0.507,0.442
0.5688309178947368,0.4291933431578947,0.057973643262617655,0.01,0.0544,0.01,0.05,0.42317578835978836,0.44615944973544974,0.002,0.002,0.5768242116402116,-1,0.002,0.018,0.018610526315789473,0.04843918191603875,0.018,0.026246719160104987,929,0.050029549020806585,stego,0.05,rhash8,64,residual,zero,block_collision,mad,0.507,0.152
0.4726654694736842,0.4695959789473685,0.04502663879266761,0.0048,0.034,0.0048,0.05,0.4517495873015873,0.46164960846560843,0.0024,0.0024,0.5482504126984127,-1,0.0136,0.0036,0.008336842105263158,0.022222222222222223,0.0036,0.006196213425129088,405,0.05022683738280068,stego,0.05,rhash8,64,residual,zero,hash_spectral,mad,0.507,0.046
0.6274510694736842,0.436468374736842,0.06880598526918187,0.0052,0.0428,0.0008,0.05,0.6791037037037038,0.4912011428571429,0.018,0.0052,0.6791037037037038,1,0.018,0.0004,0.0014736842105263158,0.014084507042253521,0.0004,0.0007779074290159471,71,0.05005107252298264,stego,0.05,rhash8,64,residual,zero,hash_stability,mad,0.507,0.027
0.7703162610526317,0.6331118652631579,0.1854500439804883,0.1096,0.2752,0.066,0.05,0.8619967830687831,0.6846300105820107,0.3296,0.1444,0.8619967830687831,1,0.3296,0.018,0.0015578947368421053,0.37815126050420167,0.018,0.03436426116838488,119,0.049217136785549606,stego,0.05,rhash16,256,residual,zero,bit_llr,mad,0.587,0.093
0.9172909305263157,0.8938412294736843,0.44448777689408697,0.0,0.7412,0.0,0.05,0.9373970793650794,0.9008829629629629,0.5244,0.5244,0.9373970793650794,1,0.5244,0.8664,0.12551578947368422,0.26648622047244097,0.8664,0.4076025592773805,8128,0.007976690867405427,stego,0.05,rhash16,256,residual,zero,bit_em,mad,0.587,0.918
0.49719552421052626,0.4648391831578947,0.048110795546675515,0.004,0.0376,0.004,0.05,0.4934404656084656,0.4492044867724868,0.0108,0.0108,0.5065595343915343,-1,0.0108,0.0056,0.013178947368421052,0.021875,0.0056,0.008917197452229299,640,0.050364667747163694,stego,0.05,rhash16,256,residual,zero,hamming_knn,mad,0.587,0.47
0.5231837936842105,0.4886748210526316,0.05634501286557246,0.0156,0.068,0.0156,0.05,0.4975252486772487,0.48159149206349205,0.0168,0.0168,0.5024747513227513,-1,0.0168,0.0524,0.03802105263157895,0.06763035622096025,0.0524,0.059048906919089476,1937,0.04928947423173751,stego,0.05,rhash16,256,residual,zero,hamming_ball,mad,0.587,0.462
0.4283547747368421,0.48143758315789476,0.047437103383401395,0.0156,0.0448,0.0156,0.05,0.3416170158730159,0.38974802116402113,0.0044,0.0044,0.6583829841269841,-1,0.0044,0.0776,0.08355789473684211,0.04660100888782128,0.0776,0.05823202761518835,4163,0.050308702576521154,stego,0.05,rhash16,256,residual,zero,block_collision,mad,0.587,0.707
0.3972679452631579,0.43462699789473686,0.037680000675733336,0.0056,0.0152,0.0056,0.05,0.33836969312169307,0.4102,0.0056,0.0056,0.6616303068783069,-1,0.0232,0.0072,0.01743157894736842,0.02127659574468085,0.0072,0.010759115361625823,846,0.0504943646498759,stego,0.05,rhash16,256,residual,zero,hash_spectral,mad,0.587,0.055
0.6392150989473684,0.46439070315789477,0.07125160587696652,0.0112,0.0692,0.006,0.05,0.6950940952380953,0.44447559788359786,0.0116,0.0048,0.6950940952380953,1,0.0116,0.004,0.005452631578947369,0.03717472118959108,0.004,0.007222824124232575,269,0.05006937322796646,stego,0.05,rhash16,256,residual,zero,hash_stability,mad,0.587,0.03
0.9259967705263157,0.8526529642105263,0.3898451899561707,0.2068,0.5376,0.1352,0.05,0.9932359788359788,0.9482168888888888,0.902,0.6776,0.9932359788359788,1,0.902,0.0376,0.0022736842105263158,0.46534653465346537,0.0376,0.0695780903034789,202,0.048315193381260294,stego,0.05,rhash32,1024,residual,zero,bit_llr,mad,0.465,0.238
0.7075171621052632,0.6478564589473684,0.12580976823145731,0.0,0.0,0.0,0.05,0.9998062222222223,0.9995361693121694,0.9972,0.9972,0.9998062222222223,1,0.9972,0.0,0.3249263157894737,0.0,0.0,0.0,15434,0.07232540646878435,stego,0.05,rhash32,1024,residual,zero,bit_em,mad,0.465,4.078
0.6901829894736842,0.52333824,0.0778820294964267,0.0,0.0376,0.0,0.05,0.7910459259259259,0.5576301798941798,0.0616,0.0616,0.7910459259259259,1,0.0616,0.0092,0.034105263157894736,0.01399878271454656,0.0092,0.011103065411537534,1643,0.05122319416010092,stego,0.05,rhash32,1024,residual,zero,hamming_knn,mad,0.465,0.561
0.6938921094736843,0.6703760631578948,0.28672970666287334,0.2048,0.3212,0.2048,0.05,0.7119912804232804,0.6756191322751322,0.1284,0.1284,0.7119912804232804,1,0.1284,0.3968,0.08709473684210527,0.19341002144667577,0.3968,0.26006029623803906,5129,0.033607452474872415,stego,0.05,rhash32,1024,residual,zero,hamming_ball,mad,0.465,0.552
0.3129603831578947,0.5233090442105264,0.033604602287772775,0.0008,0.002,0.0008,0.05,0.2500765291005291,0.5247473015873015,0.0,0.0,0.7499234708994709,-1,0.0332,0.0012,0.027178947368421053,0.00231839258114374,0.0012,0.0015814443858724301,1294,0.051266784379747875,stego,0.05,rhash32,1024,residual,zero,block_collision,mad,0.465,3.193
0.6274029978947369,0.4885736673684211,0.06258047215094231,0.0,0.0104,0.0,0.05,0.7222366137566137,0.5040096507936508,0.0468,0.0468,0.7222366137566137,1,0.0468,0.0004,0.02797894736842105,0.0007518796992481203,0.0004,0.0005221932114882506,1330,0.05134579823299774,stego,0.05,rhash32,1024,residual,zero,hash_spectral,mad,0.465,0.183
0.6923296,0.4755957852631579,0.08174112373424743,0.0084,0.0724,0.0032,0.05,0.787826962962963,0.4760295873015873,0.034,0.0032,0.787826962962963,1,0.034,0.002,0.005452631578947369,0.01893939393939394,0.002,0.00361794500723589,264,0.050164870516326204,stego,0.05,rhash32,1024,residual,zero,hash_stability,mad,0.465,0.033
0.8899695368421052,0.7811578947368422,0.34729203500588895,0.2012,0.4732,0.1332,0.05,0.9732645079365079,0.865570201058201,0.7448,0.4664,0.9732645079365079,1,0.7448,0.0428,0.0017473684210526316,0.5631578947368421,0.0428,0.0795539033457249,190,0.04804256173459145,stego,0.05,rhash_rgb,768,residual,zero,bit_llr,mad,1.643,0.196
0.9981482357894738,0.997445574736842,0.9933292902123121,0.9944,0.9948,0.9944,0.05,0.9974876613756614,0.9965999576719577,0.9656,0.9656,0.9974876613756614,1,0.9656,0.9972,0.19778947368421052,0.20970726783310903,0.9972,0.34653878231859886,11888,0.00018366918555835432,stego,0.05,rhash_rgb,768,residual,zero,bit_em,mad,1.643,2.949
0.5744029431578948,0.46073624,0.05865027569513835,0.0052,0.0616,0.0052,0.05,0.5984896931216931,0.4439529312169312,0.0084,0.0084,0.5984896931216931,1,0.0084,0.0064,0.0136,0.02416918429003021,0.0064,0.010120177103099304,662,0.05034658883619117,stego,0.05,rhash_rgb,768,residual,zero,hamming_knn,mad,1.643,0.529
0.5499353010526316,0.5103714189473684,0.07066733817378243,0.042,0.1024,0.042,0.05,0.584773291005291,0.5178061798941799,0.0504,0.0504,0.584773291005291,1,0.0504,0.0892,0.0324421052631579,0.1264172335600907,0.0892,0.10459662288930581,1764,0.04720540675014512,stego,0.05,rhash_rgb,768,residual,zero,hamming_ball,mad,1.643,0.52
0.46685195789473677,0.4150630105263157,0.04570009133172374,0.0,0.022,0.0,0.05,0.34527081481481475,0.36475657142857143,0.006,0.006,0.6547291851851853,-1,0.006,0.0488,0.06957894736842105,0.03559964983950978,0.0488,0.04116753838366796,3427,0.05105962682240783,stego,0.05,rhash_rgb,768,residual,zero,block_collision,mad,1.643,2.063
0.4009349978947368,0.44056418947368425,0.03814274335488639,0.0068,0.0152,0.0068,0.05,0.3472369100529101,0.4105616084656085,0.0068,0.0068,0.65276308994709,-1,0.0156,0.0088,0.019642105263157895,0.023036649214659685,0.0088,0.012735166425470333,955,0.05052502803547762,stego,0.05,rhash_rgb,768,residual,zero,hash_spectral,mad,1.643,0.119
0.6552129431578947,0.4509433263157895,0.07142641659298166,0.0092,0.0568,0.0048,0.05,0.7299741798941799,0.4309147936507936,0.014,0.0048,0.7299741798941799,1,0.014,0.0028,0.006126315789473685,0.02348993288590604,0.0028,0.005003573981415297,298,0.05015894732606334,stego,0.05,rhash_rgb,768,residual,zero,hash_stability,mad,1.643,0.034
0.3377851452631579,0.4878671789473684,0.03401892359796026,0.0,0.0028,0.0004,0.05,0.2458312804232804,0.4948261587301587,0.0,0.0216,0.7541687195767196,-1,0.0244,0.0,0.0006947368421052632,0.0,0.0,0.0,33,0.05003302179438429,stego,0.05,rhash_energy,256,residual,mean,bit_llr,mad,0.6,0.093
0.417544227368421,0.5126282568421052,0.0655163608752159,0.0,0.14,0.0,0.05,0.2600033439153439,0.30383657142857146,0.0,0.0,0.739996656084656,-1,0.0,0.2292,0.20313684210526317,0.05605556642535707,0.2292,0.09008017607294451,10222,0.04844386344210368,stego,0.05,rhash_energy,256,residual,mean,bit_em,mad,0.6,0.909
0.3123408589473684,0.49233101473684204,0.03286157424317074,0.0,0.0012,0.0,0.05,0.21871339682539684,0.4997249523809524,0.0,0.0,0.7812866031746032,-1,0.088,0.0,0.0006947368421052632,0.0,0.0,0.0,33,0.05003302179438429,stego,0.05,rhash_energy,256,residual,mean,hamming_knn,mad,0.6,0.459
0.5028608463157894,0.16398207578947369,0.06306527727998829,0.0,0.0,0.0,0.05,0.3417450582010582,0.3417450582010582,0.0,0.0,0.6582549417989418,-1,0.0,0.0032,0.16806315789473683,0.0010011262670504317,0.0032,0.0015251167667524545,7991,0.059320621771525146,stego,0.05,rhash_energy,256,residual,mean,hamming_ball,mad,0.6,0.447
0.3204186736842105,0.7001914989473683,0.041478564979995504,0.0,0.0,0.0,0.05,0.3081273650793651,0.6758785608465608,0.0,0.092,0.6918726349206349,-1,0.092,0.5992,0.1760421052631579,0.15192697768762678,0.5992,0.2423948220064725,9860,0.024962630792227204,stego,0.05,rhash_energy,256,residual,mean,block_collision,mad,0.6,0.709
0.4845976463157895,0.47570763368421054,0.047125901035532505,0.0092,0.0408,0.0092,0.05,0.4760688677248678,0.4660439788359788,0.0128,0.0128,0.5239311322751322,-1,0.0128,0.002,0.0014526315789473684,0.06756756756756757,0.002,0.003885003885003885,74,0.04997396146296519,stego,0.05,rhash_energy,256,residual,mean,hash_spectral,mad,0.6,0.055
0.39414198736842104,0.5323713221052632,0.03869430706431796,0.0036,0.0216,0.0196,0.05,0.36755940740740745,0.5317735026455026,0.0056,0.0056,0.6324405925925926,-1,0.0056,0.0068,0.0028210526315789472,0.11258278145695365,0.0068,0.012825348924933987,151,0.049810427491022886,stego,0.05,rhash_energy,256,residual,mean,hash_stability,mad,0.6,0.033
0.7691940589473685,0.6308132505263158,0.18340609350743797,0.1088,0.2708,0.0652,0.05,0.8608089735449737,0.6829280423280423,0.3272,0.1428,0.8608089735449737,1,0.3272,0.018,0.0016210526315789473,0.36885245901639346,0.018,0.034324942791762014,122,0.04922009703676972,stego,0.05,ahash_res,256,residual,mean,bit_llr,mad,0.591,0.093
0.9221201726315789,0.9011221684210526,0.4496897809552619,0.0,0.758,0.0,0.05,0.9441734603174603,0.9131459894179894,0.6036,0.6036,0.9441734603174603,1,0.6036,0.8768,0.12482105263157894,0.26991749784509295,0.8768,0.41276715940118636,8121,0.007354521359153753,stego,0.05,ahash_res,256,residual,mean,bit_em,mad,0.591,0.925
0.5000046778947368,0.4630977936842105,0.04827707019683251,0.0036,0.0368,0.0036,0.05,0.48999445502645506,0.44891005291005287,0.0084,0.0084,0.510005544973545,-1,0.0084,0.0056,0.013578947368421053,0.021244309559939303,0.0056,0.008863564419119974,659,0.05038406193632071,stego,0.05,ahash_res,256,residual,mean,hamming_knn,mad,0.591,0.467
0.5286688968421053,0.49430370105263155,0.057265156739448424,0.0156,0.0672,0.0156,0.05,0.4948940529100529,0.4798692486772487,0.0156,0.0156,0.505105947089947,-1,0.0156,0.0532,0.036505263157894735,0.0712372790573112,0.0532,0.060911380810625144,1867,0.049176240832692744,stego,0.05,ahash_res,256,residual,mean,hamming_ball,mad,0.591,0.46
0.4278785052631579,0.4796111410526316,0.047300204736562414,0.014,0.0468,0.014,0.05,0.3405035767195767,0.3879217777777777,0.0044,0.0044,0.6594964232804232,-1,0.0044,0.0796,0.0851578947368421,0.04688972667295005,0.0796,0.05901542111506524,4244,0.0502884867558353,stego,0.05,ahash_res,256,residual,mean,block_collision,mad,0.591,0.711
0.39577587789473684,0.4361147031578947,0.03759460134711675,0.0056,0.0156,0.0056,0.05,0.3366338624338624,0.40932787301587303,0.0056,0.0056,0.6633661375661376,-1,0.0192,0.0072,0.01757894736842105,0.021101992966002344,0.0072,0.010736653742916791,853,0.05050155655482532,stego,0.05,ahash_res,256,residual,mean,hash_spectral,mad,0.591,0.055
0.6211722484210527,0.4521721642105263,0.06700229015817812,0.0096,0.0572,0.006,0.05,0.6919246560846561,0.42947657142857143,0.0132,0.0048,0.6919246560846561,1,0.0132,0.004,0.004947368421052632,0.04081632653061224,0.004,0.007285974499089253,245,0.05004522158577027,stego,0.05,ahash_res,256,residual,mean,hash_stability,mad,0.591,0.031
0.3801933263157895,0.5220600757894738,0.03662391337049355,0.0,0.0,0.0,0.05,0.36624694179894185,0.5186180317460317,0.0032,0.018,0.6337530582010582,-1,0.018,0.0,0.0009052631578947368,0.0,0.0,0.0,43,0.050043037011830174,phash_adaptive,0.05,ahash,64,spatial,mean,bit_llr,mad,0.146,0.058
0.656307865263158,0.5550350063157895,0.14853610750589308,0.0,0.406,0.0,0.05,0.42112816931216934,0.44912884656084656,0.0,0.0,0.5788718306878307,-1,0.0,0.4088,0.37549473684210527,0.054194506310319225,0.4088,0.09570184474201704,18858,0.04746002183546336,phash_adaptive,0.05,ahash,64,spatial,mean,bit_em,mad,0.146,0.294
0.4123499957894736,0.49718240842105266,0.0409182628437028,0.0084,0.0412,0.0048,0.05,0.359338582010582,0.4915503492063491,0.0028,0.0028,0.640661417989418,-1,0.0308,0.0,0.0,0.0,0.0,0.0,0,0.05,phash_adaptive,0.05,ahash,64,spatial,mean,hamming_knn,mad,0.146,0.436
0.5097059789473684,0.1828704505263158,0.05906004004953247,0.0,0.0,0.0,0.05,0.40251767195767196,0.40251767195767196,0.0032,0.0032,0.597482328042328,-1,0.0032,0.0168,0.1532842105263158,0.005735354362965997,0.0168,0.008551359055278427,7323,0.05759542610773953,phash_adaptive,0.05,ahash,64,spatial,mean,hamming_ball,mad,0.146,0.428
0.41388965473684214,0.4754895747368421,0.04507181189803853,0.0,0.0,0.0,0.05,0.3734045714285714,0.4626411851851852,0.0,0.0,0.6265954285714286,-1,0.0296,0.1564,0.10686315789473684,0.07152002926650813,0.1564,0.09815488891678173,5467,0.047358138908225364,phash_adaptive,0.05,ahash,64,spatial,mean,block_collision,mad,0.146,0.159
0.5084809263157894,0.46943330526315785,0.049409558223959,0.0008,0.0488,0.0008,0.05,0.4838273015873016,0.4673966560846561,0.008,0.008,0.5161726984126984,-1,0.008,0.0,0.0009263157894736842,0.0,0.0,0.0,44,0.05004403875410361,phash_adaptive,0.05,ahash,64,spatial,mean,hash_spectral,mad,0.146,0.045
0.4227515915789474,0.47259820210526315,0.04089402360002901,0.0,0.0108,0.0,0.05,0.38811191534391537,0.5068289947089947,0.0068,0.0088,0.6118880846560846,-1,0.012,0.0,0.0005684210526315789,0.0,0.0,0.0,27,0.05002701458787746,phash_adaptive,0.05,ahash,64,spatial,mean,hash_stability,mad,0.146,0.029
0.37757040842105266,0.5413870905263158,0.036884325448966526,0.0,0.0,0.0,0.05,0.3831690158730159,0.5519379470899471,0.0076,0.0352,0.6168309841269841,-1,0.0352,0.0,0.0015578947368421053,0.0,0.0,0.0,74,0.05007410968232985,phash_adaptive,0.05,ahash4,16,spatial,mean,bit_llr,mad,0.136,0.048
0.6533653221052632,0.5838306694736842,0.14495145363369924,0.0476,0.4276,0.0,0.05,0.427157037037037,0.46304275132275136,0.0,0.0,0.572842962962963,-1,0.0,0.3864,0.1561263157894737,0.1152469577666428,0.3864,0.1775408932181584,8382,0.0368590513720025,phash_adaptive,0.05,ahash4,16,spatial,mean,bit_em,mad,0.136,0.149
0.45630213052631574,0.49239806315789475,0.048977560161573876,0.0,0.0612,0.0016,0.05,0.3934503703703704,0.4753787513227513,0.0,0.0128,0.6065496296296295,-1,0.0128,0.0,2.105263157894737e-05,0.0,0.0,0.0,1,0.0500010000200004,phash_adaptive,0.05,ahash4,16,spatial,mean,hamming_knn,mad,0.136,0.398
0.37755108210526317,0.4304589515789474,0.049167228141177674,0.0,0.0448,0.0,0.05,0.42164842328042335,0.4448603597883598,0.0,0.0,0.5783515767195766,-1,0.0,0.0728,0.12191578947368421,0.030470450359953122,0.0728,0.04295999055824384,5973,0.05264951052763077,phash_adaptive,0.05,ahash4,16,spatial,mean,hamming_ball,mad,0.136,0.395
0.4457897136842105,0.4783801936842105,0.04980319143588648,0.0312,0.0448,0.0312,0.05,0.401973291005291,0.4281372275132276,0.0,0.0,0.598026708994709,-1,0.0,0.1404,0.18690526315789474,0.03803228952215841,0.1404,0.059851649757012536,9229,0.052709033381570236,phash_adaptive,0.05,ahash4,16,spatial,mean,block_collision,mad,0.136,0.04
0.5118516294736841,0.4875278694736842,0.05142445104393059,0.0,0.0572,0.0,0.05,0.4972695026455026,0.48902323809523807,0.0,0.0,0.5027304973544974,-1,0.0168,0.0,0.0022736842105263158,0.0,0.0,0.0,108,0.050108233784975545,phash_adaptive,0.05,ahash4,16,spatial,mean,hash_spectral,mad,0.136,0.043
0.4196491452631579,0.38111361684210526,0.04162581780674886,0.0,0.0008,0.0,0.05,0.40728766137566136,0.4978959153439153,0.0016,0.0016,0.5927123386243387,-1,0.0016,0.0,0.0031789473684210525,0.0,0.0,0.0,151,0.05015145740135208,phash_adaptive,0.05,ahash4,16,spatial,mean,hash_stability,mad,0.136,0.026
0.38101413052631583,0.5021828673684211,0.03651556491432498,0.0,0.0,0.0,0.05,0.35841989417989417,0.4977321481481482,0.0024,0.0084,0.6415801058201058,-1,0.0084,0.0,0.0005684210526315789,0.0,0.0,0.0,27,0.05002701458787746,phash_adaptive,0.05,ahash16,256,spatial,mean,bit_llr,mad,0.192,0.093
0.4091618652631579,0.3506422105263158,0.05329512113284465,0.0,0.0,0.0,0.05,0.40130611640211633,0.5986938835978836,0.0,0.0,0.5986938835978837,-1,0.0,0.0,0.29547368421052633,0.0,0.0,0.0,14035,0.06951202558042541,phash_adaptive,0.05,ahash16,256,spatial,mean,bit_em,mad,0.192,0.895
0.3889179578947368,0.510295107368421,0.03843176313632034,0.006,0.0364,0.006,0.05,0.33220804232804235,0.5024253968253968,0.0032,0.0032,0.6677919576719576,-1,0.042,0.0,0.0,0.0,0.0,0.0,0,0.05,phash_adaptive,0.05,ahash16,256,spatial,mean,hamming_knn,mad,0.192,0.452
0.5373317515789473,0.19727682947368422,0.062485582108128684,0.0,0.0,0.0,0.05,0.40497282539682544,0.40497282539682544,0.0028,0.0028,0.5950271746031746,-1,0.0028,0.014,0.1619157894736842,0.004530157908361377,0.014,0.006845296303539996,7726,0.05831007238491744,phash_adaptive,0.05,ahash16,256,spatial,mean,hamming_ball,mad,0.192,0.441
0.2901670484210527,0.70675344,0.03876249164446738,0.0,0.0,0.044,0.05,0.37594421164021163,0.610578962962963,0.0,0.0332,0.6240557883597884,-1,0.0332,0.548,0.08214736842105264,0.25986342943854324,0.548,0.35254760679361813,5272,0.025263816848506527,phash_adaptive,0.05,ahash16,256,spatial,mean,block_collision,mad,0.192,0.688
0.5049323452631579,0.4618241136842105,0.048646735903707605,0.0028,0.0412,0.0028,0.05,0.47879843386243387,0.4529745185185185,0.0048,0.0048,0.5212015661375662,-1,0.01,0.0,0.0006526315789473684,0.0,0.0,0.0,31,0.050031019231923796,phash_adaptive,0.05,ahash16,256,spatial,mean,hash_spectral,mad,0.192,0.056
0.4755521852631579,0.5230876421052632,0.04879840216691342,0.0108,0.0528,0.014,0.05,0.4636180317460318,0.5189968253968255,0.0044,0.0036,0.5363819682539682,-1,0.01,0.0008,0.0013473684210526316,0.030303030303030304,0.0008,0.001558846453624318,66,0.05002603436536228,phash_adaptive,0.05,ahash16,256,spatial,mean,hash_stability,mad,0.192,0.033
0.46857794105263156,0.49131557894736844,0.044483637447697136,0.0028,0.0236,0.0028,0.05,0.503877164021164,0.46339521693121694,0.0368,0.0004,0.503877164021164,1,0.0368,0.0,0.0005263157894736842,0.0,0.0,0.0,25,0.05002501250625312,phash_adaptive,0.05,ahash32,1024,spatial,mean,bit_llr,mad,0.349,0.238
0.3263978442105263,0.5425117810526315,0.04744700526099627,0.0,0.0,0.0,0.05,0.37691978835978834,0.6230802116402117,0.0,0.0,0.6230802116402117,-1,0.0,0.0,0.14926315789473685,0.0,0.0,0.0,7090,0.05826147751106968,phash_adaptive,0.05,ahash32,1024,spatial,mean,bit_em,mad,0.349,4.047
0.36434081684210523,0.4783943031578948,0.03587878452965831,0.0032,0.0188,0.0032,0.05,0.2877018412698413,0.4637313862433863,0.0016,0.0016,0.7122981587301587,-1,0.0096,0.0,2.105263157894737e-05,0.0,0.0,0.0,1,0.0500010000200004,phash_adaptive,0.05,ahash32,1024,spatial,mean,hamming_knn,mad,0.349,0.547
0.468529347368421,0.22564567578947364,0.05537043467011074,0.0,0.0,0.0,0.05,0.3770095661375661,0.3770095661375661,0.0028,0.0028,0.6229904338624339,-1,0.0028,0.01,0.1428,0.003672150411280846,0.01,0.0053717232488182205,6808,0.05730227819966661,phash_adaptive,0.05,ahash32,1024,spatial,mean,hamming_ball,mad,0.349,0.532
0.32426089684210535,0.710680467368421,0.03951930945818417,0.0,0.0,0.0124,0.05,0.3390235767195767,0.6166091851851851,0.0,0.0872,0.6609764232804233,-1,0.0872,0.526,0.16132631578947368,0.14646914680329695,0.526,0.229133995469594,8978,0.02888693871581103,phash_adaptive,0.05,ahash32,1024,spatial,mean,block_collision,mad,0.349,2.926
0.4914722021052632,0.4495828631578947,0.04661949524923789,0.0044,0.0368,0.0044,0.05,0.4506769100529101,0.4264699259259259,0.0032,0.0032,0.5493230899470899,-1,0.01,0.0,0.00048421052631578945,0.0,0.0,0.0,23,0.05002301058486904,phash_adaptive,0.05,ahash32,1024,spatial,mean,hash_spectral,mad,0.349,0.185
0.5145996294736842,0.5036560800000001,0.051304801202006506,0.0028,0.042,0.004,0.05,0.513218455026455,0.49967944973544975,0.0,0.0,0.513218455026455,1,0.0044,0.0,0.001663157894736842,0.0,0.0,0.0,79,0.0500791250175277,phash_adaptive,0.05,ahash32,1024,spatial,mean,hash_stability,mad,0.349,0.036
0.4251473978947369,0.499723427368421,0.0401932461709108,0.0,0.0208,0.0,0.05,0.396208,0.5051713439153439,0.004,0.012,0.603792,-1,0.012,0.0,0.0012210526315789474,0.0,0.0,0.0,58,0.050058067358135436,phash_adaptive,0.05,mhash,64,spatial,median,bit_llr,mad,0.171,0.058
0.44583679157894746,0.4687627368421053,0.04746151253299717,0.0,0.0,0.0,0.05,0.4242487619047619,0.5421199153439153,0.0,0.0,0.5757512380952381,-1,0.0,0.0,0.3276842105263158,0.0,0.0,0.0,15565,0.0726005517641934,phash_adaptive,0.05,mhash,64,spatial,median,bit_em,mad,0.171,0.294
0.4379184421052632,0.49816819789473676,0.04425903607574369,0.0092,0.0496,0.0092,0.05,0.3903042116402116,0.48289049735449735,0.0028,0.0,0.6096957883597884,-1,0.0252,0.0,4.210526315789474e-05,0.0,0.0,0.0,2,0.0500020000800032,phash_adaptive,0.05,mhash,64,spatial,median,hamming_knn,mad,0.171,0.436
0.5122640884210525,0.18475796631578947,0.05664403507017862,0.0,0.0,0.0,0.05,0.41513316402116407,0.41513316402116407,0.0028,0.0028,0.5848668359788359,-1,0.0028,0.0156,0.16073684210526315,0.0050820953870211105,0.0156,0.0076666011401611955,7674,0.05814393044464396,phash_adaptive,0.05,mhash,64,spatial,median,hamming_ball,mad,0.171,0.432
0.43004762526315793,0.48673681263157886,0.04479567535191472,0.0,0.0572,0.0,0.05,0.3952244232804233,0.4685426878306878,0.0,0.0,0.6047755767195767,-1,0.0096,0.118,0.10338947368421053,0.05666538609296965,0.118,0.07656371658447962,5206,0.04922534267982319,phash_adaptive,0.05,mhash,64,spatial,median,block_collision,mad,0.171,0.159
0.47278697684210524,0.4772110357894737,0.04520206709960685,0.0012,0.0412,0.0012,0.05,0.45189494179894174,0.47816694179894176,0.0056,0.0056,0.5481050582010583,-1,0.0092,0.0,0.0003578947368421053,0.0,0.0,0.0,17,0.05001700578196587,phash_adaptive,0.05,mhash,64,spatial,median,hash_spectral,mad,0.171,0.046
0.39409951578947366,0.5284838821052631,0.03942868004806026,0.0016,0.0204,0.0016,0.05,0.39175949206349214,0.5186491428571429,0.0036,0.0044,0.6082405079365079,-1,0.0128,0.0,0.0021473684210526318,0.0,0.0,0.0,102,0.050102208505350916,phash_adaptive,0.05,mhash,64,spatial,median,hash_stability,mad,0.171,0.028
0.36278768842105263,0.5443815663157895,0.03566932376669352,0.0,0.0004,0.002,0.05,0.3347373968253968,0.5534015661375662,0.0024,0.0292,0.6652626031746032,-1,0.0292,0.0,0.001431578947368421,0.0,0.0,0.0,68,0.05006809260594408,phash_adaptive,0.05,ahash_rgb,192,spatial,mean,bit_llr,mad,0.381,0.082
0.6591650736842105,0.6245302357894738,0.1617400307457864,0.0,0.4048,0.0,0.05,0.44298687830687833,0.4479697354497355,0.0,0.0,0.5570131216931217,-1,0.0,0.432,0.3948842105263158,0.05444371628774512,0.432,0.09670054170210861,19837,0.047077545337002286,phash_adaptive,0.05,ahash_rgb,192,spatial,mean,bit_em,mad,0.381,0.661
0.4160943578947368,0.4931078484210526,0.04086219971882543,0.0084,0.038,0.0068,0.05,0.36881439153439155,0.4808229417989418,0.002,0.0012,0.6311856084656084,-1,0.0196,0.0,0.0,0.0,0.0,0.0,0,0.05,phash_adaptive,0.05,ahash_rgb,192,spatial,mean,hamming_knn,mad,0.381,0.447
0.5227654694736842,0.19742651368421055,0.06101819412295295,0.0,0.0,0.0,0.05,0.4243863280423281,0.4243863280423281,0.0024,0.0024,0.5756136719576719,-1,0.0024,0.0164,0.16482105263157895,0.0052096569250317665,0.0164,0.007907425265188043,7870,0.058366959411345835,phash_adaptive,0.05,ahash_rgb,192,spatial,mean,hamming_ball,mad,0.381,0.433
0.4469025010526316,0.46903343578947365,0.0490968581355954,0.0,0.0,0.0,0.05,0.36674628571428575,0.458031873015873,0.0,0.0,0.6332537142857142,-1,0.0292,0.0,0.04187368421052631,0.0,0.0,0.0,1989,0.05207140030409698,phash_adaptive,0.05,ahash_rgb,192,spatial,mean,block_collision,mad,0.381,0.411
0.5120799199999999,0.4953796042105264,0.05198476902431469,0.0088,0.0584,0.0088,0.05,0.48667115343915346,0.4955692698412698,0.01,0.01,0.5133288465608465,-1,0.01,0.0,0.0010736842105263159,0.0,0.0,0.0,51,0.050051052073114576,phash_adaptive,0.05,ahash_rgb,192,spatial,mean,hash_spectral,mad,0.381,0.054
0.40841811368421055,0.49363081263157893,0.03938445879043572,0.0012,0.0156,0.0012,0.05,0.36968465608465606,0.5038891428571428,0.0064,0.0076,0.6303153439153439,-1,0.0156,0.0,0.0007157894736842105,0.0,0.0,0.0,34,0.0500340231357323,phash_adaptive,0.05,ahash_rgb,192,spatial,mean,hash_stability,mad,0.381,0.032
0.4095762989473684,0.48542560421052633,0.03923450100245862,0.006,0.0204,0.0112,0.05,0.3561268148148148,0.47657972486772493,0.0028,0.0096,0.6438731851851852,-1,0.0244,0.0004,0.0,1.0,0.0004,0.0007996801279488205,1,0.0499809996199924,phash_adaptive,0.05,dhash,64,spatial,pairwise,bit_llr,mad,0.144,0.057
0.5738828547368421,0.572247452631579,0.06904495842685429,0.0,0.0,0.0,0.05,0.4945476825396825,0.4831108148148148,0.0,0.0,0.5054523174603175,-1,0.0,0.0,0.07869473684210526,0.0,0.0,0.0,3738,0.05404003285633998,phash_adaptive,0.05,dhash,64,spatial,pairwise,bit_em,mad,0.144,0.297
0.4307312589473684,0.47704518315789474,0.042771150429907104,0.0092,0.038,0.0092,0.05,0.3990999788359788,0.47293329100529097,0.0044,0.0044,0.6009000211640212,-1,0.0152,0.0112,0.011852631578947368,0.047377326565143825,0.0112,0.018117114202523456,591,0.05003137080289016,phash_adaptive,0.05,dhash,64,spatial,pairwise,hamming_knn,mad,0.144,0.444
0.47027634947368424,0.42204217684210527,0.0462577725954418,0.0072,0.0404,0.0072,0.05,0.4030742433862433,0.44480558730158726,0.004,0.004,0.5969257566137567,-1,0.004,0.0684,0.09002105263157895,0.03845288958848662,0.0684,0.04922988340290773,4447,0.05112725835839572,phash_adaptive,0.05,dhash,64,spatial,pairwise,hamming_ball,mad,0.144,0.438
0.48937599578947366,0.5792361052631578,0.06069557547577021,0.0212,0.0948,0.0212,0.05,0.4330182433862434,0.4475920423280423,0.0,0.0,0.5669817566137566,-1,0.0,0.1484,0.1075578947368421,0.0677007299270073,0.1484,0.09298245614035087,5480,0.04782120395327943,phash_adaptive,0.05,dhash,64,spatial,pairwise,block_collision,mad,0.144,0.153
0.4880309852631578,0.48510202105263156,0.04809493346927878,0.0092,0.0496,0.0092,0.05,0.4804637460317461,0.4791668994708995,0.0052,0.0052,0.519536253968254,-1,0.0076,0.0004,0.001768421052631579,0.011764705882352941,0.0004,0.0007736943907156673,85,0.05006511068816989,phash_adaptive,0.05,dhash,64,spatial,pairwise,hash_spectral,mad,0.144,0.046
0.5132325684210527,0.5071982147368421,0.05252121827953535,0.0064,0.0372,0.0124,0.05,0.5601849312169312,0.4828579894179894,0.0116,0.006,0.5601849312169312,1,0.0116,0.0008,0.0005052631578947368,0.07692307692307693,0.0008,0.001583531274742676,26,0.04998599271621243,phash_adaptive,0.05,dhash,64,spatial,pairwise,hash_stability,mad,0.144,0.027
0.4300310063157895,0.48783776842105264,0.04080494986203406,0.0036,0.0236,0.0048,0.05,0.3891369312169312,0.4833035343915344,0.0024,0.0084,0.6108630687830687,-1,0.0164,0.0,0.00023157894736842104,0.0,0.0,0.0,11,0.05001100242053252,phash_adaptive,0.05,dhash_v,64,spatial,pairwise,bit_llr,mad,0.137,0.057
0.4362525894736842,0.5595211284210526,0.043918234303605835,0.0,0.0,0.0,0.05,0.5057711746031747,0.4703185608465609,0.0,0.0,0.5057711746031747,1,0.0,0.0,0.06917894736842105,0.0,0.0,0.0,3286,0.053517146893864796,phash_adaptive,0.05,dhash_v,64,spatial,pairwise,bit_em,mad,0.137,0.296
0.39018479578947374,0.5029149684210527,0.038192442260918495,0.0012,0.0188,0.0012,0.05,0.34570408465608465,0.5068452486772487,0.002,0.002,0.6542959153439154,-1,0.0356,0.0,0.002126315789473684,0.0,0.0,0.0,101,0.05010120443295457,phash_adaptive,0.05,dhash_v,64,spatial,pairwise,hamming_knn,mad,0.137,0.447
0.41460648421052626,0.43886318736842106,0.04169145282524775,0.0,0.016,0.0,0.05,0.35234514285714286,0.4396496507936508,0.0008,0.0008,0.6476548571428571,-1,0.0008,0.0468,0.0968842105263158,0.024793388429752067,0.0468,0.0324144618368195,4719,0.05262692961727877,phash_adaptive,0.05,dhash_v,64,spatial,pairwise,hamming_ball,mad,0.137,0.441
0.40990121263157897,0.45810555789473684,0.04096559380965362,0.0,0.0348,0.0,0.05,0.3673776507936508,0.4536990476190476,0.0,0.0,0.6326223492063492,-1,0.0,0.0852,0.1496,0.029102336384752014,0.0852,0.04338527344943477,7319,0.053583561772217146,phash_adaptive,0.05,dhash_v,64,spatial,pairwise,block_collision,mad,0.137,0.157
0.45259508631578954,0.46862070736842104,0.042365123941408914,0.0,0.0096,0.0,0.05,0.4384775873015873,0.4620411851851852,0.006,0.006,0.5615224126984126,-1,0.012,0.0,0.0005052631578947368,0.0,0.0,0.0,24,0.05002401152553226,phash_adaptive,0.05,dhash_v,64,spatial,pairwise,hash_spectral,mad,0.137,0.046
0.5621037221052632,0.4283558736842105,0.0579068167481048,0.002,0.0332,0.002,0.05,0.6010266666666667,0.4861748994708995,0.0116,0.01,0.6010266666666667,1,0.0116,0.0004,0.00031578947368421053,0.0625,0.0004,0.000794912559618442,16,0.04999599871959027,phash_adaptive,0.05,dhash_v,64,spatial,pairwise,hash_stability,mad,0.137,0.027
0.42006793263157893,0.45897908210526317,0.03950205545078406,0.0036,0.02,0.0044,0.05,0.3659563174603175,0.43961396825396826,0.0008,0.002,0.6340436825396825,-1,0.0112,0.0,0.0009684210526315789,0.0,0.0,0.0,46,0.050046042358970255,phash_adaptive,0.05,dhash16,256,spatial,pairwise,bit_llr,mad,0.196,0.092
0.5794151410526316,0.5841044842105263,0.13193039458645933,0.0,0.3328,0.0,0.05,0.4619218624338624,0.4517993650793651,0.0,0.0,0.5380781375661376,-1,0.0,0.4272,0.2707578947368421,0.07667456385957355,0.4272,0.13001399963479213,13929,0.03969948157799895,phash_adaptive,0.05,dhash16,256,spatial,pairwise,bit_em,mad,0.196,0.887
0.4295214863157895,0.45516864421052633,0.04124143432319684,0.0052,0.0332,0.0052,0.05,0.36309553439153436,0.4333021375661376,0.0028,0.0028,0.6369044656084657,-1,0.0184,0.0188,0.029010526315789473,0.03298245614035088,0.0188,0.02394904458598726,1425,0.05049922799794133,phash_adaptive,0.05,dhash16,256,spatial,pairwise,hamming_knn,mad,0.196,0.471
0.4209261642105263,0.47284776000000006,0.051211772490492594,0.0176,0.058,0.0176,0.05,0.3743183068783069,0.4060104973544974,0.0024,0.0024,0.6256816931216931,-1,0.0024,0.124,0.13907368421052632,0.0448235974551764,0.124,0.06584536958368734,6916,0.05083093491783493,phash_adaptive,0.05,dhash16,256,spatial,pairwise,hamming_ball,mad,0.196,0.463
0.4422745978947369,0.5009093978947369,0.0481330385138584,0.0,0.054,0.0,0.05,0.38438721693121697,0.38909667724867725,0.0,0.0,0.615612783068783,-1,0.0068,0.156,0.17170526315789475,0.0456353849754271,0.156,0.0706137968495383,8546,0.050899792541129925,phash_adaptive,0.05,dhash16,256,spatial,pairwise,block_collision,mad,0.196,0.718
0.46899784842105263,0.4654460421052632,0.04433574143060129,0.006,0.03,0.006,0.05,0.44472368253968253,0.452184380952381,0.0036,0.0036,0.5552763174603175,-1,0.0092,0.006,0.010589473684210527,0.02895752895752896,0.006,0.009940357852882704,518,0.05022028212279213,phash_adaptive,0.05,dhash16,256,spatial,pairwise,hash_spectral,mad,0.196,0.056
0.5658065726315789,0.45986705684210527,0.057960169180569926,0.0064,0.0432,0.0028,0.05,0.6132218412698414,0.46370797883597886,0.022,0.0016,0.6132218412698414,1,0.022,0.0008,0.003094736842105263,0.013422818791946308,0.0008,0.0015100037750094375,149,0.05010932579085675,phash_adaptive,0.05,dhash16,256,spatial,pairwise,hash_stability,mad,0.196,0.031
0.42123964631578953,0.49687152421052627,0.0402485247866077,0.004,0.028,0.004,0.05,0.368890582010582,0.49402488888888885,0.0012,0.004,0.631109417989418,-1,0.0156,0.0,0.00029473684210526316,0.0,0.0,0.0,14,0.05001400392109791,phash_adaptive,0.05,blockhash,256,spatial,median,bit_llr,mad,0.374,0.093
0.40925270315789475,0.4377711284210527,0.04624194334932577,0.0,0.0,0.0,0.05,0.4921845925925925,0.5006687407407407,0.0,0.0,0.5078154074074075,-1,0.0,0.4708,0.33631578947368423,0.06862173507462686,0.4708,0.11978424587828211,17152,0.040276424744276666,phash_adaptive,0.05,blockhash,256,spatial,median,bit_em,mad,0.374,0.901
0.42235909894736845,0.5199421094736842,0.042793917226731,0.0124,0.0424,0.0124,0.05,0.3899644867724868,0.5233976296296295,0.004,0.004,0.6100355132275133,-1,0.0284,0.0024,0.001431578947368421,0.08108108108108109,0.0024,0.004662004662004662,74,0.04995393181909226,phash_adaptive,0.05,blockhash,256,spatial,median,hamming_knn,mad,0.374,0.483
0.42443567578947367,0.47187610526315793,0.04298357245370601,0.0,0.0176,0.0,0.05,0.3988490582010582,0.473493925925926,0.0032,0.0032,0.6011509417989418,-1,0.0032,0.0684,0.13208421052631578,0.0265321955003879,0.0684,0.03823365008384572,6445,0.053472620824245205,phash_adaptive,0.05,blockhash,256,spatial,median,hamming_ball,mad,0.374,0.46
0.47537098947368417,0.44529274105263156,0.04907198833135997,0.0,0.0,0.0,0.05,0.4340035555555556,0.4801265608465609,0.0,0.0204,0.5659964444444444,-1,0.0204,0.0,0.017178947368421054,0.0,0.0,0.0,816,0.0508295380611581,phash_adaptive,0.05,blockhash,256,spatial,median,block_collision,mad,0.374,0.712
0.4943784210526316,0.4863796042105264,0.05247720432014463,0.0196,0.0712,0.0196,0.05,0.47993566137566135,0.4774222222222222,0.0056,0.0056,0.5200643386243387,-1,0.0124,0.0044,0.001431578947368421,0.13924050632911392,0.0044,0.008530438154323382,79,0.04985877686745057,phash_adaptive,0.05,blockhash,256,spatial,median,hash_spectral,mad,0.374,0.056
0.5512781557894737,0.5023877515789473,0.05988363302956201,0.0108,0.058,0.0056,0.05,0.5782245502645502,0.497626328042328,0.0196,0.0112,0.5782245502645502,1,0.0196,0.0008,0.001957894736842105,0.021052631578947368,0.0008,0.0015414258188824663,95,0.05005510469892796,phash_adaptive,0.05,blockhash,256,spatial,median,hash_stability,mad,0.374,0.03
0.42355380631578954,0.4729646863157895,0.04001561606703995,0.006,0.0256,0.0044,0.05,0.37577244444444446,0.46152677248677254,0.002,0.0064,0.6242275555555555,-1,0.0132,0.0,0.00023157894736842104,0.0,0.0,0.0,11,0.05001100242053252,phash_adaptive,0.05,phash,64,frequency,median,bit_llr,mad,0.534,0.057
0.4271718063157895,0.3888297768421053,0.03948107413552707,0.0,0.0,0.0,0.05,0.40936965079365073,0.41551644444444447,0.0008,0.0008,0.5906303492063493,-1,0.0064,0.0,0.039473684210526314,0.0,0.0,0.0,1875,0.05194805194805195,phash_adaptive,0.05,phash,64,frequency,median,bit_em,mad,0.534,0.299
0.36598918315789475,0.49603949052631574,0.03771340335169549,0.0008,0.012,0.0008,0.05,0.3130793227513228,0.48836639153439154,0.0008,0.0008,0.6869206772486772,-1,0.0248,0.0008,0.008505263157894736,0.0049261083743842365,0.0008,0.0013764624913971094,406,0.05036899624954631,phash_adaptive,0.05,phash,64,frequency,median,hamming_knn,mad,0.534,0.427
0.37997665684210524,0.4471570357894737,0.038334630983902294,0.0008,0.0076,0.0008,0.05,0.31123691005291004,0.44575149206349207,0.0008,0.0008,0.68876308994709,-1,0.0192,0.0028,0.023010526315789474,0.006363636363636364,0.0028,0.0038888888888888888,1100,0.05098159509202454,phash_adaptive,0.05,phash,64,frequency,median,hamming_ball,mad,0.534,0.429
0.45633148631578946,0.4736700884210526,0.04293126926225015,0.0036,0.022,0.0036,0.05,0.437895873015873,0.46303204232804235,0.0036,0.0036,0.5621041269841269,-1,0.012,0.0008,0.0033473684210526314,0.012422360248447204,0.0008,0.001503194287861706,161,0.050121390878629185,phash_adaptive,0.05,phash,64,frequency,median,hash_spectral,mad,0.534,0.046
0.6030631621052631,0.5394721094736841,0.07289547234166019,0.0192,0.1108,0.0228,0.05,0.5785824338624339,0.5129192804232804,0.0052,0.0052,0.5785824338624339,1,0.0052,0.0228,0.00863157894736842,0.12205567451820129,0.0228,0.03842264914054601,467,0.04932065491692407,phash_adaptive,0.05,phash,64,frequency,median,hash_stability,mad,0.534,0.026
0.4235537894736842,0.47296470736842106,0.04001561398359227,0.006,0.0256,0.0044,0.05,0.37577244444444446,0.46152681481481483,0.002,0.0064,0.6242275555555555,-1,0.0132,0.0,0.00023157894736842104,0.0,0.0,0.0,11,0.05001100242053252,phash_adaptive,0.05,phash_nodc,63,frequency,median,bit_llr,mad,0.542,0.059
0.4263615157894737,0.3890512252631579,0.03942628882286063,0.0,0.0,0.0,0.05,0.409376,0.41610217989417986,0.0008,0.0008,0.590624,-1,0.0064,0.0,0.039473684210526314,0.0,0.0,0.0,1875,0.05194805194805195,phash_adaptive,0.05,phash_nodc,63,frequency,median,bit_em,mad,0.542,0.298
0.36598918315789475,0.49603949052631574,0.03771340335169549,0.0008,0.012,0.0008,0.05,0.3130793227513228,0.48836639153439154,0.0008,0.0008,0.6869206772486772,-1,0.0248,0.0008,0.008505263157894736,0.0049261083743842365,0.0008,0.0013764624913971094,406,0.05036899624954631,phash_adaptive,0.05,phash_nodc,63,frequency,median,hamming_knn,mad,0.542,0.431
0.37997665684210524,0.4471570357894737,0.038334630983902294,0.0008,0.0076,0.0008,0.05,0.31123691005291004,0.44575149206349207,0.0008,0.0008,0.68876308994709,-1,0.0192,0.0028,0.023010526315789474,0.006363636363636364,0.0028,0.0038888888888888888,1100,0.05098159509202454,phash_adaptive,0.05,phash_nodc,63,frequency,median,hamming_ball,mad,0.542,0.43
0.4632591115789474,0.4753840378947369,0.04430377769313061,0.0056,0.034,0.0056,0.05,0.4369724021164021,0.46452406349206343,0.0044,0.0044,0.5630275978835979,-1,0.0088,0.0004,0.0018736842105263158,0.011111111111111112,0.0004,0.0007722007722007722,90,0.05007012622720897,phash_adaptive,0.05,phash_nodc,63,frequency,median,hash_spectral,mad,0.542,0.046
0.6030631621052631,0.5394721094736841,0.07289547234166019,0.0192,0.1108,0.0228,0.05,0.5785824338624339,0.5129192804232804,0.0052,0.0052,0.5785824338624339,1,0.0052,0.0228,0.00863157894736842,0.12205567451820129,0.0228,0.03842264914054601,467,0.04932065491692407,phash_adaptive,0.05,phash_nodc,63,frequency,median,hash_stability,mad,0.542,0.027
0.417978172631579,0.47685211368421054,0.039494725842422154,0.004,0.0216,0.0036,0.05,0.3696988783068783,0.46883796825396823,0.0028,0.012,0.6303011216931217,-1,0.0152,0.0,0.0002736842105263158,0.0,0.0,0.0,13,0.05001300338087903,phash_adaptive,0.05,phash_mean,64,frequency,mean,bit_llr,mad,0.51,0.06
0.3575521768421053,0.5773788589473684,0.03627616074189364,0.0,0.0,0.0,0.05,0.4191004021164021,0.5572426243386244,0.0076,0.0092,0.5808995978835979,-1,0.0092,0.0,0.0,0.0,0.0,0.0,0,0.05,phash_adaptive,0.05,phash_mean,64,frequency,mean,bit_em,mad,0.51,0.297
0.37536690526315786,0.4840821557894738,0.03728001003383539,0.0,0.0076,0.0,0.05,0.3250326772486773,0.48979504761904763,0.0004,0.0004,0.6749673227513227,-1,0.0208,0.0,0.0075578947368421055,0.0,0.0,0.0,359,0.05036159626115509,phash_adaptive,0.05,phash_mean,64,frequency,mean,hamming_knn,mad,0.51,0.445
0.379208892631579,0.4497781978947368,0.038526002804445056,0.0004,0.0072,0.0004,0.05,0.3375721904761905,0.4573409523809524,0.0028,0.0028,0.6624278095238094,-1,0.0028,0.0092,0.05216842105263158,0.009196321471411436,0.0092,0.009198160367926415,2501,0.052148466283500707,phash_adaptive,0.05,phash_mean,64,frequency,mean,hamming_ball,mad,0.51,0.439
0.5341836421052633,0.5191809389473684,0.057570751041599366,0.0152,0.0732,0.0152,0.05,0.5383848888888889,0.5277385396825397,0.0088,0.0088,0.5383848888888889,1,0.0088,0.0024,0.0013684210526315789,0.08450704225352113,0.0024,0.004667444574095682,71,0.0499509303210559,phash_adaptive,0.05,phash_mean,64,frequency,mean,hash_spectral,mad,0.51,0.047
0.4594862189473684,0.5069268378947369,0.04601451903579838,0.0048,0.0376,0.006,0.05,0.43022590476190475,0.48570742857142857,0.0032,0.004,0.5697740952380952,-1,0.0036,0.0024,0.0023578947368421053,0.05084745762711865,0.0024,0.004583651642475172,118,0.04999799526883445,phash_adaptive,0.05,phash_mean,64,frequency,mean,hash_stability,mad,0.51,0.028
0.4308358189473684,0.4802740589473684,0.040761500041871374,0.0056,0.0232,0.0048,0.05,0.39083462433862437,0.4699435343915344,0.0032,0.0072,0.6091653756613756,-1,0.0108,0.0,0.00031578947368421053,0.0,0.0,0.0,15,0.05001500450135041,phash_adaptive,0.05,phash16,256,frequency,median,bit_llr,mad,0.62,0.103
0.44260977684210523,0.4222925263157895,0.040883912841391055,0.0,0.0,0.0,0.05,0.4107396825396825,0.39897570370370367,0.0008,0.0008,0.5892603174603175,-1,0.0048,0.0,0.12728421052631578,0.0,0.0,0.0,6046,0.056877644810483685,phash_adaptive,0.05,phash16,256,frequency,median,bit_em,mad,0.62,0.895
0.36296641263157897,0.46499616,0.036597104452580256,0.0016,0.0116,0.0016,0.05,0.28705358730158737,0.4713243597883598,0.0004,0.0004,0.7129464126984126,-1,0.0404,0.0016,0.010189473684210526,0.00819672131147541,0.0016,0.002677376171352075,488,0.050412021328162866,phash_adaptive,0.05,phash16,256,frequency,median,hamming_knn,mad,0.62,0.47
0.3751854989473684,0.4591066694736842,0.03847136008949195,0.0016,0.0144,0.0016,0.05,0.29759779894179894,0.4440800423280424,0.0012,0.0012,0.7024022010582011,-1,0.016,0.0032,0.012905263157894737,0.01288244766505636,0.0032,0.00512656199935918,621,0.0504667976265214,phash_adaptive,0.05,phash16,256,frequency,median,hamming_ball,mad,0.62,0.463
0.4542136336842105,0.46628685473684217,0.04294895137198983,0.0044,0.0232,0.0044,0.05,0.42072867724867724,0.45054827513227513,0.0012,0.0012,0.5792713227513228,-1,0.0136,0.0036,0.008021052631578948,0.023076923076923078,0.0036,0.006228373702422145,390,0.05021165087683935,phash_adaptive,0.05,phash16,256,frequency,median,hash_spectral,mad,0.62,0.056
0.6284776463157895,0.4905585347368421,0.07296400512326572,0.0108,0.072,0.0044,0.05,0.686136507936508,0.5103858624338624,0.04,0.0044,0.686136507936508,1,0.04,0.0004,0.0014736842105263158,0.014084507042253521,0.0004,0.0007779074290159471,71,0.05005107252298264,phash_adaptive,0.05,phash16,256,frequency,median,hash_stability,mad,0.62,0.028
0.46067216842105263,0.4881236715789474,0.044269717481957405,0.0052,0.0364,0.0092,0.05,0.4407581798941799,0.4812080423280424,0.006,0.0092,0.55924182010582,-1,0.0116,0.0,0.00010526315789473685,0.0,0.0,0.0,5,0.05000500050005,phash_adaptive,0.05,pdq,256,frequency,median,bit_llr,mad,2.254,0.094
0.5183157178947368,0.48203253473684216,0.053660151946117784,0.0,0.024,0.0,0.05,0.43528897354497353,0.4179757883597883,0.0016,0.0016,0.5647110264550265,-1,0.008,0.2312,0.16610526315789473,0.0682569674067076,0.2312,0.10539752005835157,8468,0.046277569103342,phash_adaptive,0.05,pdq,256,frequency,median,bit_em,mad,2.254,0.892
0.36531273684210525,0.47403791999999995,0.03696715742197377,0.0024,0.0156,0.0024,0.05,0.2978828783068783,0.46183801058201057,0.0008,0.0008,0.7021171216931217,-1,0.0368,0.0012,0.0084,0.007462686567164179,0.0012,0.002067539627842867,402,0.05034477196661156,phash_adaptive,0.05,pdq,256,frequency,median,hamming_knn,mad,2.254,0.467
0.35673953684210524,0.42440023578947367,0.03838785030969656,0.0004,0.006,0.0004,0.05,0.3101244867724868,0.47551352380952383,0.0008,0.0008,0.6898755132275132,-1,0.0008,0.0008,0.010231578947368421,0.004098360655737705,0.0008,0.0013386880856760374,488,0.050452415576021974,phash_adaptive,0.05,pdq,256,frequency,median,hamming_ball,mad,2.254,0.463
0.5117824505263158,0.5070473684210526,0.05237016581881554,0.01,0.0596,0.01,0.05,0.5200338624338624,0.5153100529100529,0.0136,0.0136,0.5200338624338624,1,0.0144,0.0036,0.002842105263157895,0.0625,0.0036,0.00680786686838124,144,0.049963896020539154,phash_adaptive,0.05,pdq,256,frequency,median,hash_spectral,mad,2.254,0.055
0.6364006694736842,0.4909889936842105,0.07575936413946399,0.0132,0.0872,0.004,0.05,0.6831189417989418,0.509560888888889,0.026,0.0068,0.6831189417989418,1,0.026,0.0016,0.0016210526315789473,0.04938271604938271,0.0016,0.0030995738086013174,81,0.05000100162262866,phash_adaptive,0.05,pdq,256,frequency,median,hash_stability,mad,2.254,0.028
0.42534126736842104,0.49956864842105264,0.04020682273133299,0.0,0.0208,0.0,0.05,0.39626950264550265,0.5051446772486772,0.004,0.012,0.6037304973544974,-1,0.012,0.0,0.0012210526315789474,0.0,0.0,0.0,58,0.050058067358135436,phash_adaptive,0.05,whash_haar,64,wavelet,median,bit_llr,mad,0.638,0.058
0.4486517347368421,0.4713697010526316,0.047472336129201084,0.0,0.0,0.0,0.05,0.42437316402116404,0.5419235555555555,0.0,0.0,0.5756268359788359,-1,0.0,0.0,0.3276842105263158,0.0,0.0,0.0,15565,0.0726005517641934,phash_adaptive,0.05,whash_haar,64,wavelet,median,bit_em,mad,0.638,0.29
0.4379125852631579,0.4982050105263157,0.0442319188104751,0.0092,0.0496,0.0092,0.05,0.39018091005291,0.48302361904761903,0.0028,0.0,0.60981908994709,-1,0.0252,0.0,4.210526315789474e-05,0.0,0.0,0.0,2,0.0500020000800032,phash_adaptive,0.05,whash_haar,64,wavelet,median,hamming_knn,mad,0.638,0.437
0.5122581263157894,0.18473496842105264,0.056647043306729095,0.0,0.0,0.0,0.05,0.41522366137566136,0.41522366137566136,0.0028,0.0028,0.5847763386243386,-1,0.0028,0.0156,0.16073684210526315,0.0050820953870211105,0.0156,0.0076666011401611955,7674,0.05814393044464396,phash_adaptive,0.05,whash_haar,64,wavelet,median,hamming_ball,mad,0.638,0.434
0.4300893810526316,0.48673039999999995,0.04479890966416212,0.0,0.0572,0.0,0.05,0.39525265608465604,0.46852228571428567,0.0,0.0,0.6047473439153439,-1,0.0096,0.118,0.10338947368421053,0.05666538609296965,0.118,0.07656371658447962,5206,0.04922534267982319,phash_adaptive,0.05,whash_haar,64,wavelet,median,block_collision,mad,0.638,0.16
0.4726848421052632,0.47714117473684214,0.04518524045953111,0.0012,0.0404,0.0012,0.05,0.45180592592592594,0.4781442962962963,0.0056,0.0056,0.5481940740740741,-1,0.0092,0.0,0.0003578947368421053,0.0,0.0,0.0,17,0.05001700578196587,phash_adaptive,0.05,whash_haar,64,wavelet,median,hash_spectral,mad,0.638,0.046
0.3940472589473684,0.5284139789473684,0.03943336300771732,0.0016,0.0204,0.0016,0.05,0.391626962962963,0.5184827936507936,0.0036,0.0044,0.608373037037037,-1,0.0128,0.0,0.0021473684210526318,0.0,0.0,0.0,102,0.050102208505350916,phash_adaptive,0.05,whash_haar,64,wavelet,median,hash_stability,mad,0.638,0.027
0.44505165052631585,0.4800616463157895,0.04173162762485132,0.0,0.0052,0.0,0.05,0.4108162962962963,0.48390730158730166,0.0052,0.0096,0.5891837037037038,-1,0.0096,0.0,0.004231578947368421,0.0,0.0,0.0,201,0.05020181128135103,phash_adaptive,0.05,whash_db4,169,wavelet,median,bit_llr,mad,1.573,0.078
0.318077014736842,0.6638132168421053,0.049893093426105525,0.0,0.0,0.0,0.05,0.4469195767195767,0.5492579470899469,0.0,0.0,0.5530804232804233,-1,0.0,0.5596,0.3898736842105263,0.07023797570037152,0.5596,0.12481042019805513,19918,0.0365999601090353,phash_adaptive,0.05,whash_db4,169,wavelet,median,bit_em,mad,1.573,0.599
0.44869720842105265,0.4735452757894737,0.04291471485371109,0.0,0.02,0.0,0.05,0.4088919365079365,0.4615118306878307,0.0028,0.0024,0.5911080634920636,-1,0.012,0.0,0.0,0.0,0.0,0.0,0,0.05,phash_adaptive,0.05,whash_db4,169,wavelet,median,hamming_knn,mad,1.573,0.449
0.47233055999999995,0.32605234526315796,0.04937133347911721,0.0,0.0,0.0,0.05,0.4365603386243385,0.4365603386243385,0.004,0.004,0.5634396613756615,-1,0.004,0.0212,0.10722105263157895,0.010299261562378547,0.0212,0.013863458017263929,5146,0.054554777723279976,phash_adaptive,0.05,whash_db4,169,wavelet,median,hamming_ball,mad,1.573,0.442
0.4710078105263158,0.48656692631578946,0.04488654823893391,0.0,0.0344,0.0,0.05,0.46767530158730153,0.49406429629629633,0.0092,0.0092,0.5323246984126985,-1,0.0128,0.0,0.0019789473684210528,0.0,0.0,0.0,94,0.05009417705285937,phash_adaptive,0.05,whash_db4,169,wavelet,median,hash_spectral,mad,1.573,0.053
0.46623402526315794,0.5162281810526316,0.047269022387210924,0.0088,0.0396,0.0104,0.05,0.44424402116402123,0.5356438941798942,0.0088,0.0104,0.5557559788359787,-1,0.0124,0.0028,0.0023789473684210525,0.058333333333333334,0.0028,0.0053435114503816794,120,0.04997995188452285,phash_adaptive,0.05,whash_db4,169,wavelet,median,hash_stability,mad,1.573,0.03
0.4386363536842105,0.46846967578947374,0.04136286050219348,0.0052,0.0248,0.0044,0.05,0.3971282962962963,0.44977667724867726,0.0032,0.0036,0.6028717037037037,-1,0.01,0.0,0.00037894736842105265,0.0,0.0,0.0,18,0.05001800648233364,phash_adaptive,0.05,mh,64,frequency,mean,bit_llr,mad,0.954,0.057
0.5247524715789473,0.51954408,0.05860452921196263,0.0,0.008,0.0,0.05,0.4530579047619047,0.42186205291005296,0.0028,0.0028,0.5469420952380952,-1,0.0064,0.0,0.02705263157894737,0.0,0.0,0.0,1285,0.051318895617366314,phash_adaptive,0.05,mh,64,frequency,mean,bit_em,mad,0.954,0.297
0.36962624842105263,0.49391788210526316,0.03685586946349485,0.0008,0.0104,0.0008,0.05,0.3121314708994709,0.49147089947089956,0.0036,0.0036,0.6878685291005291,-1,0.0284,0.0,0.00888421052631579,0.0,0.0,0.0,422,0.05042559199645004,phash_adaptive,0.05,mh,64,frequency,mean,hamming_knn,mad,0.954,0.449
0.37738854736842103,0.45070002105263157,0.03851372464937805,0.0,0.0132,0.0,0.05,0.316445291005291,0.45421015873015874,0.0016,0.0016,0.6835547089947089,-1,0.0016,0.0108,0.03993684210526316,0.014033264033264034,0.0108,0.012206148282097649,1924,0.05143938763624262,phash_adaptive,0.05,mh,64,frequency,mean,hamming_ball,mad,0.954,0.439
0.38454030736842104,0.6090889684210526,0.04841342731337208,0.0188,0.0592,0.0188,0.05,0.3461790052910053,0.4360204867724868,0.0024,0.0024,0.6538209947089947,-1,0.0024,0.082,0.06524210526315789,0.062046004842615014,0.082,0.07064093728463129,3304,0.049147678602021586,phash_adaptive,0.05,mh,64,frequency,mean,block_collision,mad,0.954,0.152
0.45152204631578946,0.4719382442105263,0.042493377870872893,0.0028,0.0196,0.0028,0.05,0.4355294391534391,0.4643327407407407,0.0044,0.0044,0.5644705608465609,-1,0.012,0.0,0.003431578947368421,0.0,0.0,0.0,163,0.050163533117964565,phash_adaptive,0.05,mh,64,frequency,mean,hash_spectral,mad,0.954,0.045
0.48665843368421047,0.4887913978947368,0.047824641957807244,0.0084,0.0304,0.0084,0.05,0.46972926984126984,0.4548710264550264,0.0076,0.0076,0.5302707301587302,-1,0.0076,0.0076,0.006252631578947368,0.060126582278481014,0.0076,0.013494318181818182,316,0.04993559294742774,phash_adaptive,0.05,mh,64,frequency,mean,hash_stability,mad,0.954,0.027
0.4102068842105263,0.4666502315789474,0.0395814092008671,0.0,0.0,0.0,0.05,0.3051615661375662,0.4613525502645503,0.004,0.0032,0.6948384338624338,-1,0.0424,0.0,0.03637894736842105,0.0,0.0,0.0,1728,0.05178985747431223,phash_adaptive,0.05,colorhash,42,colour,quantisation,bit_llr,mad,2.507,0.05
0.4427155578947368,0.5124605852631579,0.0448630180421047,0.0,0.0,0.0,0.05,0.32454912169312167,0.34027407407407406,0.0,0.0,0.6754508783068783,-1,0.0028,0.248,0.41157894736842104,0.030738720872583045,0.248,0.054697838553153945,20170,0.06302380154207174,phash_adaptive,0.05,colorhash,42,colour,quantisation,bit_em,mad,2.507,0.24
0.44425508631578947,0.5166597515789474,0.049146379949568754,0.0,0.0,0.0064,0.05,0.36662645502645497,0.5181493756613756,0.0,0.0208,0.633373544973545,-1,0.0208,0.0048,0.008,0.030612244897959183,0.0048,0.008298755186721992,392,0.05015320109659732,phash_adaptive,0.05,colorhash,42,colour,quantisation,hamming_knn,mad,2.507,0.338
0.4010943242105264,0.49683801684210527,0.04786354546126091,0.0,0.0352,0.0,0.05,0.36580063492063497,0.3970813121693122,0.0,0.0,0.634199365079365,-1,0.0,0.2328,0.2707157894736842,0.04330034967636336,0.2328,0.07301925851577692,13441,0.052463141770836184,phash_adaptive,0.05,colorhash,42,colour,quantisation,hamming_ball,mad,2.507,0.32
0.45331406736842106,0.4732034736842105,0.04351963502751317,0.0,0.0,0.0,0.05,0.47297938624338626,0.45800753439153435,0.0028,0.0108,0.5270206137566138,-1,0.0108,0.0,0.006736842105263158,0.0,0.0,0.0,320,0.05032206119162641,phash_adaptive,0.05,colorhash,42,colour,quantisation,hash_spectral,mad,2.507,0.041
0.6402814189473685,0.5649949010526316,0.08532037411643789,0.0232,0.0568,0.0232,0.05,0.6335886137566138,0.586480761904762,0.0232,0.0232,0.6335886137566138,1,0.0232,0.0068,0.0009052631578947368,0.2833333333333333,0.0068,0.01328125,60,0.04971966359631558,phash_adaptive,0.05,colorhash,42,colour,quantisation,hash_stability,mad,2.507,0.024
0.5350756715789474,0.47460456,0.0527251352973315,0.0084,0.0408,0.0072,0.05,0.551410201058201,0.4665421798941799,0.01,0.0084,0.551410201058201,1,0.01,0.0,0.0003368421052631579,0.0,0.0,0.0,16,0.05001600512163892,phash_adaptive,0.05,rhash8,64,residual,zero,bit_llr,mad,0.513,0.057
0.4819800168421053,0.4798237852631579,0.049379234702092,0.0,0.0124,0.0,0.05,0.42868313227513233,0.4096317037037037,0.0024,0.0024,0.5713168677248677,-1,0.0072,0.138,0.08654736842105264,0.07742369838420107,0.138,0.09919493962047153,4456,0.04731688037941331,phash_adaptive,0.05,rhash8,64,residual,zero,bit_em,mad,0.513,0.297
0.4321160378947368,0.4734906778947368,0.042624674021010084,0.0052,0.0232,0.0052,0.05,0.3958018201058201,0.4455106878306878,0.0012,0.0012,0.6041981798941799,-1,0.0112,0.002,0.005326315789473684,0.01937984496124031,0.002,0.0036258158085569255,258,0.05015881950866471,phash_adaptive,0.05,rhash8,64,residual,zero,hamming_knn,mad,0.513,0.448
0.428962812631579,0.4880972378947368,0.04339659285996208,0.004,0.0324,0.004,0.05,0.4016694603174603,0.44109870899470904,0.0016,0.0016,0.5983305396825397,-1,0.002,0.01,0.018821052631578947,0.02720348204570185,0.01,0.014624159110851126,919,0.050426845418797495,phash_adaptive,0.05,rhash8,64,residual,zero,hamming_ball,mad,0.513,0.444
0.5717552757894737,0.4248262442105263,0.059284801504405356,0.018,0.042,0.018,0.05,0.420674582010582,0.4399050582010582,0.002,0.002,0.5793254179894181,-1,0.002,0.0244,0.01846315789473684,0.0650319829424307,0.0244,0.035485747527632346,938,0.049712608536137945,phash_adaptive,0.05,rhash8,64,residual,zero,block_collision,mad,0.513,0.152
0.47092669473684207,0.48090412631578944,0.045360389649740984,0.0056,0.0376,0.0056,0.05,0.4536001693121693,0.46442243386243387,0.0024,0.0024,0.5463998306878307,-1,0.0144,0.0044,0.008736842105263157,0.025821596244131457,0.0044,0.007518796992481203,426,0.05020777020212208,phash_adaptive,0.05,rhash8,64,residual,zero,hash_spectral,mad,0.513,0.046
0.582717532631579,0.504409507368421,0.0650411219948838,0.0176,0.0644,0.0108,0.05,0.6228994708994711,0.4676366560846561,0.01,0.0032,0.6228994708994711,1,0.01,0.0016,0.0018736842105263158,0.043010752688172046,0.0016,0.0030852294639413806,93,0.05001302422505861,phash_adaptive,0.05,rhash8,64,residual,zero,hash_stability,mad,0.513,0.027
0.5396246442105262,0.47479764631578947,0.05462136229013956,0.012,0.044,0.0132,0.05,0.5553107301587302,0.46605578835978834,0.0084,0.0092,0.5553107301587302,1,0.0084,0.004,0.001831578947368421,0.10309278350515463,0.004,0.007701193685021178,97,0.0498967997915957,phash_adaptive,0.05,rhash16,256,residual,zero,bit_llr,mad,0.588,0.093
0.5083558863157895,0.5133371031578947,0.05193960855382751,0.0,0.0,0.0,0.05,0.45816207407407405,0.40125583068783066,0.0,0.0,0.541837925925926,-1,0.0,0.0,0.11166315789473684,0.0,0.0,0.0,5304,0.05593341686056918,phash_adaptive,0.05,rhash16,256,residual,zero,bit_em,mad,0.588,0.902
0.3936705852631579,0.4744843747368422,0.03836991901009013,0.0048,0.0196,0.0048,0.05,0.339202328042328,0.45569379894179896,0.0084,0.0084,0.660797671957672,-1,0.018,0.008,0.013347368421052632,0.03058103975535168,0.008,0.012682308180088777,654,0.050257366351882625,phash_adaptive,0.05,rhash16,256,residual,zero,hamming_knn,mad,0.588,0.473
0.40420091789473683,0.48977941894736843,0.04198335042221292,0.006,0.0264,0.006,0.05,0.34617900529100526,0.4257935238095238,0.0024,0.0024,0.6538209947089948,-1,0.0024,0.0264,0.04263157894736842,0.03156384505021521,0.0264,0.028751905902853408,2091,0.05080465048320775,phash_adaptive,0.05,rhash16,256,residual,zero,hamming_ball,mad,0.588,0.467
0.3930661010526316,0.5890925052631579,0.05064804371858503,0.026,0.072,0.026,0.05,0.372570835978836,0.43431741798941803,0.0048,0.0048,0.627429164021164,-1,0.0048,0.1104,0.08391578947368421,0.0647583294228062,0.1104,0.08163265306122448,4262,0.04862477589750317,phash_adaptive,0.05,rhash16,256,residual,zero,block_collision,mad,0.588,0.706
0.4278556378947368,0.45315110736842107,0.04024490464205396,0.0036,0.022,0.0036,0.05,0.3899122116402116,0.436797164021164,0.0052,0.0052,0.6100877883597884,-1,0.0164,0.008,0.016652631578947367,0.02466091245376079,0.008,0.012080942313500454,811,0.05041777633210677,phash_adaptive,0.05,rhash16,256,residual,zero,hash_spectral,mad,0.588,0.056
0.6032404715789473,0.48656805473684206,0.06629796468168396,0.0124,0.0668,0.0064,0.05,0.6407554285714285,0.470346708994709,0.0124,0.006,0.6407554285714285,1,0.0124,0.0032,0.0054736842105263155,0.029850746268656716,0.0032,0.005780346820809248,268,0.05010858199951741,phash_adaptive,0.05,rhash16,256,residual,zero,hash_stability,mad,0.588,0.03
1.0,0.9999999999999999,1.0,1.0,1.0,1.0,0.05,1.0,1.0,1.0,1.0,1.0,1,1.0,1.0,0.001494736842105263,0.9723842862699339,1.0,0.9859988168014199,2571,0.0,phash_adaptive,0.05,rhash32,1024,residual,zero,bit_llr,mad,0.461,0.24
0.7120722947368421,0.665655292631579,0.15426799470692482,0.0,0.0,0.0,0.05,1.0,1.0,1.0,1.0,1.0,1,1.0,0.0,0.3250315789473684,0.0,0.0,0.0,15439,0.07233586991117155,phash_adaptive,0.05,rhash32,1024,residual,zero,bit_em,mad,0.461,4.081
0.9977566568421052,0.9977566568421052,0.9007358155844077,0.9944,1.0,0.9944,0.05,1.0,1.0,1.0,1.0,1.0,1,1.0,1.0,0.034084210526315786,0.6069434328720563,1.0,0.7554011179936546,4119,0.0,phash_adaptive,0.05,rhash32,1024,residual,zero,hamming_knn,mad,0.461,0.565
0.6070528168421052,0.3294266778947368,0.06499017327031927,0.0,0.036,0.0,0.05,0.6903341375661376,0.6903341375661376,0.3584,0.3584,0.6903341375661376,1,0.3584,0.1012,0.07654736842105263,0.065055284134739,0.1012,0.07919862263264987,3889,0.04873023790418772,phash_adaptive,0.05,rhash32,1024,residual,zero,hamming_ball,mad,0.461,0.552
0.999756012631579,0.9996966189473684,0.9996310875171579,0.9996,0.9996,0.9996,0.05,0.9997889947089946,0.9997582645502646,0.9996,0.9996,0.9997889947089946,1,0.9996,0.9996,0.014484210526315789,0.7841229996862253,0.9996,0.8788464919992967,3187,2.1361587593189926e-05,phash_adaptive,0.05,rhash32,1024,residual,zero,block_collision,mad,0.461,3.184
0.9660755536842104,0.964554867368421,0.683737187572495,0.5672,0.8764,0.5672,0.05,0.9900478306878305,0.9873035767195767,0.9708,0.956,0.9900478306878305,1,0.9708,0.7896,0.02797894736842105,0.59763851044505,0.7896,0.6803377563329313,3303,0.011264106901942308,phash_adaptive,0.05,rhash32,1024,residual,zero,hash_spectral,mad,0.461,0.181
0.7607824505263158,0.5003448463157897,0.09301767534723746,0.002,0.0208,0.0004,0.05,0.9121919576719577,0.5209341375661376,0.0704,0.0016,0.9121919576719577,1,0.0704,0.0,0.0052,0.0,0.0,0.0,247,0.05024822623761381,phash_adaptive,0.05,rhash32,1024,residual,zero,hash_stability,mad,0.461,0.033
0.5305751915789474,0.47270016421052635,0.05321897905119849,0.0108,0.0488,0.0112,0.05,0.5452248042328042,0.46388156613756615,0.0108,0.0104,0.5452248042328042,1,0.0108,0.0048,0.0022105263157894735,0.10256410256410256,0.0048,0.009170806266717615,117,0.04987671150492152,phash_adaptive,0.05,rhash_rgb,768,residual,zero,bit_llr,mad,1.638,0.195
0.2759396505263158,0.4894203663157894,0.034095727877349366,0.0,0.0,0.0,0.05,0.4464336084656085,0.49004969312169316,0.0,0.0,0.5535663915343916,-1,0.0,0.0,0.18147368421052631,0.0,0.0,0.0,8620,0.06041565973900435,phash_adaptive,0.05,rhash_rgb,768,residual,zero,bit_em,mad,1.638,2.939
0.4327722947368421,0.45205245894736845,0.041061121785513285,0.0064,0.0268,0.0064,0.05,0.3851024761904762,0.4269988571428571,0.0064,0.0064,0.6148975238095238,-1,0.0064,0.0092,0.01425263157894737,0.032857142857142856,0.0092,0.014375,700,0.05024340770791075,phash_adaptive,0.05,rhash_rgb,768,residual,zero,hamming_knn,mad,1.638,0.533
0.4557684884210526,0.43073729263157895,0.045088623287824196,0.0048,0.034,0.0048,0.05,0.3876921481481481,0.40784097354497356,0.0024,0.0024,0.6123078518518519,-1,0.0024,0.0248,0.03686315789473684,0.03419746276889134,0.0248,0.028750289821469974,1813,0.05059455869840413,phash_adaptive,0.05,rhash_rgb,768,residual,zero,hamming_ball,mad,1.638,0.522
0.4538868505263158,0.477810054736842,0.04469091077053958,0.0,0.0068,0.0,0.05,0.3675727407407408,0.43864283597883597,0.0068,0.0068,0.6324272592592592,-1,0.0068,0.0268,0.06037894736842105,0.02282793867120954,0.0268,0.02465501379944802,2935,0.051694465101455436,phash_adaptive,0.05,rhash_rgb,768,residual,zero,block_collision,mad,1.638,2.086
0.4293295873684211,0.45986088,0.04058530458576138,0.0064,0.0236,0.0064,0.05,0.3977657142857143,0.4453378201058201,0.0064,0.0064,0.6022342857142857,-1,0.0164,0.0096,0.01871578947368421,0.02628696604600219,0.0096,0.014063873425139173,913,0.05044105363945647,phash_adaptive,0.05,rhash_rgb,768,residual,zero,hash_spectral,mad,1.638,0.115
0.6040992505263157,0.4828263452631579,0.0655399146125802,0.0112,0.0652,0.0064,0.05,0.6520600634920635,0.4704732698412698,0.0136,0.0056,0.6520600634920635,1,0.0136,0.0032,0.006063157894736842,0.02702702702702703,0.0032,0.005722460658082976,296,0.050136809914695,phash_adaptive,0.05,rhash_rgb,768,residual,zero,hash_stability,mad,1.638,0.034
0.43680701052631576,0.43937700631578946,0.040909454151885,0.0024,0.0308,0.0008,0.05,0.38471365079365083,0.41606052910052904,0.0072,0.0044,0.6152863492063492,-1,0.0072,0.0,0.0010105263157894737,0.0,0.0,0.0,48,0.05004804612427931,phash_adaptive,0.05,rhash_energy,256,residual,mean,bit_llr,mad,0.6,0.093
0.1213343494736842,0.6864546778947368,0.04162161403116827,0.0,0.0,0.0,0.05,0.15248871957671958,0.8131795978835978,0.0,0.0,0.8475112804232804,-1,0.0,0.0,0.14284210526315788,0.0,0.0,0.0,6785,0.057850283466388985,phash_adaptive,0.05,rhash_energy,256,residual,mean,bit_em,mad,0.6,0.893
0.265456732631579,0.520864092631579,0.03098561387179232,0.0,0.0,0.0,0.05,0.15748338624338626,0.5462427513227514,0.0,0.0,0.8425166137566138,-1,0.1716,0.0,0.0006947368421052632,0.0,0.0,0.0,33,0.05003302179438429,phash_adaptive,0.05,rhash_energy,256,residual,mean,hamming_knn,mad,0.6,0.463
0.4956526021052632,0.15078851789473682,0.06424011680302699,0.0,0.0,0.0,0.05,0.31838776719576717,0.31838776719576717,0.0,0.0,0.6816122328042329,-1,0.0,0.0004,0.1684,0.000125,0.0004,0.00019047619047619048,8000,0.0595,phash_adaptive,0.05,rhash_energy,256,residual,mean,hamming_ball,mad,0.6,0.45
0.16448678315789472,0.8400228336842106,0.029764767704329093,0.0,0.0,0.0,0.05,0.16941760846560847,0.8160200211640212,0.0,0.2816,0.8305823915343915,-1,0.2816,0.7996,0.1760421052631579,0.19293504487983784,0.7996,0.3108622968664956,10361,0.012639067584954212,phash_adaptive,0.05,rhash_energy,256,residual,mean,block_collision,mad,0.6,0.708
0.5562294568421052,0.5520430694736842,0.06081368967429229,0.0076,0.0728,0.0076,0.05,0.6089587724867724,0.5871004867724867,0.1228,0.1228,0.6089587724867724,1,0.1228,0.0004,0.0013473684210526316,0.015384615384615385,0.0004,0.0007797270955165692,65,0.05004505857614899,phash_adaptive,0.05,rhash_energy,256,residual,mean,hash_spectral,mad,0.6,0.055
0.32204753684210524,0.4795746357894738,0.033903566577036894,0.0016,0.0052,0.004,0.05,0.2308744973544974,0.4801843386243386,0.0028,0.0028,0.7691255026455026,-1,0.0028,0.0008,0.0020421052631578946,0.020202020202020204,0.0008,0.0015390534821085034,99,0.05005911705176249,phash_adaptive,0.05,rhash_energy,256,residual,mean,hash_stability,mad,0.6,0.032
0.5407230105263158,0.47443802947368424,0.0547491518644626,0.0112,0.0488,0.0124,0.05,0.5542226031746031,0.4640339894179894,0.0076,0.0084,0.5542226031746031,1,0.0076,0.004,0.0019789473684210528,0.09615384615384616,0.004,0.007680491551459293,104,0.0499037999037999,phash_adaptive,0.05,ahash_res,256,residual,mean,bit_llr,mad,0.587,0.092
0.5189981305263157,0.5235338357894737,0.054122135411321916,0.0,0.0,0.0,0.05,0.46104503703703703,0.4060675132275132,0.0,0.0,0.538954962962963,-1,0.0,0.256,0.1508421052631579,0.08199871877001921,0.256,0.12421154779233382,7805,0.04408105225737647,phash_adaptive,0.05,ahash_res,256,residual,mean,bit_em,mad,0.587,0.89
0.39898393684210526,0.4740996294736842,0.038710546904644816,0.0048,0.0192,0.0048,0.05,0.33828097354497355,0.45622929100529097,0.0068,0.0068,0.6617190264550264,-1,0.0244,0.0084,0.013894736842105264,0.030837004405286344,0.0084,0.013203395158755108,681,0.05026460390518867,phash_adaptive,0.05,ahash_res,256,residual,mean,hamming_knn,mad,0.587,0.471
0.38954807578947365,0.4682851284210526,0.04053245442799684,0.004,0.0224,0.004,0.05,0.3458926560846561,0.4454115978835979,0.0028,0.0028,0.654107343915344,-1,0.0028,0.016,0.03747368421052632,0.02197802197802198,0.016,0.018518518518518517,1820,0.05105853051058531,phash_adaptive,0.05,ahash_res,256,residual,mean,hamming_ball,mad,0.587,0.465
0.39514310736842106,0.5916985305263158,0.05154172151478011,0.0264,0.0788,0.0264,0.05,0.37361037037037037,0.43625303703703705,0.0048,0.0048,0.6263896296296296,-1,0.0048,0.1172,0.08507368421052632,0.06760498384863867,0.1172,0.08574773192859234,4334,0.04832917268865239,phash_adaptive,0.05,ahash_res,256,residual,mean,block_collision,mad,0.587,0.709
0.42557973473684213,0.4540343368421053,0.040059228061943654,0.0032,0.0208,0.0032,0.05,0.389320126984127,0.43619276190476186,0.0052,0.0052,0.610679873015873,-1,0.0124,0.008,0.016589473684210525,0.024752475247524754,0.008,0.012091898428053204,808,0.050414701577492275,phash_adaptive,0.05,ahash_res,256,residual,mean,hash_spectral,mad,0.587,0.055
0.5874544210526316,0.4791572463157894,0.06284984885521218,0.0112,0.0596,0.0068,0.05,0.6388156190476191,0.4615734603174603,0.0132,0.0052,0.6388156190476191,1,0.0132,0.002,0.0049684210526315786,0.02074688796680498,0.002,0.0036483035388544327,241,0.050141682911634074,phash_adaptive,0.05,ahash_res,256,residual,mean,hash_stability,mad,0.587,0.03
0.38016679578947365,0.5220190231578947,0.036621963894068965,0.0,0.0,0.0,0.05,0.36629299470899473,0.5185847195767196,0.0032,0.018,0.6337070052910052,-1,0.018,0.0,0.0009052631578947368,0.0,0.0,0.0,43,0.050043037011830174,phash_adaptive_ss,0.05,ahash,64,spatial,mean,bit_llr,mad,0.145,0.057
0.6564959957894737,0.5552458189473684,0.14863766714305077,0.0,0.4064,0.0,0.05,0.4212284867724868,0.44924440211640215,0.0,0.0,0.5787715132275132,-1,0.0,0.4092,0.37549473684210527,0.05424465772310303,0.4092,0.09579100145137881,18859,0.047429433865322244,phash_adaptive_ss,0.05,ahash,64,spatial,mean,bit_em,mad,0.145,0.291
0.4123602484210526,0.49731364631578945,0.04092297412098276,0.0084,0.0412,0.0048,0.05,0.3593522116402117,0.49170319576719573,0.0028,0.0028,0.6406477883597883,-1,0.0308,0.0,0.0,0.0,0.0,0.0,0,0.05,phash_adaptive_ss,0.05,ahash,64,spatial,mean,hamming_knn,mad,0.145,0.435
0.509724665263158,0.1829001684210526,0.059053211456879535,0.0,0.0,0.0,0.05,0.40260698412698415,0.40260698412698415,0.0032,0.0032,0.5973930158730159,-1,0.0032,0.0168,0.1532842105263158,0.005735354362965997,0.0168,0.008551359055278427,7323,0.05759542610773953,phash_adaptive_ss,0.05,ahash,64,spatial,mean,hamming_ball,mad,0.145,0.433
0.4138776505263158,0.47520679999999993,0.04502283339098826,0.0,0.0,0.0,0.05,0.37335060317460317,0.4621507301587302,0.0,0.0,0.6266493968253968,-1,0.03,0.156,0.10686315789473684,0.07135016465422613,0.156,0.09791614361034397,5466,0.0473795302465532,phash_adaptive_ss,0.05,ahash,64,spatial,mean,block_collision,mad,0.145,0.16
0.5084589768421053,0.4695284547368421,0.04940343094488038,0.0008,0.0488,0.0008,0.05,0.4837838306878307,0.46757633862433867,0.008,0.008,0.5162161693121693,-1,0.008,0.0,0.0009263157894736842,0.0,0.0,0.0,44,0.05004403875410361,phash_adaptive_ss,0.05,ahash,64,spatial,mean,hash_spectral,mad,0.145,0.046
0.42261643368421054,0.4721823242105263,0.040877147217379985,0.0,0.0116,0.0,0.05,0.3879484444444445,0.5065566137566138,0.0064,0.0096,0.6120515555555555,-1,0.0124,0.0,0.0005684210526315789,0.0,0.0,0.0,27,0.05002701458787746,phash_adaptive_ss,0.05,ahash,64,spatial,mean,hash_stability,mad,0.145,0.029
0.3776786315789474,0.5420057642105263,0.03689935830817711,0.0,0.0,0.0,0.05,0.3832672169312169,0.5520486772486772,0.0076,0.0356,0.6167327830687831,-1,0.0356,0.0,0.0015578947368421053,0.0,0.0,0.0,74,0.05007410968232985,phash_adaptive_ss,0.05,ahash4,16,spatial,mean,bit_llr,mad,0.134,0.048
0.6534186947368421,0.5833539115789474,0.14505256076251166,0.048,0.4276,0.0,0.05,0.42717202116402114,0.46308177777777776,0.0,0.0,0.5728279788359789,-1,0.0,0.3868,0.15618947368421052,0.11531123300739328,0.3868,0.1776593790189234,8386,0.036838563944826264,phash_adaptive_ss,0.05,ahash4,16,spatial,mean,bit_em,mad,0.134,0.148
0.4565779242105263,0.4920509978947368,0.048997944159447825,0.0,0.0612,0.0016,0.05,0.3936189629629629,0.47520973544973544,0.0,0.0128,0.606381037037037,-1,0.0128,0.0,2.105263157894737e-05,0.0,0.0,0.0,1,0.0500010000200004,phash_adaptive_ss,0.05,ahash4,16,spatial,mean,hamming_knn,mad,0.134,0.396
0.37762858105263153,0.43007126736842105,0.04920691544137727,0.0,0.0444,0.0,0.05,0.42181413756613756,0.44477591534391536,0.0,0.0,0.5781858624338625,-1,0.0,0.0728,0.12191578947368421,0.030470450359953122,0.0728,0.04295999055824384,5973,0.05264951052763077,phash_adaptive_ss,0.05,ahash4,16,spatial,mean,hamming_ball,mad,0.134,0.394
0.44560859789473684,0.47802390736842104,0.04978669466261345,0.0312,0.0444,0.0312,0.05,0.4018493121693122,0.4275664761904762,0.0,0.0,0.5981506878306878,-1,0.0,0.142,0.1870736842105263,0.03841575587057678,0.142,0.06047185077932033,9241,0.05262641379817954,phash_adaptive_ss,0.05,ahash4,16,spatial,mean,block_collision,mad,0.134,0.04
0.5119860463157895,0.48745555368421056,0.0514190349498406,0.0,0.0572,0.0,0.05,0.4973677037037037,0.4889867513227513,0.0,0.0,0.5026322962962964,-1,0.0172,0.0,0.0022736842105263158,0.0,0.0,0.0,108,0.050108233784975545,phash_adaptive_ss,0.05,ahash4,16,spatial,mean,hash_spectral,mad,0.134,0.043
0.41930625263157895,0.3810757178947369,0.04159796935087148,0.0,0.0008,0.0,0.05,0.406879365079365,0.4976669629629629,0.0016,0.0016,0.593120634920635,-1,0.0016,0.0,0.0031789473684210525,0.0,0.0,0.0,151,0.05015145740135208,phash_adaptive_ss,0.05,ahash4,16,spatial,mean,hash_stability,mad,0.134,0.026
0.3810508210526316,0.5020347157894737,0.036517017425346826,0.0,0.0,0.0,0.05,0.3584358095238095,0.4977376507936508,0.0024,0.0084,0.6415641904761905,-1,0.0084,0.0,0.0005684210526315789,0.0,0.0,0.0,27,0.05002701458787746,phash_adaptive_ss,0.05,ahash16,256,spatial,mean,bit_llr,mad,0.196,0.093
0.4091643705263158,0.35076032000000007,0.05315597336210694,0.0,0.0,0.0,0.05,0.40155944973544977,0.5984405502645502,0.0,0.0,0.5984405502645502,-1,0.0,0.0,0.29547368421052633,0.0,0.0,0.0,14035,0.06951202558042541,phash_adaptive_ss,0.05,ahash16,256,spatial,mean,bit_em,mad,0.196,0.879
0.3888907410526316,0.5103557136842105,0.038428714736710855,0.006,0.0364,0.006,0.05,0.33215513227513227,0.5025021375661376,0.0032,0.0032,0.6678448677248677,-1,0.042,0.0,0.0,0.0,0.0,0.0,0,0.05,phash_adaptive_ss,0.05,ahash16,256,spatial,mean,hamming_knn,mad,0.196,0.455
0.5372671705263157,0.19721224842105262,0.062485295241550574,0.0,0.0,0.0,0.05,0.40484558730158726,0.40484558730158726,0.0028,0.0028,0.5951544126984127,-1,0.0028,0.014,0.1619157894736842,0.004530157908361377,0.014,0.006845296303539996,7726,0.05831007238491744,phash_adaptive_ss,0.05,ahash16,256,spatial,mean,hamming_ball,mad,0.196,0.444
0.29007060631578946,0.7068498821052632,0.03876047585817656,0.0,0.0,0.044,0.05,0.3759665185185186,0.610556656084656,0.0,0.0332,0.6240334814814814,-1,0.0332,0.548,0.08214736842105264,0.25986342943854324,0.548,0.35254760679361813,5272,0.025263816848506527,phash_adaptive_ss,0.05,ahash16,256,spatial,mean,block_collision,mad,0.196,0.701
0.5049396968421052,0.46179113263157895,0.04864386138862238,0.0028,0.0412,0.0028,0.05,0.47882120634920633,0.45302184126984124,0.0048,0.0048,0.5211787936507937,-1,0.01,0.0,0.0006526315789473684,0.0,0.0,0.0,31,0.050031019231923796,phash_adaptive_ss,0.05,ahash16,256,spatial,mean,hash_spectral,mad,0.196,0.056
0.4755898189473684,0.5224943242105262,0.048748255052515135,0.0108,0.052,0.014,0.05,0.4636485925925926,0.5184224761904762,0.0044,0.0036,0.5363514074074074,-1,0.0096,0.0008,0.0013473684210526316,0.030303030303030304,0.0008,0.001558846453624318,66,0.05002603436536228,phash_adaptive_ss,0.05,ahash16,256,spatial,mean,hash_stability,mad,0.196,0.033
0.38241754105263165,0.4587523410526316,0.03639748143699559,0.0,0.0004,0.0,0.05,0.3428624761904763,0.4431084021164021,0.0004,0.004,0.6571375238095237,-1,0.004,0.0,0.0005263157894736842,0.0,0.0,0.0,25,0.05002501250625312,phash_adaptive_ss,0.05,ahash32,1024,spatial,mean,bit_llr,mad,0.355,0.249
0.33328476210526314,0.5321654021052632,0.047358512397406384,0.0,0.0,0.0,0.05,0.3868368677248677,0.6131631322751323,0.0,0.0,0.6131631322751323,-1,0.0,0.0,0.14926315789473685,0.0,0.0,0.0,7090,0.05826147751106968,phash_adaptive_ss,0.05,ahash32,1024,spatial,mean,bit_em,mad,0.355,4.071
0.31700554105263157,0.5389035536842105,0.033316775840553974,0.0012,0.016,0.006,0.05,0.2357955555555556,0.5453635555555556,0.0016,0.0096,0.7642044444444445,-1,0.1364,0.0,2.105263157894737e-05,0.0,0.0,0.0,1,0.0500010000200004,phash_adaptive_ss,0.05,ahash32,1024,spatial,mean,hamming_knn,mad,0.355,0.546
0.4642189010526316,0.22129430315789472,0.055918295085358394,0.0,0.0,0.0,0.05,0.36860749206349197,0.36860749206349197,0.002,0.002,0.631392507936508,-1,0.002,0.01,0.14277894736842106,0.003672689878066696,0.01,0.0053723004190394325,6807,0.05730095154307411,phash_adaptive_ss,0.05,ahash32,1024,spatial,mean,hamming_ball,mad,0.355,0.531
0.32767017684210525,0.7088707915789474,0.039818117700431574,0.0,0.0,0.0068,0.05,0.34007559788359787,0.616352761904762,0.0,0.0892,0.6599244021164021,-1,0.0892,0.522,0.16132631578947368,0.14551739518287243,0.522,0.22758981513777468,8968,0.02912361084031975,phash_adaptive_ss,0.05,ahash32,1024,spatial,mean,block_collision,mad,0.355,2.944
0.4880011663157895,0.451667772631579,0.04632678847900724,0.0048,0.0364,0.0048,0.05,0.44744139682539685,0.427599873015873,0.0024,0.0024,0.5525586031746031,-1,0.0084,0.0,0.00048421052631578945,0.0,0.0,0.0,23,0.05002301058486904,phash_adaptive_ss,0.05,ahash32,1024,spatial,mean,hash_spectral,mad,0.355,0.182
0.5161129136842105,0.5018967663157895,0.051421411181624486,0.0024,0.0424,0.004,0.05,0.5147401058201059,0.4979489523809524,0.0,0.0,0.5147401058201059,1,0.004,0.0,0.001663157894736842,0.0,0.0,0.0,79,0.0500791250175277,phash_adaptive_ss,0.05,ahash32,1024,spatial,mean,hash_stability,mad,0.355,0.036
0.4251699494736842,0.4995173221052632,0.04018531456777344,0.0,0.0208,0.0,0.05,0.3962822010582011,0.5050902857142857,0.004,0.012,0.6037177989417989,-1,0.012,0.0,0.0012210526315789474,0.0,0.0,0.0,58,0.050058067358135436,phash_adaptive_ss,0.05,mhash,64,spatial,median,bit_llr,mad,0.17,0.058
0.46519342736842106,0.4941731284210527,0.05265648141443356,0.0,0.0,0.0,0.05,0.42453295238095234,0.541823873015873,0.0,0.0,0.5754670476190477,-1,0.0,0.0,0.3276842105263158,0.0,0.0,0.0,15565,0.0726005517641934,phash_adaptive_ss,0.05,mhash,64,spatial,median,bit_em,mad,0.17,0.294
0.4380457347368421,0.49762885894736836,0.044266666301264204,0.0092,0.0496,0.0092,0.05,0.39043136507936516,0.4823918306878307,0.0028,0.0,0.6095686349206348,-1,0.0252,0.0,4.210526315789474e-05,0.0,0.0,0.0,2,0.0500020000800032,phash_adaptive_ss,0.05,mhash,64,spatial,median,hamming_knn,mad,0.17,0.439
0.512220067368421,0.18472474105263156,0.05665322940099631,0.0,0.0,0.0,0.05,0.41499191534391533,0.41499191534391533,0.0028,0.0028,0.5850080846560847,-1,0.0028,0.0156,0.16073684210526315,0.0050820953870211105,0.0156,0.0076666011401611955,7674,0.05814393044464396,phash_adaptive_ss,0.05,mhash,64,spatial,median,hamming_ball,mad,0.17,0.434
0.4298147705263158,0.48663581052631577,0.044764361028242494,0.0,0.0572,0.0,0.05,0.3950078306878307,0.4684581587301587,0.0,0.0,0.6049921693121694,-1,0.0096,0.1176,0.10338947368421053,0.05648414985590778,0.1176,0.07631408176508761,5205,0.04924656769728764,phash_adaptive_ss,0.05,mhash,64,spatial,median,block_collision,mad,0.17,0.16
0.4726290526315789,0.4775001389473684,0.04519096460497456,0.0012,0.0408,0.0012,0.05,0.45169913227513225,0.4785542433862434,0.0056,0.0056,0.5483008677248677,-1,0.0092,0.0,0.0003578947368421053,0.0,0.0,0.0,17,0.05001700578196587,phash_adaptive_ss,0.05,mhash,64,spatial,median,hash_spectral,mad,0.17,0.046
0.3944995915789474,0.5285329221052631,0.039461329584797436,0.0016,0.0204,0.0016,0.05,0.39217519576719584,0.5186882539682539,0.004,0.0048,0.6078248042328042,-1,0.012,0.0,0.0021473684210526318,0.0,0.0,0.0,102,0.050102208505350916,phash_adaptive_ss,0.05,mhash,64,spatial,median,hash_stability,mad,0.17,0.028
0.36271066947368424,0.5445990778947368,0.035665720214371116,0.0,0.0004,0.002,0.05,0.33473464550264553,0.553408253968254,0.0024,0.0292,0.6652653544973545,-1,0.0292,0.0,0.001431578947368421,0.0,0.0,0.0,68,0.05006809260594408,phash_adaptive_ss,0.05,ahash_rgb,192,spatial,mean,bit_llr,mad,0.376,0.081
0.6590388968421053,0.6243451368421052,0.1617673537810762,0.0,0.4048,0.0,0.05,0.44310107936507936,0.44770459259259254,0.0,0.0,0.5568989206349206,-1,0.0,0.4316,0.39490526315789476,0.05439330543933055,0.4316,0.09661100416349555,19837,0.04711069853794384,phash_adaptive_ss,0.05,ahash_rgb,192,spatial,mean,bit_em,mad,0.376,0.661
0.41601043368421053,0.49316288421052634,0.04085567430282788,0.0084,0.038,0.0068,0.05,0.3687252063492063,0.4808747936507937,0.002,0.0012,0.6312747936507936,-1,0.0196,0.0,0.0,0.0,0.0,0.0,0,0.05,phash_adaptive_ss,0.05,ahash_rgb,192,spatial,mean,hamming_knn,mad,0.376,0.448
0.5227605768421052,0.1974216210526316,0.06102501882255921,0.0,0.0,0.0,0.05,0.42434518518518527,0.42434518518518527,0.0024,0.0024,0.5756548148148147,-1,0.0024,0.0164,0.16482105263157895,0.0052096569250317665,0.0164,0.007907425265188043,7870,0.058366959411345835,phash_adaptive_ss,0.05,ahash_rgb,192,spatial,mean,hamming_ball,mad,0.376,0.437
0.4465847284210527,0.46880508210526317,0.04899138871379712,0.0,0.0,0.0,0.05,0.3663299047619048,0.4576753015873016,0.0,0.0,0.6336700952380951,-1,0.0292,0.0,0.04187368421052631,0.0,0.0,0.0,1989,0.05207140030409698,phash_adaptive_ss,0.05,ahash_rgb,192,spatial,mean,block_collision,mad,0.376,0.431
0.5119991831578947,0.4955166357894737,0.05198693578647412,0.0088,0.0584,0.0088,0.05,0.4865852275132275,0.4955408677248677,0.01,0.01,0.5134147724867725,-1,0.01,0.0,0.0010736842105263159,0.0,0.0,0.0,51,0.050051052073114576,phash_adaptive_ss,0.05,ahash_rgb,192,spatial,mean,hash_spectral,mad,0.376,0.053
0.40843704,0.49320777684210526,0.03937429831312876,0.0012,0.0148,0.0012,0.05,0.3696976507936508,0.5033539894179895,0.0064,0.008,0.6303023492063492,-1,0.0156,0.0,0.0007157894736842105,0.0,0.0,0.0,34,0.0500340231357323,phash_adaptive_ss,0.05,ahash_rgb,192,spatial,mean,hash_stability,mad,0.376,0.033
0.409357827368421,0.4850763663157895,0.03917813616716551,0.006,0.02,0.0112,0.05,0.35546802116402115,0.47674467724867725,0.0024,0.0096,0.6445319788359789,-1,0.0256,0.0004,0.0,1.0,0.0004,0.0007996801279488205,1,0.0499809996199924,phash_adaptive_ss,0.05,dhash,64,spatial,pairwise,bit_llr,mad,0.145,0.075
0.5745322021052631,0.5723658063157895,0.06929378555587241,0.0,0.0,0.0,0.05,0.4942,0.48272639153439156,0.0,0.0,0.5058,-1,0.0,0.0,0.07869473684210526,0.0,0.0,0.0,3738,0.05404003285633998,phash_adaptive_ss,0.05,dhash,64,spatial,pairwise,bit_em,mad,0.145,0.3
0.42988590736842114,0.47897080842105266,0.04271227505868684,0.0084,0.0384,0.0084,0.05,0.39840689947089947,0.47447889947089944,0.0044,0.0044,0.6015931005291005,-1,0.0152,0.0108,0.011873684210526316,0.04568527918781726,0.0108,0.017470074409576188,591,0.05005161003056123,phash_adaptive_ss,0.05,dhash,64,spatial,pairwise,hamming_knn,mad,0.145,0.445
0.47013746947368423,0.4237528378947369,0.046261346615531024,0.0068,0.0388,0.0068,0.05,0.40284093121693126,0.4456565502645503,0.0036,0.0036,0.5971590687830688,-1,0.0036,0.0676,0.0900421052631579,0.038011695906432746,0.0676,0.048661099913619346,4446,0.05117003995258375,phash_adaptive_ss,0.05,dhash,64,spatial,pairwise,hamming_ball,mad,0.145,0.439
0.4889580463157895,0.579951894736842,0.0610560292985867,0.0212,0.0956,0.0212,0.05,0.4327209735449735,0.4483881481481481,0.0,0.0,0.5672790264550265,-1,0.0,0.1476,0.10749473684210527,0.06739726027397261,0.1476,0.09253918495297805,5475,0.04786075238629983,phash_adaptive_ss,0.05,dhash,64,spatial,pairwise,block_collision,mad,0.145,0.154
0.4880977936842105,0.4852531452631579,0.04812141877335617,0.0096,0.05,0.0096,0.05,0.48078615873015873,0.47952410582010585,0.0048,0.0048,0.5192138412698413,-1,0.0088,0.0004,0.001768421052631579,0.011764705882352941,0.0004,0.0007736943907156673,85,0.05006511068816989,phash_adaptive_ss,0.05,dhash,64,spatial,pairwise,hash_spectral,mad,0.145,0.046
0.5221214315789473,0.5116129768421053,0.05511992514718633,0.0104,0.0412,0.0148,0.05,0.5684695026455027,0.48732812698412703,0.0132,0.0068,0.5684695026455027,1,0.0132,0.002,0.0005052631578947368,0.1724137931034483,0.002,0.0039541320680110716,29,0.049928958796101736,phash_adaptive_ss,0.05,dhash,64,spatial,pairwise,hash_stability,mad,0.145,0.027
0.4296576294736842,0.48741146105263156,0.0407684386953118,0.0036,0.024,0.0048,0.05,0.38921557671957674,0.48279068783068785,0.0024,0.0092,0.6107844232804233,-1,0.0148,0.0,0.00023157894736842104,0.0,0.0,0.0,11,0.05001100242053252,phash_adaptive_ss,0.05,dhash_v,64,spatial,pairwise,bit_llr,mad,0.136,0.058
0.43662307789473687,0.5605994947368421,0.04410009239720668,0.0,0.0,0.0,0.05,0.5057023492063493,0.4697562751322751,0.0,0.0,0.5057023492063493,1,0.0,0.0,0.06917894736842105,0.0,0.0,0.0,3286,0.053517146893864796,phash_adaptive_ss,0.05,dhash_v,64,spatial,pairwise,bit_em,mad,0.136,0.305
0.38996392842105265,0.5022906778947369,0.038174660712137314,0.0012,0.0188,0.0012,0.05,0.34546315343915346,0.506142052910053,0.0016,0.0016,0.6545368465608465,-1,0.0364,0.0,0.002126315789473684,0.0,0.0,0.0,101,0.05010120443295457,phash_adaptive_ss,0.05,dhash_v,64,spatial,pairwise,hamming_knn,mad,0.136,0.447
0.41413083368421044,0.43786767578947366,0.041657204465095805,0.0,0.016,0.0,0.05,0.3517575873015873,0.4383434074074074,0.0008,0.0008,0.6482424126984128,-1,0.0008,0.0452,0.0968421052631579,0.023976235943136005,0.0452,0.031332316650492166,4713,0.05270828273014331,phash_adaptive_ss,0.05,dhash_v,64,spatial,pairwise,hamming_ball,mad,0.136,0.441
0.40943235368421055,0.4571834315789475,0.04082690194331397,0.0,0.0332,0.0,0.05,0.3668177354497354,0.452826328042328,0.0,0.0,0.6331822645502646,-1,0.0,0.0836,0.1496,0.02857142857142857,0.0836,0.04258787570045848,7315,0.053672250204990044,phash_adaptive_ss,0.05,dhash_v,64,spatial,pairwise,block_collision,mad,0.136,0.159
0.4516365052631579,0.46886830315789474,0.04228329979950078,0.0,0.0096,0.0,0.05,0.438341164021164,0.4618388148148148,0.006,0.006,0.5616588359788359,-1,0.0132,0.0,0.0005052631578947368,0.0,0.0,0.0,24,0.05002401152553226,phash_adaptive_ss,0.05,dhash_v,64,spatial,pairwise,hash_spectral,mad,0.136,0.047
0.56659408,0.4304014484210526,0.05871876535172782,0.002,0.0356,0.002,0.05,0.605397671957672,0.4887964444444445,0.0128,0.0092,0.605397671957672,1,0.0128,0.0004,0.00031578947368421053,0.0625,0.0004,0.000794912559618442,16,0.04999599871959027,phash_adaptive_ss,0.05,dhash_v,64,spatial,pairwise,hash_stability,mad,0.136,0.027
0.4190044505263158,0.459900972631579,0.03938351348151869,0.0032,0.0196,0.0032,0.05,0.3655083174603174,0.441815619047619,0.0008,0.0016,0.6344916825396826,-1,0.0112,0.0,0.0009684210526315789,0.0,0.0,0.0,46,0.050046042358970255,phash_adaptive_ss,0.05,dhash16,256,spatial,pairwise,bit_llr,mad,0.198,0.095
0.5773432421052631,0.587140774736842,0.13161534105295034,0.0,0.3332,0.0,0.05,0.46104728042328047,0.4529711746031746,0.0,0.0,0.5389527195767195,-1,0.0,0.4304,0.2708421052631579,0.07718241159170791,0.4304,0.13089228149139348,13941,0.03949083446573671,phash_adaptive_ss,0.05,dhash16,256,spatial,pairwise,bit_em,mad,0.198,0.911
0.4241227073684211,0.4575190189473684,0.040837029063768425,0.0052,0.0332,0.0052,0.05,0.3622539682539683,0.43448410582010594,0.0028,0.0028,0.6377460317460317,-1,0.0212,0.0184,0.02894736842105263,0.03237156931738212,0.0184,0.02346340219331803,1421,0.050515654912616566,phash_adaptive_ss,0.05,dhash16,256,spatial,pairwise,hamming_knn,mad,0.198,0.47
0.41959091789473685,0.47181333052631574,0.05112821486069651,0.0184,0.0596,0.0184,0.05,0.37338205291005294,0.40527568253968255,0.0024,0.0024,0.6266179470899471,-1,0.0024,0.1228,0.13905263157894737,0.04441550925925926,0.1228,0.06523586910327242,6912,0.050895841069439285,phash_adaptive_ss,0.05,dhash16,256,spatial,pairwise,hamming_ball,mad,0.198,0.46
0.44107990736842106,0.49947696,0.04772834507484745,0.0,0.0528,0.0,0.05,0.38329231746031744,0.38748380952380945,0.0,0.0,0.6167076825396826,-1,0.0068,0.1532,0.17170526315789475,0.044853027286567516,0.1532,0.06939034332820002,8539,0.05106003231952919,phash_adaptive_ss,0.05,dhash16,256,spatial,pairwise,block_collision,mad,0.198,0.715
0.46943893473684206,0.4662266694736842,0.044365368500868876,0.006,0.03,0.006,0.05,0.44540067724867727,0.45315889947089943,0.0036,0.0036,0.5545993227513227,-1,0.0096,0.0064,0.010589473684210527,0.030828516377649325,0.0064,0.010599536270288175,519,0.050201087286028984,phash_adaptive_ss,0.05,dhash16,256,spatial,pairwise,hash_spectral,mad,0.198,0.056
0.591510627368421,0.4664436252631579,0.06325661108477273,0.0072,0.0584,0.0028,0.05,0.6388937566137566,0.4703809947089947,0.0284,0.0016,0.6388937566137566,1,0.0284,0.0004,0.003094736842105263,0.006756756756756757,0.0004,0.0007552870090634441,148,0.05012838000481425,phash_adaptive_ss,0.05,dhash16,256,spatial,pairwise,hash_stability,mad,0.198,0.03
0.42146250105263156,0.4968304336842105,0.04026951382248982,0.004,0.028,0.0048,0.05,0.3687863703703704,0.49384355555555554,0.0012,0.0044,0.6312136296296296,-1,0.016,0.0,0.00029473684210526316,0.0,0.0,0.0,14,0.05001400392109791,phash_adaptive_ss,0.05,blockhash,256,spatial,median,bit_llr,mad,0.374,0.093
0.43774663578947365,0.48596578526315787,0.04861030332191382,0.0,0.0,0.0,0.05,0.49170806349206353,0.5014634920634922,0.0,0.0,0.5082919365079365,-1,0.0,0.4716,0.33606315789473684,0.0687784389219461,0.4716,0.1200488748599939,17142,0.04020329904437275,phash_adaptive_ss,0.05,blockhash,256,spatial,median,bit_em,mad,0.374,0.9
0.42029877894736845,0.5168526231578947,0.0422690503077164,0.012,0.0388,0.012,0.05,0.3900392380952381,0.5254085502645502,0.0044,0.0044,0.6099607619047619,-1,0.0272,0.0016,0.001431578947368421,0.05555555555555555,0.0016,0.003110419906687403,72,0.04999198846338728,phash_adaptive_ss,0.05,blockhash,256,spatial,median,hamming_knn,mad,0.374,0.47
0.42483411789473685,0.47141333473684205,0.042992966757651976,0.0,0.0168,0.0,0.05,0.39925307936507937,0.4729352804232804,0.0032,0.0032,0.6007469206349206,-1,0.0032,0.0696,0.13212631578947368,0.026976744186046512,0.0696,0.03888268156424581,6450,0.05340987370838117,phash_adaptive_ss,0.05,blockhash,256,spatial,median,hamming_ball,mad,0.374,0.461
0.47519758315789473,0.4466009263157895,0.04912230260603809,0.0,0.0,0.0,0.05,0.4339771851851852,0.48104359788359785,0.0,0.0204,0.5660228148148148,-1,0.0204,0.0,0.017178947368421054,0.0,0.0,0.0,816,0.0508295380611581,phash_adaptive_ss,0.05,blockhash,256,spatial,median,block_collision,mad,0.374,0.715
0.49485816000000005,0.48665176,0.05248445293176904,0.0192,0.07,0.0192,0.05,0.48022061375661373,0.47810573544973545,0.0056,0.0056,0.5197793862433863,-1,0.0148,0.0044,0.0013894736842105264,0.14285714285714285,0.0044,0.008537058595265812,77,0.049856779440338124,phash_adaptive_ss,0.05,blockhash,256,spatial,median,hash_spectral,mad,0.374,0.056
0.5548650694736843,0.5009903494736841,0.06044736234934777,0.0108,0.0604,0.0056,0.05,0.5819726984126984,0.49644131216931225,0.0184,0.0108,0.5819726984126984,1,0.0184,0.0008,0.001957894736842105,0.021052631578947368,0.0008,0.0015414258188824663,95,0.05005510469892796,phash_adaptive_ss,0.05,blockhash,256,spatial,median,hash_stability,mad,0.374,0.03
0.4229399957894737,0.4737473852631579,0.03999038480459721,0.006,0.0232,0.004,0.05,0.37447089947089945,0.4608769947089947,0.0016,0.006,0.6255291005291006,-1,0.0128,0.0,0.00023157894736842104,0.0,0.0,0.0,11,0.05001100242053252,phash_adaptive_ss,0.05,phash,64,frequency,median,bit_llr,mad,0.544,0.058
0.4238410905263158,0.38941878736842106,0.03925940953981544,0.0,0.0,0.0,0.05,0.40967983068783065,0.4177186878306878,0.0008,0.0008,0.5903201693121694,-1,0.0072,0.0,0.039473684210526314,0.0,0.0,0.0,1875,0.05194805194805195,phash_adaptive_ss,0.05,phash,64,frequency,median,bit_em,mad,0.544,0.301
0.36318109894736844,0.4968762778947369,0.037515304876363224,0.0008,0.0104,0.0008,0.05,0.31002480423280426,0.4901806137566137,0.0008,0.0008,0.6899751957671958,-1,0.024,0.0008,0.008463157894736843,0.0049504950495049506,0.0008,0.0013774104683195593,404,0.050366965077828854,phash_adaptive_ss,0.05,phash,64,frequency,median,hamming_knn,mad,0.544,0.43
0.3779357094736842,0.44703592,0.03822855198025498,0.0008,0.0072,0.0008,0.05,0.30892220105820106,0.44780736507936514,0.0012,0.0012,0.6910777989417989,-1,0.016,0.0036,0.023010526315789474,0.008166969147005444,0.0036,0.004997223764575236,1102,0.05094277884576056,phash_adaptive_ss,0.05,phash,64,frequency,median,hamming_ball,mad,0.544,0.427
0.45685244210526316,0.4731493936842105,0.04302144306551643,0.0036,0.0232,0.0036,0.05,0.4371899259259259,0.4627255873015873,0.0036,0.0036,0.562810074074074,-1,0.0124,0.0008,0.0033473684210526314,0.012422360248447204,0.0008,0.001503194287861706,161,0.050121390878629185,phash_adaptive_ss,0.05,phash,64,frequency,median,hash_spectral,mad,0.544,0.045
0.6022301684210527,0.537947907368421,0.07212552779127357,0.0172,0.1088,0.02,0.05,0.5777028994708995,0.5112986243386243,0.0056,0.0056,0.5777028994708995,1,0.0056,0.02,0.00863157894736842,0.10869565217391304,0.02,0.033783783783783786,460,0.049454985870004034,phash_adaptive_ss,0.05,phash,64,frequency,median,hash_stability,mad,0.544,0.026
0.42293997894736846,0.4737473810526316,0.039990384245639984,0.006,0.0232,0.004,0.05,0.37447085714285716,0.4608769523809524,0.0016,0.006,0.6255291428571428,-1,0.0128,0.0,0.00023157894736842104,0.0,0.0,0.0,11,0.05001100242053252,phash_adaptive_ss,0.05,phash_nodc,63,frequency,median,bit_llr,mad,0.541,0.059
0.42362854736842104,0.3897092884210527,0.039247027685641256,0.0,0.0,0.0,0.05,0.4096829206349207,0.4181823915343915,0.0008,0.0008,0.5903170793650794,-1,0.0072,0.0,0.039473684210526314,0.0,0.0,0.0,1875,0.05194805194805195,phash_adaptive_ss,0.05,phash_nodc,63,frequency,median,bit_em,mad,0.541,0.297
0.36318109894736844,0.4968762778947369,0.037515304876363224,0.0008,0.0104,0.0008,0.05,0.31002480423280426,0.4901806137566137,0.0008,0.0008,0.6899751957671958,-1,0.024,0.0008,0.008463157894736843,0.0049504950495049506,0.0008,0.0013774104683195593,404,0.050366965077828854,phash_adaptive_ss,0.05,phash_nodc,63,frequency,median,hamming_knn,mad,0.541,0.445
0.3779357094736842,0.44703592,0.03822855198025498,0.0008,0.0072,0.0008,0.05,0.30892220105820106,0.44780736507936514,0.0012,0.0012,0.6910777989417989,-1,0.016,0.0036,0.023010526315789474,0.008166969147005444,0.0036,0.004997223764575236,1102,0.05094277884576056,phash_adaptive_ss,0.05,phash_nodc,63,frequency,median,hamming_ball,mad,0.541,0.428
0.464201667368421,0.47397480421052635,0.04434731484849511,0.0056,0.0316,0.0056,0.05,0.4362226455026455,0.4650412698412698,0.0044,0.0044,0.5637773544973546,-1,0.0068,0.0008,0.0018526315789473683,0.022222222222222223,0.0008,0.0015444015444015444,90,0.05005009016229212,phash_adaptive_ss,0.05,phash_nodc,63,frequency,median,hash_spectral,mad,0.541,0.046
0.6022301684210527,0.537947907368421,0.07212552779127357,0.0172,0.1088,0.02,0.05,0.5777028994708995,0.5112986243386243,0.0056,0.0056,0.5777028994708995,1,0.0056,0.02,0.00863157894736842,0.10869565217391304,0.02,0.033783783783783786,460,0.049454985870004034,phash_adaptive_ss,0.05,phash_nodc,63,frequency,median,hash_stability,mad,0.541,0.026
0.4183539621052631,0.4761157136842105,0.039531111411205695,0.0044,0.022,0.0036,0.05,0.3702643386243386,0.4688168888888889,0.0028,0.0108,0.6297356613756614,-1,0.0148,0.0,0.0002736842105263158,0.0,0.0,0.0,13,0.05001300338087903,phash_adaptive_ss,0.05,phash_mean,64,frequency,mean,bit_llr,mad,0.506,0.057
0.35887523368421054,0.5761237347368421,0.036335325742363055,0.0,0.0,0.0,0.05,0.4197706666666666,0.5566924021164021,0.0076,0.0092,0.5802293333333334,-1,0.0092,0.0,0.0,0.0,0.0,0.0,0,0.05,phash_adaptive_ss,0.05,phash_mean,64,frequency,mean,bit_em,mad,0.506,0.3
0.37624225263157896,0.48491037473684206,0.03733695661577708,0.0,0.0072,0.0,0.05,0.3265329523809524,0.4904085079365079,0.0008,0.0008,0.6734670476190476,-1,0.02,0.0,0.007536842105263158,0.0,0.0,0.0,358,0.05036058176544055,phash_adaptive_ss,0.05,phash_mean,64,frequency,mean,hamming_knn,mad,0.506,0.442
0.3810323410526316,0.44994293052631584,0.038628123359508756,0.0,0.0068,0.0,0.05,0.3393582645502646,0.45866480423280426,0.0036,0.0036,0.6606417354497354,-1,0.0036,0.008,0.05233684210526316,0.007980845969672785,0.008,0.007990411506192568,2506,0.052217122162799515,phash_adaptive_ss,0.05,phash_mean,64,frequency,mean,hamming_ball,mad,0.506,0.437
0.5349175284210526,0.5190237515789473,0.057665788131158864,0.0156,0.0736,0.0156,0.05,0.5389884867724868,0.5273577989417989,0.0084,0.0084,0.5389884867724868,1,0.0088,0.0016,0.0013894736842105264,0.05714285714285714,0.0016,0.0031128404669260703,70,0.04998998598037252,phash_adaptive_ss,0.05,phash_mean,64,frequency,mean,hash_spectral,mad,0.506,0.046
0.46020632,0.5063120421052631,0.04611385607574092,0.0052,0.0404,0.0064,0.05,0.43083648677248676,0.48520435978835974,0.004,0.0052,0.5691635132275132,-1,0.004,0.0024,0.0023578947368421053,0.05084745762711865,0.0024,0.004583651642475172,118,0.04999799526883445,phash_adaptive_ss,0.05,phash_mean,64,frequency,mean,hash_stability,mad,0.506,0.029
0.4251338863157894,0.4816023368421053,0.040257199591046205,0.0036,0.0264,0.0056,0.05,0.38014857142857145,0.47035538624338624,0.0024,0.0076,0.6198514285714285,-1,0.0132,0.0,0.00031578947368421053,0.0,0.0,0.0,15,0.05001500450135041,phash_adaptive_ss,0.05,phash16,256,frequency,median,bit_llr,mad,0.626,0.095
0.45155794526315784,0.4353607242105263,0.04175993047820754,0.0,0.0,0.0,0.05,0.41060948148148146,0.39815470899470895,0.0012,0.0012,0.5893905185185185,-1,0.0048,0.0,0.1267578947368421,0.0,0.0,0.0,6021,0.05684531253552832,phash_adaptive_ss,0.05,phash16,256,frequency,median,bit_em,mad,0.626,0.92
0.36075369263157897,0.45698587368421056,0.03645909963094664,0.0004,0.01,0.0004,0.05,0.28545875132275134,0.4648496084656084,0.0,0.0,0.7145412486772487,-1,0.0324,0.0004,0.010126315789473685,0.002074688796680498,0.0004,0.0006706908115358819,482,0.05046649703138253,phash_adaptive_ss,0.05,phash16,256,frequency,median,hamming_knn,mad,0.626,0.46
0.37086863999999997,0.45468252210526316,0.03823627340760305,0.0024,0.0112,0.0024,0.05,0.29500630687830687,0.4403808677248677,0.0008,0.0008,0.7049936931216931,-1,0.0152,0.0028,0.012821052631578947,0.011363636363636364,0.0028,0.004492939666238768,616,0.05048193746962579,phash_adaptive_ss,0.05,phash16,256,frequency,median,hamming_ball,mad,0.626,0.456
0.45583004631578944,0.4662685305263158,0.04310694261784692,0.0048,0.026,0.0048,0.05,0.42883640211640206,0.4525806560846561,0.0004,0.0004,0.5711635978835979,-1,0.01,0.0032,0.008126315789473685,0.02030456852791878,0.0032,0.0055286800276434,394,0.05023585856549611,phash_adaptive_ss,0.05,phash16,256,frequency,median,hash_spectral,mad,0.626,0.055
0.6282040378947368,0.4892889684210526,0.07265630853712009,0.0108,0.07,0.0044,0.05,0.685782052910053,0.5090242116402116,0.0392,0.0044,0.685782052910053,1,0.0392,0.0004,0.0014736842105263158,0.014084507042253521,0.0004,0.0007779074290159471,71,0.05005107252298264,phash_adaptive_ss,0.05,phash16,256,frequency,median,hash_stability,mad,0.626,0.028
0.4392684042105263,0.4847337852631579,0.04171782642035534,0.0036,0.0284,0.0068,0.05,0.4061766772486773,0.47527111111111114,0.0036,0.008,0.5938233227513228,-1,0.0144,0.0,0.0001263157894736842,0.0,0.0,0.0,6,0.05000600072008641,phash_adaptive_ss,0.05,pdq,256,frequency,median,bit_llr,mad,2.265,0.093
0.5228220884210526,0.48520731789473687,0.055406044276517574,0.0,0.0644,0.0,0.05,0.4381426878306878,0.41776664550264553,0.0012,0.0012,0.5618573121693122,-1,0.0056,0.2312,0.16374736842105264,0.06917185256103399,0.2312,0.10648489314664701,8356,0.04615310729036596,phash_adaptive_ss,0.05,pdq,256,frequency,median,bit_em,mad,2.265,0.912
0.36026246315789473,0.48194648842105253,0.03664791111555866,0.0012,0.014,0.0012,0.05,0.29493769312169316,0.47207077248677254,0.0004,0.0004,0.7050623068783068,-1,0.0308,0.0012,0.008378947368421052,0.007481296758104738,0.0012,0.002068252326783868,401,0.05034375693058328,phash_adaptive_ss,0.05,pdq,256,frequency,median,hamming_knn,mad,2.265,0.467
0.40361693894736844,0.46032474526315786,0.04054005958016184,0.002,0.02,0.002,0.05,0.30714095238095235,0.4152650582010582,0.0,0.0,0.6928590476190477,-1,0.0284,0.0048,0.01425263157894737,0.01741654571843251,0.0048,0.007525870178739417,689,0.05045527367118898,phash_adaptive_ss,0.05,pdq,256,frequency,median,hamming_ball,mad,2.265,0.46
0.5089273978947368,0.5131957642105263,0.05210810409994844,0.0076,0.0624,0.0076,0.05,0.5119849312169312,0.5198246772486772,0.0076,0.0076,0.5119849312169312,1,0.0096,0.002,0.0028842105263157895,0.035211267605633804,0.002,0.003785011355034065,142,0.05004211961972001,phash_adaptive_ss,0.05,pdq,256,frequency,median,hash_spectral,mad,2.265,0.056
0.6104161431578947,0.47651645052631575,0.06831972992277043,0.0072,0.0688,0.0032,0.05,0.6901790476190478,0.4874730582010582,0.0252,0.0048,0.6901790476190478,1,0.0252,0.0008,0.0016210526315789473,0.02531645569620253,0.0008,0.0015509887553315238,79,0.05003906171751367,phash_adaptive_ss,0.05,pdq,256,frequency,median,hash_stability,mad,2.265,0.028
0.42526632000000003,0.4996037894736842,0.04019616316800885,0.0,0.0208,0.0,0.05,0.3963291851851852,0.5051008253968254,0.004,0.012,0.6036708148148149,-1,0.012,0.0,0.0012210526315789474,0.0,0.0,0.0,58,0.050058067358135436,phash_adaptive_ss,0.05,whash_haar,64,wavelet,median,bit_llr,mad,0.624,0.058
0.4494095578947368,0.46982625684210527,0.04728741082491035,0.0,0.0,0.0,0.05,0.42458150264550254,0.5407955978835979,0.0,0.0,0.5754184973544975,-1,0.0,0.0,0.3276842105263158,0.0,0.0,0.0,15565,0.0726005517641934,phash_adaptive_ss,0.05,whash_haar,64,wavelet,median,bit_em,mad,0.624,0.295
0.4380346821052632,0.49767509473684207,0.044239115849371666,0.0092,0.0496,0.0092,0.05,0.39030340740740743,0.4825329947089947,0.0028,0.0,0.6096965925925926,-1,0.0252,0.0,4.210526315789474e-05,0.0,0.0,0.0,2,0.0500020000800032,phash_adaptive_ss,0.05,whash_haar,64,wavelet,median,hamming_knn,mad,0.624,0.439
0.5122141052631578,0.1847017515789474,0.056656197437922835,0.0,0.0,0.0,0.05,0.4150824126984127,0.4150824126984127,0.0028,0.0028,0.5849175873015873,-1,0.0028,0.0156,0.16073684210526315,0.0050820953870211105,0.0156,0.0076666011401611955,7674,0.05814393044464396,phash_adaptive_ss,0.05,whash_haar,64,wavelet,median,hamming_ball,mad,0.624,0.435
0.4285504505263158,0.48226908631578946,0.04443165656202493,0.0,0.0572,0.0,0.05,0.39503441269841266,0.4688878306878307,0.0,0.0,0.6049655873015873,-1,0.0096,0.1176,0.10338947368421053,0.05648414985590778,0.1176,0.07631408176508761,5205,0.04924656769728764,phash_adaptive_ss,0.05,whash_haar,64,wavelet,median,block_collision,mad,0.624,0.159
0.47248594105263153,0.477268307368421,0.045160271842809824,0.0012,0.0404,0.0012,0.05,0.45156440211640214,0.4786069841269841,0.0056,0.0056,0.5484355978835979,-1,0.0092,0.0,0.0003578947368421053,0.0,0.0,0.0,17,0.05001700578196587,phash_adaptive_ss,0.05,whash_haar,64,wavelet,median,hash_spectral,mad,0.624,0.045
0.3944910610526316,0.5286468631578947,0.039460805516931464,0.0016,0.02,0.0016,0.05,0.39209015873015873,0.5186902433862434,0.004,0.0048,0.6079098412698413,-1,0.012,0.0,0.0021473684210526318,0.0,0.0,0.0,102,0.050102208505350916,phash_adaptive_ss,0.05,whash_haar,64,wavelet,median,hash_stability,mad,0.624,0.027
0.44499063157894736,0.47845632000000005,0.04171754051877715,0.0,0.0052,0.0,0.05,0.41026167195767194,0.4825483174603175,0.0052,0.0092,0.5897383280423281,-1,0.0092,0.0,0.004231578947368421,0.0,0.0,0.0,201,0.05020181128135103,phash_adaptive_ss,0.05,whash_db4,169,wavelet,median,bit_llr,mad,1.564,0.078
0.3170520252631579,0.6660706947368422,0.04978735182580453,0.0,0.0,0.0,0.05,0.44673130158730157,0.5516103703703704,0.0,0.0,0.5532686984126984,-1,0.0,0.5624,0.3897473684210526,0.07058587278477835,0.5624,0.12542932334180829,19919,0.03636847179282603,phash_adaptive_ss,0.05,whash_db4,169,wavelet,median,bit_em,mad,1.564,0.614
0.4459112042105263,0.47521119999999994,0.04265861217169585,0.0,0.0196,0.0,0.05,0.40663809523809524,0.4628810158730158,0.0028,0.0028,0.5933619047619048,-1,0.0136,0.0,0.0,0.0,0.0,0.0,0,0.05,phash_adaptive_ss,0.05,whash_db4,169,wavelet,median,hamming_knn,mad,1.564,0.453
0.47172314947368416,0.32538074947368417,0.049382505076701014,0.0,0.0,0.0,0.05,0.4359195767195767,0.4359195767195767,0.0036,0.0036,0.5640804232804233,-1,0.0036,0.0228,0.10732631578947369,0.011057225994180407,0.0228,0.014892227302416721,5155,0.054476530270933216,phash_adaptive_ss,0.05,whash_db4,169,wavelet,median,hamming_ball,mad,1.564,0.446
0.47022077894736847,0.48577643368421053,0.04475303589620186,0.0,0.0336,0.0,0.05,0.46641083597883604,0.4945372275132275,0.0088,0.0088,0.533589164021164,-1,0.0156,0.0,0.0019789473684210528,0.0,0.0,0.0,94,0.05009417705285937,phash_adaptive_ss,0.05,whash_db4,169,wavelet,median,hash_spectral,mad,1.564,0.053
0.46685384,0.5178920757894737,0.047374156770150486,0.0084,0.0396,0.0104,0.05,0.44492266666666674,0.5373652063492064,0.0084,0.0104,0.5550773333333332,-1,0.0132,0.0028,0.0023789473684210525,0.058333333333333334,0.0028,0.0053435114503816794,120,0.04997995188452285,phash_adaptive_ss,0.05,whash_db4,169,wavelet,median,hash_stability,mad,1.564,0.029
0.41736249263157893,0.4628634821052632,0.03914693596286788,0.0028,0.0184,0.0028,0.05,0.3654700105820106,0.44217536507936506,0.0004,0.0028,0.6345299894179894,-1,0.0132,0.0,0.0004631578947368421,0.0,0.0,0.0,22,0.05002200968426108,phash_adaptive_ss,0.05,mh,64,frequency,mean,bit_llr,mad,0.959,0.058
0.5212866105263159,0.5184317810526315,0.06462777749275742,0.0,0.1344,0.0,0.05,0.43939204232804235,0.44327073015873014,0.002,0.002,0.5606079576719576,-1,0.0084,0.0664,0.04002105263157895,0.0803096274794388,0.0664,0.07269542369170133,2067,0.048692967266809925,phash_adaptive_ss,0.05,mh,64,frequency,mean,bit_em,mad,0.959,0.302
0.37833277052631575,0.4853284084210527,0.037416477883308784,0.0,0.0092,0.0,0.05,0.30447106878306873,0.4799313015873016,0.0024,0.0024,0.6955289312169313,-1,0.0384,0.0,0.00888421052631579,0.0,0.0,0.0,422,0.05042559199645004,phash_adaptive_ss,0.05,mh,64,frequency,mean,hamming_knn,mad,0.959,0.444
0.39140210526315794,0.47315398736842107,0.040012501328060564,0.0008,0.0168,0.0008,0.05,0.30836160846560845,0.42440757671957663,0.0008,0.0008,0.6916383915343916,-1,0.0008,0.0148,0.043957894736842106,0.017411764705882352,0.0148,0.016,2125,0.051446475195822454,phash_adaptive_ss,0.05,mh,64,frequency,mean,hamming_ball,mad,0.959,0.44
0.3774281431578948,0.6100621389473684,0.04758098580756386,0.0176,0.0548,0.0176,0.05,0.3403678306878307,0.43412427513227514,0.0028,0.0028,0.6596321693121693,-1,0.0028,0.078,0.06524210526315789,0.05919854280510018,0.078,0.06731101139109423,3294,0.049351261079946904,phash_adaptive_ss,0.05,mh,64,frequency,mean,block_collision,mad,0.959,0.152
0.45469497684210525,0.47309220210526315,0.04290844374584879,0.002,0.0248,0.002,0.05,0.43756897354497354,0.46681417989417995,0.0048,0.0048,0.5624310264550265,-1,0.0116,0.0004,0.003431578947368421,0.006097560975609756,0.0004,0.0007507507507507507,164,0.05014447387430773,phash_adaptive_ss,0.05,mh,64,frequency,mean,hash_spectral,mad,0.959,0.046
0.4878708589473684,0.49359187368421054,0.04813406233817305,0.0076,0.034,0.008,0.05,0.4710161693121693,0.4593964867724868,0.0064,0.0064,0.5289838306878307,-1,0.0064,0.0064,0.006252631578947368,0.051118210862619806,0.0064,0.011375755421258443,313,0.04999295590395878,phash_adaptive_ss,0.05,mh,64,frequency,mean,hash_stability,mad,0.959,0.027
0.4102086821052632,0.4691235368421052,0.03962629757206787,0.0,0.0,0.0,0.05,0.3051562751322751,0.46330823280423283,0.0036,0.0028,0.6948437248677248,-1,0.0372,0.0,0.03629473684210526,0.0,0.0,0.0,1724,0.05178556632695335,phash_adaptive_ss,0.05,colorhash,42,colour,quantisation,bit_llr,mad,2.512,0.05
0.4425615536842105,0.5123991031578947,0.04517241203589319,0.0,0.0,0.0,0.05,0.3230425396825397,0.3404154920634921,0.0,0.0,0.6769574603174603,-1,0.0084,0.2508,0.41172631578947366,0.03106420927467301,0.2508,0.055281255510491976,20184,0.06281862087469815,phash_adaptive_ss,0.05,colorhash,42,colour,quantisation,bit_em,mad,2.512,0.241
0.4440141010526316,0.5186142147368421,0.04913865691896241,0.0,0.0,0.0084,0.05,0.36720389417989413,0.519029164021164,0.0,0.0212,0.6327961058201059,-1,0.0212,0.004,0.007978947368421052,0.02570694087403599,0.004,0.006922810661128418,389,0.050190481949567635,phash_adaptive_ss,0.05,colorhash,42,colour,quantisation,hamming_knn,mad,2.512,0.316
0.4110629557894737,0.44268893052631575,0.043486057778890426,0.0,0.0,0.0,0.05,0.36695318518518516,0.3978128677248677,0.0,0.0,0.6330468148148148,-1,0.0,0.2236,0.26618947368421053,0.04233886237976218,0.2236,0.07119658663949564,13203,0.0527488653966356,phash_adaptive_ss,0.05,colorhash,42,colour,quantisation,hamming_ball,mad,2.512,0.315
0.4553154484210526,0.47285586105263155,0.04374488705231219,0.0,0.0,0.0,0.05,0.47557108994708996,0.4571906455026455,0.0028,0.0068,0.52442891005291,-1,0.0068,0.0,0.006736842105263158,0.0,0.0,0.0,320,0.05032206119162641,phash_adaptive_ss,0.05,colorhash,42,colour,quantisation,hash_spectral,mad,2.512,0.041
0.6345478652631579,0.5577739789473684,0.08253692057474699,0.0192,0.0488,0.0192,0.05,0.6277734603174603,0.5795738412698412,0.0192,0.0192,0.6277734603174603,1,0.0192,0.0076,0.0009052631578947368,0.3064516129032258,0.0076,0.01483216237314598,62,0.04968160519043614,phash_adaptive_ss,0.05,colorhash,42,colour,quantisation,hash_stability,mad,2.512,0.025
0.4336057726315789,0.46486649684210535,0.04063740993352202,0.0024,0.0196,0.0056,0.05,0.3968758518518518,0.45046213756613757,0.0012,0.0032,0.6031241481481482,-1,0.0084,0.0,0.0003368421052631579,0.0,0.0,0.0,16,0.05001600512163892,phash_adaptive_ss,0.05,rhash8,64,residual,zero,bit_llr,mad,0.506,0.058
0.46933856842105265,0.46530253473684213,0.04511016878589105,0.0,0.0,0.0,0.05,0.43547775661375665,0.42555310052910056,0.002,0.002,0.5645222433862433,-1,0.0044,0.0,0.059789473684210524,0.0,0.0,0.0,2840,0.053011026293469043,phash_adaptive_ss,0.05,rhash8,64,residual,zero,bit_em,mad,0.506,0.301
0.42112698526315795,0.47481203789473686,0.04151790085837237,0.0052,0.018,0.0052,0.05,0.35593587301587304,0.45189489947089956,0.0012,0.0012,0.644064126984127,-1,0.024,0.0024,0.0056,0.022058823529411766,0.0024,0.004329004329004329,272,0.0501528314028314,phash_adaptive_ss,0.05,rhash8,64,residual,zero,hamming_knn,mad,0.506,0.447
0.38483208,0.49141526315789474,0.03972115960596148,0.0044,0.02,0.0044,0.05,0.3579071746031746,0.45344182010582,0.0024,0.0024,0.6420928253968254,-1,0.0032,0.008,0.018673684210526315,0.022050716648291068,0.008,0.011740534194305841,907,0.05051636689548408,phash_adaptive_ss,0.05,rhash8,64,residual,zero,hamming_ball,mad,0.506,0.444
0.5587662315789473,0.427741532631579,0.05730842063466551,0.0148,0.0524,0.0148,0.05,0.40820131216931216,0.45023339682539687,0.0028,0.0028,0.5917986878306878,-1,0.0028,0.0208,0.018421052631578946,0.05609492988133765,0.0208,0.03034724248613948,927,0.04988486540460131,phash_adaptive_ss,0.05,rhash8,64,residual,zero,block_collision,mad,0.506,0.152
0.4713407536842105,0.47934623578947366,0.045421854425223035,0.0064,0.0364,0.0064,0.05,0.4493717248677249,0.46872097354497355,0.0028,0.0028,0.5506282751322751,-1,0.0116,0.0056,0.00856842105263158,0.0332541567695962,0.0056,0.009585758301951387,421,0.05014219730127675,phash_adaptive_ss,0.05,rhash8,64,residual,zero,hash_spectral,mad,0.506,0.046
0.6011625894736842,0.5066827326315789,0.06930843525724782,0.0172,0.0744,0.0104,0.05,0.6400128677248678,0.470290328042328,0.0104,0.0028,0.6400128677248678,1,0.0104,0.0012,0.0018736842105263158,0.03260869565217391,0.0012,0.0023148148148148147,92,0.050032058988538915,phash_adaptive_ss,0.05,rhash8,64,residual,zero,hash_stability,mad,0.506,0.027
0.4163714357894737,0.46091092631578945,0.03896654614037768,0.0012,0.0128,0.0076,0.05,0.36998289947089946,0.44288118518518516,0.0004,0.0028,0.6300171005291005,-1,0.0128,0.0028,0.0023157894736842107,0.05982905982905983,0.0028,0.005349636988918609,117,0.04997694605376581,phash_adaptive_ss,0.05,rhash16,256,residual,zero,bit_llr,mad,0.586,0.093
0.5082349094736842,0.4779013221052632,0.04971936236312903,0.0,0.0,0.0,0.05,0.44637426455026463,0.36077917460317455,0.0,0.0,0.5536257354497354,-1,0.0,0.0,0.11164210526315789,0.0,0.0,0.0,5303,0.055932165469718326,phash_adaptive_ss,0.05,rhash16,256,residual,zero,bit_em,mad,0.586,0.921
0.36281526736842107,0.4516720378947368,0.03601597616099986,0.004,0.0128,0.004,0.05,0.27614124867724865,0.4246517248677249,0.0048,0.0048,0.7238587513227513,-1,0.0216,0.0048,0.013747368421052631,0.01804511278195489,0.0048,0.007582938388625593,665,0.05043072869159826,phash_adaptive_ss,0.05,rhash16,256,residual,zero,hamming_knn,mad,0.586,0.468
0.39345179789473683,0.4148115536842105,0.040461344950516204,0.0032,0.01,0.0032,0.05,0.2859683809523809,0.37495276190476196,0.0012,0.0012,0.714031619047619,-1,0.0012,0.01,0.04185263157894737,0.012419274714356682,0.01,0.011079104808331486,2013,0.051576468626919794,phash_adaptive_ss,0.05,rhash16,256,residual,zero,hamming_ball,mad,0.586,0.462
0.4325253852631579,0.4914506063157895,0.048580134304585784,0.0172,0.0564,0.0172,0.05,0.34357803174603174,0.3983717671957672,0.004,0.004,0.6564219682539683,-1,0.004,0.0844,0.08366315789473684,0.05041816009557945,0.0844,0.0631264023934181,4185,0.04996180290297937,phash_adaptive_ss,0.05,rhash16,256,residual,zero,block_collision,mad,0.586,0.709
0.39665786947368425,0.4312866694736842,0.037642955607338234,0.0056,0.0144,0.0056,0.05,0.3434226455026455,0.403426708994709,0.0052,0.0052,0.6565773544973545,-1,0.0148,0.0072,0.017621052631578947,0.021052631578947368,0.0072,0.010730253353204173,855,0.05050361176111507,phash_adaptive_ss,0.05,rhash16,256,residual,zero,hash_spectral,mad,0.586,0.056
0.6240967621052631,0.45324135157894735,0.0675875146195444,0.0096,0.0616,0.0052,0.05,0.6992245502645502,0.428325671957672,0.012,0.0036,0.6992245502645502,1,0.012,0.0028,0.005431578947368421,0.026415094339622643,0.0028,0.005063291139240506,265,0.050125666029958785,phash_adaptive_ss,0.05,rhash16,256,residual,zero,hash_stability,mad,0.586,0.031
0.40318737263157894,0.2716855705263158,0.03823627057005604,0.0,0.0004,0.0,0.05,0.32730082539682537,0.1811162328042328,0.0,0.0,0.6726991746031746,-1,0.0004,0.0,0.009494736842105262,0.0,0.0,0.0,451,0.05045510504752871,phash_adaptive_ss,0.05,rhash32,1024,residual,zero,bit_llr,mad,0.463,0.24
0.4886429726315789,0.022374374736842107,0.047778003344699276,0.0,0.0,0.0,0.05,0.37067009523809524,0.1539593227513228,0.0,0.0,0.6293299047619048,-1,0.0,0.0,0.32494736842105265,0.0,0.0,0.0,15435,0.07232749891508751,phash_adaptive_ss,0.05,rhash32,1024,residual,zero,bit_em,mad,0.463,4.117
0.8006735831578948,0.6752596842105264,0.10629308083981456,0.0,0.0,0.0,0.05,0.9626189629629631,0.8359183915343914,0.216,0.216,0.9626189629629631,1,0.216,0.0,0.034084210526315786,0.0,0.0,0.0,1619,0.051673177487030035,phash_adaptive_ss,0.05,rhash32,1024,residual,zero,hamming_knn,mad,0.463,0.56
0.8632736884210527,0.8394212252631579,0.16136860969426278,0.0,0.054,0.0,0.05,0.9474684867724867,0.911428783068783,0.008,0.008,0.9474684867724867,1,0.008,0.284,0.07913684210526316,0.1588722309241441,0.284,0.20375950638542115,4469,0.039313874063824646,phash_adaptive_ss,0.05,rhash32,1024,residual,zero,hamming_ball,mad,0.463,0.551
0.999803334736842,0.9996148042105264,0.9996385966266549,0.9996,0.9996,0.9996,0.05,0.9998999365079365,0.9996082116402117,0.9996,0.9996,0.9998999365079365,1,0.9996,0.9996,0.014463157894736843,0.7843691148775894,0.9996,0.8790010552233556,3186,2.136113128551288e-05,phash_adaptive_ss,0.05,rhash32,1024,residual,zero,block_collision,mad,0.463,3.178
0.3157668505263158,0.3620411157894737,0.03359202954498149,0.0,0.0048,0.0,0.05,0.20057794708994708,0.26163953439153437,0.0,0.0,0.7994220529100529,-1,0.008,0.0036,0.04233684210526316,0.004455445544554455,0.0036,0.003982300884955752,2020,0.051917465610671114,phash_adaptive_ss,0.05,rhash32,1024,residual,zero,hash_spectral,mad,0.463,0.19
0.7713622273684211,0.5162162231578947,0.09652586713504036,0.0016,0.0172,0.0004,0.05,0.9250368677248677,0.5602490582010582,0.0916,0.0008,0.9250368677248677,1,0.0916,0.0,0.0052,0.0,0.0,0.0,247,0.05024822623761381,phash_adaptive_ss,0.05,rhash32,1024,residual,zero,hash_stability,mad,0.463,0.032
0.3977405010526316,0.45851350315789474,0.037572471772092504,0.0016,0.014,0.0076,0.05,0.344402201058201,0.43860876190476183,0.0004,0.0052,0.6555977989417989,-1,0.0156,0.002,0.0023157894736842107,0.043478260869565216,0.002,0.0038240917782026767,115,0.05001503457953293,phash_adaptive_ss,0.05,rhash_rgb,768,residual,zero,bit_llr,mad,1.643,0.195
0.27034631157894734,0.5163417136842106,0.032839222283034014,0.0,0.0,0.0,0.05,0.43748308994708995,0.469272126984127,0.0,0.0,0.56251691005291,-1,0.0,0.4436,0.2212421052631579,0.09545532793940437,0.4436,0.15710440572319026,11618,0.03624094627690063,phash_adaptive_ss,0.05,rhash_rgb,768,residual,zero,bit_em,mad,1.643,3.002
0.40452374315789474,0.44122106947368417,0.03841093061773135,0.004,0.0192,0.004,0.05,0.34820232804232804,0.4084465608465609,0.004,0.004,0.6517976719576719,-1,0.004,0.0064,0.014652631578947369,0.02247191011235955,0.0064,0.009962640099626401,712,0.05039766271709138,phash_adaptive_ss,0.05,rhash_rgb,768,residual,zero,hamming_knn,mad,1.643,0.531
0.44226668631578947,0.40261954105263154,0.04327494702916943,0.0036,0.016,0.0036,0.05,0.3519313862433862,0.37728639153439153,0.0012,0.0012,0.6480686137566138,-1,0.0012,0.0108,0.03749473684210526,0.014933628318584071,0.0108,0.012534818941504178,1808,0.05131557104913679,phash_adaptive_ss,0.05,rhash_rgb,768,residual,zero,hamming_ball,mad,1.643,0.521
0.4581186147368421,0.4442032631578947,0.045190680008300045,0.0,0.0292,0.0,0.05,0.33098002116402114,0.39220783068783066,0.0036,0.0036,0.6690199788359789,-1,0.0036,0.0528,0.06957894736842105,0.038405586267093395,0.0528,0.04446690247599798,3437,0.050855829736056526,phash_adaptive_ss,0.05,rhash_rgb,768,residual,zero,block_collision,mad,1.643,2.065
0.407729212631579,0.439665827368421,0.038610709456132666,0.0068,0.014,0.0068,0.05,0.3592548571428572,0.4143689312169312,0.006,0.006,0.6407451428571428,-1,0.0164,0.0088,0.019642105263157895,0.023036649214659685,0.0088,0.012735166425470333,955,0.05052502803547762,phash_adaptive_ss,0.05,rhash_rgb,768,residual,zero,hash_spectral,mad,1.643,0.116
0.6439771410526316,0.4648231705263157,0.07138809234798721,0.01,0.068,0.0048,0.05,0.7115582645502646,0.44721875132275135,0.0136,0.0048,0.7115582645502646,1,0.0136,0.004,0.006126315789473685,0.03322259136212625,0.004,0.007140307033202428,301,0.05010161170244874,phash_adaptive_ss,0.05,rhash_rgb,768,residual,zero,hash_stability,mad,1.643,0.034
0.3254901473684211,0.4680883831578947,0.033496998485883424,0.0,0.0012,0.0008,0.05,0.211432,0.4696163809523809,0.0,0.002,0.7885679999999999,-1,0.0104,0.0,0.0008631578947368422,0.0,0.0,0.0,41,0.05004103364759103,phash_adaptive_ss,0.05,rhash_energy,256,residual,mean,bit_llr,mad,0.604,0.093
0.41595200842105257,0.4222715873684211,0.057036569983701005,0.0,0.0804,0.0,0.05,0.2046932486772487,0.26330514285714285,0.0,0.0,0.7953067513227513,-1,0.0,0.1712,0.20705263157894738,0.041703205690343956,0.1712,0.0670688709551046,10263,0.05214283916752649,phash_adaptive_ss,0.05,rhash_energy,256,residual,mean,bit_em,mad,0.604,0.905
0.24636420631578945,0.5448715705263159,0.030279167256619253,0.0,0.0,0.0,0.05,0.13753320634920635,0.5797569523809525,0.0,0.0,0.8624667936507937,-1,0.2732,0.0,0.0006947368421052632,0.0,0.0,0.0,33,0.05003302179438429,phash_adaptive_ss,0.05,rhash_energy,256,residual,mean,hamming_knn,mad,0.604,0.464
0.4940971157894737,0.14994083789473686,0.06475430923868818,0.0,0.0,0.0,0.05,0.314394962962963,0.314394962962963,0.0,0.0,0.685605037037037,-1,0.0,0.0008,0.1684842105263158,0.00024984384759525296,0.0008,0.00038077106139933366,8005,0.05948327181807358,phash_adaptive_ss,0.05,rhash_energy,256,residual,mean,hamming_ball,mad,0.604,0.47
0.21684900210526314,0.8141322063157894,0.03469845776904919,0.0,0.0,0.0,0.05,0.19061367195767198,0.796951111111111,0.0,0.3752,0.809386328042328,-1,0.3752,0.7592,0.1760421052631579,0.18499025341130604,0.7592,0.2974921630094044,10260,0.015148465022647207,phash_adaptive_ss,0.05,rhash_energy,256,residual,mean,block_collision,mad,0.604,0.706
0.48681832,0.4659990021052631,0.04542172145140847,0.0012,0.0132,0.0012,0.05,0.5020661164021164,0.46035521693121695,0.0072,0.0072,0.5020661164021164,1,0.0084,0.0,0.0013894736842105264,0.0,0.0,0.0,66,0.0500660872351504,phash_adaptive_ss,0.05,rhash_energy,256,residual,mean,hash_spectral,mad,0.604,0.056
0.36802288,0.47154778105263156,0.03654163181605906,0.0032,0.012,0.0132,0.05,0.3171038306878307,0.4448751746031746,0.0032,0.0024,0.6828961693121693,-1,0.0032,0.0048,0.002968421052631579,0.0784313725490196,0.0048,0.009046362608367886,153,0.04991273296286637,phash_adaptive_ss,0.05,rhash_energy,256,residual,mean,hash_stability,mad,0.604,0.032
0.41389587789473686,0.4612649094736842,0.038772305656846924,0.0008,0.0124,0.006,0.05,0.3692708148148148,0.44229515343915343,0.0004,0.0028,0.6307291851851853,-1,0.012,0.0028,0.002463157894736842,0.056451612903225805,0.0028,0.005335365853658537,124,0.04998396022134895,phash_adaptive_ss,0.05,ahash_res,256,residual,mean,bit_llr,mad,0.589,0.093
0.5199276757894736,0.48926310736842116,0.052038118810370716,0.0,0.0,0.0,0.05,0.4506003386243386,0.36517066666666664,0.0,0.0,0.5493996613756613,-1,0.0,0.2268,0.1520842105263158,0.07277628032345014,0.2268,0.11019337285006316,7791,0.04579592030135753,phash_adaptive_ss,0.05,ahash_res,256,residual,mean,bit_em,mad,0.589,0.911
0.3571744757894737,0.4580831242105264,0.03567295100885563,0.004,0.0104,0.004,0.05,0.27390116402116405,0.43143712169312165,0.004,0.004,0.726098835978836,-1,0.024,0.0048,0.014231578947368421,0.01744186046511628,0.0048,0.0075282308657465494,688,0.05045425048669695,phash_adaptive_ss,0.05,ahash_res,256,residual,mean,hamming_knn,mad,0.589,0.472
0.3318169810526316,0.47992294736842106,0.03678296087073361,0.0028,0.0108,0.0028,0.05,0.2837992380952381,0.4159680423280424,0.0012,0.0012,0.7162007619047619,-1,0.0012,0.0088,0.0392,0.01167728237791932,0.0088,0.010036496350364963,1884,0.051500540360794746,phash_adaptive_ss,0.05,ahash_res,256,residual,mean,hamming_ball,mad,0.589,0.465
0.4313956042105263,0.4882518484210526,0.04835057121867527,0.0172,0.0584,0.0172,0.05,0.34242412698412694,0.39649972486772483,0.004,0.004,0.6575758730158731,-1,0.004,0.0852,0.08492631578947368,0.05015304921120791,0.0852,0.06313917296576256,4247,0.04998579328131489,phash_adaptive_ss,0.05,ahash_res,256,residual,mean,block_collision,mad,0.589,0.707
0.3976145094736842,0.4303256378947369,0.037692653905395945,0.0064,0.0144,0.0064,0.05,0.3419314285714286,0.40234895238095236,0.0056,0.0056,0.6580685714285714,-1,0.0196,0.0072,0.017642105263157896,0.02102803738317757,0.0072,0.010727056019070322,856,0.05050463942699007,phash_adaptive_ss,0.05,ahash_res,256,residual,mean,hash_spectral,mad,0.589,0.056
0.6273057263157895,0.4554196757894737,0.06837918381982078,0.01,0.0624,0.0056,0.05,0.6971787513227513,0.43296177777777783,0.014,0.0036,0.6971787513227513,1,0.014,0.0028,0.004947368421052632,0.028925619834710745,0.0028,0.005105762217359592,242,0.0501024960810322,phash_adaptive_ss,0.05,ahash_res,256,residual,mean,hash_stability,mad,0.589,0.03
