auc,auc_abs,ap,tpr@1fpr,tpr@5fpr,tpr@1fpr_abs,poison_rate,auc_target_class,auc_target_class_abs,tpr@1fpr_target_class,tpr@1fpr_target_class_abs,auc_target_class_best,direction,tpr@1fpr_target_class_best,elimination_rate,sacrifice_rate,precision,recall,f1,n_removed,residual_poison_rate,attack,rate,hash,n_bits,family,threshold,detector,rule,t_hash_s,t_detect_s
0.31152024120603017,0.5748099698492463,0.0032568590733230373,0.0,0.0,0.024,0.005,0.3515265273311897,0.5501414790996784,0.004,0.024,0.6484734726688103,-1.0,0.024,0.0,0.0009849246231155779,0.0,0.0,0.0,49,0.005004904806710576,badnets,0.005,ahash,64,spatial,mean,bit_llr,mad,0.152,0.06
0.652190311557789,0.5099753969849247,0.016869621811190335,0.0,0.384,0.0,0.005,0.43308721864951766,0.445496382636656,0.0,0.0,0.5669127813504824,-1.0,0.0,0.388,0.37668341708542713,0.005149439932048628,0.388,0.010163985959029707,18837,0.00490966851715175,badnets,0.005,ahash,64,spatial,mean,bit_em,mad,0.152,0.292
0.35538878391959794,0.5329735075376885,0.00354966162615266,0.0,0.008,0.012,0.005,0.3382150321543408,0.5258110932475883,0.0,0.012,0.6617849678456592,-1.0,0.032,0.0,0.0,0.0,0.0,0.0,0,0.005,badnets,0.005,ahash,64,spatial,mean,hamming_knn,mad,0.152,0.437
0.32954854271356776,0.4542686231155779,0.004356017223564937,0.0,0.024,0.0,0.005,0.3829803054662379,0.44610530546623794,0.0,0.0,0.617019694533762,-1.0,0.0,0.08,0.1695075376884422,0.002366023896841358,0.08,0.004596116281741928,8453,0.0055358991022215805,badnets,0.005,ahash,64,spatial,mean,hamming_ball,mad,0.152,0.45
0.365172743718593,0.4880889246231156,0.00397443624935593,0.0,0.0,0.0,0.005,0.35188504823151123,0.5058979099678457,0.0,0.0,0.6481149517684888,-1.0,0.028,0.116,0.10765829145728643,0.005385329619312906,0.116,0.010292812777284827,5385,0.004953490978370503,badnets,0.005,ahash,64,spatial,mean,block_collision,mad,0.152,0.158
0.515542432160804,0.4609576683417085,0.0052190973801914675,0.008,0.064,0.008,0.005,0.4933030546623794,0.4586897106109325,0.008,0.008,0.5066969453376207,-1.0,0.008,0.0,0.0009045226130653266,0.0,0.0,0.0,45,0.005004504053648284,badnets,0.005,ahash,64,spatial,mean,hash_spectral,mad,0.152,0.044
0.3554353366834171,0.543365025125628,0.003611655830714753,0.0,0.0,0.008,0.005,0.38259364951768493,0.5396213826366559,0.0,0.008,0.6174063504823151,-1.0,0.008,0.0,0.0005628140703517588,0.0,0.0,0.0,28,0.005002801568878572,badnets,0.005,ahash,64,spatial,mean,hash_stability,mad,0.152,0.029
0.3418258894472362,0.5830465527638191,0.0034560023153151747,0.0,0.0,0.016,0.005,0.3839642282958199,0.5742922025723473,0.004,0.04,0.6160357717041801,-1.0,0.04,0.0,0.0013065326633165829,0.0,0.0,0.0,65,0.005006508460999299,badnets,0.005,ahash4,16,spatial,mean,bit_llr,mad,0.136,0.048
0.6285365628140704,0.5749286030150754,0.01476466760498256,0.028,0.388,0.0,0.005,0.41029622186495174,0.4514569935691318,0.0,0.0,0.5897037781350483,-1.0,0.0,0.356,0.15425125628140704,0.011464639958778822,0.356,0.022213902408586048,7763,0.0038118237564220944,badnets,0.005,ahash4,16,spatial,mean,bit_em,mad,0.136,0.148
0.3779997185929648,0.5765238994974874,0.004016842489892484,0.0,0.048,0.024,0.005,0.3649324758842444,0.5442351286173633,0.0,0.024,0.6350675241157556,-1.0,0.024,0.0,0.0,0.0,0.0,0.0,0,0.005,badnets,0.005,ahash4,16,spatial,mean,hamming_knn,mad,0.136,0.396
0.3895773266331658,0.41529069346733677,0.00486162953206717,0.0,0.02,0.0,0.005,0.39937017684887455,0.4494831189710611,0.0,0.0,0.6006298231511255,-1.0,0.0,0.06,0.13224120603015074,0.0022747952684258415,0.06,0.004383401519579193,6594,0.00541399806478367,badnets,0.005,ahash4,16,spatial,mean,hamming_ball,mad,0.136,0.394
0.3896812060301508,0.4776637989949749,0.004489534082826239,0.02,0.02,0.02,0.005,0.3763902733118971,0.4476736334405145,0.0,0.0,0.6236097266881029,-1.0,0.0,0.128,0.18976884422110551,0.00337802174601499,0.128,0.0065823305564126295,9473,0.005379129962740889,badnets,0.005,ahash4,16,spatial,mean,block_collision,mad,0.136,0.04
0.5087751155778895,0.49096751758793966,0.0054863664977401975,0.0,0.08,0.0,0.005,0.5004754823151125,0.4878034565916399,0.0,0.0,0.5004754823151125,1.0,0.016,0.0,0.002190954773869347,0.0,0.0,0.0,109,0.005010923813914333,badnets,0.005,ahash4,16,spatial,mean,hash_spectral,mad,0.136,0.042
0.443852783919598,0.3772177688442211,0.004344525340543042,0.0,0.0,0.0,0.005,0.413378617363344,0.4974995980707395,0.004,0.004,0.586621382636656,-1.0,0.004,0.0,0.0025326633165829145,0.0,0.0,0.0,126,0.0050126318322171876,badnets,0.005,ahash4,16,spatial,mean,hash_stability,mad,0.136,0.025
0.2989843618090452,0.5865790552763819,0.003196516220393756,0.0,0.0,0.036,0.005,0.3426567524115756,0.5606350482315112,0.004,0.02,0.6573432475884244,-1.0,0.02,0.0,0.0006030150753768845,0.0,0.0,0.0,30,0.005003001801080648,badnets,0.005,ahash16,256,spatial,mean,bit_llr,mad,0.196,0.105
0.6273848442211055,0.2406067135678392,0.010849168452255396,0.0,0.0,0.0,0.005,0.4573938906752411,0.44889710610932476,0.0,0.0,0.542606109324759,-1.0,0.0,0.0,0.2955577889447236,0.0,0.0,0.0,14704,0.007082955575702629,badnets,0.005,ahash16,256,spatial,mean,bit_em,mad,0.196,0.899
0.3318738894472362,0.5610069949748744,0.003408805592100713,0.0,0.012,0.004,0.005,0.32298553054662377,0.5548106913183279,0.0,0.012,0.6770144694533762,-1.0,0.032,0.0,0.0,0.0,0.0,0.0,0,0.005,badnets,0.005,ahash16,256,spatial,mean,hamming_knn,mad,0.196,0.46
0.4993189949748743,0.22241921608040202,0.005759396242191088,0.0,0.0,0.0,0.005,0.40332717041800636,0.40332717041800636,0.0,0.0,0.5966728295819936,-1.0,0.0,0.004,0.16160804020100503,0.00012436264146250465,0.004,0.00024122542515981184,8041,0.00593436449867728,badnets,0.005,ahash16,256,spatial,mean,hamming_ball,mad,0.196,0.448
0.2786610653266332,0.755286432160804,0.004050186952737562,0.0,0.0,0.192,0.005,0.3511631832797428,0.6050667202572347,0.0,0.044,0.6488368167202572,-1.0,0.044,0.552,0.08062311557788945,0.033261026753434564,0.552,0.06274153216640145,4149,0.002442694815816449,badnets,0.005,ahash16,256,spatial,mean,block_collision,mad,0.196,0.688
0.5113230150753769,0.4675872964824121,0.005183480169550191,0.008,0.056,0.008,0.005,0.4826784565916399,0.46533601286173637,0.008,0.008,0.5173215434083601,-1.0,0.008,0.0,0.0006834170854271357,0.0,0.0,0.0,34,0.0050034023135732296,badnets,0.005,ahash16,256,spatial,mean,hash_spectral,mad,0.196,0.054
0.4836672964824121,0.5076182512562813,0.004957358539070959,0.004,0.048,0.016,0.005,0.4814501607717041,0.5016426848874599,0.004,0.004,0.5185498392282959,-1.0,0.012,0.0,0.0012663316582914572,0.0,0.0,0.0,63,0.005006307948014498,badnets,0.005,ahash16,256,spatial,mean,hash_stability,mad,0.196,0.032
0.29797977889447236,0.5862299899497487,0.0031920938358337312,0.0,0.0,0.028,0.005,0.342096463022508,0.5593721864951768,0.004,0.012,0.6579035369774919,-1.0,0.012,0.0,0.000542713567839196,0.0,0.0,0.0,27,0.005002701458787746,badnets,0.005,ahash32,1024,spatial,mean,bit_llr,mad,0.354,0.241
0.32339015075376887,0.5384758190954775,0.004717914159167183,0.0,0.0,0.0,0.005,0.39858480707395494,0.601415192926045,0.0,0.0,0.6014151929260451,-1.0,0.0,0.0,0.19893467336683418,0.0,0.0,0.0,9897,0.0062339475849687055,badnets,0.005,ahash32,1024,spatial,mean,bit_em,mad,0.354,4.042
0.3224851055276382,0.568587095477387,0.0033512689300262024,0.0,0.008,0.004,0.005,0.31419413183279743,0.5634630225080386,0.0,0.016,0.6858058681672026,-1.0,0.04,0.0,0.0,0.0,0.0,0.0,0,0.005,badnets,0.005,ahash32,1024,spatial,mean,hamming_knn,mad,0.354,0.551
0.48819441206030145,0.24391461306532666,0.005543075103008735,0.0,0.0,0.0,0.005,0.4010305466237942,0.4010305466237942,0.0,0.0,0.5989694533762058,-1.0,0.0,0.008,0.14066331658291456,0.00028571428571428574,0.008,0.0005517241379310345,7000,0.005767441860465117,badnets,0.005,ahash32,1024,spatial,mean,hamming_ball,mad,0.354,0.537
0.37943995979899503,0.41600872361809044,0.004130859469801519,0.0,0.0,0.0,0.005,0.38727371382636655,0.6127262861736334,0.0,0.016,0.6127262861736334,-1.0,0.016,0.0,0.1275778894472362,0.0,0.0,0.0,6347,0.0057269832543009646,badnets,0.005,ahash32,1024,spatial,mean,block_collision,mad,0.354,2.912
0.5081153768844221,0.4666073567839195,0.005086132129690354,0.008,0.052,0.008,0.005,0.4802411575562701,0.46438102893890676,0.008,0.008,0.5197588424437298,-1.0,0.008,0.0,0.0005025125628140704,0.0,0.0,0.0,25,0.0050025012506253125,badnets,0.005,ahash32,1024,spatial,mean,hash_spectral,mad,0.354,0.183
0.5038585728643217,0.5156917788944724,0.005332479145113612,0.008,0.072,0.004,0.005,0.49481511254019295,0.5059232315112541,0.004,0.004,0.505184887459807,-1.0,0.012,0.004,0.001829145728643216,0.010869565217391304,0.004,0.005847953216374269,92,0.004989180091368117,badnets,0.005,ahash32,1024,spatial,mean,hash_stability,mad,0.354,0.036
0.3817377286432161,0.5256332864321608,0.0036740358051194017,0.0,0.004,0.0,0.005,0.3840168810289389,0.5237821543408361,0.004,0.016,0.6159831189710612,-1.0,0.016,0.0,0.001407035175879397,0.0,0.0,0.0,70,0.005007009813739235,badnets,0.005,mhash,64,spatial,median,bit_llr,mad,0.171,0.056
0.3657669145728643,0.5968796783919599,0.004268694023523081,0.0,0.0,0.0,0.005,0.41839670418006425,0.5688275723472668,0.0,0.0,0.5816032958199358,-1.0,0.0,0.62,0.37425125628140704,0.008256098860125705,0.62,0.01629520605550883,18774,0.0030423365144430924,badnets,0.005,mhash,64,spatial,median,bit_em,mad,0.171,0.293
0.39636518592964826,0.4934734070351759,0.0038908361852709153,0.0,0.028,0.0,0.005,0.3756012861736335,0.49410530546623793,0.0,0.0,0.6243987138263665,-1.0,0.024,0.0,4.020100502512563e-05,0.0,0.0,0.0,2,0.00500020000800032,badnets,0.005,mhash,64,spatial,median,hamming_knn,mad,0.171,0.441
0.500049648241206,0.1550582110552764,0.006154031011171701,0.0,0.0,0.0,0.005,0.41416599678456595,0.41416599678456595,0.0,0.0,0.5858340032154341,-1.0,0.0,0.0,0.1594572864321608,0.0,0.0,0.0,7933,0.005942900610930182,badnets,0.005,mhash,64,spatial,median,hamming_ball,mad,0.171,0.435
0.3801655477386935,0.4463446834170854,0.003850761398195942,0.0,0.02,0.0,0.005,0.3641824758842444,0.4423215434083601,0.0,0.0,0.6358175241157555,-1.0,0.02,0.084,0.10261306532663317,0.004096761607491221,0.084,0.0078125,5126,0.0051031777866916254,badnets,0.005,mhash,64,spatial,median,block_collision,mad,0.171,0.158
0.4773300904522613,0.47008329648241204,0.004681683667939425,0.004,0.048,0.004,0.005,0.47276607717041796,0.4760064308681672,0.012,0.012,0.527233922829582,-1.0,0.02,0.0,0.00034170854271356785,0.0,0.0,0.0,17,0.0050017005781965865,badnets,0.005,mhash,64,spatial,median,hash_spectral,mad,0.171,0.044
0.37305089447236184,0.5405624120603015,0.003754152592577337,0.0,0.008,0.0,0.005,0.37259043408360126,0.5297415594855306,0.0,0.0,0.6274095659163987,-1.0,0.012,0.0,0.002090452261306533,0.0,0.0,0.0,104,0.005010421677088344,badnets,0.005,mhash,64,spatial,median,hash_stability,mad,0.171,0.027
0.2952666532663316,0.6041949748743719,0.003186045443566814,0.0,0.0,0.068,0.005,0.3239951768488746,0.58957154340836,0.004,0.04,0.6760048231511254,-1.0,0.04,0.0,0.0014472361809045227,0.0,0.0,0.0,72,0.00500721038295145,badnets,0.005,ahash_rgb,192,spatial,mean,bit_llr,mad,0.379,0.08
0.6752578894472362,0.5371428341708542,0.020192877928248934,0.0,0.392,0.0,0.005,0.4580586816720257,0.45399276527331195,0.0,0.0,0.5419413183279743,-1.0,0.0,0.42,0.3922814070351759,0.005351409204423832,0.42,0.010568164662070353,19621,0.004773034003752593,badnets,0.005,ahash_rgb,192,spatial,mean,bit_em,mad,0.379,0.66
0.36231895477386933,0.5207290452261306,0.0035878594383604748,0.0,0.008,0.004,0.005,0.3504328778135048,0.514250803858521,0.0,0.004,0.6495671221864951,-1.0,0.024,0.0,0.0,0.0,0.0,0.0,0,0.005,badnets,0.005,ahash_rgb,192,spatial,mean,hamming_knn,mad,0.379,0.452
0.5228629949748744,0.19098689447236186,0.006144674604109006,0.0,0.0,0.0,0.005,0.4113239549839228,0.4113239549839228,0.0,0.0,0.5886760450160772,-1.0,0.0,0.0,0.16753768844221106,0.0,0.0,0.0,8335,0.006000240009600384,badnets,0.005,ahash_rgb,192,spatial,mean,hamming_ball,mad,0.379,0.441
0.4099146130653266,0.4714981306532664,0.0042489441504289524,0.0,0.0,0.0,0.005,0.34351205787781347,0.48128295819935696,0.0,0.0,0.6564879421221865,-1.0,0.04,0.0,0.04148743718592965,0.0,0.0,0.0,2064,0.005215287049399199,badnets,0.005,ahash_rgb,192,spatial,mean,block_collision,mad,0.379,0.408
0.4967746733668342,0.48499059296482405,0.0051183891955256244,0.016,0.06,0.016,0.005,0.4849863344051447,0.48873633440514475,0.016,0.016,0.5150136655948553,-1.0,0.016,0.0,0.0010452261306532664,0.0,0.0,0.0,52,0.005005205413630176,badnets,0.005,ahash_rgb,192,spatial,mean,hash_spectral,mad,0.379,0.052
0.36365563819095476,0.5412907738693467,0.00361410616973499,0.0,0.0,0.004,0.005,0.36888745980707394,0.5431189710610932,0.0,0.012,0.6311125401929261,-1.0,0.016,0.0,0.0007035175879396985,0.0,0.0,0.0,35,0.005003502451716202,badnets,0.005,ahash_rgb,192,spatial,mean,hash_stability,mad,0.379,0.032
0.3325598391959799,0.5235134070351759,0.0033674233658536287,0.0,0.012,0.016,0.005,0.31822749196141475,0.522710610932476,0.0,0.012,0.6817725080385852,-1.0,0.04,0.0,2.0100502512562815e-05,0.0,0.0,0.0,1,0.00500010000200004,badnets,0.005,dhash,64,spatial,pairwise,bit_llr,mad,0.144,0.056
0.5440004422110553,0.5436776281407035,0.006509336151742826,0.0,0.0,0.0,0.005,0.4668709807073955,0.4470213022508039,0.0,0.0,0.5331290192926045,-1.0,0.0,0.292,0.11384924623115578,0.012724420428795537,0.292,0.024386170035075996,5737,0.003998825203894901,badnets,0.005,dhash,64,spatial,pairwise,bit_em,mad,0.144,0.298
0.3585614874371859,0.4986246432160804,0.003609428291859696,0.0,0.02,0.0,0.005,0.34759887459807076,0.49467524115755623,0.0,0.0,0.6524011254019293,-1.0,0.02,0.0,0.012804020100502512,0.0,0.0,0.0,637,0.005064522010412657,badnets,0.005,dhash,64,spatial,pairwise,hamming_knn,mad,0.144,0.442
0.3771569447236181,0.4833316984924623,0.004184523808428386,0.0,0.036,0.0,0.005,0.35492926045016077,0.43134485530546623,0.0,0.0,0.6450707395498392,-1.0,0.0,0.068,0.09839195979899497,0.0034609120521172636,0.068,0.0065865943432778,4912,0.005167672107877928,badnets,0.005,dhash,64,spatial,pairwise,hamming_ball,mad,0.144,0.454
0.39830412060301507,0.5589217688442211,0.004804476727635365,0.024,0.064,0.024,0.005,0.40633400321543406,0.4369979903536978,0.0,0.0,0.5936659967845659,-1.0,0.0,0.092,0.10958793969849247,0.004200913242009132,0.092,0.008034934497816594,5475,0.005098259404828748,badnets,0.005,dhash,64,spatial,pairwise,block_collision,mad,0.144,0.154
0.45678681407035177,0.4754527035175879,0.004460131604672818,0.008,0.036,0.008,0.005,0.4491069131832798,0.47386897106109327,0.004,0.004,0.5508930868167202,-1.0,0.008,0.0,0.0018693467336683416,0.0,0.0,0.0,93,0.005009317330234236,badnets,0.005,dhash,64,spatial,pairwise,hash_spectral,mad,0.144,0.045
0.6063228944723619,0.5036602613065326,0.007023010960888759,0.012,0.06,0.012,0.005,0.5973649517684888,0.4797206591639871,0.012,0.004,0.5973649517684888,1.0,0.012,0.0,0.0005628140703517588,0.0,0.0,0.0,28,0.005002801568878572,badnets,0.005,dhash,64,spatial,pairwise,hash_stability,mad,0.144,0.026
0.38236253266331655,0.5151589145728643,0.0036899794465095597,0.0,0.012,0.0,0.005,0.3737749196141479,0.5145136655948552,0.004,0.008,0.6262250803858521,-1.0,0.02,0.0,0.0002613065326633166,0.0,0.0,0.0,13,0.0050013003380879025,badnets,0.005,dhash_v,64,spatial,pairwise,bit_llr,mad,0.137,0.056
0.6689038793969849,0.6406216683417085,0.019973198531302715,0.0,0.432,0.0,0.005,0.4856724276527331,0.47182837620578777,0.0,0.0,0.5143275723472669,-1.0,0.0,0.436,0.07571859296482412,0.028121775025799794,0.436,0.052835676199709164,3876,0.0030569768450264506,badnets,0.005,dhash_v,64,spatial,pairwise,bit_em,mad,0.137,0.296
0.33226826130653264,0.5234117788944723,0.0034092306530485892,0.0,0.008,0.0,0.005,0.32750241157556276,0.5280273311897108,0.0,0.0,0.6724975884244373,-1.0,0.032,0.0,0.0026331658291457284,0.0,0.0,0.0,131,0.005013134412159859,badnets,0.005,dhash_v,64,spatial,pairwise,hamming_knn,mad,0.137,0.434
0.36846295477386937,0.45619405025125626,0.004113665485410111,0.0,0.012,0.0,0.005,0.3377487942122187,0.432815112540193,0.004,0.004,0.6622512057877813,-1.0,0.004,0.044,0.1061105527638191,0.0020793950850661624,0.044,0.003971119133574007,5290,0.005345560277342876,badnets,0.005,dhash_v,64,spatial,pairwise,hamming_ball,mad,0.137,0.43
0.37590882412060306,0.4597685628140704,0.003860543604681792,0.0,0.0,0.0,0.005,0.3592644694533762,0.47350040192926046,0.0,0.0,0.6407355305466238,-1.0,0.0,0.072,0.1388140703517588,0.0025996533795493936,0.072,0.005018120992472818,6924,0.005385829696350636,badnets,0.005,dhash_v,64,spatial,pairwise,block_collision,mad,0.137,0.156
0.4246965628140703,0.4670882814070352,0.003970109497874106,0.0,0.0,0.0,0.005,0.4334730707395499,0.4716354501607717,0.004,0.004,0.5665269292604501,-1.0,0.02,0.0,0.000542713567839196,0.0,0.0,0.0,27,0.005002701458787746,badnets,0.005,dhash_v,64,spatial,pairwise,hash_spectral,mad,0.137,0.045
0.6245179899497487,0.46594190954773873,0.007586337474726518,0.0,0.1,0.0,0.005,0.6210639067524116,0.5243685691318327,0.016,0.0,0.6210639067524116,1.0,0.016,0.0,0.00034170854271356785,0.0,0.0,0.0,17,0.0050017005781965865,badnets,0.005,dhash_v,64,spatial,pairwise,hash_stability,mad,0.137,0.026
0.34173595979899496,0.491828743718593,0.003401709377479348,0.0,0.0,0.0,0.005,0.32039067524115755,0.49332234726688107,0.0,0.0,0.6796093247588424,-1.0,0.004,0.0,0.0009246231155778894,0.0,0.0,0.0,46,0.005004604235897025,badnets,0.005,dhash16,256,spatial,pairwise,bit_llr,mad,0.196,0.092
0.5246052261306533,0.5555579497487437,0.011906203752621476,0.0,0.276,0.0,0.005,0.4311097266881029,0.41371503215434086,0.0,0.0,0.5688902733118971,-1.0,0.0,0.352,0.27015075376884423,0.006505026611472502,0.352,0.012773987516330382,13528,0.004441763544636982,badnets,0.005,dhash16,256,spatial,pairwise,bit_em,mad,0.196,0.894
0.3554830150753769,0.47902536683417085,0.003513100713729698,0.0,0.012,0.0,0.005,0.3296137459807075,0.4787737138263665,0.0,0.0,0.6703862540192925,-1.0,0.028,0.0,0.027899497487437187,0.0,0.0,0.0,1388,0.005142763103760388,badnets,0.005,dhash16,256,spatial,pairwise,hamming_knn,mad,0.196,0.467
0.3606425326633166,0.41440365829145726,0.004417850573330233,0.004,0.02,0.004,0.005,0.37758440514469455,0.40287700964630224,0.0,0.0,0.6224155948553054,-1.0,0.0,0.064,0.1410251256281407,0.0022753128555176336,0.064,0.004394397143641857,7032,0.005445913237758331,badnets,0.005,dhash16,256,spatial,pairwise,hamming_ball,mad,0.196,0.459
0.3634862713567839,0.46865563819095474,0.0037745418928251152,0.0,0.0,0.0,0.005,0.36614067524115756,0.4146583601286174,0.0,0.0,0.6338593247588424,-1.0,0.0,0.088,0.1619497487437186,0.002723109295704914,0.088,0.005282747028454797,8079,0.005438801555306409,badnets,0.005,dhash16,256,spatial,pairwise,block_collision,mad,0.196,0.716
0.45785262311557795,0.4562159195979899,0.0042979346479369365,0.0,0.012,0.0,0.005,0.4499469453376206,0.4525707395498392,0.0,0.0,0.5500530546623794,-1.0,0.016,0.0,0.009909547738693467,0.0,0.0,0.0,493,0.00504979093865514,badnets,0.005,dhash16,256,spatial,pairwise,hash_spectral,mad,0.196,0.055
0.631076663316583,0.49465398994974874,0.007445185659917971,0.004,0.072,0.0,0.005,0.6435092443729904,0.49610048231511256,0.004,0.0,0.6435092443729904,1.0,0.004,0.0,0.002954773869346734,0.0,0.0,0.0,147,0.005014743345435581,badnets,0.005,dhash16,256,spatial,pairwise,hash_stability,mad,0.196,0.029
0.33631541708542717,0.5382836180904523,0.0034132926817639934,0.004,0.008,0.024,0.005,0.3179911575562701,0.5396760450160771,0.004,0.024,0.6820088424437298,-1.0,0.024,0.0,0.00034170854271356785,0.0,0.0,0.0,17,0.0050017005781965865,badnets,0.005,blockhash,256,spatial,median,bit_llr,mad,0.376,0.092
0.4748733668341709,0.42634524623115577,0.0050058080813470945,0.0,0.0,0.0,0.005,0.45454983922829584,0.541274115755627,0.0,0.0,0.5454501607717042,-1.0,0.0,0.0,0.24042211055276383,0.0,0.0,0.0,11961,0.006572202213517705,badnets,0.005,blockhash,256,spatial,median,bit_em,mad,0.376,0.898
0.33978705527638187,0.5506716381909548,0.0035462214385924215,0.004,0.02,0.008,0.005,0.3414236334405145,0.5459742765273313,0.004,0.004,0.6585763665594855,-1.0,0.044,0.004,0.002050251256281407,0.009708737864077669,0.004,0.0056657223796034,103,0.004990279976752109,badnets,0.005,blockhash,256,spatial,median,hamming_knn,mad,0.376,0.463
0.35560325628140704,0.42966974874371866,0.003907367053469503,0.0,0.0,0.0,0.005,0.35437459807073957,0.45244815112540193,0.0,0.0,0.6456254019292604,-1.0,0.0,0.04,0.15147738693467336,0.0013252054068380599,0.04,0.002565418163160595,7546,0.005653177556885099,badnets,0.005,blockhash,256,spatial,median,hamming_ball,mad,0.376,0.463
0.45409177889447233,0.46749720603015077,0.004861260985912166,0.0,0.0,0.0,0.005,0.42437339228295823,0.5049119774919614,0.0,0.012,0.5756266077170418,-1.0,0.012,0.0,0.02763819095477387,0.0,0.0,0.0,1375,0.005141388174807198,badnets,0.005,blockhash,256,spatial,median,block_collision,mad,0.376,0.712
0.48402749748743723,0.47502520603015075,0.0048250168873596065,0.012,0.044,0.012,0.005,0.472209807073955,0.4685514469453376,0.004,0.004,0.527790192926045,-1.0,0.012,0.0,0.0012462311557788945,0.0,0.0,0.0,62,0.005006207697544955,badnets,0.005,blockhash,256,spatial,median,hash_spectral,mad,0.376,0.054
0.5993965025125628,0.5307268341708543,0.0072560107302829455,0.004,0.076,0.0,0.005,0.598302652733119,0.526370578778135,0.012,0.0,0.598302652733119,1.0,0.012,0.0,0.0019095477386934674,0.0,0.0,0.0,95,0.0050095180843602845,badnets,0.005,blockhash,256,spatial,median,hash_stability,mad,0.376,0.029
0.4681234572864321,0.43267549748743717,0.004390670515479271,0.008,0.028,0.0,0.005,0.4581720257234726,0.42951848874598064,0.008,0.0,0.5418279742765274,-1.0,0.008,0.0,0.00020100502512562814,0.0,0.0,0.0,10,0.005001000200040008,badnets,0.005,phash,64,frequency,median,bit_llr,mad,0.535,0.056
0.2557115175879397,0.6072162412060301,0.0030664045590650226,0.0,0.0,0.0,0.005,0.37602491961414797,0.5698946945337621,0.0,0.0,0.623975080385852,-1.0,0.0,0.0,0.039678391959799,0.0,0.0,0.0,1974,0.0052055136800899515,badnets,0.005,phash,64,frequency,median,bit_em,mad,0.535,0.297
0.34918508542713567,0.502316783919598,0.0037051952948698643,0.004,0.02,0.004,0.005,0.32433561093247587,0.52808038585209,0.012,0.016,0.6756643890675241,-1.0,0.012,0.004,0.007035175879396985,0.002849002849002849,0.004,0.0033277870216306157,351,0.005015206751394791,badnets,0.005,phash,64,frequency,median,hamming_knn,mad,0.535,0.435
0.28731175879396986,0.4642791959798996,0.0033287617563245346,0.0,0.0,0.0,0.005,0.2808946945337621,0.4681663987138263,0.0,0.0,0.719105305466238,-1.0,0.028,0.0,0.02548743718592965,0.0,0.0,0.0,1268,0.00513009931872281,badnets,0.005,phash,64,frequency,median,hamming_ball,mad,0.535,0.449
0.4402843819095478,0.4517074974874372,0.004110013447665194,0.0,0.012,0.0,0.005,0.43574115755627013,0.44742202572347267,0.0,0.0,0.5642588424437298,-1.0,0.012,0.0,0.0026130653266331657,0.0,0.0,0.0,130,0.005013033888109084,badnets,0.005,phash,64,frequency,median,hash_spectral,mad,0.535,0.045
0.7008280603015076,0.5844756582914572,0.010792468490443118,0.02,0.156,0.02,0.005,0.672141077170418,0.5566744372990353,0.012,0.012,0.672141077170418,1.0,0.012,0.02,0.008683417085427136,0.011441647597254004,0.02,0.01455604075691412,437,0.004943203599459274,badnets,0.005,phash,64,frequency,median,hash_stability,mad,0.535,0.025
0.46812341708542715,0.4326754572864322,0.004390670515479271,0.008,0.028,0.0,0.005,0.4581720257234726,0.42951848874598064,0.008,0.0,0.5418279742765274,-1.0,0.008,0.0,0.00020100502512562814,0.0,0.0,0.0,10,0.005001000200040008,badnets,0.005,phash_nodc,63,frequency,median,bit_llr,mad,0.54,0.058
0.2557652663316583,0.6080625527638192,0.003066627435334025,0.0,0.0,0.0,0.005,0.3760277331189711,0.5699023311897106,0.0,0.0,0.6239722668810289,-1.0,0.0,0.0,0.039678391959799,0.0,0.0,0.0,1974,0.0052055136800899515,badnets,0.005,phash_nodc,63,frequency,median,bit_em,mad,0.54,0.297
0.34918508542713567,0.502316783919598,0.0037051952948698643,0.004,0.02,0.004,0.005,0.32433561093247587,0.52808038585209,0.012,0.016,0.6756643890675241,-1.0,0.012,0.004,0.007035175879396985,0.002849002849002849,0.004,0.0033277870216306157,351,0.005015206751394791,badnets,0.005,phash_nodc,63,frequency,median,hamming_knn,mad,0.54,0.434
0.28731175879396986,0.4642791959798996,0.0033287617563245346,0.0,0.0,0.0,0.005,0.2808946945337621,0.4681663987138263,0.0,0.0,0.719105305466238,-1.0,0.028,0.0,0.02548743718592965,0.0,0.0,0.0,1268,0.00513009931872281,badnets,0.005,phash_nodc,63,frequency,median,hamming_ball,mad,0.54,0.434
0.4565399798994975,0.4426270552763819,0.0042933661995338355,0.0,0.024,0.0,0.005,0.4496382636655949,0.4417435691318328,0.0,0.0,0.5503617363344051,-1.0,0.02,0.0,0.001849246231155779,0.0,0.0,0.0,92,0.005009216959204937,badnets,0.005,phash_nodc,63,frequency,median,hash_spectral,mad,0.54,0.045
0.7008280603015076,0.5844756582914572,0.010792468490443118,0.02,0.156,0.02,0.005,0.672141077170418,0.5566744372990353,0.012,0.012,0.672141077170418,1.0,0.012,0.02,0.008683417085427136,0.011441647597254004,0.02,0.01455604075691412,437,0.004943203599459274,badnets,0.005,phash_nodc,63,frequency,median,hash_stability,mad,0.54,0.026
0.4319671959798995,0.4601078994974875,0.004022427192420589,0.0,0.02,0.0,0.005,0.4262572347266881,0.46361897106109323,0.0,0.0,0.5737427652733119,-1.0,0.0,0.0,0.0002613065326633166,0.0,0.0,0.0,13,0.0050013003380879025,badnets,0.005,phash_mean,64,frequency,mean,bit_llr,mad,0.511,0.057
0.27438436180904524,0.6357587537688442,0.003147660671735564,0.0,0.0,0.0,0.005,0.3846057073954984,0.566261655948553,0.0,0.0,0.6153942926045016,-1.0,0.0,0.0,0.0,0.0,0.0,0.0,0,0.005,badnets,0.005,phash_mean,64,frequency,mean,bit_em,mad,0.511,0.298
0.36832779899497486,0.5027007437185931,0.0037341986982970437,0.008,0.028,0.008,0.005,0.3591760450160772,0.5152339228295819,0.008,0.008,0.6408239549839228,-1.0,0.008,0.004,0.007618090452261307,0.002631578947368421,0.004,0.0031746031746031746,380,0.0050181378476420796,badnets,0.005,phash_mean,64,frequency,mean,hamming_knn,mad,0.511,0.44
0.34534247236180904,0.49527453266331656,0.0036380192391895897,0.0,0.012,0.0,0.005,0.34568448553054665,0.441987540192926,0.004,0.004,0.6543155144694534,-1.0,0.004,0.012,0.048663316582914576,0.0012376237623762376,0.012,0.002243829468960359,2424,0.005191693290734824,badnets,0.005,phash_mean,64,frequency,mean,hamming_ball,mad,0.511,0.435
0.5150662914572864,0.5062497286432162,0.005604886046716263,0.016,0.072,0.016,0.005,0.5123046623794213,0.5051197749196141,0.004,0.004,0.5123046623794213,1.0,0.024,0.0,0.0013668341708542714,0.0,0.0,0.0,68,0.005006809260594408,badnets,0.005,phash_mean,64,frequency,mean,hash_spectral,mad,0.511,0.045
0.4706090452261307,0.47296767839195986,0.004599380135257788,0.012,0.028,0.004,0.005,0.4842001607717042,0.4470920418006431,0.004,0.004,0.5157998392282959,-1.0,0.004,0.0,0.0018894472361809045,0.0,0.0,0.0,94,0.005009417705285938,badnets,0.005,phash_mean,64,frequency,mean,hash_stability,mad,0.511,0.027
0.5534189346733668,0.4629305728643216,0.00579809550864374,0.02,0.056,0.0,0.005,0.5549565916398713,0.4624525723472669,0.028,0.004,0.5549565916398713,1.0,0.028,0.0,0.0002613065326633166,0.0,0.0,0.0,13,0.0050013003380879025,badnets,0.005,phash16,256,frequency,median,bit_llr,mad,0.619,0.091
0.3438845025125628,0.37967135678391956,0.003429850761115604,0.0,0.0,0.0,0.005,0.3464063504823151,0.4197198553054663,0.0,0.0,0.6535936495176848,-1.0,0.004,0.0,0.12912562814070352,0.0,0.0,0.0,6424,0.005737102992472921,badnets,0.005,phash16,256,frequency,median,bit_em,mad,0.619,0.899
0.3947448040201005,0.5065591959798995,0.004496248775467738,0.028,0.056,0.028,0.005,0.38285409967845657,0.519799035369775,0.028,0.028,0.6171459003215434,-1.0,0.028,0.028,0.008864321608040201,0.015625,0.028,0.02005730659025788,448,0.004903939296092993,badnets,0.005,phash16,256,frequency,median,hamming_knn,mad,0.619,0.465
0.4029468944723618,0.44633668341708543,0.004007683340068403,0.0,0.008,0.0,0.005,0.36835691318327973,0.4784686495176849,0.004,0.004,0.6316430868167202,-1.0,0.016,0.0,0.011537688442211055,0.0,0.0,0.0,574,0.005058066604621049,badnets,0.005,phash16,256,frequency,median,hamming_ball,mad,0.619,0.462
0.4317356381909548,0.4293395778894472,0.0039988412516662325,0.0,0.016,0.0,0.005,0.42185852090032155,0.4240313504823151,0.0,0.0,0.5781414790996784,-1.0,0.024,0.0,0.007959798994974874,0.0,0.0,0.0,396,0.0050399161357955,badnets,0.005,phash16,256,frequency,median,hash_spectral,mad,0.619,0.055
0.7437333065326632,0.5809586733668342,0.01270949843517641,0.024,0.172,0.016,0.005,0.7681949356913182,0.6013589228295819,0.076,0.02,0.7681949356913182,1.0,0.076,0.0,0.0014673366834170854,0.0,0.0,0.0,73,0.005007310673583432,badnets,0.005,phash16,256,frequency,median,hash_stability,mad,0.619,0.027
0.6876059899497486,0.5545247839195979,0.015204057727092877,0.076,0.188,0.052,0.005,0.7012451768488747,0.555302652733119,0.124,0.06,0.7012451768488747,1.0,0.124,0.0,4.020100502512563e-05,0.0,0.0,0.0,2,0.00500020000800032,badnets,0.005,pdq,256,frequency,median,bit_llr,mad,2.272,0.092
0.4534341306532663,0.45007396984924625,0.004448527080424889,0.0,0.036,0.0,0.005,0.37807717041800637,0.409112540192926,0.0,0.0,0.6219228295819936,-1.0,0.004,0.124,0.13280402010050252,0.004670081349804158,0.124,0.009001161440185831,6638,0.005050505050505051,badnets,0.005,pdq,256,frequency,median,bit_em,mad,2.272,0.906
0.4767731055276382,0.5261690050251256,0.007955112947841358,0.064,0.104,0.064,0.005,0.4600876205787781,0.5273979099678456,0.06,0.06,0.5399123794212219,-1.0,0.06,0.052,0.0071758793969849246,0.03513513513513514,0.052,0.041935483870967745,370,0.004775337497481362,badnets,0.005,pdq,256,frequency,median,hamming_knn,mad,2.272,0.464
0.4499768844221106,0.4857173467336683,0.00458508334906497,0.0,0.036,0.0,0.005,0.4415651125401929,0.500975080385852,0.0,0.0,0.5584348874598071,-1.0,0.004,0.0,0.010512562814070352,0.0,0.0,0.0,523,0.005052852840713867,badnets,0.005,pdq,256,frequency,median,hamming_ball,mad,2.272,0.461
0.4693164221105528,0.46289073366834177,0.004456962788103149,0.004,0.028,0.004,0.005,0.45351205787781346,0.45508762057877816,0.0,0.0,0.5464879421221865,-1.0,0.004,0.0,0.005085427135678392,0.0,0.0,0.0,253,0.005025428669065472,badnets,0.005,pdq,256,frequency,median,hash_spectral,mad,2.272,0.054
0.7532893266331658,0.5942551959798995,0.013437856135261324,0.036,0.176,0.008,0.005,0.7693500803858522,0.6130273311897105,0.044,0.028,0.7693500803858522,1.0,0.044,0.004,0.0016281407035175879,0.012195121951219513,0.004,0.006024096385542169,82,0.004988180616210585,badnets,0.005,pdq,256,frequency,median,hash_stability,mad,2.272,0.028
0.38226922613065323,0.5250265326633166,0.0036774099098252355,0.0,0.004,0.0,0.005,0.38414710610932473,0.5236302250803858,0.004,0.016,0.6158528938906753,-1.0,0.016,0.0,0.001407035175879397,0.0,0.0,0.0,70,0.005007009813739235,badnets,0.005,whash_haar,64,wavelet,median,bit_llr,mad,0.651,0.056
0.35938950753768845,0.590894231155779,0.004272745170809486,0.0,0.0,0.0,0.005,0.41867725080385854,0.5686788585209004,0.0,0.0,0.5813227491961415,-1.0,0.0,0.62,0.3742311557788945,0.008256538645927663,0.62,0.01629606266098933,18773,0.003042239087968745,badnets,0.005,whash_haar,64,wavelet,median,bit_em,mad,0.651,0.306
0.39659039195979906,0.4928744924623115,0.003890007640270957,0.0,0.028,0.0,0.005,0.37533681672025726,0.494088424437299,0.0,0.0,0.6246631832797427,-1.0,0.024,0.0,4.020100502512563e-05,0.0,0.0,0.0,2,0.00500020000800032,badnets,0.005,whash_haar,64,wavelet,median,hamming_knn,mad,0.651,0.442
0.4999833567839196,0.15489278391959796,0.006153868707979323,0.0,0.0,0.0,0.005,0.41423673633440516,0.41423673633440516,0.0,0.0,0.5857632636655948,-1.0,0.0,0.0,0.15947738693467337,0.0,0.0,0.0,7934,0.005943041886559216,badnets,0.005,whash_haar,64,wavelet,median,hamming_ball,mad,0.651,0.436
0.38031123618090457,0.44615220100502506,0.0038522741802269394,0.0,0.02,0.0,0.005,0.36426125401929266,0.4422540192926045,0.0,0.0,0.6357387459807073,-1.0,0.02,0.084,0.10261306532663317,0.004096761607491221,0.084,0.0078125,5126,0.0051031777866916254,badnets,0.005,whash_haar,64,wavelet,median,block_collision,mad,0.651,0.158
0.47694102512562814,0.47022283417085425,0.0046766165826619115,0.004,0.048,0.004,0.005,0.47251929260450154,0.4760936495176849,0.012,0.012,0.5274807073954985,-1.0,0.02,0.0,0.00034170854271356785,0.0,0.0,0.0,17,0.0050017005781965865,badnets,0.005,whash_haar,64,wavelet,median,hash_spectral,mad,0.651,0.045
0.37289318592964826,0.5402440603015075,0.0037514465075144435,0.0,0.008,0.0,0.005,0.37229220257234724,0.529213424437299,0.0,0.0,0.6277077974276528,-1.0,0.012,0.0,0.002090452261306533,0.0,0.0,0.0,104,0.005010421677088344,badnets,0.005,whash_haar,64,wavelet,median,hash_stability,mad,0.651,0.027
0.4055350351758794,0.4823853668341709,0.0037979466766539156,0.0,0.0,0.0,0.005,0.39766559485530545,0.48936414790996785,0.0,0.012,0.6023344051446946,-1.0,0.012,0.0,0.004221105527638191,0.0,0.0,0.0,210,0.00502108857200241,badnets,0.005,whash_db4,169,wavelet,median,bit_llr,mad,1.571,0.077
0.43491328643216076,0.35475079396984927,0.005548483593209575,0.0,0.0,0.0,0.005,0.43391599678456594,0.5660840032154342,0.0,0.0,0.5660840032154341,-1.0,0.0,0.0,0.3447035175879397,0.0,0.0,0.0,17149,0.007610118413442513,badnets,0.005,whash_db4,169,wavelet,median,bit_em,mad,1.571,0.597
0.39085636180904526,0.4938044623115577,0.00374907539065926,0.0,0.0,0.0,0.005,0.37922628617363346,0.49992805466237944,0.0,0.008,0.6207737138263665,-1.0,0.02,0.0,0.0,0.0,0.0,0.0,0,0.005,badnets,0.005,whash_db4,169,wavelet,median,hamming_knn,mad,1.571,0.437
0.45933977889447236,0.3057844020100503,0.005094505978221955,0.0,0.0,0.0,0.005,0.4119586012861736,0.4119586012861736,0.0,0.0,0.5880413987138264,-1.0,0.0,0.004,0.11007035175879397,0.00018258170531312764,0.004,0.00034922297887200976,5477,0.00559261505289401,badnets,0.005,whash_db4,169,wavelet,median,hamming_ball,mad,1.571,0.43
0.45892936683417085,0.4970810854271357,0.004474959781654655,0.0,0.04,0.0,0.005,0.4632025723472669,0.5019461414790997,0.008,0.008,0.5367974276527331,-1.0,0.008,0.0,0.001949748743718593,0.0,0.0,0.0,97,0.005009718854577881,badnets,0.005,whash_db4,169,wavelet,median,hash_spectral,mad,1.571,0.051
0.4739508341708543,0.5623899497487437,0.0051815812640736226,0.012,0.056,0.024,0.005,0.485165192926045,0.5333215434083601,0.0,0.012,0.514834807073955,-1.0,0.02,0.012,0.0029949748743718593,0.019736842105263157,0.012,0.014925373134328358,152,0.00495506339271385,badnets,0.005,whash_db4,169,wavelet,median,hash_stability,mad,1.571,0.029
0.36641471356783917,0.46000550753768843,0.0035360672567645766,0.0,0.004,0.004,0.005,0.35316479099678455,0.45907073954983924,0.0,0.004,0.6468352090032154,-1.0,0.02,0.0,0.00048241206030150754,0.0,0.0,0.0,24,0.005002401152553225,badnets,0.005,mh,64,frequency,mean,bit_llr,mad,0.952,0.056
0.3179603216080402,0.552323095477387,0.0034192703484148892,0.0,0.0,0.0,0.005,0.46860811897106114,0.4754706591639871,0.004,0.0,0.5313918810289389,-1.0,0.004,0.0,0.02785929648241206,0.0,0.0,0.0,1386,0.005142551528366315,badnets,0.005,mh,64,frequency,mean,bit_em,mad,0.952,0.297
0.27182697487437185,0.5874648442211055,0.0031567609921873594,0.0,0.004,0.0,0.005,0.2589594051446945,0.5858263665594855,0.0,0.0,0.7410405948553055,-1.0,0.036,0.0,0.008201005025125628,0.0,0.0,0.0,408,0.005041135667043071,badnets,0.005,mh,64,frequency,mean,hamming_knn,mad,0.952,0.44
0.2920251256281407,0.5137880201005025,0.003573592767596962,0.0,0.0,0.0,0.005,0.26415594855305463,0.5206254019292604,0.0,0.0,0.7358440514469453,-1.0,0.0,0.0,0.039336683417085426,0.0,0.0,0.0,1957,0.005203671710759111,badnets,0.005,mh,64,frequency,mean,hamming_ball,mad,0.952,0.436
0.3371373266331658,0.6121692060301507,0.0043729353974051805,0.02,0.04,0.02,0.005,0.32805184887459804,0.4430345659163987,0.004,0.004,0.671948151125402,-1.0,0.004,0.048,0.06359798994974875,0.003778337531486146,0.048,0.0070052539404553416,3176,0.005082863488809158,badnets,0.005,mh,64,frequency,mean,block_collision,mad,0.952,0.152
0.41894886432160805,0.476294472361809,0.003956036622280611,0.0,0.0,0.0,0.005,0.42922266881028937,0.4787323151125402,0.0,0.0,0.5707773311897106,-1.0,0.008,0.0,0.003879396984924623,0.0,0.0,0.0,193,0.005019374786676571,badnets,0.005,mh,64,frequency,mean,hash_spectral,mad,0.952,0.044
0.4683495477386935,0.4053263115577889,0.004559883813730531,0.0,0.016,0.0,0.005,0.45372347266881036,0.45700241157556276,0.0,0.0,0.5462765273311896,-1.0,0.012,0.0,0.005668341708542714,0.0,0.0,0.0,282,0.005028359950118669,badnets,0.005,mh,64,frequency,mean,hash_stability,mad,0.952,0.027
0.3690265728643216,0.47808032160804015,0.0037155793632795784,0.0,0.0,0.0,0.005,0.2760622990353698,0.5244449356913183,0.004,0.032,0.7239377009646302,-1.0,0.032,0.0,0.03682412060301508,0.0,0.0,0.0,1832,0.0051901677462215575,badnets,0.005,colorhash,42,colour,quantisation,bit_llr,mad,2.518,0.05
0.39847911557788945,0.4939253065326633,0.004064945594537232,0.0,0.0,0.0,0.005,0.2945655144694534,0.37911213826366563,0.0,0.0,0.7054344855305466,-1.0,0.0,0.2,0.41485427135678393,0.0024167431968679007,0.2,0.004775777257748698,20689,0.006823376889222476,badnets,0.005,colorhash,42,colour,quantisation,bit_em,mad,2.518,0.242
0.3805982713567839,0.73360816080402,0.0052622483369905455,0.0,0.0,0.124,0.005,0.3952608520900322,0.5872966237942121,0.0,0.02,0.6047391479099677,-1.0,0.02,0.18,0.018311557788944725,0.04707112970711297,0.18,0.07462686567164178,956,0.004179920071772286,badnets,0.005,colorhash,42,colour,quantisation,hamming_knn,mad,2.518,0.323
0.38223352763819096,0.4978530251256281,0.0044024373067426004,0.0,0.0,0.0,0.005,0.38765635048231506,0.43331672025723467,0.0,0.0,0.6123436495176849,-1.0,0.0,0.248,0.26532663316582916,0.004675011310511235,0.248,0.009177027827116636,13262,0.005117317219228047,badnets,0.005,colorhash,42,colour,quantisation,hamming_ball,mad,2.518,0.338
0.5049808241206031,0.4846150753768844,0.005377922025095181,0.0,0.0,0.0,0.005,0.5762809485530547,0.5104594051446946,0.016,0.0,0.5762809485530547,1.0,0.016,0.0,0.006934673366834171,0.0,0.0,0.0,345,0.0050347397039573055,badnets,0.005,colorhash,42,colour,quantisation,hash_spectral,mad,2.518,0.041
0.536768,0.4797210452261307,0.005480935702128628,0.008,0.02,0.008,0.005,0.5270221061093248,0.504282154340836,0.008,0.008,0.5270221061093248,1.0,0.008,0.0,0.0008844221105527638,0.0,0.0,0.0,44,0.0050044038754103615,badnets,0.005,colorhash,42,colour,quantisation,hash_stability,mad,2.518,0.024
0.41865989949748744,0.4585809849246231,0.003925096043509788,0.0,0.028,0.008,0.005,0.4138995176848874,0.4579433279742765,0.0,0.008,0.5861004823151126,-1.0,0.016,0.0,0.00034170854271356785,0.0,0.0,0.0,17,0.0050017005781965865,badnets,0.005,rhash8,64,residual,zero,bit_llr,mad,0.51,0.056
0.48563959798994977,0.5051156180904522,0.005279150081486919,0.0,0.004,0.0,0.005,0.45846061093247586,0.4348866559485531,0.004,0.004,0.5415393890675242,-1.0,0.004,0.168,0.08930653266331658,0.009364548494983277,0.168,0.017740232312566,4485,0.004569922003735033,badnets,0.005,rhash8,64,residual,zero,bit_em,mad,0.51,0.297
0.38402830150753764,0.4699997587939699,0.003878241209898552,0.008,0.024,0.008,0.005,0.3627524115755627,0.462838424437299,0.004,0.004,0.6372475884244373,-1.0,0.02,0.004,0.005628140703517588,0.0035587188612099642,0.004,0.003766478342749529,281,0.005008145779279551,badnets,0.005,rhash8,64,residual,zero,hamming_knn,mad,0.51,0.441
0.39910026130653264,0.4445864924623115,0.00391141821270403,0.0,0.012,0.0,0.005,0.3680028135048231,0.4560582797427653,0.0,0.0,0.6319971864951769,-1.0,0.032,0.0,0.015517587939698492,0.0,0.0,0.0,772,0.0050784106605996585,badnets,0.005,rhash8,64,residual,zero,hamming_ball,mad,0.51,0.438
0.4933790150753769,0.4504064723618091,0.00548161097455225,0.028,0.044,0.028,0.005,0.3845180868167203,0.47542403536977496,0.0,0.0,0.6154819131832797,-1.0,0.0,0.028,0.018874371859296482,0.007399577167019027,0.028,0.011705685618729096,946,0.004953724466914013,badnets,0.005,rhash8,64,residual,zero,block_collision,mad,0.51,0.151
0.4902746532663316,0.4627738693467337,0.00488406071351325,0.004,0.04,0.004,0.005,0.48657877813504824,0.45989549839228294,0.004,0.004,0.5134212218649518,-1.0,0.016,0.004,0.007899497487437186,0.0025380710659898475,0.004,0.003105590062111801,394,0.00501955408619925,badnets,0.005,rhash8,64,residual,zero,hash_spectral,mad,0.51,0.044
0.6292516582914572,0.45846070351758794,0.007435051918967902,0.016,0.076,0.008,0.005,0.6357974276527332,0.5118307877813506,0.024,0.016,0.6357974276527332,1.0,0.024,0.0,0.0014271356783919597,0.0,0.0,0.0,71,0.005007110096336798,badnets,0.005,rhash8,64,residual,zero,hash_stability,mad,0.51,0.028
0.43018637185929653,0.4902935477386935,0.0042223563562920445,0.004,0.036,0.012,0.005,0.41727572347266884,0.4862057877813505,0.004,0.008,0.5827242765273312,-1.0,0.012,0.004,0.002231155778894472,0.008928571428571428,0.004,0.0055248618784530384,112,0.004991180243745991,badnets,0.005,rhash16,256,residual,zero,bit_llr,mad,0.61,0.095
0.4511783316582914,0.4812777889447236,0.004275312093364116,0.0,0.0,0.0,0.005,0.46582234726688104,0.4252307073954984,0.0,0.0,0.534177652733119,-1.0,0.0,0.0,0.11131658291457286,0.0,0.0,0.0,5538,0.005622779002294094,badnets,0.005,rhash16,256,residual,zero,bit_em,mad,0.61,0.935
0.3494350552763819,0.5071613668341709,0.0035077305936248304,0.0,0.004,0.0,0.005,0.3286036977491961,0.5127676848874598,0.004,0.004,0.6713963022508038,-1.0,0.048,0.0,0.013587939698492462,0.0,0.0,0.0,676,0.005068526477982321,badnets,0.005,rhash16,256,residual,zero,hamming_knn,mad,0.61,0.481
0.33946311557788944,0.5187612864321608,0.0038919581812218267,0.0,0.032,0.0,0.005,0.32975844051446945,0.49345940514469444,0.0,0.0,0.6702415594855305,-1.0,0.0,0.02,0.035417085427135675,0.0028296547821165816,0.02,0.00495785820525533,1767,0.005079509879128398,badnets,0.005,rhash16,256,residual,zero,hamming_ball,mad,0.61,0.467
0.4382240402010051,0.507220783919598,0.0045792378966450125,0.0,0.048,0.0,0.005,0.3896559485530547,0.4735092443729904,0.004,0.004,0.6103440514469454,-1.0,0.008,0.08,0.08100502512562814,0.0049382716049382715,0.08,0.009302325581395349,4050,0.00500544069640914,badnets,0.005,rhash16,256,residual,zero,block_collision,mad,0.61,0.714
0.41933306532663317,0.4734494472361809,0.00401930466834507,0.0,0.024,0.0,0.005,0.4125659163987138,0.47330868167202567,0.008,0.008,0.5874340836012861,-1.0,0.008,0.0,0.015678391959798994,0.0,0.0,0.0,780,0.0050792360828931325,badnets,0.005,rhash16,256,residual,zero,hash_spectral,mad,0.61,0.054
0.6136836984924623,0.50631975879397,0.007499750193578229,0.028,0.076,0.012,0.005,0.6149461414790997,0.4976780546623795,0.02,0.012,0.6149461414790997,1.0,0.02,0.004,0.005366834170854272,0.0037313432835820895,0.004,0.003861003861003861,268,0.005006836644414059,badnets,0.005,rhash16,256,residual,zero,hash_stability,mad,0.61,0.032
0.4240101306532663,0.4179826733668342,0.0039468715947949,0.004,0.024,0.0,0.005,0.4096623794212219,0.41263665594855303,0.0,0.0,0.590337620578778,-1.0,0.008,0.0,0.002733668341708543,0.0,0.0,0.0,136,0.005013637092892668,badnets,0.005,rhash32,1024,residual,zero,bit_llr,mad,0.494,0.43
0.41046560804020105,0.5614613467336683,0.006796650611503198,0.0,0.144,0.0,0.005,0.394262459807074,0.3670397909967846,0.0,0.0,0.605737540192926,-1.0,0.0,0.296,0.37035175879396987,0.004000216227904211,0.296,0.007893754333564457,18499,0.0055871242182787845,badnets,0.005,rhash32,1024,residual,zero,bit_em,mad,0.494,5.014
0.30505282412060303,0.5083148140703517,0.0032403632103430997,0.0,0.0,0.0,0.005,0.2945546623794212,0.5165510450160772,0.0,0.0,0.7054453376205788,-1.0,0.032,0.0,0.036020100502512566,0.0,0.0,0.0,1792,0.005185861267839363,badnets,0.005,rhash32,1024,residual,zero,hamming_knn,mad,0.494,0.619
0.34038259296482415,0.4408624723618091,0.004111491943822026,0.004,0.016,0.004,0.005,0.3122487942122186,0.4313034565916398,0.0,0.0,0.6877512057877814,-1.0,0.0,0.052,0.0945929648241206,0.0027548209366391185,0.052,0.0052324411350372305,4719,0.0052339833484242836,badnets,0.005,rhash32,1024,residual,zero,hamming_ball,mad,0.494,0.595
0.749625447236181,0.8267436381909546,0.11388471956071032,0.052,0.632,0.052,0.005,0.6794573954983922,0.7530799839228296,0.0,0.0,0.6794573954983922,1.0,0.02,0.632,0.024964824120603014,0.11285714285714285,0.632,0.19151515151515153,1400,0.0018930041152263374,badnets,0.005,rhash32,1024,residual,zero,block_collision,mad,0.494,3.293
0.40964687437185926,0.44539433165829145,0.0038468412945050073,0.0,0.008,0.0,0.005,0.4018030546623794,0.4477242765273312,0.004,0.004,0.5981969453376206,-1.0,0.012,0.0,0.02848241206030151,0.0,0.0,0.0,1417,0.005145832904513925,badnets,0.005,rhash32,1024,residual,zero,hash_spectral,mad,0.494,0.303
0.6645566633165829,0.5408559597989949,0.009347993508341259,0.036,0.108,0.008,0.005,0.6678697749196141,0.5495325562700965,0.04,0.008,0.6678697749196141,1.0,0.04,0.004,0.005587939698492462,0.0035842293906810036,0.004,0.003780718336483932,279,0.0050079443293578165,badnets,0.005,rhash32,1024,residual,zero,hash_stability,mad,0.494,0.074
0.43244880402010055,0.4997080603015075,0.004164673976565452,0.004,0.036,0.004,0.005,0.4228038585209003,0.49657877813504814,0.0,0.004,0.5771961414790997,-1.0,0.012,0.0,0.0023115577889447235,0.0,0.0,0.0,115,0.005011526510975243,badnets,0.005,rhash_rgb,768,residual,zero,bit_llr,mad,2.193,0.234
0.26975606030150756,0.5764998994974875,0.0034910987206024048,0.0,0.0,0.0,0.005,0.4668798231511255,0.4983677652733119,0.0,0.0,0.5331201768488745,-1.0,0.0,0.528,0.30894472361809044,0.008515030318668558,0.528,0.01675977653631285,15502,0.003420488144240246,badnets,0.005,rhash_rgb,768,residual,zero,bit_em,mad,2.193,3.153
0.3860178492462311,0.48932908542713566,0.0037104785584701986,0.0,0.008,0.0,0.005,0.36950000000000005,0.49328938906752406,0.0,0.0,0.6305,-1.0,0.012,0.0,0.014130653266331658,0.0,0.0,0.0,703,0.005071302513337526,badnets,0.005,rhash_rgb,768,residual,zero,hamming_knn,mad,2.193,0.561
0.405238391959799,0.4527398592964824,0.004228892353473346,0.004,0.036,0.004,0.005,0.3839991961414791,0.4411772508038585,0.004,0.004,0.616000803858521,-1.0,0.004,0.028,0.03939698492462312,0.0035587188612099642,0.028,0.006314839873703203,1967,0.00505902192242833,badnets,0.005,rhash_rgb,768,residual,zero,hamming_ball,mad,2.193,0.525
0.4368888844221106,0.44876044221105527,0.004223569616571561,0.0,0.0,0.0,0.005,0.3615281350482315,0.4755196945337621,0.008,0.008,0.6384718649517684,-1.0,0.008,0.0,0.05907537688442211,0.0,0.0,0.0,2939,0.005312254308238244,badnets,0.005,rhash_rgb,768,residual,zero,block_collision,mad,2.193,2.192
0.43662954773869345,0.46942721608040205,0.0042242699415515495,0.004,0.032,0.004,0.005,0.4349622186495177,0.4700265273311897,0.008,0.008,0.5650377813504823,-1.0,0.012,0.012,0.01829145728643216,0.0032858707557502738,0.012,0.005159071367153913,913,0.005031882168394891,badnets,0.005,rhash_rgb,768,residual,zero,hash_spectral,mad,2.193,0.16
0.6163314170854272,0.510171216080402,0.007257533506230561,0.016,0.076,0.016,0.005,0.6264405144694534,0.5181282154340836,0.02,0.02,0.6264405144694534,1.0,0.02,0.004,0.006231155778894473,0.003215434083601286,0.004,0.0035650623885918,311,0.0050111694741290826,badnets,0.005,rhash_rgb,768,residual,zero,hash_stability,mad,2.193,0.039
0.26032723618090453,0.5799298492462311,0.0030469581466289843,0.0,0.0,0.008,0.005,0.2482250803858521,0.5963066720257235,0.0,0.024,0.7517749196141479,-1.0,0.024,0.0,0.0006633165829145729,0.0,0.0,0.0,33,0.00500330217943843,badnets,0.005,rhash_energy,256,residual,mean,bit_llr,mad,0.672,0.102
0.3134683015075377,0.45929354773869346,0.005266819787862102,0.0,0.092,0.0,0.005,0.26723995176848875,0.3214618167202573,0.0,0.0,0.7327600482315113,-1.0,0.0,0.104,0.19099497487437186,0.00272879932829555,0.104,0.005318060953160155,9528,0.0055346906503261515,badnets,0.005,rhash_energy,256,residual,mean,bit_em,mad,0.672,0.946
0.2184616281407035,0.6117660301507538,0.0028983921804317755,0.0,0.0,0.0,0.005,0.21604461414790996,0.6305064308681672,0.0,0.052,0.78395538585209,-1.0,0.072,0.0,0.0005628140703517588,0.0,0.0,0.0,28,0.005002801568878572,badnets,0.005,rhash_energy,256,residual,mean,hamming_knn,mad,0.672,0.468
0.4791575879396985,0.18982749748743719,0.005912660524572481,0.0,0.0,0.0,0.005,0.34839268488745984,0.34839268488745984,0.0,0.0,0.6516073151125401,-1.0,0.0,0.0,0.15264321608040202,0.0,0.0,0.0,7594,0.005895392161486582,badnets,0.005,rhash_energy,256,residual,mean,hamming_ball,mad,0.672,0.464
0.34833210050251256,0.47948771859296485,0.0039191734437752255,0.0,0.0,0.0,0.005,0.31088866559485534,0.6891113344051447,0.0,0.06,0.6891113344051447,-1.0,0.06,0.176,0.14613065326633165,0.006015859994531037,0.176,0.011634056054997356,7314,0.004825938246731949,badnets,0.005,rhash_energy,256,residual,mean,block_collision,mad,0.672,0.749
0.42602010050251254,0.47926062311557793,0.004351041840483539,0.02,0.036,0.02,0.005,0.42365192926045014,0.479379421221865,0.016,0.016,0.5763480707395499,-1.0,0.016,0.0,0.0018693467336683416,0.0,0.0,0.0,93,0.005009317330234236,badnets,0.005,rhash_energy,256,residual,mean,hash_spectral,mad,0.672,0.066
0.33159557788944727,0.5739679195979899,0.0034437655304247515,0.0,0.012,0.064,0.005,0.34100522508038583,0.5634401125401929,0.0,0.008,0.6589947749196141,-1.0,0.008,0.012,0.003457286432160804,0.017142857142857144,0.012,0.01411764705882353,175,0.004957350727546412,badnets,0.005,rhash_energy,256,residual,mean,hash_stability,mad,0.672,0.037
0.4140102110552764,0.5000876783919598,0.0040640482698288734,0.004,0.036,0.012,0.005,0.3991824758842444,0.4979389067524116,0.004,0.008,0.6008175241157556,-1.0,0.012,0.0,0.0023517587939698493,0.0,0.0,0.0,117,0.005011727442214783,badnets,0.005,ahash_res,256,residual,mean,bit_llr,mad,0.685,0.131
0.4892699899497488,0.518579336683417,0.004892537856126376,0.0,0.0,0.0,0.005,0.468072347266881,0.42234807073954983,0.0,0.0,0.5319276527331189,-1.0,0.0,0.0,0.11189949748743719,0.0,0.0,0.0,5567,0.0056264488105687216,badnets,0.005,ahash_res,256,residual,mean,bit_em,mad,0.685,1.014
0.3445130452261306,0.5024457889447236,0.003471546383357155,0.0,0.004,0.0,0.005,0.32576808681672026,0.5172881832797427,0.0,0.0,0.6742319131832797,-1.0,0.04,0.0,0.014130653266331658,0.0,0.0,0.0,703,0.005071302513337526,badnets,0.005,ahash_res,256,residual,mean,hamming_knn,mad,0.685,0.49
0.33762211055276387,0.5335558994974875,0.0038283192971090233,0.0,0.024,0.0,0.005,0.3313038585209003,0.48672106109324764,0.0,0.0,0.6686961414790997,-1.0,0.0,0.012,0.03276381909547739,0.001837109614206981,0.012,0.003186404673393521,1633,0.005106787685818843,badnets,0.005,ahash_res,256,residual,mean,hamming_ball,mad,0.685,0.509
0.43325881407035177,0.5093893869346734,0.0045437495281109306,0.0,0.044,0.0,0.005,0.38451125401929265,0.47327411575562706,0.004,0.004,0.6154887459807074,-1.0,0.012,0.076,0.08257286432160804,0.004603828446813666,0.076,0.008681745487777016,4127,0.005035641880844942,badnets,0.005,ahash_res,256,residual,mean,block_collision,mad,0.685,0.77
0.4174810854271357,0.4726858693467337,0.003997729465438506,0.0,0.024,0.0,0.005,0.41163987138263664,0.47425522508038587,0.008,0.008,0.5883601286173634,-1.0,0.028,0.0,0.015778894472361808,0.0,0.0,0.0,785,0.005079752108097125,badnets,0.005,ahash_res,256,residual,mean,hash_spectral,mad,0.685,0.064
0.6228249246231157,0.5126313165829146,0.0078114885304518605,0.032,0.08,0.02,0.005,0.6183476688102895,0.5027190514469454,0.02,0.02,0.6183476688102895,1.0,0.02,0.004,0.0049045226130653265,0.004081632653061225,0.004,0.00404040404040404,245,0.005004522158577027,badnets,0.005,ahash_res,256,residual,mean,hash_stability,mad,0.685,0.032
0.3197425858585859,0.5859733333333333,0.006596462875284863,0.0,0.0,0.024,0.01,0.35639878787878787,0.5619866666666666,0.006,0.024,0.6436012121212121,-1.0,0.024,0.0,0.0009494949494949495,0.0,0.0,0.0,47,0.010009408844313655,badnets,0.01,ahash,64,spatial,mean,bit_llr,mad,0.187,0.065
0.6438398181818181,0.5097779191919192,0.031244247575501347,0.0,0.378,0.0,0.01,0.4160373737373738,0.4398648484848486,0.0,0.0,0.5839626262626262,-1.0,0.0,0.378,0.37662626262626264,0.010036108751062022,0.378,0.019553072625698324,18832,0.00997818275154004,badnets,0.01,ahash,64,spatial,mean,bit_em,mad,0.187,0.307
0.3535095555555555,0.538962101010101,0.007085900109387881,0.0,0.012,0.0,0.01,0.32817696969696963,0.5316634343434344,0.0,0.002,0.6718230303030304,-1.0,0.04,0.0,0.0,0.0,0.0,0.0,0,0.01,badnets,0.01,ahash,64,spatial,mean,hamming_knn,mad,0.187,0.494
0.3239238787878788,0.45862204040404037,0.0086538418334725,0.002,0.032,0.002,0.01,0.38335030303030304,0.42736606060606064,0.0,0.0,0.616649696969697,-1.0,0.0,0.074,0.1632929292929293,0.0045566502463054185,0.074,0.008584686774941995,8120,0.011055396370582617,badnets,0.01,ahash,64,spatial,mean,hamming_ball,mad,0.187,0.478
0.3690676363636363,0.4910101616161616,0.008312228696373438,0.0,0.0,0.0,0.01,0.34928969696969697,0.4986228282828283,0.0,0.0,0.650710303030303,-1.0,0.032,0.154,0.11250505050505051,0.013637973786751682,0.154,0.025056947608200455,5646,0.009536907606980205,badnets,0.01,ahash,64,spatial,mean,block_collision,mad,0.187,0.173
0.5116804444444444,0.4584278787878788,0.010146560136661542,0.006,0.06,0.006,0.01,0.4891608080808081,0.4547159595959596,0.008,0.008,0.5108391919191919,-1.0,0.008,0.0,0.0008686868686868687,0.0,0.0,0.0,43,0.010008607402366036,badnets,0.01,ahash,64,spatial,mean,hash_spectral,mad,0.187,0.049
0.3861927676767677,0.5292426868686868,0.007662582985165998,0.004,0.016,0.004,0.01,0.3864624242424242,0.5220076767676768,0.008,0.008,0.6135375757575758,-1.0,0.008,0.0,0.0005858585858585859,0.0,0.0,0.0,29,0.010005803365952252,badnets,0.01,ahash,64,spatial,mean,hash_stability,mad,0.187,0.032
0.3458683434343434,0.5833884848484848,0.006946309068594999,0.0,0.0,0.0,0.01,0.38818464646464645,0.585369494949495,0.016,0.032,0.6118153535353535,-1.0,0.032,0.0,0.001292929292929293,0.0,0.0,0.0,64,0.010012816404998398,badnets,0.01,ahash4,16,spatial,mean,bit_llr,mad,0.141,0.05
0.6280593535353536,0.5723044444444445,0.02870495261661738,0.03,0.388,0.0,0.01,0.4081062626262626,0.44749656565656565,0.0,0.0,0.5918937373737374,-1.0,0.0,0.352,0.15571717171717173,0.022323693556570268,0.352,0.04198473282442748,7884,0.007693038275239814,badnets,0.01,ahash4,16,spatial,mean,bit_em,mad,0.141,0.152
0.3911193131313131,0.5570542828282828,0.008245094395979305,0.0,0.038,0.02,0.01,0.35524686868686867,0.5252151515151515,0.0,0.026,0.6447531313131314,-1.0,0.026,0.0,0.0,0.0,0.0,0.0,0,0.01,badnets,0.01,ahash4,16,spatial,mean,hamming_knn,mad,0.141,0.423
0.3637759595959596,0.44320808080808083,0.009463812607103227,0.0,0.038,0.0,0.01,0.3955553535353535,0.4383949494949495,0.0,0.0,0.6044446464646465,-1.0,0.0,0.074,0.11806060606060606,0.006291447032817548,0.074,0.011596928381131483,5881,0.01049434484009157,badnets,0.01,ahash4,16,spatial,mean,hamming_ball,mad,0.141,0.516
0.39169804040404044,0.4739546464646464,0.008695896934923685,0.016,0.016,0.016,0.01,0.37546545454545455,0.44358787878787875,0.0,0.0,0.6245345454545455,-1.0,0.0,0.128,0.18903030303030302,0.006793334040972296,0.128,0.012901925209152303,9421,0.01074447374257621,badnets,0.01,ahash4,16,spatial,mean,block_collision,mad,0.141,0.046
0.5103687272727273,0.4722917777777778,0.01054562581548875,0.0,0.068,0.0,0.01,0.5007329292929293,0.47465575757575756,0.0,0.0,0.5007329292929293,1.0,0.006,0.0,0.0022424242424242424,0.0,0.0,0.0,111,0.010022249393653912,badnets,0.01,ahash4,16,spatial,mean,hash_spectral,mad,0.141,0.05
0.4534573333333334,0.378040202020202,0.008781910727613446,0.0,0.0,0.0,0.01,0.42529919191919197,0.5000058585858587,0.002,0.002,0.574700808080808,-1.0,0.002,0.0,0.0025252525252525255,0.0,0.0,0.0,125,0.010025062656641603,badnets,0.01,ahash4,16,spatial,mean,hash_stability,mad,0.141,0.031
0.310713898989899,0.5798368484848485,0.006494722444798646,0.0,0.0,0.02,0.01,0.3460650505050505,0.5576476767676768,0.004,0.014,0.6539349494949496,-1.0,0.014,0.0,0.0006060606060606061,0.0,0.0,0.0,30,0.010006003602161296,badnets,0.01,ahash16,256,spatial,mean,bit_llr,mad,0.3,0.111
0.42837181818181824,0.3714542828282828,0.011215653431705556,0.0,0.0,0.0,0.01,0.3905480808080808,0.6094519191919193,0.0,0.0,0.6094519191919192,-1.0,0.0,0.0,0.29523232323232323,0.0,0.0,0.0,14614,0.014129881874187532,badnets,0.01,ahash16,256,spatial,mean,bit_em,mad,0.3,0.972
0.3254864242424243,0.5608421414141415,0.00673506646648925,0.0,0.012,0.0,0.01,0.30904323232323233,0.5578870707070708,0.0,0.01,0.6909567676767676,-1.0,0.06,0.0,0.0,0.0,0.0,0.0,0,0.01,badnets,0.01,ahash16,256,spatial,mean,hamming_knn,mad,0.3,0.495
0.4719098383838384,0.23785028282828283,0.010847820630354279,0.0,0.0,0.0,0.01,0.4041610101010101,0.4041610101010101,0.0,0.0,0.59583898989899,-1.0,0.0,0.008,0.1405050505050505,0.0005747952291995977,0.008,0.0010725298297358896,6959,0.011523895820264399,badnets,0.01,ahash16,256,spatial,mean,hamming_ball,mad,0.3,0.5
0.25590511111111114,0.8186241414141413,0.008326554206840992,0.0,0.0,0.228,0.01,0.35637515151515153,0.6474781818181818,0.0,0.038,0.6436248484848485,-1.0,0.038,0.662,0.08753535353535354,0.07096912521440824,0.662,0.12819519752130132,4664,0.0037277218987118404,badnets,0.01,ahash16,256,spatial,mean,block_collision,mad,0.3,0.739
0.5086248484848485,0.46125406060606056,0.009970992579546936,0.006,0.052,0.006,0.01,0.48121535353535355,0.45765414141414146,0.004,0.004,0.5187846464646464,-1.0,0.012,0.0,0.0006262626262626262,0.0,0.0,0.0,31,0.010006203846384759,badnets,0.01,ahash16,256,spatial,mean,hash_spectral,mad,0.3,0.06
0.49055688888888893,0.5026547474747474,0.010188826594957852,0.012,0.044,0.016,0.01,0.4878278787878788,0.49689272727272726,0.01,0.01,0.5121721212121212,-1.0,0.01,0.004,0.0012323232323232323,0.031746031746031744,0.004,0.007104795737122558,63,0.009972565432444881,badnets,0.01,ahash16,256,spatial,mean,hash_stability,mad,0.3,0.045
0.3092473333333333,0.5770592929292929,0.006477405493893181,0.0,0.0,0.016,0.01,0.34274868686868687,0.5558476767676768,0.004,0.012,0.6572513131313131,-1.0,0.012,0.0,0.0005454545454545455,0.0,0.0,0.0,27,0.010005402917575491,badnets,0.01,ahash32,1024,spatial,mean,bit_llr,mad,0.455,0.296
0.3369762222222222,0.5490391717171716,0.009636225495453713,0.0,0.0,0.0,0.01,0.391610909090909,0.6083890909090909,0.0,0.0,0.608389090909091,-1.0,0.0,0.0,0.198989898989899,0.0,0.0,0.0,9850,0.012453300124533,badnets,0.01,ahash32,1024,spatial,mean,bit_em,mad,0.455,5.109
0.3159823232323232,0.566544303030303,0.006615035914964301,0.0,0.012,0.004,0.01,0.3007626262626263,0.5650636363636363,0.002,0.02,0.6992373737373737,-1.0,0.052,0.0,0.0,0.0,0.0,0.0,0,0.01,badnets,0.01,ahash32,1024,spatial,mean,hamming_knn,mad,0.455,0.631
0.48631432323232315,0.24388111111111113,0.011026321665517801,0.0,0.0,0.0,0.01,0.40152666666666675,0.40152666666666675,0.002,0.002,0.5984733333333332,-1.0,0.002,0.01,0.14191919191919192,0.0007112375533428165,0.01,0.0013280212483399733,7030,0.011519664882476147,badnets,0.01,ahash32,1024,spatial,mean,hamming_ball,mad,0.455,0.608
0.37914945454545457,0.4144557575757576,0.008253133244345349,0.0,0.0,0.0,0.01,0.38564484848484853,0.6143551515151515,0.0,0.018,0.6143551515151515,-1.0,0.018,0.0,0.1367878787878788,0.0,0.0,0.0,6771,0.011566309653242037,badnets,0.01,ahash32,1024,spatial,mean,block_collision,mad,0.455,3.13
0.5072722626262627,0.4612163434343434,0.009873587475721125,0.004,0.046,0.004,0.01,0.4799874747474747,0.45646868686868686,0.004,0.004,0.5200125252525253,-1.0,0.008,0.0,0.00048484848484848484,0.0,0.0,0.0,24,0.01000480230510645,badnets,0.01,ahash32,1024,spatial,mean,hash_spectral,mad,0.455,0.249
0.5073933131313131,0.5096195757575758,0.01079956669493874,0.012,0.06,0.01,0.01,0.49841434343434343,0.50044101010101,0.01,0.01,0.5015856565656566,-1.0,0.01,0.006,0.0018181818181818182,0.03225806451612903,0.006,0.01011804384485666,93,0.00995852285250566,badnets,0.01,ahash32,1024,spatial,mean,hash_stability,mad,0.455,0.045
0.3840115555555556,0.5296468484848484,0.0073743390171509896,0.0,0.008,0.0,0.01,0.38293333333333335,0.5309591919191919,0.004,0.018,0.6170666666666667,-1.0,0.018,0.0,0.0013737373737373738,0.0,0.0,0.0,68,0.010013618521188816,badnets,0.01,mhash,64,spatial,median,bit_llr,mad,0.206,0.063
0.4126258181818182,0.5409631515151516,0.009024563095301877,0.0,0.0,0.0,0.01,0.4049993939393939,0.5731068686868687,0.0,0.0,0.5950006060606061,-1.0,0.0,0.618,0.37286868686868685,0.01646594905680486,0.618,0.032077234506384306,18766,0.006115130947044887,badnets,0.01,mhash,64,spatial,median,bit_em,mad,0.206,0.314
0.39086329292929295,0.4971658383838384,0.007655736044780885,0.002,0.018,0.0,0.01,0.3540022222222223,0.49476929292929295,0.0,0.0,0.6459977777777777,-1.0,0.03,0.0,0.0003636363636363636,0.0,0.0,0.0,18,0.010003601296466729,badnets,0.01,mhash,64,spatial,median,hamming_knn,mad,0.206,0.482
0.4969826262626263,0.1532249696969697,0.012398679605686386,0.0,0.0,0.0,0.01,0.410959595959596,0.410959595959596,0.0,0.0,0.589040404040404,-1.0,0.0,0.004,0.1576969696969697,0.00025614754098360657,0.004,0.00048146364949446316,7808,0.011803185437997724,badnets,0.01,mhash,64,spatial,median,hamming_ball,mad,0.206,0.475
0.3748710707070707,0.4518807070707071,0.007707104518604083,0.0,0.018,0.0,0.01,0.3559462626262626,0.4527149494949495,0.0,0.0,0.6440537373737374,-1.0,0.032,0.092,0.10262626262626262,0.008973858759266484,0.092,0.016352648418059012,5126,0.010117217096759817,badnets,0.01,mhash,64,spatial,median,block_collision,mad,0.206,0.17
0.47282284848484846,0.4712671111111111,0.009083185585651,0.004,0.038,0.004,0.01,0.46363777777777776,0.4768870707070707,0.01,0.01,0.5363622222222222,-1.0,0.01,0.0,0.00032323232323232324,0.0,0.0,0.0,16,0.010003201024327784,badnets,0.01,mhash,64,spatial,median,hash_spectral,mad,0.206,0.049
0.3908219797979798,0.5301025252525253,0.007817378151116005,0.002,0.024,0.002,0.01,0.389780202020202,0.5195474747474748,0.008,0.008,0.610219797979798,-1.0,0.014,0.0,0.002101010101010101,0.0,0.0,0.0,104,0.010020843354176688,badnets,0.01,mhash,64,spatial,median,hash_stability,mad,0.206,0.033
0.30482179797979797,0.6065746262626263,0.006458972465174458,0.0,0.004,0.06,0.01,0.32694545454545454,0.5965466666666667,0.004,0.038,0.6730545454545455,-1.0,0.038,0.0,0.0014343434343434343,0.0,0.0,0.0,71,0.010014220192673597,badnets,0.01,ahash_rgb,192,spatial,mean,bit_llr,mad,0.449,0.119
0.6551390505050505,0.5483500202020202,0.03553524951572173,0.0,0.378,0.0,0.01,0.43801515151515147,0.4446313131313131,0.0,0.0,0.5619848484848485,-1.0,0.0,0.408,0.3932727272727273,0.010370596309287784,0.408,0.020227058648554855,19671,0.009759635991954894,badnets,0.01,ahash_rgb,192,spatial,mean,bit_em,mad,0.449,0.816
0.35589040404040406,0.5262060404040404,0.007064968004699878,0.0,0.012,0.0,0.01,0.3368319191919191,0.5233747474747475,0.0,0.0,0.6631680808080809,-1.0,0.026,0.0,0.0,0.0,0.0,0.0,0,0.01,badnets,0.01,ahash_rgb,192,spatial,mean,hamming_knn,mad,0.449,0.509
0.5329278181818182,0.1813167878787879,0.012634978452367962,0.0,0.0,0.0,0.01,0.410229898989899,0.410229898989899,0.0,0.0,0.5897701010101011,-1.0,0.0,0.004,0.15381818181818183,0.0002626050420168067,0.004,0.0004928536224741252,7616,0.011749716874292186,badnets,0.01,ahash_rgb,192,spatial,mean,hamming_ball,mad,0.449,0.497
0.41613420202020196,0.4751131919191919,0.008747914584835988,0.0,0.0,0.0,0.01,0.3530670707070707,0.4850254545454545,0.0,0.0,0.6469329292929293,-1.0,0.042,0.0,0.03903030303030303,0.0,0.0,0.0,1932,0.010401930598319047,badnets,0.01,ahash_rgb,192,spatial,mean,block_collision,mad,0.449,0.435
0.49824755555555555,0.4863930909090909,0.01004043006726214,0.012,0.056,0.012,0.01,0.48067575757575753,0.48952303030303035,0.012,0.012,0.5193242424242425,-1.0,0.012,0.0,0.0010303030303030303,0.0,0.0,0.0,51,0.010010210414622916,badnets,0.01,ahash_rgb,192,spatial,mean,hash_spectral,mad,0.449,0.056
0.36930630303030304,0.5225084646464646,0.007285698100109785,0.0,0.012,0.0,0.01,0.36967333333333346,0.5408161616161616,0.006,0.01,0.6303266666666665,-1.0,0.014,0.0,0.0006868686868686869,0.0,0.0,0.0,34,0.010006804627146459,badnets,0.01,ahash_rgb,192,spatial,mean,hash_stability,mad,0.449,0.034
0.3534830303030303,0.5119881010101011,0.006994154960700378,0.002,0.022,0.014,0.01,0.3309591919191919,0.51234,0.0,0.014,0.6690408080808081,-1.0,0.038,0.0,2.0202020202020203e-05,0.0,0.0,0.0,1,0.01000020000400008,badnets,0.01,dhash,64,spatial,pairwise,bit_llr,mad,0.176,0.061
0.547753191919192,0.5574251717171718,0.0132167295142187,0.0,0.0,0.0,0.01,0.4728606060606061,0.46719757575757576,0.0,0.0,0.5271393939393939,-1.0,0.0,0.0,0.07777777777777778,0.0,0.0,0.0,3850,0.010834236186348862,badnets,0.01,dhash,64,spatial,pairwise,bit_em,mad,0.176,0.32
0.3793775555555555,0.5045927272727273,0.0074749662895049005,0.0,0.01,0.0,0.01,0.36285333333333325,0.5075212121212122,0.0,0.0,0.6371466666666667,-1.0,0.016,0.0,0.012666666666666666,0.0,0.0,0.0,627,0.010126992485771575,badnets,0.01,dhash,64,spatial,pairwise,hamming_knn,mad,0.176,0.478
0.3954207272727273,0.5153542626262626,0.008788190523658788,0.002,0.034,0.002,0.01,0.3722614141414141,0.4545385858585858,0.0,0.0,0.6277385858585859,-1.0,0.0,0.074,0.0892929292929293,0.008301548126542517,0.074,0.014928384103288278,4457,0.010166216542608084,badnets,0.01,dhash,64,spatial,pairwise,hamming_ball,mad,0.176,0.466
0.4250841212121213,0.5714343232323231,0.01118341128892959,0.03,0.074,0.03,0.01,0.4238587878787879,0.4476391919191919,0.0,0.0,0.5761412121212122,-1.0,0.0,0.128,0.10955555555555556,0.01166393293238564,0.128,0.02137965592116252,5487,0.00979489138004628,badnets,0.01,dhash,64,spatial,pairwise,block_collision,mad,0.176,0.156
0.47982939393939394,0.49007480808080806,0.009363457524744864,0.004,0.038,0.004,0.01,0.4727729292929293,0.4885171717171717,0.002,0.002,0.5272270707070708,-1.0,0.002,0.0,0.0018585858585858585,0.0,0.0,0.0,92,0.010018433918409874,badnets,0.01,dhash,64,spatial,pairwise,hash_spectral,mad,0.176,0.047
0.6051057575757575,0.5126037373737374,0.014427770783416005,0.012,0.07,0.012,0.01,0.5965048484848484,0.4887474747474748,0.012,0.006,0.5965048484848484,1.0,0.012,0.002,0.0005656565656565656,0.034482758620689655,0.002,0.003780718336483932,29,0.009985791759220347,badnets,0.01,dhash,64,spatial,pairwise,hash_stability,mad,0.176,0.032
0.39183036363636364,0.5008676565656566,0.007473698118424886,0.002,0.014,0.006,0.01,0.3807490909090909,0.4989353535353535,0.002,0.01,0.6192509090909091,-1.0,0.014,0.0,0.0002626262626262626,0.0,0.0,0.0,13,0.010002600676175805,badnets,0.01,dhash_v,64,spatial,pairwise,bit_llr,mad,0.159,0.064
0.6723079393939394,0.6295708484848486,0.03694279386912499,0.0,0.382,0.0,0.01,0.49001393939393934,0.4677410101010101,0.0,0.0,0.5099860606060607,-1.0,0.0,0.394,0.07327272727272727,0.05151673640167364,0.394,0.09111933395004625,3824,0.006561850311850312,badnets,0.01,dhash_v,64,spatial,pairwise,bit_em,mad,0.159,0.35
0.32176660606060603,0.534146606060606,0.0066970971829560175,0.0,0.012,0.0,0.01,0.31790303030303035,0.5352064646464646,0.0,0.0,0.6820969696969696,-1.0,0.036,0.0,0.0022828282828282827,0.0,0.0,0.0,113,0.010022651191693226,badnets,0.01,dhash_v,64,spatial,pairwise,hamming_knn,mad,0.159,0.55
0.34662347474747474,0.45887113131313134,0.008002984136297029,0.0,0.012,0.0,0.01,0.33859474747474744,0.4210212121212122,0.0,0.0,0.6614052525252525,-1.0,0.0,0.032,0.10824242424242424,0.00297729810197246,0.032,0.005447735784814436,5374,0.01084569533455833,badnets,0.01,dhash_v,64,spatial,pairwise,hamming_ball,mad,0.159,0.477
0.3770975959595959,0.45121256565656565,0.00763056085643834,0.0,0.0,0.0,0.01,0.357350101010101,0.47112525252525256,0.0,0.0,0.642649898989899,-1.0,0.0,0.062,0.14216161616161616,0.0043859649122807015,0.062,0.008192389006342496,7068,0.010924252305972236,badnets,0.01,dhash_v,64,spatial,pairwise,block_collision,mad,0.159,0.166
0.41709149494949493,0.46661389898989897,0.007799011106332673,0.0,0.002,0.0,0.01,0.42155818181818183,0.4672731313131313,0.002,0.002,0.5784418181818182,-1.0,0.014,0.0,0.0005454545454545455,0.0,0.0,0.0,27,0.010005402917575491,badnets,0.01,dhash_v,64,spatial,pairwise,hash_spectral,mad,0.159,0.049
0.6314776767676767,0.4596985252525253,0.015042294625441145,0.0,0.092,0.0,0.01,0.6304753535353536,0.5197383838383839,0.012,0.002,0.6304753535353536,1.0,0.012,0.0,0.00034343434343434346,0.0,0.0,0.0,17,0.010003401156393173,badnets,0.01,dhash_v,64,spatial,pairwise,hash_stability,mad,0.159,0.028
0.3664829090909091,0.4696884848484849,0.007065413207966992,0.0,0.002,0.002,0.01,0.34197979797979794,0.4687864646464647,0.0,0.002,0.6580202020202021,-1.0,0.012,0.0,0.0009494949494949495,0.0,0.0,0.0,47,0.010009408844313655,badnets,0.01,dhash16,256,spatial,pairwise,bit_llr,mad,0.257,0.112
0.5452561616161615,0.5519031515151516,0.024937291573119084,0.0,0.292,0.0,0.01,0.4357656565656566,0.4216335353535353,0.0,0.0,0.5642343434343434,-1.0,0.0,0.378,0.2701010101010101,0.013939081053175014,0.378,0.026886691798847714,13559,0.00853434318487418,badnets,0.01,dhash16,256,spatial,pairwise,bit_em,mad,0.257,1.134
0.36097666666666667,0.47541731313131314,0.00709267012520717,0.0,0.008,0.0,0.01,0.32970929292929296,0.47289090909090914,0.0,0.0,0.670290707070707,-1.0,0.02,0.002,0.0258989898989899,0.000779423226812159,0.002,0.0011217049915872126,1283,0.010242831044604554,badnets,0.01,dhash16,256,spatial,pairwise,hamming_knn,mad,0.257,0.501
0.36614422222222226,0.45209115151515156,0.009305776482563541,0.006,0.038,0.006,0.01,0.36349191919191925,0.41699515151515154,0.0,0.0,0.6365080808080807,-1.0,0.0,0.08,0.12868686868686868,0.0062402496099844,0.08,0.011577424023154847,6410,0.010552879100711171,badnets,0.01,dhash16,256,spatial,pairwise,hamming_ball,mad,0.257,0.517
0.37556703030303035,0.4776231717171718,0.007691061938346995,0.0,0.0,0.0,0.01,0.3739866666666667,0.42016626262626255,0.0,0.0,0.6260133333333333,-1.0,0.024,0.094,0.16197979797979797,0.005827650340979541,0.094,0.010974897840046701,8065,0.010802432335757721,badnets,0.01,dhash16,256,spatial,pairwise,block_collision,mad,0.257,0.771
0.4634351313131313,0.4626195151515151,0.008694726605099873,0.002,0.022,0.002,0.01,0.4532747474747475,0.45810262626262627,0.0,0.0,0.5467252525252525,-1.0,0.014,0.002,0.01008080808080808,0.002,0.002,0.002,500,0.01008080808080808,badnets,0.01,dhash16,256,spatial,pairwise,hash_spectral,mad,0.257,0.059
0.6327413131313131,0.490919898989899,0.014952764806764041,0.008,0.078,0.0,0.01,0.6450674747474747,0.49270949494949495,0.014,0.0,0.6450674747474747,1.0,0.014,0.0,0.0029494949494949497,0.0,0.0,0.0,146,0.010029285513700003,badnets,0.01,dhash16,256,spatial,pairwise,hash_stability,mad,0.257,0.037
0.3616897777777778,0.5151489292929293,0.007141669388463532,0.008,0.014,0.012,0.01,0.33656969696969696,0.5181236363636363,0.006,0.014,0.663430303030303,-1.0,0.014,0.0,0.00030303030303030303,0.0,0.0,0.0,15,0.01000300090027008,badnets,0.01,blockhash,256,spatial,median,bit_llr,mad,0.4,0.122
0.4672833737373738,0.39814230303030307,0.009965968544539969,0.0,0.0,0.0,0.01,0.47345838383838384,0.518189696969697,0.0,0.0,0.5265416161616161,-1.0,0.0,0.0,0.24092929292929294,0.0,0.0,0.0,11926,0.013132321269107527,badnets,0.01,blockhash,256,spatial,median,bit_em,mad,0.4,1.029
0.3517063434343434,0.5322880404040404,0.007177255895577595,0.004,0.018,0.006,0.01,0.3443341414141414,0.5389866666666666,0.004,0.004,0.6556658585858586,-1.0,0.048,0.002,0.0016565656565656565,0.012048192771084338,0.002,0.003430531732418525,83,0.009996594346615382,badnets,0.01,blockhash,256,spatial,median,hamming_knn,mad,0.4,0.507
0.3988592121212121,0.3958651313131313,0.008122793004443282,0.0,0.002,0.0,0.01,0.3516521212121212,0.46740545454545457,0.002,0.002,0.6483478787878788,-1.0,0.002,0.024,0.13347474747474747,0.0018129626831847711,0.024,0.00337126000842815,6619,0.01124916438071967,badnets,0.01,blockhash,256,spatial,median,hamming_ball,mad,0.4,0.498
0.4689795353535353,0.4542861818181818,0.010026860886630384,0.0,0.0,0.0,0.01,0.42979131313131314,0.49257737373737376,0.0,0.022,0.5702086868686869,-1.0,0.022,0.0,0.029575757575757575,0.0,0.0,0.0,1464,0.01030163177847371,badnets,0.01,blockhash,256,spatial,median,block_collision,mad,0.4,0.736
0.47950521212121217,0.4717418585858586,0.009618623425081015,0.012,0.046,0.012,0.01,0.4641991919191919,0.4651317171717172,0.002,0.002,0.5358008080808081,-1.0,0.012,0.002,0.001292929292929293,0.015384615384615385,0.002,0.0035398230088495575,65,0.0099929908881546,badnets,0.01,blockhash,256,spatial,median,hash_spectral,mad,0.4,0.056
0.5987080404040405,0.5325243636363637,0.014715097665270502,0.014,0.08,0.01,0.01,0.5977834343434343,0.5283848484848485,0.018,0.01,0.5977834343434343,1.0,0.018,0.002,0.0018787878787878789,0.010638297872340425,0.002,0.003367003367003367,94,0.009998797739750731,badnets,0.01,blockhash,256,spatial,median,hash_stability,mad,0.4,0.064
0.5513648080808081,0.44937676767676765,0.013496395624064263,0.03,0.068,0.006,0.01,0.5481086868686869,0.444459797979798,0.028,0.01,0.5481086868686869,1.0,0.028,0.0,0.00020202020202020202,0.0,0.0,0.0,10,0.010002000400080016,badnets,0.01,phash,64,frequency,median,bit_llr,mad,0.68,0.063
0.2774287676767677,0.5599529292929293,0.006287203148640764,0.0,0.0,0.0,0.01,0.35806,0.5656173737373738,0.0,0.004,0.64194,-1.0,0.004,0.0,0.03961616161616162,0.0,0.0,0.0,1961,0.01040820999604488,badnets,0.01,phash,64,frequency,median,bit_em,mad,0.68,0.316
0.3604435555555555,0.4785142626262626,0.007442919428995244,0.002,0.022,0.002,0.01,0.3385115151515152,0.49490181818181816,0.002,0.002,0.6614884848484848,-1.0,0.004,0.002,0.007090909090909091,0.002840909090909091,0.002,0.002347417840375587,352,0.010050757331614566,badnets,0.01,phash,64,frequency,median,hamming_knn,mad,0.68,0.464
0.3652061414141414,0.4401546060606061,0.0073408661103027935,0.0,0.002,0.0,0.01,0.33358101010101016,0.44014202020202015,0.0,0.0,0.6664189898989898,-1.0,0.006,0.0,0.02515151515151515,0.0,0.0,0.0,1245,0.010255358424776945,badnets,0.01,phash,64,frequency,median,hamming_ball,mad,0.68,0.46
0.453431494949495,0.4621100202020202,0.008476332854598752,0.002,0.01,0.002,0.01,0.44718262626262617,0.4565450505050505,0.002,0.002,0.5528173737373738,-1.0,0.018,0.0,0.002505050505050505,0.0,0.0,0.0,124,0.010024861656909134,badnets,0.01,phash,64,frequency,median,hash_spectral,mad,0.68,0.049
0.6437245858585858,0.40801901010101005,0.013692362004559411,0.0,0.01,0.0,0.01,0.6782692929292929,0.5699682828282828,0.01,0.01,0.6782692929292929,1.0,0.01,0.0,0.007333333333333333,0.0,0.0,0.0,363,0.010073130930555835,badnets,0.01,phash,64,frequency,median,hash_stability,mad,0.68,0.027
0.551364808080808,0.4493767676767677,0.013496395624064263,0.03,0.068,0.006,0.01,0.5481086868686869,0.444459797979798,0.028,0.01,0.5481086868686869,1.0,0.028,0.0,0.00020202020202020202,0.0,0.0,0.0,10,0.010002000400080016,badnets,0.01,phash_nodc,63,frequency,median,bit_llr,mad,0.586,0.067
0.27730123232323234,0.560529696969697,0.00628621557411627,0.0,0.0,0.0,0.01,0.35806787878787877,0.5656212121212121,0.0,0.004,0.6419321212121212,-1.0,0.004,0.0,0.03961616161616162,0.0,0.0,0.0,1961,0.01040820999604488,badnets,0.01,phash_nodc,63,frequency,median,bit_em,mad,0.586,0.306
0.3604435555555555,0.4785142626262626,0.007442919428995244,0.002,0.022,0.002,0.01,0.3385115151515152,0.49490181818181816,0.002,0.002,0.6614884848484848,-1.0,0.004,0.002,0.007090909090909091,0.002840909090909091,0.002,0.002347417840375587,352,0.010050757331614566,badnets,0.01,phash_nodc,63,frequency,median,hamming_knn,mad,0.586,0.483
0.3652061414141414,0.4401546060606061,0.0073408661103027935,0.0,0.002,0.0,0.01,0.33358101010101016,0.44014202020202015,0.0,0.0,0.6664189898989898,-1.0,0.006,0.0,0.02515151515151515,0.0,0.0,0.0,1245,0.010255358424776945,badnets,0.01,phash_nodc,63,frequency,median,hamming_ball,mad,0.586,0.472
0.46210682828282823,0.45546246464646467,0.00871618452510916,0.002,0.026,0.002,0.01,0.45340202020202014,0.45141818181818183,0.002,0.002,0.5465979797979799,-1.0,0.012,0.0,0.0018383838383838383,0.0,0.0,0.0,91,0.0100182331843956,badnets,0.01,phash_nodc,63,frequency,median,hash_spectral,mad,0.586,0.054
0.6437245858585858,0.40801901010101005,0.013692362004559411,0.0,0.01,0.0,0.01,0.6782692929292929,0.5699682828282828,0.01,0.01,0.6782692929292929,1.0,0.01,0.0,0.007333333333333333,0.0,0.0,0.0,363,0.010073130930555835,badnets,0.01,phash_nodc,63,frequency,median,hash_stability,mad,0.586,0.031
0.5088638787878788,0.4446113535353535,0.01013061344668267,0.016,0.048,0.002,0.01,0.5071567676767677,0.443929696969697,0.02,0.004,0.5071567676767677,1.0,0.02,0.0,0.0002626262626262626,0.0,0.0,0.0,13,0.010002600676175805,badnets,0.01,phash_mean,64,frequency,mean,bit_llr,mad,0.605,0.062
0.25986913131313133,0.6442428686868688,0.006130610820277226,0.0,0.0,0.0,0.01,0.3599880808080808,0.5815832323232324,0.0,0.012,0.6400119191919191,-1.0,0.012,0.0,0.0,0.0,0.0,0.0,0,0.01,badnets,0.01,phash_mean,64,frequency,mean,bit_em,mad,0.605,0.317
0.3573441818181818,0.493871797979798,0.007208638862331767,0.004,0.014,0.004,0.01,0.3452751515151515,0.5009810101010101,0.004,0.004,0.6547248484848485,-1.0,0.01,0.002,0.0064444444444444445,0.003125,0.002,0.0024390243902439024,320,0.010044283413848632,badnets,0.01,phash_mean,64,frequency,mean,hamming_knn,mad,0.605,0.473
0.3548107272727273,0.48301129292929296,0.007380738833333072,0.0,0.006,0.0,0.01,0.3433919191919192,0.449909494949495,0.002,0.002,0.6566080808080808,-1.0,0.002,0.008,0.0542020202020202,0.00148864905098623,0.008,0.0025101976780671476,2687,0.010483376661805424,badnets,0.01,phash_mean,64,frequency,mean,hamming_ball,mad,0.605,0.468
0.5152560404040404,0.5037242828282829,0.01098347642204672,0.016,0.076,0.016,0.01,0.5152242424242424,0.49972484848484844,0.008,0.008,0.5152242424242424,1.0,0.014,0.0,0.0013535353535353534,0.0,0.0,0.0,67,0.010013417980093324,badnets,0.01,phash_mean,64,frequency,mean,hash_spectral,mad,0.605,0.047
0.466092303030303,0.4725275757575758,0.008965342960818037,0.006,0.024,0.002,0.01,0.4793860606060606,0.4462375757575758,0.002,0.002,0.5206139393939394,-1.0,0.002,0.0,0.001898989898989899,0.0,0.0,0.0,94,0.010018835410571875,badnets,0.01,phash_mean,64,frequency,mean,hash_stability,mad,0.605,0.031
0.7038990707070707,0.5722933333333333,0.06393678604225035,0.104,0.204,0.062,0.01,0.7203264646464647,0.5750622222222223,0.122,0.072,0.7203264646464647,1.0,0.122,0.002,0.0002828282828282828,0.06666666666666667,0.002,0.003883495145631068,15,0.00998299489846954,badnets,0.01,phash16,256,frequency,median,bit_llr,mad,0.727,0.116
0.9755489090909091,0.9703293939393938,0.8186944634725678,0.768,0.944,0.768,0.01,0.9680868686868687,0.9635911111111111,0.826,0.826,0.9680868686868687,1.0,0.826,0.966,0.15751515151515152,0.058333333333333334,0.966,0.11002277904328019,8280,0.0004074784276126558,badnets,0.01,phash16,256,frequency,median,bit_em,mad,0.727,1.25
0.46344995959595964,0.5061317575757576,0.010116639461347684,0.02,0.052,0.02,0.01,0.44941353535353534,0.5103042424242423,0.02,0.02,0.5505864646464647,-1.0,0.02,0.02,0.008585858585858586,0.022988505747126436,0.02,0.0213903743315508,435,0.009886008271966106,badnets,0.01,phash16,256,frequency,median,hamming_knn,mad,0.727,0.505
0.4842705656565657,0.4647373333333333,0.009906460072889313,0.01,0.048,0.01,0.01,0.4488335353535353,0.49913272727272723,0.014,0.014,0.5511664646464647,-1.0,0.014,0.014,0.012565656565656566,0.011128775834658187,0.014,0.012400354295837024,629,0.009985619088128658,badnets,0.01,phash16,256,frequency,median,hamming_ball,mad,0.727,0.503
0.5255124444444444,0.47507907070707067,0.010304299230839252,0.006,0.044,0.006,0.01,0.5231587878787878,0.4696440404040404,0.004,0.004,0.5231587878787878,1.0,0.006,0.006,0.007494949494949495,0.008021390374331552,0.006,0.006864988558352402,374,0.010014911538306533,badnets,0.01,phash16,256,frequency,median,hash_spectral,mad,0.727,0.061
0.7456203030303029,0.5758026666666666,0.023795440515882695,0.024,0.14,0.014,0.01,0.7711755555555556,0.598560808080808,0.06,0.018,0.7711755555555556,1.0,0.06,0.0,0.0014747474747474748,0.0,0.0,0.0,73,0.010014621347166864,badnets,0.01,phash16,256,frequency,median,hash_stability,mad,0.727,0.031
0.8361827070707071,0.7584953939393939,0.2728554587339703,0.318,0.484,0.254,0.01,0.8573020202020202,0.7688656565656565,0.388,0.278,0.8573020202020202,1.0,0.388,0.068,4.0404040404040405e-05,0.9444444444444444,0.068,0.12686567164179105,36,0.009326715234969177,badnets,0.01,pdq,256,frequency,median,bit_llr,mad,2.983,0.138
0.9773876363636366,0.9773735757575758,0.863412651180435,0.832,0.946,0.832,0.01,0.9692246464646463,0.9694852525252525,0.838,0.838,0.9692246464646463,1.0,0.838,0.97,0.12834343434343434,0.07092717168762797,0.97,0.13218860724993187,6838,0.00034752791807608546,badnets,0.01,pdq,256,frequency,median,bit_em,mad,2.983,1.213
0.5372416565656567,0.5544505050505052,0.018482567868182424,0.048,0.146,0.048,0.01,0.5360169696969699,0.5505450505050504,0.042,0.042,0.5360169696969699,1.0,0.042,0.04,0.007171717171717172,0.05333333333333334,0.04,0.045714285714285714,375,0.009672544080604533,badnets,0.01,pdq,256,frequency,median,hamming_knn,mad,2.983,0.496
0.5482977171717172,0.5447338383838385,0.02365479228818071,0.052,0.112,0.052,0.01,0.5427618181818181,0.5537901010101011,0.052,0.052,0.5427618181818181,1.0,0.052,0.062,0.010565656565656566,0.05595667870036101,0.062,0.058823529411764705,554,0.009485094850948509,badnets,0.01,pdq,256,frequency,median,hamming_ball,mad,2.983,0.488
0.46762121212121216,0.45470044444444446,0.008833714521236989,0.006,0.03,0.006,0.01,0.44774060606060606,0.45338060606060604,0.002,0.002,0.5522593939393939,-1.0,0.012,0.002,0.005333333333333333,0.0037735849056603774,0.002,0.00261437908496732,265,0.010033175831909118,badnets,0.01,pdq,256,frequency,median,hash_spectral,mad,2.983,0.059
0.7244472525252524,0.5442647070707072,0.021014433220850733,0.018,0.124,0.004,0.01,0.770650909090909,0.5632915151515151,0.03,0.008,0.770650909090909,1.0,0.03,0.002,0.0016161616161616162,0.012345679012345678,0.002,0.0034423407917383822,81,0.009996193834011098,badnets,0.01,pdq,256,frequency,median,hash_stability,mad,2.983,0.035
0.3840330303030303,0.5297712121212121,0.007375201754825904,0.0,0.008,0.0,0.01,0.38307878787878785,0.5310888888888888,0.004,0.018,0.6169212121212122,-1.0,0.018,0.0,0.0013737373737373738,0.0,0.0,0.0,68,0.010013618521188816,badnets,0.01,whash_haar,64,wavelet,median,bit_llr,mad,0.638,0.058
0.4120593737373737,0.5378459595959595,0.00903927779339775,0.0,0.0,0.0,0.01,0.4051866666666667,0.5728355555555555,0.0,0.0,0.5948133333333333,-1.0,0.0,0.618,0.37286868686868685,0.01646594905680486,0.618,0.032077234506384306,18766,0.006115130947044887,badnets,0.01,whash_haar,64,wavelet,median,bit_em,mad,0.638,0.297
0.39095660606060606,0.496911696969697,0.007655921817066069,0.002,0.018,0.0,0.01,0.3536254545454545,0.49486909090909087,0.0,0.0,0.6463745454545455,-1.0,0.03,0.0,0.0003636363636363636,0.0,0.0,0.0,18,0.010003601296466729,badnets,0.01,whash_haar,64,wavelet,median,hamming_knn,mad,0.638,0.459
0.4969848282828283,0.1532271717171717,0.01239868089294923,0.0,0.0,0.0,0.01,0.41098282828282834,0.41098282828282834,0.0,0.0,0.5890171717171717,-1.0,0.0,0.004,0.1576969696969697,0.00025614754098360657,0.004,0.00048146364949446316,7808,0.011803185437997724,badnets,0.01,whash_haar,64,wavelet,median,hamming_ball,mad,0.638,0.453
0.3749592727272727,0.45178210101010097,0.0077082687623554955,0.0,0.018,0.0,0.01,0.3560189898989899,0.45262424242424243,0.0,0.0,0.6439810101010102,-1.0,0.032,0.092,0.10262626262626262,0.008973858759266484,0.092,0.016352648418059012,5126,0.010117217096759817,badnets,0.01,whash_haar,64,wavelet,median,block_collision,mad,0.638,0.162
0.47240814141414145,0.47119319191919196,0.009070653402429015,0.002,0.038,0.002,0.01,0.46339858585858584,0.4770167676767677,0.01,0.01,0.5366014141414142,-1.0,0.01,0.0,0.00032323232323232324,0.0,0.0,0.0,16,0.010003201024327784,badnets,0.01,whash_haar,64,wavelet,median,hash_spectral,mad,0.638,0.046
0.3907442626262626,0.5299393333333333,0.007814469320978259,0.002,0.024,0.002,0.01,0.38957070707070707,0.5191674747474748,0.008,0.008,0.6104292929292929,-1.0,0.014,0.0,0.002101010101010101,0.0,0.0,0.0,104,0.010020843354176688,badnets,0.01,whash_haar,64,wavelet,median,hash_stability,mad,0.638,0.031
0.4108289898989899,0.4817878383838384,0.007664926250170987,0.0,0.0,0.0,0.01,0.3970731313131313,0.4900476767676768,0.0,0.008,0.6029268686868687,-1.0,0.008,0.0,0.0041818181818181815,0.0,0.0,0.0,207,0.010041572108529311,badnets,0.01,whash_db4,169,wavelet,median,bit_llr,mad,1.71,0.085
0.3015573131313131,0.7164566666666669,0.009336953114018606,0.0,0.0,0.0,0.01,0.43275676767676774,0.5633076767676768,0.0,0.0,0.5672432323232323,-1.0,0.0,0.608,0.3927272727272727,0.01539708265802269,0.608,0.030033590199565304,19744,0.006478053939714437,badnets,0.01,whash_db4,169,wavelet,median,bit_em,mad,1.71,0.682
0.39183874747474756,0.4864021616161617,0.007485945168634455,0.0,0.0,0.0,0.01,0.3755008080808081,0.4900042424242424,0.0,0.008,0.6244991919191919,-1.0,0.018,0.0,0.0,0.0,0.0,0.0,0,0.01,badnets,0.01,whash_db4,169,wavelet,median,hamming_knn,mad,1.71,0.504
0.44848315151515145,0.301246303030303,0.009968860439353107,0.0,0.0,0.0,0.01,0.41557575757575754,0.41557575757575754,0.0,0.0,0.5844242424242425,-1.0,0.0,0.002,0.11272727272727273,0.00017917935853789643,0.002,0.000328893274132544,5581,0.011233931425741236,badnets,0.01,whash_db4,169,wavelet,median,hamming_ball,mad,1.71,0.601
0.4540489292929293,0.49937288888888887,0.008725579698563374,0.0,0.036,0.0,0.01,0.45767313131313125,0.5079426262626262,0.006,0.006,0.5423268686868687,-1.0,0.006,0.0,0.0019393939393939393,0.0,0.0,0.0,96,0.010019236934915037,badnets,0.01,whash_db4,169,wavelet,median,hash_spectral,mad,1.71,0.064
0.4701493939393939,0.5625136565656566,0.010470428918763828,0.014,0.052,0.026,0.01,0.4814509090909091,0.5402927272727274,0.01,0.02,0.5185490909090908,-1.0,0.014,0.02,0.0038787878787878787,0.04950495049504951,0.02,0.02849002849002849,202,0.009839752600506044,badnets,0.01,whash_db4,169,wavelet,median,hash_stability,mad,1.71,0.034
0.39280220202020205,0.4465463636363637,0.007375963503206049,0.0,0.006,0.004,0.01,0.37730141414141405,0.4423793939393939,0.0,0.006,0.622698585858586,-1.0,0.014,0.0,0.0004646464646464646,0.0,0.0,0.0,23,0.010004602116973809,badnets,0.01,mh,64,frequency,mean,bit_llr,mad,1.362,0.07
0.32253965656565664,0.5364624444444445,0.006874994396982306,0.0,0.0,0.0,0.01,0.4677331313131313,0.47503090909090906,0.002,0.002,0.5322668686868687,-1.0,0.002,0.0,0.02802020202020202,0.0,0.0,0.0,1387,0.010285314627774463,badnets,0.01,mh,64,frequency,mean,bit_em,mad,1.362,0.313
0.2919746868686869,0.5226632525252526,0.006463309992809042,0.0,0.0,0.0,0.01,0.27333737373737377,0.5468535353535353,0.0,0.0,0.7266626262626262,-1.0,0.022,0.0,0.008686868686868687,0.0,0.0,0.0,430,0.010086746015735323,badnets,0.01,mh,64,frequency,mean,hamming_knn,mad,1.362,0.479
0.3483982626262626,0.40445884848484853,0.007644911782631581,0.0,0.0,0.0,0.01,0.2838270707070707,0.4381361616161616,0.0,0.0,0.7161729292929293,-1.0,0.0,0.0,0.042484848484848486,0.0,0.0,0.0,2103,0.010439067164958139,badnets,0.01,mh,64,frequency,mean,hamming_ball,mad,1.362,0.472
0.3297626464646464,0.6188779797979798,0.008315886241274523,0.012,0.036,0.012,0.01,0.31753272727272724,0.447630303030303,0.002,0.002,0.6824672727272727,-1.0,0.002,0.052,0.06377777777777778,0.008168394596292806,0.052,0.014118924789573717,3183,0.010124527415255142,badnets,0.01,mh,64,frequency,mean,block_collision,mad,1.362,0.161
0.42497090909090907,0.47807284848484843,0.007976858645191369,0.0,0.002,0.0,0.01,0.4307919191919192,0.48122868686868686,0.002,0.002,0.5692080808080808,-1.0,0.014,0.0,0.0038787878787878787,0.0,0.0,0.0,192,0.010038548024413748,badnets,0.01,mh,64,frequency,mean,hash_spectral,mad,1.362,0.049
0.4573763434343434,0.4143262222222222,0.00888400643571125,0.0,0.014,0.0,0.01,0.4414571717171717,0.46720585858585856,0.002,0.004,0.5585428282828283,-1.0,0.008,0.0,0.005676767676767677,0.0,0.0,0.0,281,0.010056517629075404,badnets,0.01,mh,64,frequency,mean,hash_stability,mad,1.362,0.03
0.37738692929292933,0.47152725252525257,0.007444790270883234,0.0,0.0,0.0,0.01,0.2837660606060606,0.5138387878787879,0.004,0.02,0.7162339393939394,-1.0,0.038,0.0,0.035676767676767675,0.0,0.0,0.0,1766,0.010366131774267115,badnets,0.01,colorhash,42,colour,quantisation,bit_llr,mad,2.741,0.061
0.40733074747474746,0.4956228686868686,0.008196685765853593,0.0,0.0,0.0,0.01,0.3094686868686869,0.37647515151515154,0.0,0.0,0.6905313131313131,-1.0,0.0,0.208,0.4178787878787879,0.005002645629900428,0.208,0.009770303912818827,20789,0.013556536921022903,badnets,0.01,colorhash,42,colour,quantisation,bit_em,mad,2.741,0.257
0.3601968282828283,0.647762202020202,0.008240767526510798,0.0,0.0,0.058,0.01,0.38278929292929287,0.5882157575757576,0.0,0.016,0.6172107070707071,-1.0,0.016,0.092,0.014747474747474747,0.059278350515463915,0.092,0.07210031347962383,776,0.009223143182187551,badnets,0.01,colorhash,42,colour,quantisation,hamming_knn,mad,2.741,0.356
0.36683254545454547,0.5091653333333334,0.008464957731449917,0.0,0.0,0.0,0.01,0.36971171717171714,0.4271418181818182,0.0,0.0,0.6302882828282829,-1.0,0.0,0.208,0.25961616161616163,0.00802778849864917,0.208,0.015458937198067632,12955,0.010689701714131462,badnets,0.01,colorhash,42,colour,quantisation,hamming_ball,mad,2.741,0.408
0.46488674747474745,0.47741737373737375,0.009349252098363053,0.0,0.0,0.0,0.01,0.5473749494949494,0.5104351515151515,0.016,0.008,0.5473749494949494,1.0,0.016,0.0,0.0068484848484848485,0.0,0.0,0.0,339,0.010068262821932704,badnets,0.01,colorhash,42,colour,quantisation,hash_spectral,mad,2.741,0.044
0.548602,0.47665759595959595,0.011068475841573729,0.004,0.016,0.004,0.01,0.5393337373737374,0.5009587878787879,0.004,0.004,0.5393337373737374,1.0,0.004,0.0,0.0008888888888888889,0.0,0.0,0.0,44,0.010008807750820723,badnets,0.01,colorhash,42,colour,quantisation,hash_stability,mad,2.741,0.029
0.42142826262626265,0.45823525252525255,0.00788044620300958,0.002,0.024,0.008,0.01,0.41223333333333334,0.4567909090909091,0.002,0.004,0.5877666666666667,-1.0,0.016,0.0,0.00034343434343434346,0.0,0.0,0.0,17,0.010003401156393173,badnets,0.01,rhash8,64,residual,zero,bit_llr,mad,0.577,0.061
0.49398478787878786,0.5119336363636363,0.011026861284478606,0.0,0.04,0.0,0.01,0.4586866666666667,0.4359371717171717,0.008,0.008,0.5413133333333333,-1.0,0.008,0.192,0.09084848484848485,0.020901371652514697,0.192,0.03769880227763597,4593,0.008897306582685489,badnets,0.01,rhash8,64,residual,zero,bit_em,mad,0.577,0.313
0.3666878181818182,0.5058099595959596,0.007523553548597385,0.004,0.032,0.004,0.01,0.3516753535353536,0.4893270707070707,0.0,0.0,0.6483246464646464,-1.0,0.014,0.0,0.004949494949494949,0.0,0.0,0.0,245,0.010049241282283187,badnets,0.01,rhash8,64,residual,zero,hamming_knn,mad,0.577,0.453
0.3935719595959596,0.4535766262626263,0.007893878561016445,0.004,0.026,0.004,0.01,0.3584630303030303,0.4717767676767677,0.002,0.002,0.6415369696969697,-1.0,0.004,0.012,0.017919191919191918,0.006718924972004479,0.012,0.008614501076812634,893,0.01005966562811819,badnets,0.01,rhash8,64,residual,zero,hamming_ball,mad,0.577,0.445
0.5106888080808081,0.44374553535353534,0.010718194456435778,0.016,0.034,0.016,0.01,0.398099595959596,0.4694367676767677,0.0,0.0,0.601900404040404,-1.0,0.0,0.024,0.019474747474747475,0.012295081967213115,0.024,0.016260162601626018,976,0.009954308093994777,badnets,0.01,rhash8,64,residual,zero,block_collision,mad,0.577,0.151
0.4772484848484848,0.4776414343434343,0.009336941443416437,0.006,0.042,0.006,0.01,0.46953131313131313,0.47548101010101007,0.004,0.004,0.5304686868686869,-1.0,0.01,0.004,0.00797979797979798,0.005037783375314861,0.004,0.004459308807134894,397,0.010039715339797996,badnets,0.01,rhash8,64,residual,zero,hash_spectral,mad,0.577,0.044
0.6204641414141414,0.45000793939393935,0.014132553859612304,0.016,0.062,0.008,0.01,0.6231307070707072,0.5108236363636364,0.022,0.016,0.6231307070707072,1.0,0.022,0.0,0.0015353535353535353,0.0,0.0,0.0,76,0.01001522313917154,badnets,0.01,rhash8,64,residual,zero,hash_stability,mad,0.577,0.027
0.4332700606060606,0.48389638383838385,0.008337220097893257,0.002,0.04,0.01,0.01,0.41707232323232324,0.4798802020202021,0.002,0.004,0.5829276767676768,-1.0,0.014,0.0,0.0022424242424242424,0.0,0.0,0.0,111,0.010022249393653912,badnets,0.01,rhash16,256,residual,zero,bit_llr,mad,0.59,0.094
0.4566737373737374,0.4816590303030303,0.008620949059892549,0.0,0.0,0.0,0.01,0.4695939393939394,0.4320557575757576,0.0,0.0,0.5304060606060605,-1.0,0.0,0.0,0.11127272727272727,0.0,0.0,0.0,5508,0.011237975366357997,badnets,0.01,rhash16,256,residual,zero,bit_em,mad,0.59,0.908
0.3442018787878787,0.5271221010101012,0.006993619144614786,0.0,0.016,0.0,0.01,0.31704141414141407,0.5299876767676768,0.0,0.0,0.6829585858585859,-1.0,0.048,0.0,0.012727272727272728,0.0,0.0,0.0,630,0.010127607859023698,badnets,0.01,rhash16,256,residual,zero,hamming_knn,mad,0.59,0.474
0.4081532727272727,0.4596301212121212,0.00849959296915161,0.0,0.03,0.0,0.01,0.33267737373737377,0.4587315151515152,0.0,0.0,0.6673226262626262,-1.0,0.0,0.018,0.03218181818181818,0.0056179775280898875,0.018,0.008563273073263558,1602,0.010145047316004794,badnets,0.01,rhash16,256,residual,zero,hamming_ball,mad,0.59,0.468
0.4226339595959596,0.5026562626262626,0.008896282776448675,0.0,0.044,0.0,0.01,0.3717438383838384,0.4707517171717172,0.004,0.004,0.6282561616161616,-1.0,0.006,0.072,0.08103030303030304,0.008895478131949592,0.072,0.015834616230481637,4047,0.010097273300981438,badnets,0.01,rhash16,256,residual,zero,block_collision,mad,0.59,0.707
0.42064313131313136,0.4838217575757575,0.008018959800432124,0.0,0.02,0.0,0.01,0.4093870707070707,0.4820844444444444,0.004,0.004,0.5906129292929293,-1.0,0.01,0.004,0.015797979797979797,0.002551020408163265,0.004,0.003115264797507788,784,0.010118660598179454,badnets,0.01,rhash16,256,residual,zero,hash_spectral,mad,0.59,0.054
0.6205106868686868,0.5155648282828283,0.015591173973395725,0.03,0.082,0.016,0.01,0.621521212121212,0.5046333333333333,0.018,0.012,0.621521212121212,1.0,0.018,0.006,0.005353535353535353,0.011194029850746268,0.006,0.0078125,268,0.009993565511139708,badnets,0.01,rhash16,256,residual,zero,hash_stability,mad,0.59,0.03
0.4661590707070707,0.39312553535353534,0.00854826701452541,0.004,0.028,0.002,0.01,0.4517333333333334,0.3809874747474748,0.004,0.004,0.5482666666666667,-1.0,0.006,0.0,0.0027272727272727275,0.0,0.0,0.0,135,0.010027073097362879,badnets,0.01,rhash32,1024,residual,zero,bit_llr,mad,0.466,0.246
0.4689465252525252,0.5300639797979798,0.01533516698328012,0.0,0.168,0.0,0.01,0.40570868686868694,0.37150101010101005,0.0,0.0,0.594291313131313,-1.0,0.0,0.322,0.3732121212121212,0.008639656560236115,0.322,0.016827802456232034,18635,0.010808225729316117,badnets,0.01,rhash32,1024,residual,zero,bit_em,mad,0.466,4.094
0.32035280808080807,0.5040444444444444,0.006625309245914994,0.0,0.0,0.0,0.01,0.2998163636363636,0.5117260606060606,0.0,0.0,0.7001836363636365,-1.0,0.032,0.0,0.03618181818181818,0.0,0.0,0.0,1791,0.010371507394884773,badnets,0.01,rhash32,1024,residual,zero,hamming_knn,mad,0.466,0.566
0.3525503232323232,0.4420245050505051,0.00833550756409529,0.0,0.014,0.0,0.01,0.30960505050505055,0.44109494949494954,0.0,0.0,0.6903949494949495,-1.0,0.0,0.038,0.09618181818181819,0.0039748953974895395,0.038,0.007196969696969697,4780,0.01063688633348076,badnets,0.01,rhash32,1024,residual,zero,hamming_ball,mad,0.466,0.557
0.7573949292929293,0.821192101010101,0.625789987917258,0.628,0.632,0.628,0.01,0.7572480808080808,0.8209929292929292,0.61,0.61,0.7572480808080808,1.0,0.61,0.63,0.023878787878787878,0.21042084168336672,0.63,0.3154732098147221,1497,0.0038141970599756716,badnets,0.01,rhash32,1024,residual,zero,block_collision,mad,0.466,3.185
0.4032488484848485,0.44513494949494953,0.007572416064624379,0.0,0.006,0.0,0.01,0.38932404040404034,0.4448848484848485,0.004,0.004,0.6106759595959597,-1.0,0.02,0.0,0.028545454545454544,0.0,0.0,0.0,1413,0.010290818531706013,badnets,0.01,rhash32,1024,residual,zero,hash_spectral,mad,0.466,0.191
0.657980101010101,0.5290917373737374,0.01817414404669996,0.03,0.12,0.01,0.01,0.6680078787878788,0.5375642424242425,0.034,0.012,0.6680078787878788,1.0,0.034,0.006,0.005575757575757576,0.010752688172043012,0.006,0.007702182284980745,279,0.009995776432493313,badnets,0.01,rhash32,1024,residual,zero,hash_stability,mad,0.466,0.033
0.4362613131313131,0.48593024242424243,0.00828787619762299,0.002,0.036,0.006,0.01,0.42396909090909085,0.47882202020202025,0.0,0.004,0.5760309090909091,-1.0,0.01,0.0,0.0024444444444444444,0.0,0.0,0.0,121,0.010024258706068686,badnets,0.01,rhash_rgb,768,residual,zero,bit_llr,mad,1.66,0.19
0.2731869696969697,0.5833226464646465,0.007000460352806045,0.0,0.0,0.0,0.01,0.4628721212121212,0.49213434343434337,0.0,0.0,0.5371278787878788,-1.0,0.0,0.522,0.2734949494949495,0.01891441408797739,0.522,0.036506049374082104,13799,0.006602027568299218,badnets,0.01,rhash_rgb,768,residual,zero,bit_em,mad,1.66,2.939
0.3754822222222222,0.49462767676767677,0.00730696844715588,0.0,0.016,0.0,0.01,0.3517212121212121,0.49406060606060603,0.002,0.002,0.6482787878787879,-1.0,0.014,0.002,0.01387878787878788,0.0014534883720930232,0.002,0.0016835016835016834,688,0.01011924075275795,badnets,0.01,rhash_rgb,768,residual,zero,hamming_knn,mad,1.66,0.53
0.3863613535353535,0.4607272323232323,0.00822181348133187,0.006,0.032,0.006,0.01,0.3594157575757576,0.45671535353535353,0.002,0.002,0.6405842424242424,-1.0,0.002,0.03,0.04078787878787879,0.007374631268436578,0.03,0.011838989739542225,2034,0.010111328857941042,badnets,0.01,rhash_rgb,768,residual,zero,hamming_ball,mad,1.66,0.524
0.4344298181818182,0.44625553535353535,0.008362422701574125,0.0,0.0,0.0,0.01,0.3533660606060606,0.4688791919191919,0.006,0.006,0.6466339393939394,-1.0,0.006,0.0,0.058,0.0,0.0,0.0,2871,0.010609179061724204,badnets,0.01,rhash_rgb,768,residual,zero,block_collision,mad,1.66,2.073
0.4327620808080809,0.47916549494949495,0.00823956516977563,0.002,0.022,0.002,0.01,0.42840262626262626,0.48000080808080803,0.004,0.004,0.5715973737373737,-1.0,0.008,0.008,0.018303030303030304,0.004395604395604396,0.008,0.005673758865248227,910,0.01010389081279283,badnets,0.01,rhash_rgb,768,residual,zero,hash_spectral,mad,1.66,0.113
0.6146360606060606,0.5061048686868687,0.01438053501164127,0.018,0.072,0.016,0.01,0.6304135353535354,0.5132426262626263,0.02,0.02,0.6304135353535354,1.0,0.02,0.006,0.0061818181818181816,0.009708737864077669,0.006,0.007416563658838072,309,0.010001811193173815,badnets,0.01,rhash_rgb,768,residual,zero,hash_stability,mad,1.66,0.033
0.2783396767676768,0.5700434343434343,0.0062174402025351825,0.0,0.0,0.006,0.01,0.2552565656565656,0.5916565656565655,0.0,0.016,0.7447434343434344,-1.0,0.016,0.0,0.0006666666666666666,0.0,0.0,0.0,33,0.01000660435887686,badnets,0.01,rhash_energy,256,residual,mean,bit_llr,mad,0.608,0.091
0.36872529292929296,0.4322424242424242,0.011147592142386926,0.0,0.116,0.0,0.01,0.2627210101010101,0.33518202020202026,0.0,0.0,0.7372789898989899,-1.0,0.0,0.14,0.19337373737373736,0.007259904584111181,0.14,0.013803983435219878,9642,0.010654640963377768,badnets,0.01,rhash_energy,256,residual,mean,bit_em,mad,0.608,0.89
0.23321450505050503,0.6003483434343435,0.005880383238348908,0.0,0.0,0.0,0.01,0.21921858585858586,0.6175614141414141,0.0,0.028,0.7807814141414141,-1.0,0.074,0.0,0.0007676767676767677,0.0,0.0,0.0,38,0.010007605780393098,badnets,0.01,rhash_energy,256,residual,mean,hamming_knn,mad,0.608,0.474
0.5018925454545455,0.16957444444444447,0.012571770123570957,0.0,0.0,0.0,0.01,0.3496931313131313,0.3496931313131313,0.0,0.0,0.6503068686868687,-1.0,0.0,0.0,0.17020202020202022,0.0,0.0,0.0,8425,0.012026458208057728,badnets,0.01,rhash_energy,256,residual,mean,hamming_ball,mad,0.608,0.464
0.3672513131313131,0.4540254949494949,0.008775948600850864,0.0,0.0,0.0,0.01,0.3429820202020203,0.6570179797979798,0.0,0.056,0.6570179797979797,-1.0,0.056,0.134,0.14214141414141415,0.009432634098268337,0.134,0.01762462185979219,7103,0.010093945963587198,badnets,0.01,rhash_energy,256,residual,mean,block_collision,mad,0.608,0.705
0.44440682828282824,0.48478434343434346,0.008650226171795696,0.012,0.032,0.012,0.01,0.44255515151515157,0.48598343434343433,0.01,0.01,0.5574448484848484,-1.0,0.01,0.0,0.001797979797979798,0.0,0.0,0.0,89,0.010017831740498086,badnets,0.01,rhash_energy,256,residual,mean,hash_spectral,mad,0.608,0.055
0.3364601212121212,0.5840533131313131,0.00698109418154353,0.0,0.02,0.05,0.01,0.34604909090909086,0.5734579797979797,0.0,0.006,0.6539509090909091,-1.0,0.006,0.01,0.0034545454545454545,0.028409090909090908,0.01,0.014792899408284023,176,0.009934971098265896,badnets,0.01,rhash_energy,256,residual,mean,hash_stability,mad,0.608,0.032
0.4164598585858586,0.4935169090909091,0.008035560691641241,0.002,0.036,0.008,0.01,0.3956068686868687,0.4918642424242424,0.002,0.004,0.6043931313131313,-1.0,0.014,0.0,0.0023636363636363638,0.0,0.0,0.0,117,0.010023454884429565,badnets,0.01,ahash_res,256,residual,mean,bit_llr,mad,0.596,0.092
0.49461466666666665,0.5193494747474748,0.009855889171173766,0.0,0.0,0.0,0.01,0.46959333333333336,0.42805636363636357,0.0,0.0,0.5304066666666667,-1.0,0.0,0.0,0.11204040404040404,0.0,0.0,0.0,5546,0.011247581769919468,badnets,0.01,ahash_res,256,residual,mean,bit_em,mad,0.596,0.921
0.34023872727272725,0.5303182626262627,0.0069432666368149905,0.0,0.014,0.0,0.01,0.3111511111111111,0.5306438383838384,0.0,0.0,0.6888488888888888,-1.0,0.044,0.0,0.013333333333333334,0.0,0.0,0.0,660,0.010133765707336847,badnets,0.01,ahash_res,256,residual,mean,hamming_knn,mad,0.596,0.471
0.3383520202020202,0.5253532323232324,0.007610589951268088,0.0,0.028,0.0,0.01,0.32503616161616156,0.4942018181818182,0.0,0.0,0.6749638383838384,-1.0,0.0,0.01,0.03395959595959596,0.0029655990510083037,0.01,0.004574565416285453,1686,0.010245477501345366,badnets,0.01,ahash_res,256,residual,mean,hamming_ball,mad,0.596,0.467
0.4232189696969697,0.5044924242424242,0.008919657417215607,0.0,0.042,0.0,0.01,0.37134303030303034,0.4721436363636364,0.004,0.004,0.6286569696969697,-1.0,0.008,0.076,0.08214141414141414,0.009259259259259259,0.076,0.016507384882710686,4104,0.010066236709081402,badnets,0.01,ahash_res,256,residual,mean,block_collision,mad,0.596,0.706
0.4197044848484848,0.48271559595959596,0.007985206730103661,0.0,0.02,0.0,0.01,0.4110533333333333,0.48274020202020196,0.004,0.004,0.5889466666666667,-1.0,0.016,0.002,0.015656565656565657,0.001288659793814433,0.002,0.001567398119122257,776,0.010137331383065171,badnets,0.01,ahash_res,256,residual,mean,hash_spectral,mad,0.596,0.055
0.6113089696969697,0.5112444646464647,0.015058171695976452,0.026,0.092,0.016,0.01,0.6253018181818182,0.5004678787878788,0.02,0.014,0.6253018181818182,1.0,0.02,0.006,0.004929292929292929,0.012145748987854251,0.006,0.008032128514056224,247,0.009989347376037626,badnets,0.01,ahash_res,256,residual,mean,hash_stability,mad,0.596,0.029
0.35152817346938775,0.5586254693877551,0.013907972247551479,0.0,0.001,0.005,0.02,0.37915918825209055,0.5425617988986335,0.011,0.019,0.6208408117479094,-1.0,0.019,0.0,0.0009591836734693877,0.0,0.0,0.0,47,0.02001881768862731,badnets,0.02,ahash,64,spatial,mean,bit_llr,mad,0.146,0.07
0.6588256122448979,0.5703406428571429,0.06721216289029586,0.0,0.414,0.0,0.02,0.43162971650010207,0.454813277585152,0.0,0.0,0.5683702834998979,-1.0,0.0,0.417,0.3757551020408163,0.022146688618620212,0.417,0.04205960966261536,18829,0.018703281896634692,badnets,0.02,ahash,64,spatial,mean,bit_em,mad,0.146,0.293
0.36637358163265304,0.5270049591836734,0.014577391080555866,0.001,0.021,0.003,0.02,0.33317448500917807,0.5186537833979196,0.0,0.003,0.666825514990822,-1.0,0.037,0.0,0.0,0.0,0.0,0.0,0,0.02,badnets,0.02,ahash,64,spatial,mean,hamming_knn,mad,0.146,0.433
0.5132342755102041,0.17773786734693878,0.024231038994753606,0.0,0.0,0.0,0.02,0.383971140118295,0.383971140118295,0.0,0.0,0.616028859881705,-1.0,0.0,0.006,0.14520408163265305,0.0008425782895660722,0.006,0.0014776505356483192,7121,0.023181510762844283,badnets,0.02,ahash,64,spatial,mean,hamming_ball,mad,0.146,0.425
0.3884017142857143,0.48653907142857145,0.01788626855422607,0.0,0.0,0.0,0.02,0.3594633897613706,0.48997379155619014,0.0,0.0,0.6405366102386294,-1.0,0.024,0.16,0.10763265306122449,0.02944423997055576,0.16,0.049735778675784895,5434,0.018848449490643092,badnets,0.02,ahash,64,spatial,mean,block_collision,mad,0.146,0.158
0.5034933673469387,0.46138422448979594,0.01955138687978577,0.005,0.047,0.005,0.02,0.4747873750764838,0.45614491127880885,0.006,0.006,0.5252126249235163,-1.0,0.008,0.0,0.0008979591836734694,0.0,0.0,0.0,44,0.020017615501641446,badnets,0.02,ahash,64,spatial,mean,hash_spectral,mad,0.146,0.045
0.39274463265306125,0.48275719387755095,0.015356125444199446,0.001,0.008,0.001,0.02,0.384346318580461,0.5240970834183153,0.007,0.007,0.615653681419539,-1.0,0.007,0.0,0.0005510204081632653,0.0,0.0,0.0,27,0.020010805835150983,badnets,0.02,ahash,64,spatial,mean,hash_stability,mad,0.146,0.029
0.36358573469387756,0.5646091326530612,0.014325269038095858,0.0,0.0,0.0,0.02,0.40341403222516825,0.5713563124617581,0.029,0.021,0.5965859677748317,-1.0,0.029,0.0,0.0012857142857142856,0.0,0.0,0.0,63,0.020025231792057993,badnets,0.02,ahash4,16,spatial,mean,bit_llr,mad,0.136,0.047
0.6467628265306122,0.5838411224489796,0.061636319168086595,0.036,0.418,0.0,0.02,0.4283650826024883,0.4602378135835203,0.0,0.0,0.5716349173975117,-1.0,0.0,0.381,0.15491836734693878,0.047792272955343704,0.381,0.08493089612126616,7972,0.014728276387170457,badnets,0.02,ahash4,16,spatial,mean,bit_em,mad,0.136,0.148
0.37857510204081635,0.6019376326530612,0.017127640976309828,0.0,0.05,0.043,0.02,0.3702013053232715,0.5346278808892515,0.0,0.021,0.6297986946767284,-1.0,0.021,0.0,0.0,0.0,0.0,0.0,0,0.02,badnets,0.02,ahash4,16,spatial,mean,hamming_knn,mad,0.136,0.391
0.37484876530612243,0.4508321938775511,0.019100232459340186,0.0,0.033,0.0,0.02,0.40510962675912704,0.4381354272894147,0.0,0.0,0.594890373240873,-1.0,0.0,0.078,0.12091836734693878,0.012993503248375811,0.078,0.022276167356847065,6003,0.02095597427097302,badnets,0.02,ahash4,16,spatial,mean,hamming_ball,mad,0.136,0.391
0.40628861224489793,0.47469706122448974,0.01819738262538715,0.023,0.033,0.023,0.02,0.38236681623495816,0.4397590250866815,0.0,0.0,0.6176331837650418,-1.0,0.0,0.133,0.18840816326530613,0.01420181526962093,0.133,0.025663289917993246,9365,0.021336286452565523,badnets,0.02,ahash4,16,spatial,mean,block_collision,mad,0.136,0.041
0.5010994897959183,0.4784036836734694,0.020118271175849266,0.0,0.06,0.0,0.02,0.48764144401386905,0.4811311441974302,0.0,0.0,0.512358555986131,-1.0,0.018,0.0,0.0022653061224489797,0.0,0.0,0.0,111,0.020044498787307824,badnets,0.02,ahash4,16,spatial,mean,hash_spectral,mad,0.136,0.043
0.44503351020408155,0.3788802040816327,0.01733065589719559,0.0,0.0,0.0,0.02,0.4141371609218846,0.5003119518662044,0.002,0.002,0.5858628390781154,-1.0,0.002,0.0,0.002489795918367347,0.0,0.0,0.0,122,0.02004891936324632,badnets,0.02,ahash4,16,spatial,mean,hash_stability,mad,0.136,0.025
0.34157210204081634,0.5446235102040816,0.013625767992575191,0.0,0.0,0.004,0.02,0.3631044258617173,0.5281158474403427,0.005,0.009,0.6368955741382827,-1.0,0.009,0.0,0.0006122448979591836,0.0,0.0,0.0,30,0.020012007204322592,badnets,0.02,ahash16,256,spatial,mean,bit_llr,mad,0.19,0.092
0.43408597959183665,0.35493816326530614,0.022551290431484176,0.0,0.0,0.0,0.02,0.40426657148684475,0.5957334285131552,0.0,0.0,0.5957334285131552,-1.0,0.0,0.0,0.29512244897959183,0.0,0.0,0.0,14461,0.028138101803652324,badnets,0.02,ahash16,256,spatial,mean,bit_em,mad,0.19,0.9
0.3376233979591836,0.5395636224489796,0.013756349776598644,0.0,0.017,0.004,0.02,0.3080066285947379,0.5348793595757699,0.002,0.007,0.6919933714052622,-1.0,0.042,0.0,0.0,0.0,0.0,0.0,0,0.02,badnets,0.02,ahash16,256,spatial,mean,hamming_knn,mad,0.19,0.456
0.46059716326530614,0.23941067346938777,0.021193344083954086,0.0,0.0,0.0,0.02,0.3939967366918214,0.3939967366918214,0.0,0.0,0.6060032633081787,-1.0,0.0,0.01,0.15210204081632653,0.0013399437223636608,0.01,0.0023632281696797826,7463,0.023273855702094646,badnets,0.02,ahash16,256,spatial,mean,hamming_ball,mad,0.19,0.444
0.29135667346938776,0.7161622653061226,0.015648631219043405,0.0,0.0,0.207,0.02,0.3633903732408729,0.6022057923720172,0.0,0.032,0.636609626759127,-1.0,0.032,0.548,0.08171428571428571,0.12038664323374342,0.548,0.19740634005763688,4552,0.009945432142228481,badnets,0.02,ahash16,256,spatial,mean,block_collision,mad,0.19,0.687
0.4986984693877551,0.4561198979591836,0.019006266516401842,0.005,0.037,0.005,0.02,0.47156536814195393,0.449884968386702,0.005,0.005,0.5284346318580461,-1.0,0.007,0.0,0.0006530612244897959,0.0,0.0,0.0,32,0.020012808197246237,badnets,0.02,ahash16,256,spatial,mean,hash_spectral,mad,0.19,0.054
0.4871932857142858,0.5066808163265305,0.020312477935809224,0.013,0.05,0.014,0.02,0.48535590454823585,0.500966449112788,0.01,0.01,0.5146440954517641,-1.0,0.01,0.003,0.0012040816326530613,0.04838709677419355,0.003,0.005649717514124294,62,0.019964756297809284,badnets,0.02,ahash16,256,spatial,mean,hash_stability,mad,0.19,0.033
0.3397460102040816,0.5366443775510203,0.01357081034830075,0.0,0.0,0.004,0.02,0.3566979400367122,0.5209993881297166,0.005,0.006,0.6433020599632878,-1.0,0.006,0.0,0.0005306122448979592,0.0,0.0,0.0,26,0.020010405410813625,badnets,0.02,ahash32,1024,spatial,mean,bit_llr,mad,0.357,0.254
0.35410071428571427,0.4764689387755102,0.01953455799525182,0.0,0.0,0.0,0.02,0.40791413420354883,0.5920858657964511,0.0,0.0,0.5920858657964512,-1.0,0.0,0.0,0.19883673469387755,0.0,0.0,0.0,9743,0.024840400427254886,badnets,0.02,ahash32,1024,spatial,mean,bit_em,mad,0.357,4.059
0.32831929591836734,0.5426209081632652,0.01348970817174695,0.0,0.014,0.002,0.02,0.2958569243320416,0.5464557413828268,0.003,0.014,0.7041430756679584,-1.0,0.042,0.0,0.0,0.0,0.0,0.0,0,0.02,badnets,0.02,ahash32,1024,spatial,mean,hamming_knn,mad,0.357,0.543
0.4767723163265306,0.23857782653061227,0.021908182803653153,0.0,0.0,0.0,0.02,0.38873414236181925,0.38873414236181925,0.002,0.002,0.6112658576381808,-1.0,0.002,0.01,0.1450204081632653,0.001405283867341203,0.01,0.0024642681123706258,7116,0.02308553306594534,badnets,0.02,ahash32,1024,spatial,mean,hamming_ball,mad,0.357,0.53
0.38994830612244896,0.3969893469387755,0.016994232319667957,0.0,0.0,0.0,0.02,0.4001628594737916,0.5998371405262084,0.0,0.017,0.5998371405262084,-1.0,0.017,0.004,0.128,0.0006373486297004461,0.004,0.0010995052226498076,6276,0.022779251669563627,badnets,0.02,ahash32,1024,spatial,mean,block_collision,mad,0.357,2.912
0.49886911224489794,0.46123504081632655,0.01906781097999805,0.005,0.034,0.005,0.02,0.4689093412196615,0.4484455435447685,0.004,0.004,0.5310906587803386,-1.0,0.013,0.0,0.00046938775510204083,0.0,0.0,0.0,23,0.020009204233947617,badnets,0.02,ahash32,1024,spatial,mean,hash_spectral,mad,0.357,0.191
0.5092012755102041,0.5084355612244897,0.021395721681432202,0.013,0.062,0.009,0.02,0.5002059963287782,0.49950377320008155,0.009,0.009,0.5002059963287782,1.0,0.009,0.004,0.0017959183673469388,0.043478260869565216,0.004,0.007326007326007326,92,0.01995672036547247,badnets,0.02,ahash32,1024,spatial,mean,hash_stability,mad,0.357,0.036
0.41643164285714285,0.5116362959183673,0.01574896703447461,0.0,0.014,0.0,0.02,0.41217060983071585,0.5130302875790332,0.009,0.012,0.5878293901692841,-1.0,0.012,0.0,0.0012857142857142856,0.0,0.0,0.0,63,0.020025231792057993,badnets,0.02,mhash,64,spatial,median,bit_llr,mad,0.171,0.058
0.4012962244897959,0.5301518163265306,0.017635924189363338,0.0,0.0,0.0,0.02,0.42425198857842134,0.5415717927799307,0.0,0.0,0.5757480114215787,-1.0,0.0,0.571,0.37204081632653063,0.030370724961438222,0.571,0.05767385485581536,18801,0.013750440719253822,badnets,0.02,mhash,64,spatial,median,bit_em,mad,0.171,0.291
0.39993377551020404,0.48471670408163264,0.0155835344142995,0.005,0.022,0.001,0.02,0.3649605343667143,0.486780236589843,0.0,0.0,0.6350394656332857,-1.0,0.034,0.0,4.0816326530612245e-05,0.0,0.0,0.0,2,0.02000080003200128,badnets,0.02,mhash,64,spatial,median,hamming_knn,mad,0.171,0.43
0.352766,0.46361269387755105,0.01881755690618836,0.014,0.055,0.014,0.02,0.3853342851315521,0.4248400978992454,0.0,0.0,0.6146657148684479,-1.0,0.0,0.099,0.1760204081632653,0.011348005502063274,0.099,0.020361990950226245,8724,0.02182866556836903,badnets,0.02,mhash,64,spatial,median,hamming_ball,mad,0.171,0.424
0.39621661224489796,0.4629221020408163,0.016818101646488122,0.0,0.062,0.0,0.02,0.3749309606363451,0.4655772996124822,0.0,0.0,0.6250690393636549,-1.0,0.022,0.107,0.10353061224489796,0.020656370656370656,0.107,0.034627831715210354,5180,0.019924141008478356,badnets,0.02,mhash,64,spatial,median,block_collision,mad,0.171,0.159
0.4601770918367347,0.47331759183673466,0.017457356875961175,0.003,0.033,0.003,0.02,0.44495931062614724,0.4781098307158882,0.007,0.007,0.5550406893738528,-1.0,0.014,0.0,0.00032653061224489796,0.0,0.0,0.0,16,0.02000640204865557,badnets,0.02,mhash,64,spatial,median,hash_spectral,mad,0.171,0.045
0.39049715306122446,0.5141989081632654,0.01549123657530552,0.001,0.017,0.001,0.02,0.3888755863756883,0.5032837038547828,0.005,0.005,0.6111244136243117,-1.0,0.011,0.0,0.0021224489795918368,0.0,0.0,0.0,104,0.020041686708353375,badnets,0.02,mhash,64,spatial,median,hash_stability,mad,0.171,0.027
0.3361649081632653,0.577560418367347,0.013594747702902218,0.0,0.002,0.03,0.02,0.3476840709769529,0.5727978788496838,0.006,0.027,0.6523159290230471,-1.0,0.027,0.0,0.0013673469387755102,0.0,0.0,0.0,67,0.02002683596018665,badnets,0.02,ahash_rgb,192,spatial,mean,bit_llr,mad,0.383,0.08
0.6713241428571428,0.6170107857142857,0.07465352651495621,0.0,0.413,0.0,0.02,0.45330624107689177,0.4555877014073017,0.0,0.0,0.5466937589231082,-1.0,0.0,0.432,0.39302040816326533,0.021940071102082275,0.432,0.04175930401159981,19690,0.018739689871329596,badnets,0.02,ahash_rgb,192,spatial,mean,bit_em,mad,0.383,0.653
0.37497144897959184,0.5105469693877551,0.014658258788530283,0.0,0.016,0.001,0.02,0.3450504792983887,0.5044458494799102,0.0,0.0,0.6549495207016113,-1.0,0.02,0.0,0.0,0.0,0.0,0.0,0,0.02,badnets,0.02,ahash_rgb,192,spatial,mean,hamming_knn,mad,0.383,0.449
0.5173285714285714,0.19421453061224492,0.02422115431879146,0.0,0.0,0.0,0.02,0.4055178462166021,0.4055178462166021,0.0,0.0,0.594482153783398,-1.0,0.0,0.005,0.17312244897959184,0.000589066918001885,0.005,0.0010539629005059021,8488,0.02396897282713432,badnets,0.02,ahash_rgb,192,spatial,mean,hamming_ball,mad,0.383,0.438
0.42267854081632655,0.48295929591836734,0.018344672066716278,0.0,0.0,0.0,0.02,0.36135784213746686,0.4875405873954721,0.0,0.0,0.6386421578625332,-1.0,0.044,0.0,0.0413265306122449,0.0,0.0,0.0,2025,0.020844189682126108,badnets,0.02,ahash_rgb,192,spatial,mean,block_collision,mad,0.383,0.409
0.49413316326530615,0.48487128571428567,0.019556460335658103,0.008,0.049,0.008,0.02,0.4696528655924944,0.4844984703242913,0.008,0.008,0.5303471344075056,-1.0,0.012,0.0,0.0010408163265306122,0.0,0.0,0.0,51,0.020020420829245832,badnets,0.02,ahash_rgb,192,spatial,mean,hash_spectral,mad,0.383,0.052
0.3755562755102041,0.5133218469387755,0.014701723410161445,0.0,0.014,0.0,0.02,0.3672782990006118,0.5303956761166634,0.006,0.011,0.6327217009993882,-1.0,0.014,0.0,0.0006938775510204082,0.0,0.0,0.0,34,0.020013609254292918,badnets,0.02,ahash_rgb,192,spatial,mean,hash_stability,mad,0.383,0.032
0.3905657653061224,0.49274264285714287,0.014961466050559745,0.006,0.019,0.014,0.02,0.3624017948194983,0.48669895982051803,0.001,0.013,0.6375982051805017,-1.0,0.031,0.0,2.0408163265306123e-05,0.0,0.0,0.0,1,0.02000040000800016,badnets,0.02,dhash,64,spatial,pairwise,bit_llr,mad,0.147,0.056
0.5577780714285714,0.5615301734693878,0.027176466439739245,0.0,0.0,0.0,0.02,0.48745054048541714,0.47538160310014277,0.0,0.0,0.5125494595145829,-1.0,0.0,0.0,0.07785714285714286,0.0,0.0,0.0,3815,0.021652051531882648,badnets,0.02,dhash,64,spatial,pairwise,bit_em,mad,0.147,0.298
0.40854781632653064,0.4874633571428572,0.015941542617065093,0.002,0.027,0.002,0.02,0.3761874362635122,0.4837195594533958,0.001,0.001,0.6238125637364877,-1.0,0.012,0.004,0.010979591836734694,0.007380073800738007,0.004,0.005188067444876783,542,0.02013829916292612,badnets,0.02,dhash,64,spatial,pairwise,hamming_knn,mad,0.147,0.449
0.4123413367346939,0.49368750000000006,0.01785176242741506,0.007,0.042,0.007,0.02,0.3896009585967775,0.4482149704262697,0.001,0.001,0.6103990414032225,-1.0,0.001,0.087,0.09904081632653061,0.017611336032388663,0.087,0.029292929292929294,4940,0.020261873058144697,badnets,0.02,dhash,64,spatial,pairwise,hamming_ball,mad,0.147,0.444
0.44787945918367345,0.5637177551020408,0.023049734599222542,0.036,0.073,0.036,0.02,0.432013461146237,0.44129074036304305,0.0,0.0,0.567986538853763,-1.0,0.0,0.13,0.10812244897959183,0.023949889462048637,0.13,0.04044803982576229,5428,0.019518980525890694,badnets,0.02,dhash,64,spatial,pairwise,block_collision,mad,0.147,0.152
0.4832197346938776,0.49689331632653067,0.019291678837175894,0.006,0.05,0.006,0.02,0.4745961656128901,0.4954933714052621,0.004,0.004,0.5254038343871099,-1.0,0.007,0.002,0.0018775510204081633,0.02127659574468085,0.002,0.003656307129798903,94,0.019997595479501463,badnets,0.02,dhash,64,spatial,pairwise,hash_spectral,mad,0.147,0.045
0.5460454591836734,0.49634440816326525,0.02315177856813131,0.005,0.046,0.009,0.02,0.5914834795023456,0.4721091168672241,0.012,0.004,0.5914834795023456,1.0,0.012,0.0,0.0005102040816326531,0.0,0.0,0.0,25,0.02001000500250125,badnets,0.02,dhash,64,spatial,pairwise,hash_stability,mad,0.147,0.027
0.41633257142857144,0.4830976020408163,0.01572093148916222,0.002,0.021,0.001,0.02,0.400025698551907,0.47922486232918615,0.004,0.008,0.5999743014480929,-1.0,0.011,0.0,0.0002653061224489796,0.0,0.0,0.0,13,0.02000520135235161,badnets,0.02,dhash_v,64,spatial,pairwise,bit_llr,mad,0.137,0.057
0.41945248979591837,0.6017956326530614,0.018511197195610233,0.0,0.0,0.0,0.02,0.5209799102590251,0.4566858046094228,0.0,0.0,0.5209799102590251,1.0,0.0,0.337,0.10018367346938775,0.06423942051086542,0.337,0.10790906179955172,5246,0.014814318273226974,badnets,0.02,dhash_v,64,spatial,pairwise,bit_em,mad,0.137,0.299
0.3416653571428571,0.5173795816326531,0.013835364928941567,0.0,0.008,0.0,0.02,0.32440465021415466,0.5252867632062003,0.0,0.0,0.6755953497858453,-1.0,0.037,0.0,0.0035714285714285713,0.0,0.0,0.0,175,0.02007024586051179,badnets,0.02,dhash_v,64,spatial,pairwise,hamming_knn,mad,0.137,0.443
0.3533916632653061,0.4688043877551021,0.01611194580929797,0.0,0.014,0.0,0.02,0.3415493575362023,0.42276157454619623,0.003,0.003,0.6584506424637977,-1.0,0.003,0.032,0.09489795918367347,0.006834686031610423,0.032,0.011263639563533967,4682,0.02136016593847919,badnets,0.02,dhash_v,64,spatial,pairwise,hamming_ball,mad,0.137,0.437
0.37519411224489796,0.4506841224489796,0.015353703859375793,0.0,0.017,0.0,0.02,0.3488369365694473,0.44861931470528243,0.0,0.0,0.6511630634305527,-1.0,0.0,0.069,0.14453061224489797,0.009649000139840581,0.069,0.016930437983069563,7151,0.02172746155102803,badnets,0.02,dhash_v,64,spatial,pairwise,block_collision,mad,0.137,0.156
0.4245976224489796,0.46552860204081636,0.015832451426966664,0.0,0.003,0.0,0.02,0.4237366918213339,0.46291678564144406,0.002,0.002,0.5762633081786661,-1.0,0.016,0.0,0.0005510204081632653,0.0,0.0,0.0,27,0.020010805835150983,badnets,0.02,dhash_v,64,spatial,pairwise,hash_spectral,mad,0.137,0.045
0.5986308265306122,0.4375487142857143,0.026124792836773367,0.002,0.056,0.002,0.02,0.6420529267795227,0.49569355496634715,0.013,0.003,0.6420529267795227,1.0,0.013,0.0,0.00032653061224489796,0.0,0.0,0.0,16,0.02000640204865557,badnets,0.02,dhash_v,64,spatial,pairwise,hash_stability,mad,0.137,0.027
0.41319365306122446,0.4461789591836735,0.015390388417918927,0.002,0.017,0.003,0.02,0.3836153375484398,0.44102977768713036,0.0,0.004,0.6163846624515602,-1.0,0.011,0.001,0.0009387755102040817,0.02127659574468085,0.001,0.0019102196752626551,47,0.019998798870938684,badnets,0.02,dhash16,256,spatial,pairwise,bit_llr,mad,0.21,0.094
0.5536456632653062,0.573962306122449,0.05056875981890243,0.0,0.309,0.0,0.02,0.4439387109932694,0.42831541913114424,0.0,0.0,0.5560612890067306,-1.0,0.0,0.392,0.27087755102040817,0.028686425173801683,0.392,0.05346062052505966,13665,0.016733177377184532,badnets,0.02,dhash16,256,spatial,pairwise,bit_em,mad,0.21,0.892
0.3880957142857143,0.4466619387755102,0.014872749424896584,0.001,0.017,0.001,0.02,0.34146675504792984,0.44106200285539465,0.001,0.001,0.6585332449520702,-1.0,0.017,0.005,0.028510204081632653,0.003566333808844508,0.005,0.004163197335553705,1402,0.020474093584098112,badnets,0.02,dhash16,256,spatial,pairwise,hamming_knn,mad,0.21,0.466
0.35925999999999997,0.43217918367346936,0.01799307171342126,0.007,0.038,0.007,0.02,0.36874780746481745,0.40088588619212734,0.001,0.001,0.6312521925351826,-1.0,0.001,0.073,0.1384081632653061,0.010649161196207148,0.073,0.018586887332908975,6855,0.021485687796963727,badnets,0.02,dhash16,256,spatial,pairwise,hamming_ball,mad,0.21,0.46
0.3915242551020408,0.48079451020408165,0.01600116016552946,0.0,0.0,0.0,0.02,0.3818587599428921,0.40763430552722835,0.0,0.0,0.6181412400571079,-1.0,0.016,0.11,0.1653265306122449,0.0133966630130313,0.11,0.02388448594072305,8211,0.021297470626241356,badnets,0.02,dhash16,256,spatial,pairwise,block_collision,mad,0.21,0.715
0.46139543877551015,0.46309417346938775,0.017462041779390133,0.004,0.028,0.004,0.02,0.44426198245971854,0.4567524984703243,0.002,0.002,0.5557380175402815,-1.0,0.007,0.005,0.010224489795918367,0.009881422924901186,0.005,0.006640106241699867,506,0.020103446882450398,badnets,0.02,dhash16,256,spatial,pairwise,hash_spectral,mad,0.21,0.055
0.6085282040816327,0.48017384693877546,0.027033654703390336,0.005,0.059,0.003,0.02,0.6385553742606567,0.48327656536814195,0.017,0.003,0.6385553742606567,1.0,0.017,0.001,0.0030408163265306124,0.006666666666666667,0.001,0.0017391304347826088,150,0.020040120361083248,badnets,0.02,dhash16,256,spatial,pairwise,hash_stability,mad,0.21,0.03
0.3933429489795919,0.4955467244897959,0.015188758980886332,0.007,0.02,0.009,0.02,0.35946440954517644,0.4962512747297573,0.005,0.01,0.6405355904548236,-1.0,0.015,0.0,0.0003061224489795918,0.0,0.0,0.0,15,0.02000600180054016,badnets,0.02,blockhash,256,spatial,median,bit_llr,mad,0.373,0.091
0.628240918367347,0.3782695306122449,0.03488743527769489,0.0,0.0,0.0,0.02,0.47506903936365497,0.47013899653273516,0.0,0.0,0.524930960636345,-1.0,0.0,0.0,0.24095918367346938,0.0,0.0,0.0,11807,0.026182808368025553,badnets,0.02,blockhash,256,spatial,median,bit_em,mad,0.373,0.894
0.3745336326530612,0.5301112448979591,0.014950537472306662,0.006,0.024,0.007,0.02,0.3617287375076484,0.5274263716092189,0.004,0.004,0.6382712624923517,-1.0,0.04,0.002,0.0014489795918367348,0.0273972602739726,0.002,0.003727865796831314,73,0.01998918420894506,badnets,0.02,blockhash,256,spatial,median,hamming_knn,mad,0.373,0.468
0.4111548469387755,0.38847623469387754,0.01636960609209505,0.0,0.001,0.0,0.02,0.37659840913726295,0.46470701611258414,0.003,0.003,0.623401590862737,-1.0,0.003,0.028,0.13885714285714285,0.004098360655737705,0.028,0.007150153217568948,6832,0.022516679021497406,badnets,0.02,blockhash,256,spatial,median,hamming_ball,mad,0.373,0.472
0.47205593877551016,0.4387514387755102,0.019569612185224954,0.0,0.0,0.0,0.02,0.4336583724250459,0.47906434835814804,0.0,0.018,0.5663416275749541,-1.0,0.018,0.0,0.026938775510204082,0.0,0.0,0.0,1320,0.020542317173377157,badnets,0.02,blockhash,256,spatial,median,block_collision,mad,0.373,0.713
0.4860173265306122,0.47455364285714285,0.019533342748155255,0.01,0.049,0.01,0.02,0.46716112584132163,0.4659267795227412,0.004,0.004,0.5328388741586784,-1.0,0.017,0.003,0.0012857142857142856,0.045454545454545456,0.003,0.005628517823639775,66,0.01996635558937798,badnets,0.02,blockhash,256,spatial,median,hash_spectral,mad,0.373,0.054
0.583923581632653,0.4974428367346938,0.02637907301948785,0.01,0.057,0.007,0.02,0.5993449928615134,0.5133046094228024,0.018,0.011,0.5993449928615134,1.0,0.018,0.001,0.0016938775510204082,0.011904761904761904,0.001,0.0018450184501845018,84,0.020013622886449235,badnets,0.02,blockhash,256,spatial,median,hash_stability,mad,0.373,0.03
0.6962837959183673,0.5549154591836735,0.09724152833152705,0.107,0.208,0.04,0.02,0.7230028553946565,0.5650197838058332,0.126,0.041,0.7230028553946565,1.0,0.126,0.001,0.00020408163265306123,0.09090909090909091,0.001,0.0019782393669634025,11,0.019984396567244794,badnets,0.02,phash,64,frequency,median,bit_llr,mad,0.538,0.056
0.9474132040816328,0.9344262653061224,0.7110489558365601,0.599,0.87,0.599,0.02,0.9344864368753822,0.925683051193147,0.65,0.65,0.9344864368753822,1.0,0.65,0.898,0.06089795918367347,0.23132405976300877,0.898,0.3678820155673904,3882,0.0022117177674660653,badnets,0.02,phash,64,frequency,median,bit_em,mad,0.538,0.297
0.4965677551020408,0.4828364387755101,0.0243007469316885,0.033,0.075,0.033,0.02,0.49649561492963495,0.4956926371609218,0.036,0.036,0.5035043850703651,-1.0,0.036,0.026,0.006306122448979592,0.07761194029850746,0.026,0.03895131086142322,335,0.019611396355582403,badnets,0.02,phash,64,frequency,median,hamming_knn,mad,0.538,0.433
0.527362642857143,0.49932501020408165,0.023140103678666406,0.016,0.06,0.016,0.02,0.5159295329390169,0.5048932286355293,0.025,0.025,0.5159295329390169,1.0,0.025,0.035,0.021755102040816328,0.03178928247048138,0.035,0.03331746787244169,1101,0.01973455489887319,badnets,0.02,phash,64,frequency,median,hamming_ball,mad,0.538,0.433
0.49048954081632645,0.49167829591836737,0.01891253347817034,0.001,0.034,0.001,0.02,0.48729859269834797,0.4963443809912298,0.004,0.004,0.512701407301652,-1.0,0.012,0.001,0.0023877551020408164,0.00847457627118644,0.001,0.0017889087656529517,118,0.02002726434385149,badnets,0.02,phash,64,frequency,median,hash_spectral,mad,0.538,0.045
0.6421841734693877,0.40176140816326533,0.02706562032180452,0.0,0.007,0.0,0.02,0.676304711401183,0.561823781358352,0.007,0.007,0.676304711401183,1.0,0.007,0.0,0.007346938775510204,0.0,0.0,0.0,360,0.020145044319097503,badnets,0.02,phash,64,frequency,median,hash_stability,mad,0.538,0.026
0.6962837857142856,0.5549154591836735,0.09724152332720658,0.107,0.208,0.04,0.02,0.7230028553946565,0.5650197838058332,0.126,0.041,0.7230028553946565,1.0,0.126,0.001,0.00020408163265306123,0.09090909090909091,0.001,0.0019782393669634025,11,0.019984396567244794,badnets,0.02,phash_nodc,63,frequency,median,bit_llr,mad,0.537,0.058
0.9474454285714285,0.934452081632653,0.7111077521193223,0.599,0.87,0.599,0.02,0.9344868447889048,0.925684274933714,0.65,0.65,0.9344868447889048,1.0,0.65,0.898,0.06089795918367347,0.23132405976300877,0.898,0.3678820155673904,3882,0.0022117177674660653,badnets,0.02,phash_nodc,63,frequency,median,bit_em,mad,0.537,0.296
0.4965677551020408,0.4828364387755101,0.0243007469316885,0.033,0.075,0.033,0.02,0.49649561492963495,0.4956926371609218,0.036,0.036,0.5035043850703651,-1.0,0.036,0.026,0.006306122448979592,0.07761194029850746,0.026,0.03895131086142322,335,0.019611396355582403,badnets,0.02,phash_nodc,63,frequency,median,hamming_knn,mad,0.537,0.435
0.527362642857143,0.49932501020408165,0.023140103678666406,0.016,0.06,0.016,0.02,0.5159295329390169,0.5048932286355293,0.025,0.025,0.5159295329390169,1.0,0.025,0.035,0.021755102040816328,0.03178928247048138,0.035,0.03331746787244169,1101,0.01973455489887319,badnets,0.02,phash_nodc,63,frequency,median,hamming_ball,mad,0.537,0.434
0.49352306122448986,0.49047272448979595,0.019208113605497283,0.001,0.036,0.001,0.02,0.4870185600652662,0.4964066897817663,0.007,0.007,0.5129814399347338,-1.0,0.013,0.001,0.0018571428571428571,0.010869565217391304,0.001,0.0018315018315018315,92,0.020016830968982928,badnets,0.02,phash_nodc,63,frequency,median,hash_spectral,mad,0.537,0.045
0.6421841734693877,0.40176140816326533,0.02706562032180452,0.0,0.007,0.0,0.02,0.676304711401183,0.561823781358352,0.007,0.007,0.676304711401183,1.0,0.007,0.0,0.007346938775510204,0.0,0.0,0.0,360,0.020145044319097503,badnets,0.02,phash_nodc,63,frequency,median,hash_stability,mad,0.537,0.026
0.6567140612244897,0.5246634285714286,0.06138779595669347,0.082,0.157,0.024,0.02,0.6812223128696716,0.5287660615949419,0.102,0.029,0.6812223128696716,1.0,0.102,0.001,0.00028571428571428574,0.06666666666666667,0.001,0.0019704433497536944,15,0.019985995798739623,badnets,0.02,phash_mean,64,frequency,mean,bit_llr,mad,0.512,0.057
0.24724339795918365,0.6991439081632653,0.012183744877797501,0.0,0.0,0.225,0.02,0.34271497042626964,0.6032338364266776,0.001,0.028,0.6572850295737304,-1.0,0.028,0.548,0.03348979591836735,0.25034262220191866,0.548,0.34368140482910003,2189,0.00945389136391207,badnets,0.02,phash_mean,64,frequency,mean,bit_em,mad,0.512,0.297
0.48315948979591833,0.4808043367346939,0.021473808872987443,0.027,0.058,0.027,0.02,0.49233173567203753,0.4877169080155007,0.034,0.034,0.5076682643279624,-1.0,0.034,0.023,0.006551020408163266,0.06686046511627906,0.023,0.03422619047619048,344,0.019675366521669083,badnets,0.02,phash_mean,64,frequency,mean,hamming_knn,mad,0.512,0.448
0.4939235,0.522729418367347,0.020352073081299098,0.008,0.046,0.008,0.02,0.49586671425657763,0.5026868243932286,0.022,0.022,0.5041332857434224,-1.0,0.022,0.061,0.05740816326530612,0.021224773834377174,0.061,0.03149199793495096,2874,0.019925306624793106,badnets,0.02,phash_mean,64,frequency,mean,hamming_ball,mad,0.512,0.441
0.5312630918367347,0.5207711734693878,0.02395099986683647,0.024,0.082,0.024,0.02,0.5351805017336325,0.5215485417091577,0.014,0.014,0.5351805017336325,1.0,0.014,0.001,0.0013061224489795918,0.015384615384615385,0.001,0.0018779342723004694,65,0.0200060078101532,badnets,0.02,phash_mean,64,frequency,mean,hash_spectral,mad,0.512,0.045
0.4680800306122449,0.47392841836734706,0.017998319515638808,0.005,0.019,0.003,0.02,0.48102814603304095,0.4473380583316337,0.003,0.003,0.518971853966959,-1.0,0.003,0.002,0.0018775510204081633,0.02127659574468085,0.002,0.003656307129798903,94,0.019997595479501463,badnets,0.02,phash_mean,64,frequency,mean,hash_stability,mad,0.512,0.028
0.8472674795918368,0.7582733061224491,0.3675167407154468,0.339,0.527,0.245,0.02,0.8821265551703039,0.7853088925147869,0.485,0.296,0.8821265551703039,1.0,0.485,0.068,0.00022448979591836734,0.8607594936708861,0.068,0.12604263206672844,79,0.018669497806534326,badnets,0.02,phash16,256,frequency,median,bit_llr,mad,0.625,0.092
0.9681853367346939,0.9637361224489798,0.834925443855455,0.741,0.937,0.741,0.02,0.9653065470120334,0.9620495614929634,0.827,0.827,0.9653065470120334,1.0,0.827,0.953,0.1496734693877551,0.11499939664534814,0.953,0.20523312156778292,8287,0.0011267470572723132,badnets,0.02,phash16,256,frequency,median,bit_em,mad,0.625,0.893
0.5753373775510203,0.5437554285714284,0.03755328608777534,0.054,0.146,0.054,0.02,0.5869782786049358,0.5487656536814195,0.068,0.068,0.5869782786049358,1.0,0.068,0.054,0.009551020408163266,0.10344827586206896,0.054,0.07095926412614981,522,0.019119608714984436,badnets,0.02,phash16,256,frequency,median,hamming_knn,mad,0.625,0.47
0.5974464489795919,0.5464884285714287,0.051360620504698494,0.081,0.173,0.081,0.02,0.5980011217621863,0.5869430960636345,0.107,0.107,0.5980011217621863,1.0,0.107,0.107,0.016448979591836735,0.1171960569550931,0.107,0.11186617877679038,913,0.018192189378043067,badnets,0.02,phash16,256,frequency,median,hamming_ball,mad,0.625,0.466
0.8015167959183672,0.7648701836734694,0.26947622469128546,0.3,0.491,0.3,0.02,0.834995105037732,0.7937120130532328,0.465,0.465,0.834995105037732,1.0,0.465,0.245,0.005979591836734694,0.45539033457249073,0.245,0.31859557867360205,538,0.015264243257450164,badnets,0.02,phash16,256,frequency,median,hash_spectral,mad,0.625,0.055
0.7273722959183673,0.537012275510204,0.04142935353058982,0.013,0.111,0.007,0.02,0.783756475627167,0.5558282684070978,0.057,0.007,0.783756475627167,1.0,0.057,0.0,0.0014693877551020407,0.0,0.0,0.0,72,0.0200288415318058,badnets,0.02,phash16,256,frequency,median,hash_stability,mad,0.625,0.028
0.9090539081632654,0.8716999081632654,0.6351916125096417,0.611,0.726,0.536,0.02,0.9302781970222314,0.8905370181521517,0.707,0.592,0.9302781970222314,1.0,0.707,0.28,6.122448979591836e-05,0.9893992932862191,0.28,0.436477007014809,283,0.014481967938532092,badnets,0.02,pdq,256,frequency,median,bit_llr,mad,2.292,0.092
0.9704181326530612,0.9698726632653062,0.8780782306405139,0.82,0.934,0.82,0.02,0.965630940240669,0.9659676728533549,0.858,0.858,0.965630940240669,1.0,0.858,0.958,0.1223673469387755,0.13776243888409548,0.958,0.24088508926326377,6954,0.0009757004135111276,badnets,0.02,pdq,256,frequency,median,bit_em,mad,2.292,0.896
0.6489563265306122,0.6248943877551021,0.08579415197867352,0.133,0.264,0.133,0.02,0.6658894554354476,0.6225088721191108,0.133,0.133,0.6658894554354476,1.0,0.133,0.112,0.007489795918367347,0.23382045929018788,0.112,0.15145368492224476,479,0.0179317865148119,badnets,0.02,pdq,256,frequency,median,hamming_knn,mad,2.292,0.469
0.6784321428571428,0.6616026632653061,0.2051493905529065,0.199,0.32,0.199,0.02,0.6859532939016928,0.673059963287783,0.216,0.216,0.6859532939016928,1.0,0.216,0.216,0.010346938775510205,0.2987551867219917,0.216,0.2507254788160186,723,0.01591005945978854,badnets,0.02,pdq,256,frequency,median,hamming_ball,mad,2.292,0.473
0.8688518469387755,0.8537180510204081,0.5500572166238538,0.53,0.646,0.53,0.02,0.8915306954925557,0.8736810116255355,0.598,0.598,0.8915306954925557,1.0,0.598,0.448,0.0029183673469387757,0.7580372250423012,0.448,0.5631678189817725,591,0.011172053674431784,badnets,0.02,pdq,256,frequency,median,hash_spectral,mad,2.292,0.055
0.738077612244898,0.5531727448979592,0.04402298716045925,0.02,0.133,0.005,0.02,0.7842521925351825,0.5716808076687742,0.038,0.008,0.7842521925351825,1.0,0.038,0.001,0.0016122448979591837,0.0125,0.001,0.001851851851851852,80,0.02001201923076923,badnets,0.02,pdq,256,frequency,median,hash_stability,mad,2.292,0.029
0.41631074489795916,0.5113611224489796,0.015740660968793004,0.0,0.014,0.0,0.02,0.41229808280644503,0.5132707526004487,0.009,0.012,0.5877019171935549,-1.0,0.012,0.0,0.0012857142857142856,0.0,0.0,0.0,63,0.020025231792057993,badnets,0.02,whash_haar,64,wavelet,median,bit_llr,mad,0.638,0.056
0.40067490816326534,0.5269389693877551,0.017668932367016284,0.0,0.0,0.0,0.02,0.42435427289414646,0.5410122374056701,0.0,0.0,0.5756457271058535,-1.0,0.0,0.569,0.37204081632653063,0.030267567423799137,0.569,0.05747765038638315,18799,0.013813659818595558,badnets,0.02,whash_haar,64,wavelet,median,bit_em,mad,0.638,0.292
0.39993417346938775,0.4847580000000001,0.015580206125520519,0.005,0.022,0.001,0.02,0.364711707118091,0.4871389965327351,0.0,0.0,0.635288292881909,-1.0,0.034,0.0,4.0816326530612245e-05,0.0,0.0,0.0,2,0.02000080003200128,badnets,0.02,whash_haar,64,wavelet,median,hamming_knn,mad,0.638,0.427
0.3527509693877551,0.46365825510204084,0.018817456953508258,0.014,0.055,0.014,0.02,0.38524189271874365,0.42527126249235164,0.0,0.0,0.6147581072812563,-1.0,0.0,0.099,0.1760204081632653,0.011348005502063274,0.099,0.020361990950226245,8724,0.02182866556836903,badnets,0.02,whash_haar,64,wavelet,median,hamming_ball,mad,0.638,0.421
0.3962825,0.4628445612244898,0.016820217307116025,0.0,0.062,0.0,0.02,0.37489435039771574,0.46563665102998164,0.0,0.0,0.6251056496022842,-1.0,0.022,0.107,0.10353061224489796,0.020656370656370656,0.107,0.034627831715210354,5180,0.019924141008478356,badnets,0.02,whash_haar,64,wavelet,median,block_collision,mad,0.638,0.158
0.46005464285714287,0.4733758265306123,0.017451855989726164,0.003,0.033,0.003,0.02,0.44478655924943916,0.4781355292677952,0.007,0.007,0.5552134407505609,-1.0,0.015,0.0,0.00032653061224489796,0.0,0.0,0.0,16,0.02000640204865557,badnets,0.02,whash_haar,64,wavelet,median,hash_spectral,mad,0.638,0.045
0.3904595918367347,0.5141147448979593,0.015488467722111373,0.001,0.017,0.001,0.02,0.3887143585559861,0.5029886803997553,0.005,0.005,0.611285641444014,-1.0,0.011,0.0,0.0021224489795918368,0.0,0.0,0.0,104,0.020041686708353375,badnets,0.02,whash_haar,64,wavelet,median,hash_stability,mad,0.638,0.027
0.4432207244897959,0.47581792857142857,0.01646449332869468,0.0,0.0,0.0,0.02,0.4272463797674893,0.47868488680399757,0.002,0.004,0.5727536202325108,-1.0,0.004,0.0,0.0042448979591836735,0.0,0.0,0.0,208,0.020083547557840618,badnets,0.02,whash_db4,169,wavelet,median,bit_llr,mad,1.571,0.077
0.36400580612244904,0.7508914081632653,0.024458035648534913,0.0,0.0,0.0,0.02,0.4482691209463593,0.5504598205180502,0.0,0.0,0.5517308790536407,-1.0,0.0,0.578,0.3919591836734694,0.02921552769915083,0.578,0.05561970746728252,19784,0.013966110669843792,badnets,0.02,whash_db4,169,wavelet,median,bit_em,mad,1.571,0.595
0.4100340204081633,0.47413939795918364,0.015521855651166143,0.0,0.002,0.0,0.02,0.3818538649806241,0.4702542321027942,0.001,0.003,0.6181461350193759,-1.0,0.019,0.0,0.0,0.0,0.0,0.0,0,0.02,badnets,0.02,whash_db4,169,wavelet,median,hamming_knn,mad,1.571,0.461
0.45918888775510214,0.31118480612244903,0.02029154749930247,0.0,0.0,0.0,0.02,0.4212134407505609,0.4212134407505609,0.0,0.0,0.5787865592494391,-1.0,0.0,0.004,0.1136734693877551,0.0007176175098672408,0.004,0.001216915120170368,5574,0.022419304011164633,badnets,0.02,whash_db4,169,wavelet,median,hamming_ball,mad,1.571,0.458
0.45156598979591833,0.4873794591836735,0.01708272158533504,0.0,0.027,0.0,0.02,0.45163624311645933,0.4971681623495819,0.004,0.004,0.5483637568835407,-1.0,0.013,0.0,0.0019387755102040817,0.0,0.0,0.0,95,0.020038072337441138,badnets,0.02,whash_db4,169,wavelet,median,hash_spectral,mad,1.571,0.052
0.468594663265306,0.5655824897959184,0.020871845342317247,0.017,0.061,0.029,0.02,0.4801148276565368,0.5368611054456455,0.012,0.015,0.5198851723434632,-1.0,0.014,0.015,0.0030204081632653063,0.09202453987730061,0.015,0.025795356835769563,163,0.01976443204847804,badnets,0.02,whash_db4,169,wavelet,median,hash_stability,mad,1.571,0.029
0.4494231632653061,0.4356985,0.016561477831637934,0.004,0.02,0.004,0.02,0.4358627370997349,0.4200908627370997,0.002,0.004,0.5641372629002651,-1.0,0.006,0.0,0.0004897959183673469,0.0,0.0,0.0,24,0.0200096046102129,badnets,0.02,mh,64,frequency,mean,bit_llr,mad,0.949,0.056
0.3376430408163265,0.5075763163265307,0.01411480054300019,0.0,0.0,0.0,0.02,0.47211543952682034,0.4629778706914134,0.001,0.005,0.5278845604731797,-1.0,0.005,0.0,0.02836734693877551,0.0,0.0,0.0,1390,0.02057189878625797,badnets,0.02,mh,64,frequency,mean,bit_em,mad,0.949,0.295
0.32328052040816324,0.5020283673469388,0.013524842439311952,0.0,0.001,0.0,0.02,0.28834866408321436,0.4999881705078523,0.0,0.0,0.7116513359167856,-1.0,0.026,0.0,0.007775510204081633,0.0,0.0,0.0,381,0.02015357020496181,badnets,0.02,mh,64,frequency,mean,hamming_knn,mad,0.949,0.441
0.37170598979591835,0.39638136734693874,0.015879782270680674,0.0,0.003,0.0,0.02,0.2988130736283908,0.44132755455843364,0.0,0.0,0.7011869263716092,-1.0,0.0,0.001,0.042510204081632655,0.0004798464491362764,0.001,0.0006485084306095979,2084,0.02084898572501878,badnets,0.02,mh,64,frequency,mean,hamming_ball,mad,0.949,0.437
0.34904227551020406,0.6096165714285715,0.017403625772877927,0.015,0.049,0.015,0.02,0.32645196818274524,0.44293636549051596,0.002,0.002,0.6735480318172548,-1.0,0.002,0.064,0.06316326530612244,0.02025957581513137,0.064,0.030776628997355133,3159,0.019982493968958816,badnets,0.02,mh,64,frequency,mean,block_collision,mad,0.949,0.151
0.42767987755102044,0.4616187142857143,0.01595527164664849,0.001,0.005,0.001,0.02,0.4261289006730573,0.45959738935345706,0.003,0.003,0.5738710993269427,-1.0,0.007,0.0,0.0038163265306122448,0.0,0.0,0.0,187,0.02007508080220023,badnets,0.02,mh,64,frequency,mean,hash_spectral,mad,0.949,0.045
0.46268938775510193,0.42484285714285713,0.01802662218955018,0.001,0.015,0.001,0.02,0.44680848460126454,0.4802879869467672,0.003,0.004,0.5531915153987355,-1.0,0.005,0.0,0.005693877551020408,0.0,0.0,0.0,279,0.020112226222320548,badnets,0.02,mh,64,frequency,mean,hash_stability,mad,0.949,0.027
0.3861463775510204,0.4671619693877551,0.0150774110440208,0.0,0.0,0.0,0.02,0.2923878237813583,0.4986833571282888,0.004,0.016,0.7076121762186417,-1.0,0.037,0.0,0.03610204081632653,0.0,0.0,0.0,1769,0.02073355310899629,badnets,0.02,colorhash,42,colour,quantisation,bit_llr,mad,2.494,0.049
0.41570778571428574,0.4956581428571428,0.01656088976694688,0.0,0.0,0.0,0.02,0.3166956965123394,0.3794079135223333,0.0,0.0,0.6833043034876606,-1.0,0.002,0.221,0.4166938775510204,0.010707883133872765,0.221,0.02042608253616156,20639,0.026531793876230374,badnets,0.02,colorhash,42,colour,quantisation,bit_em,mad,2.494,0.238
0.35296595918367346,0.6331220714285715,0.015923003733630297,0.0,0.0,0.078,0.02,0.3792252702427085,0.5685027534162758,0.0,0.021,0.6207747297572914,-1.0,0.021,0.085,0.013326530612244899,0.11517615176151762,0.085,0.09781357882623705,738,0.018574154520725916,badnets,0.02,colorhash,42,colour,quantisation,hamming_knn,mad,2.494,0.342
0.36442737755102045,0.4867187755102041,0.01657521698078454,0.0,0.0,0.0,0.02,0.37719131144197426,0.4116420558841526,0.0,0.0,0.6228086885580257,-1.0,0.0,0.244,0.2684489795918367,0.018211673384087176,0.244,0.033893596332824,13398,0.0206546090377575,badnets,0.02,colorhash,42,colour,quantisation,hamming_ball,mad,2.494,0.321
0.44165,0.4943669489795918,0.01749380700570594,0.0,0.0,0.0,0.02,0.5121249235162145,0.5017202733020599,0.011,0.003,0.5121249235162145,1.0,0.011,0.0,0.007142857142857143,0.0,0.0,0.0,350,0.02014098690835851,badnets,0.02,colorhash,42,colour,quantisation,hash_spectral,mad,2.494,0.041
0.5462396326530613,0.4864500612244898,0.022555545812151735,0.004,0.018,0.004,0.02,0.5367905364062819,0.5104756271670405,0.004,0.004,0.5367905364062819,1.0,0.004,0.001,0.0008775510204081633,0.022727272727272728,0.001,0.0019157088122605363,44,0.019997597886139803,badnets,0.02,colorhash,42,colour,quantisation,hash_stability,mad,2.494,0.024
0.4215487142857143,0.47238330612244894,0.01585517020533457,0.005,0.023,0.007,0.02,0.4076043238833367,0.4680035692433204,0.003,0.004,0.5923956761166633,-1.0,0.013,0.0,0.00040816326530612246,0.0,0.0,0.0,20,0.020008003201280513,badnets,0.02,rhash8,64,residual,zero,bit_llr,mad,0.519,0.056
0.49761599999999995,0.5141643163265306,0.02212989885483943,0.0,0.039,0.0,0.02,0.45503732408729347,0.4360467060983072,0.007,0.007,0.5449626759127065,-1.0,0.007,0.188,0.09022448979591836,0.040789759166847475,0.188,0.067035122125156,4609,0.017889008834350423,badnets,0.02,rhash8,64,residual,zero,bit_em,mad,0.519,0.298
0.3925556428571429,0.48221595918367344,0.015552946696323726,0.006,0.024,0.006,0.02,0.35872108912910466,0.48036691821333877,0.002,0.002,0.6412789108708954,-1.0,0.015,0.003,0.005612244897959183,0.01079136690647482,0.003,0.004694835680751174,278,0.02005148626362576,badnets,0.02,rhash8,64,residual,zero,hamming_knn,mad,0.519,0.443
0.4122751020408163,0.5158126428571428,0.0173905250192493,0.01,0.047,0.01,0.02,0.3612270038751785,0.4379071996736692,0.0,0.0,0.6387729961248215,-1.0,0.006,0.017,0.017244897959183672,0.019721577726218097,0.017,0.018259935553168637,862,0.020004884203671292,badnets,0.02,rhash8,64,residual,zero,hamming_ball,mad,0.519,0.44
0.5287943163265305,0.43791099999999994,0.021878597688261066,0.015,0.035,0.015,0.02,0.4061569447277177,0.4610504792983888,0.001,0.001,0.5938430552722823,-1.0,0.001,0.023,0.01920408163265306,0.023858921161825725,0.023,0.023421588594704685,964,0.019924137368463987,badnets,0.02,rhash8,64,residual,zero,block_collision,mad,0.519,0.153
0.46778073469387754,0.4837523469387755,0.018152641037659945,0.006,0.042,0.006,0.02,0.4573448908831328,0.478155415052009,0.004,0.004,0.5426551091168672,-1.0,0.008,0.005,0.007816326530612245,0.01288659793814433,0.005,0.007204610951008645,388,0.020055631702007578,badnets,0.02,rhash8,64,residual,zero,hash_spectral,mad,0.519,0.045
0.623955918367347,0.45245120408163264,0.028182070080658813,0.009,0.058,0.005,0.02,0.633700183561085,0.5122528044054662,0.018,0.009,0.633700183561085,1.0,0.018,0.001,0.0015918367346938775,0.012658227848101266,0.001,0.0018535681186283596,79,0.020011618357004067,badnets,0.02,rhash8,64,residual,zero,hash_stability,mad,0.519,0.027
0.43712567346938774,0.4728786122448979,0.016754263110412747,0.008,0.038,0.013,0.02,0.4174603304099531,0.462434427901285,0.003,0.005,0.5825396695900469,-1.0,0.016,0.003,0.002285714285714286,0.02608695652173913,0.003,0.0053811659192825115,115,0.019985967725769268,badnets,0.02,rhash16,256,residual,zero,bit_llr,mad,0.594,0.093
0.48197708163265307,0.5022721224489796,0.01875450229047431,0.0,0.0,0.0,0.02,0.4611778502957373,0.4164017948194983,0.0,0.0,0.5388221497042627,-1.0,0.0,0.0,0.11083673469387754,0.0,0.0,0.0,5431,0.022437119971280485,badnets,0.02,rhash16,256,residual,zero,bit_em,mad,0.594,0.901
0.35964691836734697,0.48821622448979585,0.01426396519958641,0.0,0.012,0.0,0.02,0.31107403630430347,0.4968619212726902,0.002,0.002,0.6889259636956966,-1.0,0.039,0.002,0.012714285714285714,0.0032,0.002,0.0024615384615384616,625,0.020212658227848103,badnets,0.02,rhash16,256,residual,zero,hamming_knn,mad,0.594,0.467
0.36936129591836736,0.4481950306122449,0.015343296728226126,0.003,0.019,0.003,0.02,0.32019141342035484,0.47011411380787277,0.002,0.002,0.6798085865796452,-1.0,0.002,0.012,0.029346938775510204,0.008275862068965517,0.012,0.009795918367346938,1450,0.02035015447991761,badnets,0.02,rhash16,256,residual,zero,hamming_ball,mad,0.594,0.461
0.3652333367346939,0.6115166632653061,0.019188716502994252,0.015,0.061,0.015,0.02,0.37242667754436054,0.4573417295533347,0.0,0.0,0.6275733224556395,-1.0,0.002,0.101,0.08671428571428572,0.0232183908045977,0.101,0.037757009345794394,4350,0.019693318729463307,badnets,0.02,rhash16,256,residual,zero,block_collision,mad,0.594,0.706
0.4251804795918367,0.4790764081632653,0.016197495837656187,0.001,0.023,0.001,0.02,0.40830002039567614,0.4756569447277177,0.004,0.004,0.5916999796043239,-1.0,0.02,0.004,0.01579591836734694,0.005141388174807198,0.004,0.0044994375703037125,778,0.020234854333428143,badnets,0.02,rhash16,256,residual,zero,hash_spectral,mad,0.594,0.055
0.6027052551020409,0.5134748571428572,0.02871076549979306,0.022,0.08,0.013,0.02,0.6223364266775444,0.5007287375076483,0.015,0.01,0.6223364266775444,1.0,0.015,0.005,0.00536734693877551,0.018656716417910446,0.005,0.007886435331230283,268,0.020007238799967828,badnets,0.02,rhash16,256,residual,zero,hash_stability,mad,0.594,0.03
0.5149302755102041,0.4051305,0.01917988566284514,0.005,0.034,0.002,0.02,0.5067632062002856,0.3859626759127065,0.005,0.004,0.5067632062002856,1.0,0.005,0.0,0.0027346938775510204,0.0,0.0,0.0,134,0.02005374403401115,badnets,0.02,rhash32,1024,residual,zero,bit_llr,mad,0.466,0.24
0.4607495612244898,0.552080112244898,0.030057370168047576,0.0,0.165,0.0,0.02,0.39796910055068324,0.3741277789108709,0.0,0.0,0.6020308994493168,-1.0,0.0,0.332,0.374530612244898,0.017769214301006208,0.332,0.03373298110140215,18684,0.021330949035636735,badnets,0.02,rhash32,1024,residual,zero,bit_em,mad,0.466,4.122
0.3562874183673469,0.47163307142857136,0.014014514859538437,0.0,0.004,0.0,0.02,0.320413114419743,0.4709883744646135,0.0,0.0,0.6795868855802569,-1.0,0.019,0.001,0.03536734693877551,0.0005767012687427913,0.001,0.000731528895391368,1734,0.02069779969336593,badnets,0.02,rhash32,1024,residual,zero,hamming_knn,mad,0.466,0.565
0.3697465408163265,0.43834444897959185,0.01651562754153505,0.001,0.018,0.001,0.02,0.3247843157250663,0.4291560269222925,0.0,0.0,0.6752156842749337,-1.0,0.0,0.038,0.08879591836734693,0.008658008658008658,0.038,0.01410280200408239,4389,0.021091403389533227,badnets,0.02,rhash32,1024,residual,zero,hamming_ball,mad,0.466,0.549
0.7772613367346939,0.8200598775510204,0.6563216763990968,0.646,0.654,0.646,0.02,0.7784758311238018,0.8232333265347745,0.633,0.633,0.7784758311238018,1.0,0.633,0.652,0.023918367346938776,0.3574561403508772,0.652,0.46175637393767704,1824,0.007223513782796413,badnets,0.02,rhash32,1024,residual,zero,block_collision,mad,0.466,3.189
0.41814590816326525,0.44490331632653063,0.015595263360270476,0.0,0.004,0.0,0.02,0.39778023658984296,0.4407975729145421,0.003,0.003,0.602219763410157,-1.0,0.016,0.0,0.028673469387755102,0.0,0.0,0.0,1405,0.020578248791027882,badnets,0.02,rhash32,1024,residual,zero,hash_spectral,mad,0.466,0.19
0.6447107653061225,0.5258814693877552,0.033017572353820815,0.024,0.098,0.009,0.02,0.6684685906587804,0.5332964511523558,0.033,0.009,0.6684685906587804,1.0,0.033,0.005,0.005469387755102041,0.018315018315018316,0.005,0.007855459544383346,273,0.020009250507772438,badnets,0.02,rhash32,1024,residual,zero,hash_stability,mad,0.466,0.033
0.45277529591836735,0.46280286734693876,0.017071396406555583,0.007,0.032,0.01,0.02,0.43751662247603507,0.4516341015704671,0.003,0.006,0.5624833775239649,-1.0,0.012,0.002,0.0024285714285714284,0.01652892561983471,0.002,0.003568242640499554,121,0.020008420377313096,badnets,0.02,rhash_rgb,768,residual,zero,bit_llr,mad,1.653,0.195
0.2763473877551021,0.5752241326530613,0.01398065953901111,0.0,0.0,0.0,0.02,0.4591191107485213,0.48805669997960427,0.0,0.0,0.5408808892514787,-1.0,0.0,0.509,0.2730408163265306,0.036650345622119815,0.509,0.0683772165502418,13888,0.013596588391670359,badnets,0.02,rhash_rgb,768,residual,zero,bit_em,mad,1.653,2.943
0.3982699795918367,0.46198185714285717,0.01515962767868756,0.004,0.019,0.004,0.02,0.36344615541505204,0.45402192535182545,0.005,0.005,0.6365538445849479,-1.0,0.011,0.005,0.013265306122448979,0.007633587786259542,0.005,0.006042296072507553,655,0.02016415036984497,badnets,0.02,rhash_rgb,768,residual,zero,hamming_knn,mad,1.653,0.528
0.4066836020408163,0.4284838265306122,0.01682153858932609,0.008,0.025,0.008,0.02,0.36900010197838057,0.41833550887211907,0.005,0.005,0.6309998980216194,-1.0,0.005,0.025,0.04410204081632653,0.011436413540713633,0.025,0.015693659761456372,2186,0.020391517128874388,badnets,0.02,rhash_rgb,768,residual,zero,hamming_ball,mad,1.653,0.515
0.4428660714285715,0.4760419591836735,0.017452119676733713,0.0,0.0,0.0,0.02,0.3608979196410361,0.44759779726697946,0.006,0.006,0.6391020803589639,-1.0,0.006,0.008,0.058673469387755105,0.002774887270204648,0.008,0.004120525366984291,2883,0.02105397202708152,badnets,0.02,rhash_rgb,768,residual,zero,block_collision,mad,1.653,2.06
0.43659151020408166,0.4810902040816326,0.01669008149320212,0.004,0.026,0.004,0.02,0.42593351009585967,0.4780566999796043,0.004,0.004,0.5740664899041403,-1.0,0.005,0.006,0.018122448979591838,0.006711409395973154,0.006,0.006335797254487857,894,0.020241925630269213,badnets,0.02,rhash_rgb,768,residual,zero,hash_spectral,mad,1.653,0.116
0.6036799183673469,0.5024515102040817,0.027328975652280013,0.016,0.066,0.011,0.02,0.6268730369161737,0.508277279216806,0.019,0.014,0.6268730369161737,1.0,0.019,0.005,0.006081632653061225,0.0165016501650165,0.005,0.007674597083653108,303,0.02002132925528704,badnets,0.02,rhash_rgb,768,residual,zero,hash_stability,mad,1.653,0.033
0.30644772448979596,0.5409144693877551,0.012924868139867193,0.0,0.003,0.003,0.02,0.2649345298796655,0.5621438914950031,0.001,0.017,0.7350654701203345,-1.0,0.017,0.0,0.0006326530612244898,0.0,0.0,0.0,31,0.020012407692769518,badnets,0.02,rhash_energy,256,residual,mean,bit_llr,mad,0.61,0.093
0.4004438163265306,0.4063148979591837,0.023945891252176523,0.0,0.126,0.0,0.02,0.2550291658168468,0.3229355496634713,0.0,0.0,0.7449708341831531,-1.0,0.0,0.159,0.19546938775510203,0.01632946492759577,0.159,0.029617211511595416,9737,0.020887663611752726,badnets,0.02,rhash_energy,256,residual,mean,bit_em,mad,0.61,0.9
0.25397462244897956,0.5670916734693877,0.012087541580919032,0.0,0.0,0.0,0.02,0.2177323067509688,0.588759433000204,0.0,0.006,0.7822676932490312,-1.0,0.069,0.0,0.000673469387755102,0.0,0.0,0.0,33,0.02001320871775372,badnets,0.02,rhash_energy,256,residual,mean,hamming_knn,mad,0.61,0.478
0.5133232346938775,0.1667479081632653,0.02560073136198503,0.0,0.0,0.0,0.02,0.34988639608403016,0.34988639608403016,0.0,0.0,0.6501136039159698,-1.0,0.0,0.0,0.16083673469387755,0.0,0.0,0.0,7881,0.023742254089603267,badnets,0.02,rhash_energy,256,residual,mean,hamming_ball,mad,0.61,0.466
0.36444213265306125,0.4608099285714285,0.01733243545202701,0.0,0.0,0.0,0.02,0.33566520497654495,0.664334795023455,0.0,0.054,0.664334795023455,-1.0,0.054,0.027,0.14024489795918368,0.003913610668212784,0.027,0.006836308393467528,6899,0.022574882253311987,badnets,0.02,rhash_energy,256,residual,mean,block_collision,mad,0.61,0.708
0.46640629591836735,0.4956378265306122,0.01829442533321207,0.01,0.038,0.01,0.02,0.46558188863960837,0.49578319396287984,0.01,0.01,0.5344181113603916,-1.0,0.016,0.001,0.001673469387755102,0.012048192771084338,0.001,0.0018467220683287165,83,0.0200132219484344,badnets,0.02,rhash_energy,256,residual,mean,hash_spectral,mad,0.61,0.055
0.34435378571428576,0.5672871122448979,0.013987953199281908,0.002,0.014,0.027,0.02,0.33838690597593307,0.5736222720783194,0.002,0.005,0.661613094024067,-1.0,0.005,0.005,0.0029591836734693877,0.03333333333333333,0.005,0.008695652173913044,150,0.01995987963891675,badnets,0.02,rhash_energy,256,residual,mean,hash_stability,mad,0.61,0.032
0.41208014285714284,0.48241385714285717,0.015832030282249686,0.007,0.032,0.011,0.02,0.3878831327758515,0.47816581684682846,0.001,0.004,0.6121168672241485,-1.0,0.014,0.002,0.0024693877551020408,0.016260162601626018,0.002,0.003561887800534283,123,0.02000922268781202,badnets,0.02,ahash_res,256,residual,mean,bit_llr,mad,0.591,0.092
0.5031130102040816,0.5242422346938775,0.02068615907538447,0.0,0.0,0.0,0.02,0.461310320212115,0.414427799306547,0.0,0.0,0.5386896797878851,-1.0,0.0,0.0,0.11175510204081633,0.0,0.0,0.0,5476,0.02245979696343545,badnets,0.02,ahash_res,256,residual,mean,bit_em,mad,0.591,0.909
0.3464874693877551,0.5030196530612244,0.0139621294927501,0.001,0.011,0.001,0.02,0.30395421170711806,0.5063162349581889,0.001,0.001,0.6960457882928819,-1.0,0.031,0.001,0.013653061224489796,0.0014925373134328358,0.001,0.0011976047904191617,670,0.020251368335698357,badnets,0.02,ahash_res,256,residual,mean,hamming_knn,mad,0.591,0.47
0.36595118367346935,0.45119897959183675,0.015254671537386149,0.002,0.019,0.002,0.02,0.31330532327146643,0.47112064042423,0.002,0.002,0.6866946767285336,-1.0,0.002,0.011,0.031612244897959184,0.007051282051282051,0.011,0.00859375,1560,0.02041701073492981,badnets,0.02,ahash_res,256,residual,mean,hamming_ball,mad,0.591,0.464
0.4343105306122449,0.4921950408163265,0.018145820250327422,0.0,0.04,0.0,0.02,0.3717601468488681,0.45985590454823577,0.0,0.0,0.628239853151132,-1.0,0.003,0.07,0.08140816326530612,0.017245627001724564,0.07,0.02767345325163076,4059,0.020243355608280184,badnets,0.02,ahash_res,256,residual,mean,block_collision,mad,0.591,0.707
0.4255932244897959,0.4758061020408163,0.016161173579456387,0.001,0.023,0.001,0.02,0.40955119314705285,0.4738522333265348,0.004,0.004,0.5904488068529472,-1.0,0.021,0.004,0.01573469387755102,0.005161290322580645,0.004,0.004507042253521127,775,0.020233621127475877,badnets,0.02,ahash_res,256,residual,mean,hash_spectral,mad,0.591,0.054
0.6118849897959184,0.5162723265306123,0.0298036840616538,0.022,0.087,0.014,0.02,0.6261523557005916,0.5051571486844789,0.016,0.011,0.6261523557005916,1.0,0.016,0.006,0.004897959183673469,0.024390243902439025,0.006,0.009630818619582664,246,0.019978293202556577,badnets,0.02,ahash_res,256,residual,mean,hash_stability,mad,0.591,0.03
0.4506573444444445,0.5218951777777778,0.08722366992211576,0.0,0.0228,0.0,0.1,0.4559401633914772,0.5284220357694855,0.0314,0.0,0.5440598366085228,-1.0,0.0314,0.0,0.0009555555555555555,0.0,0.0,0.0,43,0.10008607402366035,badnets,0.1,ahash,64,spatial,mean,bit_llr,mad,0.146,0.059
0.33500855333333324,0.6296360000000001,0.08584685073936285,0.0,0.0,0.0,0.1,0.4022302053433429,0.5837054095826893,0.0,0.0,0.5977697946566571,-1.0,0.0,0.5598,0.315,0.16489925768822905,0.5598,0.25475562027851095,16974,0.0666444619390783,badnets,0.1,ahash,64,spatial,mean,bit_em,mad,0.146,0.292
0.44012993777777776,0.48088478000000007,0.08791073725779001,0.01,0.0466,0.0084,0.1,0.3717044380657982,0.46127315080591735,0.0024,0.0024,0.6282955619342018,-1.0,0.017,0.0,0.0,0.0,0.0,0.0,0,0.1,badnets,0.1,ahash,64,spatial,mean,hamming_knn,mad,0.146,0.451
0.5356986844444446,0.17296217333333333,0.11961023998187915,0.0,0.0,0.0,0.1,0.39724919408257897,0.39724919408257897,0.0008,0.0008,0.602750805917421,-1.0,0.0008,0.02,0.16904444444444444,0.01297521733489036,0.02,0.015739356260328952,7707,0.11585841628638309,badnets,0.1,ahash,64,spatial,mean,hamming_ball,mad,0.146,0.443
0.4556757244444445,0.4707397511111111,0.10095665802963594,0.0,0.0936,0.0,0.1,0.3853455729741665,0.45904491057628616,0.0,0.0,0.6146544270258335,-1.0,0.0168,0.1478,0.11244444444444444,0.12743576478703225,0.1478,0.13686452449300862,5799,0.09640053392457185,badnets,0.1,ahash,64,spatial,mean,block_collision,mad,0.146,0.161
0.5049844866666667,0.46397363999999996,0.09791505003726884,0.0014,0.0466,0.0014,0.1,0.4789818282181497,0.4508489953632149,0.0098,0.0098,0.5210181717818503,-1.0,0.013,0.0,0.0009555555555555555,0.0,0.0,0.0,43,0.10008607402366035,badnets,0.1,ahash,64,spatial,mean,hash_spectral,mad,0.146,0.048
0.4505845133333333,0.46920553777777774,0.08721601471767017,0.0014,0.016,0.0014,0.1,0.3906792448664165,0.49580808125414,0.0056,0.0084,0.6093207551335835,-1.0,0.0124,0.0,0.0006222222222222223,0.0,0.0,0.0,28,0.10005603137757144,badnets,0.1,ahash,64,spatial,mean,hash_stability,mad,0.146,0.031
0.43447119777777776,0.5718355022222222,0.08934925002200417,0.0,0.0492,0.0054,0.1,0.4402994038419077,0.5422934864208434,0.0232,0.0074,0.5597005961580923,-1.0,0.0232,0.0,0.0013777777777777777,0.0,0.0,0.0,62,0.10012415395089912,badnets,0.1,ahash4,16,spatial,mean,bit_llr,mad,0.134,0.049
0.3643109755555555,0.6288652444444445,0.0771962279425543,0.0,0.0,0.0,0.1,0.4016390152351512,0.5708969971296092,0.0,0.0,0.5983609847648488,-1.0,0.0,0.4828,0.10848888888888888,0.33086622807017546,0.4828,0.3926480156148341,7296,0.060556388160359687,badnets,0.1,ahash4,16,spatial,mean,bit_em,mad,0.134,0.149
0.46073923111111115,0.4835857444444444,0.09445536244628895,0.0,0.0482,0.0,0.1,0.4039831750938397,0.4740927798631044,0.0,0.0078,0.5960168249061604,-1.0,0.0078,0.0,0.0,0.0,0.0,0.0,0,0.1,badnets,0.1,ahash4,16,spatial,mean,hamming_knn,mad,0.134,0.408
0.4582574133333333,0.44958173777777777,0.09397048220722157,0.0,0.0622,0.0,0.1,0.40651408699492164,0.4356115257231177,0.0,0.0,0.5934859130050784,-1.0,0.0,0.0934,0.12804444444444443,0.07497190560282549,0.0934,0.08317748686436904,6229,0.10356171894633433,badnets,0.1,ahash4,16,spatial,mean,hamming_ball,mad,0.134,0.408
0.4820446244444445,0.49789270444444444,0.10160641200026882,0.0242,0.0446,0.0242,0.1,0.41117293000662397,0.428133804371826,0.0,0.0,0.588827069993376,-1.0,0.0,0.1678,0.1828,0.09255377826806398,0.1678,0.11930323498044793,9065,0.10164895566141444,badnets,0.1,ahash4,16,spatial,mean,block_collision,mad,0.134,0.041
0.5114483777777777,0.46628778,0.100083795590102,0.0,0.0518,0.0,0.1,0.49775045263855155,0.46576074188562594,0.0,0.0,0.5022495473614484,-1.0,0.0102,0.0,0.002511111111111111,0.0,0.0,0.0,113,0.10022651191693227,badnets,0.1,ahash4,16,spatial,mean,hash_spectral,mad,0.134,0.045
0.5258323622222223,0.5288399911111111,0.11095442673917971,0.0066,0.065,0.0066,0.1,0.4173285935085008,0.4487036652682712,0.0018,0.0018,0.5826714064914992,-1.0,0.0018,0.0066,0.004266666666666667,0.14666666666666667,0.0066,0.01263157894736842,225,0.09978905072827725,badnets,0.1,ahash4,16,spatial,mean,hash_stability,mad,0.134,0.026
0.4414438755555556,0.4989320622222222,0.08374589733866106,0.0,0.0112,0.0,0.1,0.43164890704349745,0.49478518436741004,0.0132,0.0004,0.5683510929565025,-1.0,0.0132,0.0,0.0006666666666666666,0.0,0.0,0.0,30,0.10006003602161297,badnets,0.1,ahash16,256,spatial,mean,bit_llr,mad,0.193,0.102
0.46430707111111114,0.31130569777777783,0.11556275807770819,0.0,0.0,0.0,0.1,0.4072162508279974,0.5927837491720026,0.0,0.0,0.5927837491720026,-1.0,0.0,0.0,0.39153333333333334,0.0,0.0,0.0,17619,0.15441153763009172,badnets,0.1,ahash16,256,spatial,mean,bit_em,mad,0.193,0.905
0.4235558444444445,0.4824688933333333,0.0838860628495976,0.0092,0.0414,0.0086,0.1,0.3374623758003974,0.4585935968204902,0.002,0.002,0.6625376241996026,-1.0,0.0268,0.0,0.0,0.0,0.0,0.0,0,0.1,badnets,0.1,ahash16,256,spatial,mean,hamming_knn,mad,0.193,0.474
0.5240932222222222,0.21460807555555558,0.11649430070871857,0.0,0.0,0.0,0.1,0.3942573636564363,0.3942573636564363,0.002,0.002,0.6057426363435636,-1.0,0.002,0.0182,0.1774,0.011270745603170672,0.0182,0.013920758757839987,8074,0.11708724896245766,badnets,0.1,ahash16,256,spatial,mean,hamming_ball,mad,0.193,0.464
0.34862125555555556,0.7208372044444444,0.08885246432951605,0.0,0.0,0.0,0.1,0.3767616471627291,0.5922380437182602,0.0,0.0306,0.6232383528372709,-1.0,0.0306,0.4612,0.07508888888888889,0.4056288478452067,0.4612,0.4316331305568554,5685,0.06079205686562112,badnets,0.1,ahash16,256,spatial,mean,block_collision,mad,0.193,0.691
0.5047596622222221,0.46053483111111115,0.09743070903150702,0.0034,0.0424,0.0034,0.1,0.4738267387944358,0.43953771251931995,0.0066,0.0066,0.5261732612055642,-1.0,0.0104,0.0,0.0006666666666666666,0.0,0.0,0.0,30,0.10006003602161297,badnets,0.1,ahash16,256,spatial,mean,hash_spectral,mad,0.193,0.057
0.4892041422222222,0.5177135444444445,0.10153661063652403,0.011,0.0584,0.0122,0.1,0.4866889379553985,0.5138011039964672,0.0052,0.0054,0.5133110620446015,-1.0,0.0052,0.0026,0.0011555555555555555,0.2,0.0026,0.005133267522211254,65,0.09986983078001402,badnets,0.1,ahash16,256,spatial,mean,hash_stability,mad,0.193,0.034
0.43581493111111114,0.4834672955555555,0.08209351087599114,0.0,0.0068,0.0,0.1,0.4044754029587106,0.4744021859130051,0.0148,0.0002,0.5955245970412895,-1.0,0.0148,0.0,0.0005777777777777778,0.0,0.0,0.0,26,0.10005202705406811,badnets,0.1,ahash32,1024,spatial,mean,bit_llr,mad,0.347,0.247
0.36292425111111115,0.4646344466666667,0.0980531091284306,0.0,0.0,0.0,0.1,0.41164663281077507,0.588353367189225,0.0,0.0,0.5883533671892249,-1.0,0.0,0.0,0.19871111111111112,0.0,0.0,0.0,8942,0.12177894685566759,badnets,0.1,ahash32,1024,spatial,mean,bit_em,mad,0.347,4.075
0.4123681022222222,0.48544739777777773,0.08151703765514963,0.0092,0.0394,0.0092,0.1,0.3206352395672334,0.4639827334952529,0.0024,0.0024,0.6793647604327666,-1.0,0.0254,0.0,0.0,0.0,0.0,0.0,0,0.1,badnets,0.1,ahash32,1024,spatial,mean,hamming_knn,mad,0.347,0.571
0.4845861355555556,0.24998198,0.10764610578047017,0.0,0.0,0.0,0.1,0.3904456612938839,0.3904456612938839,0.0026,0.0026,0.6095543387061161,-1.0,0.0026,0.0188,0.14328888888888888,0.014368694588810762,0.0188,0.01628833824293883,6542,0.11289060702287265,badnets,0.1,ahash32,1024,spatial,mean,hamming_ball,mad,0.347,0.552
0.4242239688888889,0.7448094022222221,0.13359839263779802,0.0,0.0,0.0,0.1,0.3957611393243542,0.582122322808567,0.0,0.0136,0.6042388606756458,-1.0,0.0136,0.4404,0.1603111111111111,0.233857264231096,0.4404,0.3054938956714761,9416,0.06894342598068204,badnets,0.1,ahash32,1024,spatial,mean,block_collision,mad,0.347,2.944
0.5030399177777778,0.46408456666666664,0.09731024312090543,0.0046,0.0414,0.0046,0.1,0.47120852285272685,0.43711415323470965,0.0046,0.0046,0.5287914771472731,-1.0,0.0104,0.0,0.0005333333333333334,0.0,0.0,0.0,24,0.10004802305106451,badnets,0.1,ahash32,1024,spatial,mean,hash_spectral,mad,0.347,0.177
0.5062187911111111,0.5071840888888889,0.10350931509487488,0.0098,0.0542,0.009,0.1,0.5020824464561714,0.5082302274232722,0.0054,0.0054,0.5020824464561714,1.0,0.0054,0.0028,0.0015555555555555555,0.16666666666666666,0.0028,0.0055074744295830055,84,0.09988781152335924,badnets,0.1,ahash32,1024,spatial,mean,hash_stability,mad,0.347,0.037
0.4932637177777778,0.5088437755555555,0.10020448821543351,0.0022,0.0622,0.0,0.1,0.49291510267167143,0.527808147493928,0.0474,0.0016,0.5070848973283286,-1.0,0.0474,0.0,0.0014,0.0,0.0,0.0,63,0.10012615896028997,badnets,0.1,mhash,64,spatial,median,bit_llr,mad,0.171,0.059
0.45324226888888886,0.4499881622222222,0.09492301464361955,0.0,0.0,0.0,0.1,0.4231793773459925,0.5350040627069994,0.0,0.0,0.5768206226540076,-1.0,0.0,0.0,0.27782222222222225,0.0,0.0,0.0,12502,0.13334044482372392,badnets,0.1,mhash,64,spatial,median,bit_em,mad,0.171,0.293
0.46358237999999996,0.4906395711111111,0.09514931879780372,0.0162,0.0484,0.0106,0.1,0.3971184809008611,0.4564056524619121,0.0,0.0,0.6028815190991389,-1.0,0.0182,0.0,4.4444444444444447e-05,0.0,0.0,0.0,2,0.1000040001600064,badnets,0.1,mhash,64,spatial,median,hamming_knn,mad,0.171,0.446
0.5132154311111111,0.18731030222222222,0.11343642739411794,0.0,0.0,0.0,0.1,0.41435073967763303,0.41435073967763303,0.0,0.0,0.585649260322367,-1.0,0.0,0.0196,0.15862222222222222,0.013543394140409067,0.0196,0.016018306636155607,7236,0.11462912730333925,badnets,0.1,mhash,64,spatial,median,hamming_ball,mad,0.171,0.441
0.46241902444444444,0.4824369422222222,0.09990559089936733,0.0,0.0612,0.0,0.1,0.4002141973945684,0.4571614926032237,0.0,0.0,0.5997858026054316,-1.0,0.0044,0.1056,0.10262222222222223,0.10260396424407307,0.1056,0.10408042578356003,5146,0.09970125295402862,badnets,0.1,mhash,64,spatial,median,block_collision,mad,0.171,0.161
0.47913758666666667,0.4784490911111111,0.09269392944890958,0.004,0.0446,0.004,0.1,0.4415268712740119,0.4689072422168249,0.0084,0.0084,0.5584731287259881,-1.0,0.0088,0.0,0.00035555555555555557,0.0,0.0,0.0,16,0.10003201024327785,badnets,0.1,mhash,64,spatial,median,hash_spectral,mad,0.171,0.048
0.39702773999999996,0.5239037111111111,0.07985220315451741,0.0014,0.0186,0.0014,0.1,0.39432230072863766,0.5138307573415765,0.0046,0.005,0.6056776992713624,-1.0,0.0122,0.0,0.0022,0.0,0.0,0.0,99,0.1001983928177792,badnets,0.1,mhash,64,spatial,median,hash_stability,mad,0.171,0.028
0.43872478444444446,0.5308542622222223,0.08516601724979941,0.0,0.0214,0.0,0.1,0.42344016339147716,0.5538983660852286,0.0228,0.0002,0.5765598366085228,-1.0,0.0228,0.0,0.001488888888888889,0.0,0.0,0.0,67,0.10013417980093325,badnets,0.1,ahash_rgb,192,spatial,mean,bit_llr,mad,0.378,0.083
0.3294263244444444,0.6747447622222223,0.09195461892859236,0.0,0.0,0.0,0.1,0.4052298299845441,0.5884976374475601,0.0,0.0,0.594770170015456,-1.0,0.0,0.5688,0.43077777777777776,0.12794097800170948,0.5688,0.2088949282015498,22229,0.07763494292607397,badnets,0.1,ahash_rgb,192,spatial,mean,bit_em,mad,0.378,0.665
0.4467375777777778,0.47600955555555546,0.08895829716559009,0.014,0.046,0.0126,0.1,0.3810999116802826,0.4489090086111724,0.0016,0.0016,0.6189000883197173,-1.0,0.0096,0.0,0.0,0.0,0.0,0.0,0,0.1,badnets,0.1,ahash_rgb,192,spatial,mean,hamming_knn,mad,0.378,0.473
0.5215425933333334,0.21026788222222223,0.11625920427629242,0.0,0.0,0.0,0.1,0.41280064031795094,0.41280064031795094,0.0016,0.0016,0.5871993596820491,-1.0,0.0016,0.0206,0.16573333333333334,0.013622536701494511,0.0206,0.01639996815540164,7561,0.11538914677537171,badnets,0.1,ahash_rgb,192,spatial,mean,hamming_ball,mad,0.378,0.464
0.4566971888888889,0.48693496,0.10454204857893691,0.0,0.084,0.0,0.1,0.38549891808346215,0.4668838816515787,0.0,0.0,0.6145010819165379,-1.0,0.03,0.084,0.05315555555555555,0.14935988620199148,0.084,0.10752688172043011,2812,0.09705857421378317,badnets,0.1,ahash_rgb,192,spatial,mean,block_collision,mad,0.378,0.411
0.5113911266666666,0.4823995555555555,0.10271287180177496,0.0086,0.0538,0.0086,0.1,0.4882219695296975,0.46802563479796866,0.014,0.014,0.5117780304703026,-1.0,0.014,0.0,0.0011777777777777778,0.0,0.0,0.0,53,0.10010611247922799,badnets,0.1,ahash_rgb,192,spatial,mean,hash_spectral,mad,0.378,0.055
0.43206766444444444,0.4881714311111111,0.08328020951459979,0.0014,0.0196,0.0014,0.1,0.374794546257452,0.49333044822256567,0.0052,0.0076,0.625205453742548,-1.0,0.0166,0.0,0.0007777777777777777,0.0,0.0,0.0,35,0.10007004903432402,badnets,0.1,ahash_rgb,192,spatial,mean,hash_stability,mad,0.378,0.033
0.5662535022222221,0.4697348,0.12714006176068404,0.028,0.0804,0.0094,0.1,0.6215210200927357,0.4403922057849415,0.0172,0.0028,0.6215210200927357,1.0,0.0172,0.0002,6.666666666666667e-05,0.25,0.0002,0.0003996802557953637,4,0.0999879990399232,badnets,0.1,dhash,64,spatial,pairwise,bit_llr,mad,0.145,0.059
0.5787719155555555,0.5602427355555555,0.14278584283062842,0.0,0.0,0.0,0.1,0.4848484212850519,0.4774720468094502,0.0,0.0,0.5151515787149481,-1.0,0.0,0.0,0.03868888888888889,0.0,0.0,0.0,1741,0.1036076172320189,badnets,0.1,dhash,64,spatial,pairwise,bit_em,mad,0.145,0.301
0.4692499266666667,0.48200559777777785,0.09491619983648089,0.0136,0.0448,0.0136,0.1,0.44880671229852065,0.44406696842570104,0.0038,0.0038,0.5511932877014794,-1.0,0.004,0.0184,0.014977777777777777,0.12010443864229765,0.0184,0.03191120360735345,766,0.09968720802697323,badnets,0.1,dhash,64,spatial,pairwise,hamming_knn,mad,0.145,0.449
0.4664086133333333,0.49230300444444447,0.09298138544347648,0.0066,0.0406,0.0066,0.1,0.45134435857805255,0.44716599690880987,0.0042,0.0042,0.5486556414219474,-1.0,0.0042,0.0794,0.09315555555555556,0.0865112224885596,0.0794,0.08280321201376577,4589,0.10136310585540949,badnets,0.1,dhash,64,spatial,pairwise,hamming_ball,mad,0.145,0.443
0.4588878466666667,0.5079901311111111,0.10120533493083331,0.0186,0.054,0.0186,0.1,0.45358061382203574,0.4481525281519099,0.0,0.0,0.5464193861779643,-1.0,0.0,0.108,0.10493333333333334,0.10262257696693272,0.108,0.10524264275969597,5262,0.09969153739550271,badnets,0.1,dhash,64,spatial,pairwise,block_collision,mad,0.145,0.155
0.4907644555555556,0.4970606888888889,0.09828263107218546,0.013,0.0528,0.013,0.1,0.47578536100684476,0.49234427025833516,0.0074,0.0074,0.5242146389931552,-1.0,0.0114,0.0018,0.0017333333333333333,0.10344827586206896,0.0018,0.003538431295459013,87,0.09999398954180273,badnets,0.1,dhash,64,spatial,pairwise,hash_spectral,mad,0.145,0.047
0.5553989511111111,0.5055801755555556,0.11903195922511867,0.0182,0.0486,0.0132,0.1,0.5998116140428351,0.48188268933539413,0.0182,0.008,0.5998116140428351,1.0,0.0182,0.0018,0.0004222222222222222,0.32142857142857145,0.0018,0.003579952267303103,28,0.09987593052109181,badnets,0.1,dhash,64,spatial,pairwise,hash_stability,mad,0.145,0.027
0.5368360888888889,0.4582730155555556,0.10721515195037522,0.0112,0.0566,0.0034,0.1,0.5721480238463237,0.41577535879885186,0.0108,0.0014,0.5721480238463237,1.0,0.0108,0.0,0.00015555555555555556,0.0,0.0,0.0,7,0.10001400196027443,badnets,0.1,dhash_v,64,spatial,pairwise,bit_llr,mad,0.137,0.059
0.4997838133333333,0.48527336444444447,0.09471210416525734,0.0,0.0,0.0,0.1,0.5075174652241112,0.4656307794215059,0.0,0.0,0.5075174652241112,1.0,0.0,0.0,0.03673333333333333,0.0,0.0,0.0,1653,0.10341903323887729,badnets,0.1,dhash_v,64,spatial,pairwise,bit_em,mad,0.137,0.3
0.42846054888888885,0.4767236222222222,0.08286207030746312,0.0018,0.0236,0.0018,0.1,0.36975524398321924,0.4737158313093398,0.0024,0.0024,0.6302447560167808,-1.0,0.0188,0.0,0.0032444444444444443,0.0,0.0,0.0,146,0.10029285513700004,badnets,0.1,dhash_v,64,spatial,pairwise,hamming_knn,mad,0.137,0.446
0.43053146,0.46861259333333327,0.08998738520682308,0.0008,0.0276,0.0008,0.1,0.3771503863987635,0.42342360344446894,0.0066,0.0066,0.6228496136012365,-1.0,0.0066,0.0674,0.10775555555555555,0.06498264558426534,0.0674,0.0661692519143923,5186,0.10405230508323292,badnets,0.1,dhash_v,64,spatial,pairwise,hamming_ball,mad,0.137,0.441
0.4376539622222223,0.44978388222222226,0.08814384116894033,0.0,0.0382,0.0,0.1,0.36393592404504305,0.4331332523735924,0.0,0.0,0.636064075954957,-1.0,0.0258,0.11,0.15284444444444445,0.07404415724286484,0.11,0.08850981654328935,7428,0.10452879827116414,badnets,0.1,dhash_v,64,spatial,pairwise,block_collision,mad,0.137,0.157
0.46229572666666663,0.47544329555555565,0.08744815017754938,0.0,0.0182,0.0,0.1,0.4411519319938176,0.4580502539191874,0.0038,0.0038,0.5588480680061825,-1.0,0.0098,0.0,0.0005333333333333334,0.0,0.0,0.0,24,0.10004802305106451,badnets,0.1,dhash_v,64,spatial,pairwise,hash_spectral,mad,0.137,0.048
0.5508651777777778,0.5051091511111111,0.11521866783217605,0.0054,0.0738,0.0038,0.1,0.6360831530139103,0.4547386619562817,0.0054,0.0016,0.6360831530139103,1.0,0.0054,0.0008,0.0005111111111111112,0.14814814814814814,0.0008,0.0015914064054107818,27,0.0999739859524143,badnets,0.1,dhash_v,64,spatial,pairwise,hash_stability,mad,0.137,0.028
0.6271989244444445,0.46653094444444454,0.1367484503468837,0.0176,0.0706,0.0086,0.1,0.754847339368514,0.44134157650695516,0.054,0.0084,0.754847339368514,1.0,0.054,0.0012,0.0009333333333333333,0.125,0.0012,0.002377179080824089,48,0.09997597693786034,badnets,0.1,dhash16,256,spatial,pairwise,bit_llr,mad,0.196,0.095
0.5812473355555555,0.5707419711111111,0.2090959799524009,0.0,0.3054,0.0,0.1,0.436157981894458,0.42821901081916536,0.0,0.0,0.563842018105542,-1.0,0.0,0.4234,0.274,0.14653561293002007,0.4234,0.21771995680567696,14447,0.08109020335836638,badnets,0.1,dhash16,256,spatial,pairwise,bit_em,mad,0.196,0.912
0.46574595333333335,0.4447482755555555,0.08961275339921283,0.0076,0.0366,0.0076,0.1,0.4027988739236035,0.39072974166482666,0.002,0.002,0.5972011260763965,-1.0,0.003,0.0244,0.03284444444444445,0.07625,0.0244,0.03696969696969697,1600,0.10078512396694216,badnets,0.1,dhash16,256,spatial,pairwise,hamming_knn,mad,0.196,0.473
0.49911921333333337,0.4804987977777778,0.11056551000288131,0.0158,0.0664,0.0158,0.1,0.39892698167365864,0.3947705674541842,0.0022,0.0022,0.6010730183263413,-1.0,0.0022,0.1444,0.13784444444444444,0.10425992779783394,0.1444,0.12109014675052411,6925,0.09931514799767847,badnets,0.1,dhash16,256,spatial,pairwise,hamming_ball,mad,0.196,0.461
0.4853058555555556,0.5043172822222222,0.10584621448986489,0.0,0.0546,0.0,0.1,0.394448045926253,0.3878366968425701,0.0,0.0,0.6055519540737471,-1.0,0.0034,0.1624,0.17615555555555557,0.09291680970362742,0.1624,0.11820365383215664,8739,0.10150020600567121,badnets,0.1,dhash16,256,spatial,pairwise,block_collision,mad,0.196,0.723
0.4790959666666667,0.47313933333333336,0.09216691104376029,0.0058,0.0342,0.0058,0.1,0.4408800397438728,0.4481393685140208,0.002,0.002,0.5591199602561272,-1.0,0.0156,0.0066,0.011244444444444444,0.061224489795918366,0.0066,0.011915508214479148,539,0.10042255514445725,badnets,0.1,dhash16,256,spatial,pairwise,hash_spectral,mad,0.196,0.057
0.5572238733333333,0.47046218222222225,0.1133057260886031,0.0032,0.0518,0.006,0.1,0.6368756458379333,0.44022132921174656,0.021,0.0012,0.6368756458379333,1.0,0.021,0.0014,0.003933333333333333,0.03804347826086957,0.0014,0.002700617283950617,184,0.10022884213907178,badnets,0.1,dhash16,256,spatial,pairwise,hash_stability,mad,0.196,0.031
0.5437748022222222,0.47333790666666664,0.12168523612050935,0.027,0.0836,0.0074,0.1,0.5666244204018548,0.44871439611393243,0.0206,0.0046,0.5666244204018548,1.0,0.0206,0.0,0.00035555555555555557,0.0,0.0,0.0,16,0.10003201024327785,badnets,0.1,blockhash,256,spatial,median,bit_llr,mad,0.379,0.094
0.4460044533333333,0.38831226444444444,0.0966947846309393,0.0,0.0,0.0,0.1,0.48916707882534777,0.514231110620446,0.0,0.0,0.5108329211746523,-1.0,0.0,0.0,0.38251111111111114,0.0,0.0,0.0,17213,0.1524994662518681,badnets,0.1,blockhash,256,spatial,median,bit_em,mad,0.379,0.894
0.45501082444444446,0.5072758266666667,0.09135047500396676,0.0112,0.0422,0.0112,0.1,0.42130799293442256,0.5164636122764407,0.0052,0.0052,0.5786920070655774,-1.0,0.0194,0.0042,0.0021333333333333334,0.1794871794871795,0.0042,0.008207934336525308,117,0.09981356373914961,badnets,0.1,blockhash,256,spatial,median,hamming_knn,mad,0.379,0.467
0.4627243933333334,0.4265991,0.08794651984660311,0.0,0.0036,0.0,0.1,0.4303758003974388,0.4931681386619563,0.0036,0.0036,0.5696241996025613,-1.0,0.0036,0.0642,0.14333333333333334,0.047408063801506424,0.0642,0.05454082066094639,6771,0.10823752573503898,badnets,0.1,blockhash,256,spatial,median,hamming_ball,mad,0.379,0.461
0.47328654000000003,0.47808646222222223,0.10485239556022763,0.0,0.0,0.0,0.1,0.44319865312430995,0.47269977920070655,0.0,0.0232,0.55680134687569,-1.0,0.0232,0.0,0.021066666666666668,0.0,0.0,0.0,948,0.10193264290956536,badnets,0.1,blockhash,256,spatial,median,block_collision,mad,0.379,0.718
0.49696142444444447,0.49914689333333334,0.09929281472879467,0.0064,0.0544,0.0064,0.1,0.4971030470302495,0.4933174873040406,0.0048,0.0048,0.5028969529697505,-1.0,0.0106,0.0,0.0005111111111111112,0.0,0.0,0.0,23,0.10004602116973808,badnets,0.1,blockhash,256,spatial,median,hash_spectral,mad,0.379,0.058
0.5520191377777778,0.48889244444444446,0.1153964197604495,0.011,0.0504,0.005,0.1,0.604717443144182,0.48047615367630825,0.017,0.006,0.604717443144182,1.0,0.017,0.0004,0.0018444444444444443,0.023529411764705882,0.0004,0.0007866273352999017,85,0.10013022137633978,badnets,0.1,blockhash,256,spatial,median,hash_stability,mad,0.379,0.031
0.7690030777777778,0.5958989222222222,0.33123062174949036,0.1304,0.2626,0.0572,0.1,0.923756193420181,0.6666716052108633,0.6254,0.168,0.923756193420181,1.0,0.6254,0.0014,0.00013333333333333334,0.5384615384615384,0.0014,0.0027927388789148215,13,0.09988597035229159,badnets,0.1,phash,64,frequency,median,bit_llr,mad,0.547,0.059
0.85744784,0.8229322555555556,0.4582968878787542,0.0,0.7392,0.0,0.1,0.9199626628394788,0.8540300507838374,0.6388,0.6388,0.9199626628394788,1.0,0.6388,0.7418,0.05475555555555556,0.6008423780981694,0.7418,0.6639219547122528,6173,0.02945672758801652,badnets,0.1,phash,64,frequency,median,bit_em,mad,0.547,0.3
0.6522602044444444,0.5470034622222222,0.21208006428046955,0.0672,0.1728,0.0672,0.1,0.7327412673879444,0.57020538750276,0.1614,0.1516,0.7327412673879444,1.0,0.1614,0.0584,0.007333333333333333,0.4694533762057878,0.0584,0.10387762362148702,622,0.09534610555308032,badnets,0.1,phash,64,frequency,median,hamming_knn,mad,0.547,0.427
0.6705027088888889,0.5994520533333333,0.33373337753832516,0.1794,0.2694,0.1794,0.1,0.7292901302715832,0.662345860013248,0.2694,0.2694,0.7292901302715832,1.0,0.2694,0.2216,0.022422222222222222,0.5233821445441663,0.2216,0.3113671490796684,2117,0.08128145688448928,badnets,0.1,phash,64,frequency,median,hamming_ball,mad,0.547,0.425
0.5062115333333334,0.5414612133333333,0.11254666948730321,0.0226,0.0806,0.0226,0.1,0.5360203135349967,0.5752759107970855,0.0916,0.0916,0.5360203135349967,1.0,0.0916,0.0062,0.0027333333333333333,0.2012987012987013,0.0062,0.012029491656965464,154,0.09968703607109898,badnets,0.1,phash,64,frequency,median,hash_spectral,mad,0.547,0.048
0.5911617466666665,0.5148518066666666,0.1291942913636265,0.0082,0.0766,0.0088,0.1,0.6771372930006623,0.47018922499447996,0.0274,0.0032,0.6771372930006623,1.0,0.0274,0.0088,0.008955555555555555,0.09843400447427293,0.0088,0.016155682026803744,447,0.10001412628902387,badnets,0.1,phash,64,frequency,median,hash_stability,mad,0.547,0.026
0.769003082222222,0.595898928888889,0.33123062080155136,0.1304,0.2626,0.0572,0.1,0.923756193420181,0.6666716052108633,0.6254,0.168,0.923756193420181,1.0,0.6254,0.0014,0.00013333333333333334,0.5384615384615384,0.0014,0.0027927388789148215,13,0.09988597035229159,badnets,0.1,phash_nodc,63,frequency,median,bit_llr,mad,0.543,0.06
0.8574730044444445,0.8229661955555556,0.45837148658122634,0.0,0.7396,0.0,0.1,0.9199628836387723,0.854030404062707,0.6388,0.6388,0.9199628836387723,1.0,0.6388,0.7418,0.05435555555555555,0.6025995125913891,0.7418,0.6649932765575974,6155,0.029444634507925647,badnets,0.1,phash_nodc,63,frequency,median,bit_em,mad,0.543,0.297
0.6522602044444444,0.5470034622222222,0.21208006428046955,0.0672,0.1728,0.0672,0.1,0.7327412673879444,0.57020538750276,0.1614,0.1516,0.7327412673879444,1.0,0.1614,0.0584,0.007333333333333333,0.4694533762057878,0.0584,0.10387762362148702,622,0.09534610555308032,badnets,0.1,phash_nodc,63,frequency,median,hamming_knn,mad,0.543,0.426
0.6705027088888889,0.5994520533333333,0.33373337753832516,0.1794,0.2694,0.1794,0.1,0.7292901302715832,0.662345860013248,0.2694,0.2694,0.7292901302715832,1.0,0.2694,0.2216,0.022422222222222222,0.5233821445441663,0.2216,0.3113671490796684,2117,0.08128145688448928,badnets,0.1,phash_nodc,63,frequency,median,hamming_ball,mad,0.543,0.423
0.5116953155555555,0.5419304955555555,0.12175828627631274,0.0346,0.0958,0.0346,0.1,0.536015588430117,0.5752736365643629,0.0916,0.0916,0.536015588430117,1.0,0.0916,0.0062,0.001511111111111111,0.31313131313131315,0.0062,0.012159246911159051,99,0.09957716278230898,badnets,0.1,phash_nodc,63,frequency,median,hash_spectral,mad,0.543,0.048
0.5911617466666665,0.5148518066666666,0.1291942913636265,0.0082,0.0766,0.0088,0.1,0.6771372930006623,0.47018922499447996,0.0274,0.0032,0.6771372930006623,1.0,0.0274,0.0088,0.008955555555555555,0.09843400447427293,0.0088,0.016155682026803744,447,0.10001412628902387,badnets,0.1,phash_nodc,63,frequency,median,hash_stability,mad,0.543,0.027
0.7669230377777778,0.5811454199999999,0.31656600160975057,0.1192,0.2562,0.0414,0.1,0.9250572311768603,0.6484474718480902,0.6082,0.152,0.9250572311768603,1.0,0.6082,0.0014,0.0002,0.4375,0.0014,0.0027910685805422647,16,0.09989196542893726,badnets,0.1,phash_mean,64,frequency,mean,bit_llr,mad,0.508,0.059
0.8542116511111111,0.7944154844444444,0.7454413578158163,0.6946,0.7054,0.6946,0.1,0.8744909472289689,0.7973234930448223,0.4482,0.4482,0.8744909472289689,1.0,0.4482,0.6718,0.0078,0.9053908355795148,0.6718,0.7712973593570609,3710,0.03545042125729099,badnets,0.1,phash_mean,64,frequency,mean,bit_em,mad,0.508,0.299
0.6258460866666667,0.53276152,0.1612196813743791,0.0404,0.114,0.0404,0.1,0.7304060057407817,0.5709143519540736,0.1514,0.1222,0.7304060057407817,1.0,0.1514,0.0276,0.006533333333333334,0.3194444444444444,0.0276,0.0508100147275405,432,0.0980874757908328,badnets,0.1,phash_mean,64,frequency,mean,hamming_knn,mad,0.508,0.434
0.6039218133333333,0.5639269755555556,0.18456316933287673,0.067,0.1558,0.067,0.1,0.7124956060940605,0.6378176860234048,0.2248,0.2248,0.7124956060940605,1.0,0.2248,0.1676,0.05277777777777778,0.2608154372860255,0.1676,0.20406672348715452,3213,0.08895633402440849,badnets,0.1,phash_mean,64,frequency,mean,hamming_ball,mad,0.508,0.442
0.5247616733333333,0.5278171177777777,0.11559327695568788,0.0198,0.0882,0.0198,0.1,0.5435044159858688,0.5554811658202694,0.0458,0.0458,0.5435044159858688,1.0,0.0458,0.0004,0.0010666666666666667,0.04,0.0004,0.0007920792079207921,50,0.10006006006006006,badnets,0.1,phash_mean,64,frequency,mean,hash_spectral,mad,0.508,0.048
0.47948125333333336,0.4695866622222222,0.09277516059380292,0.003,0.0206,0.0024,0.1,0.4893943254581586,0.44396052108633255,0.0022,0.0018,0.5106056745418415,-1.0,0.0022,0.0012,0.001888888888888889,0.06593406593406594,0.0012,0.002357100766057749,91,0.10006211304574325,badnets,0.1,phash_mean,64,frequency,mean,hash_stability,mad,0.508,0.029
0.8143177488888889,0.6608093222222222,0.3785616441474261,0.1358,0.3232,0.0728,0.1,0.9551097372488409,0.7665867520423935,0.8084,0.3922,0.9551097372488409,1.0,0.8084,0.008,0.00037777777777777777,0.7017543859649122,0.008,0.015819655922483685,57,0.0993132170674569,badnets,0.1,phash16,256,frequency,median,bit_llr,mad,0.63,0.094
0.8973749,0.890068371111111,0.5840341557130441,0.0,0.8182,0.0,0.1,0.9538018326341356,0.9126400750717598,0.8046,0.8046,0.9538018326341356,1.0,0.8046,0.8536,0.12942222222222222,0.4229092350376536,0.8536,0.565597667638484,10092,0.01834218703016939,badnets,0.1,phash16,256,frequency,median,bit_em,mad,0.63,0.919
0.6852942644444444,0.5818277422222221,0.2132138210052948,0.0558,0.1954,0.0558,0.1,0.80803367189225,0.6410382424376242,0.2794,0.2236,0.80803367189225,1.0,0.2794,0.0558,0.010222222222222223,0.37753721244925575,0.0558,0.09722948248823837,739,0.09583646292198697,badnets,0.1,phash16,256,frequency,median,hamming_knn,mad,0.63,0.462
0.6810114177777777,0.5895742777777778,0.36464699071515233,0.2248,0.302,0.2248,0.1,0.7478663943475381,0.6964952969750497,0.3346,0.3346,0.7478663943475381,1.0,0.3346,0.2248,0.011466666666666667,0.6853658536585366,0.2248,0.3385542168674699,1640,0.08014888337468982,badnets,0.1,phash16,256,frequency,median,hamming_ball,mad,0.63,0.457
0.48088276222222215,0.6377221133333333,0.13587481619410996,0.0476,0.1208,0.0476,0.1,0.505279730624862,0.7240979244866417,0.1548,0.1548,0.505279730624862,1.0,0.1548,0.0368,0.006266666666666667,0.3948497854077253,0.0368,0.06732528357116721,466,0.09722614769653168,badnets,0.1,phash16,256,frequency,median,hash_spectral,mad,0.63,0.057
0.6221948288888889,0.4441112977777778,0.1312379109052208,0.006,0.0392,0.0016,0.1,0.7823851402075515,0.41601446235372047,0.0568,0.0006,0.7823851402075515,1.0,0.0568,0.0002,0.0014666666666666667,0.014925373134328358,0.0002,0.00039471087428458656,67,0.10011415296497306,badnets,0.1,phash16,256,frequency,median,hash_stability,mad,0.63,0.03
0.8241723177777778,0.6892014488888889,0.3890614577989334,0.1396,0.3454,0.0858,0.1,0.9536789578273349,0.7988468094502097,0.8314,0.4446,0.9536789578273349,1.0,0.8314,0.0098,0.0002888888888888889,0.7903225806451613,0.0098,0.01935993678387989,62,0.0991429372421803,badnets,0.1,pdq,256,frequency,median,bit_llr,mad,2.262,0.094
0.9018171733333333,0.9039616088888889,0.6476906780066507,0.0,0.8294,0.0,0.1,0.956880437182601,0.9196744314418194,0.8382,0.8382,0.956880437182601,1.0,0.8382,0.8684,0.13471111111111111,0.4173394848135333,0.8684,0.5637496754089847,10404,0.01661784018587736,badnets,0.1,pdq,256,frequency,median,bit_em,mad,2.262,0.937
0.7294419266666666,0.6353049577777777,0.2848373229949044,0.1054,0.2844,0.1054,0.1,0.8451053654228308,0.7027960697725767,0.4228,0.3336,0.8451053654228308,1.0,0.4228,0.0834,0.007688888888888889,0.546526867627785,0.0834,0.14471629359708485,763,0.09308040701098767,badnets,0.1,pdq,256,frequency,median,hamming_knn,mad,2.262,0.462
0.6894696066666667,0.6215099355555556,0.41441536040671806,0.2752,0.3612,0.2752,0.1,0.7823855597262088,0.7211470081695739,0.4116,0.4116,0.7823855597262088,1.0,0.4116,0.2906,0.010933333333333333,0.7470437017994859,0.2906,0.41843052555795535,1945,0.07381125793361773,badnets,0.1,pdq,256,frequency,median,hamming_ball,mad,2.262,0.458
0.48156294,0.6524072711111112,0.16228519980087838,0.0668,0.1392,0.0668,0.1,0.5025258997571208,0.7413541841466107,0.167,0.1686,0.5025258997571208,1.0,0.167,0.0378,0.003,0.5833333333333334,0.0378,0.07099924868519909,324,0.09684757226829857,badnets,0.1,pdq,256,frequency,median,hash_spectral,mad,2.262,0.057
0.6391801644444444,0.4510042866666667,0.1379099696037687,0.0034,0.0508,0.001,0.1,0.7833681165820271,0.4318228527268712,0.0366,0.0006,0.7833681165820271,1.0,0.0366,0.0,0.0017111111111111112,0.0,0.0,0.0,77,0.10015423752578971,badnets,0.1,pdq,256,frequency,median,hash_stability,mad,2.262,0.029
0.49379464444444443,0.5090383511111111,0.10043053755771167,0.003,0.063,0.0,0.1,0.4930953411349084,0.527766703466549,0.0472,0.0016,0.5069046588650916,-1.0,0.0472,0.0,0.0014,0.0,0.0,0.0,63,0.10012615896028997,badnets,0.1,whash_haar,64,wavelet,median,bit_llr,mad,0.632,0.059
0.46963216666666674,0.4321499644444444,0.09741611633517544,0.0,0.0,0.0,0.1,0.4233434533009494,0.5344329211746522,0.0,0.0,0.5766565466990505,-1.0,0.0,0.0,0.2778,0.0,0.0,0.0,12501,0.13333688898370624,badnets,0.1,whash_haar,64,wavelet,median,bit_em,mad,0.632,0.292
0.4635667111111111,0.49064424000000006,0.09515761399382985,0.0162,0.0484,0.0106,0.1,0.3968889821152572,0.456745153455509,0.0,0.0,0.6031110178847428,-1.0,0.018,0.0,4.4444444444444447e-05,0.0,0.0,0.0,2,0.1000040001600064,badnets,0.1,whash_haar,64,wavelet,median,hamming_knn,mad,0.632,0.45
0.5132104911111112,0.18732606444444447,0.1134337831418246,0.0,0.0,0.0,0.1,0.4143872598807684,0.4143872598807684,0.0,0.0,0.5856127401192316,-1.0,0.0,0.0196,0.15864444444444445,0.013541522730413154,0.0196,0.016016997630138106,7237,0.1146318078712906,badnets,0.1,whash_haar,64,wavelet,median,hamming_ball,mad,0.632,0.443
0.4624615911111111,0.48242390888888886,0.09990871752356706,0.0,0.0612,0.0,0.1,0.4002213292117466,0.4571104217266505,0.0,0.0,0.5997786707882534,-1.0,0.0044,0.1056,0.10262222222222223,0.10260396424407307,0.1056,0.10408042578356003,5146,0.09970125295402862,badnets,0.1,whash_haar,64,wavelet,median,block_collision,mad,0.632,0.162
0.4789888755555555,0.4781695022222222,0.0926266390240225,0.004,0.0446,0.004,0.1,0.44146465003311985,0.46885524398321926,0.0084,0.0084,0.5585353499668801,-1.0,0.0092,0.0,0.00035555555555555557,0.0,0.0,0.0,16,0.10003201024327785,badnets,0.1,whash_haar,64,wavelet,median,hash_spectral,mad,0.632,0.047
0.39693356888888887,0.5238492155555555,0.07984009746337485,0.0014,0.0186,0.0014,0.1,0.3941042614263635,0.5135680724221682,0.0046,0.005,0.6058957385736365,-1.0,0.0122,0.0,0.0022,0.0,0.0,0.0,99,0.1001983928177792,badnets,0.1,whash_haar,64,wavelet,median,hash_stability,mad,0.632,0.028
0.5319436044444444,0.52300652,0.12237546450209102,0.0004,0.1194,0.0,0.1,0.5536034223890484,0.5411712740119232,0.1724,0.0046,0.5536034223890484,1.0,0.1724,0.0,0.004577777777777778,0.0,0.0,0.0,206,0.10041370446238503,badnets,0.1,whash_db4,169,wavelet,median,bit_llr,mad,1.59,0.081
0.39223232222222226,0.7082662511111112,0.124689969850422,0.0,0.0,0.0,0.1,0.4504620446014573,0.5436944137778761,0.0,0.0,0.5495379553985427,-1.0,0.0,0.5388,0.38855555555555554,0.1335051290946033,0.5388,0.21398784701536996,20179,0.07732805740920827,badnets,0.1,whash_db4,169,wavelet,median,bit_em,mad,1.59,0.615
0.4651491444444445,0.47516993777777783,0.08939811512234572,0.0,0.029,0.0,0.1,0.420956127180393,0.4500056524619121,0.0006,0.0004,0.579043872819607,-1.0,0.0082,0.0,0.0,0.0,0.0,0.0,0,0.1,badnets,0.1,whash_db4,169,wavelet,median,hamming_knn,mad,1.59,0.488
0.47398385111111113,0.33234169111111117,0.09836407068771494,0.0,0.0,0.0,0.1,0.4322813645396335,0.4322813645396335,0.0034,0.0034,0.5677186354603665,-1.0,0.0034,0.0242,0.108,0.024292310780967677,0.0242,0.02424606752830378,4981,0.10837646327106333,badnets,0.1,whash_db4,169,wavelet,median,hamming_ball,mad,1.59,0.465
0.47112824444444446,0.48470159555555553,0.08978936760092876,0.0,0.0298,0.0,0.1,0.448001214396114,0.4908374917200265,0.007,0.007,0.5519987856038859,-1.0,0.0124,0.0,0.0019333333333333333,0.0,0.0,0.0,87,0.10017430328772063,badnets,0.1,whash_db4,169,wavelet,median,hash_spectral,mad,1.59,0.055
0.47950084444444446,0.5126877133333333,0.09662766163622268,0.0088,0.0402,0.0104,0.1,0.4883688010598366,0.5377402075513358,0.0108,0.0134,0.5116311989401634,-1.0,0.015,0.0022,0.0032,0.07096774193548387,0.0022,0.004267701260911736,155,0.10009027986758953,badnets,0.1,whash_db4,169,wavelet,median,hash_stability,mad,1.59,0.031
0.6387419933333334,0.45311229777777773,0.13075774857570016,0.003,0.038,0.0002,0.1,0.8024780746301612,0.4071744314418193,0.0694,0.0,0.8024780746301612,1.0,0.0694,0.0,0.0003333333333333333,0.0,0.0,0.0,15,0.10003000900270081,badnets,0.1,mh,64,frequency,mean,bit_llr,mad,0.977,0.059
0.5426803044444444,0.5291603822222222,0.1092255435848341,0.0,0.0,0.0,0.1,0.5220595495694415,0.46888070214175315,0.0078,0.0078,0.5220595495694415,1.0,0.0078,0.0,0.0,0.0,0.0,0.0,0,0.1,badnets,0.1,mh,64,frequency,mean,bit_em,mad,0.977,0.3
0.4487309088888889,0.4489149977777778,0.08618767864074345,0.0006,0.018,0.0006,0.1,0.40690587326120553,0.41965740781629496,0.0016,0.0016,0.5930941267387945,-1.0,0.0028,0.0006,0.009333333333333334,0.0070921985815602835,0.0006,0.0011063986723215931,423,0.10079270629525788,badnets,0.1,mh,64,frequency,mean,hamming_knn,mad,0.977,0.443
0.46568410444444447,0.43212147777777776,0.09083706666436284,0.0002,0.0176,0.0002,0.1,0.41466398763523965,0.42459962464120116,0.0014,0.0014,0.5853360123647604,-1.0,0.0014,0.0112,0.037955555555555555,0.031746031746031744,0.0112,0.01655824955647546,1764,0.10249606103325318,badnets,0.1,mh,64,frequency,mean,hamming_ball,mad,0.977,0.436
0.46041632444444447,0.574982011111111,0.10891335013752244,0.0242,0.071,0.0242,0.1,0.3665421064252594,0.4062613380437182,0.0038,0.0038,0.6334578935747406,-1.0,0.0038,0.0928,0.06453333333333333,0.1377672209026128,0.0928,0.11089866156787763,3368,0.09727225939269171,badnets,0.1,mh,64,frequency,mean,block_collision,mad,0.977,0.153
0.45908476222222216,0.48107300000000003,0.08728158656283343,0.001,0.0216,0.001,0.1,0.4381554647825127,0.4684698829763745,0.0042,0.0042,0.5618445352174872,-1.0,0.0114,0.0,0.0036222222222222224,0.0,0.0,0.0,163,0.10032706623592913,badnets,0.1,mh,64,frequency,mean,hash_spectral,mad,0.977,0.047
0.45581153999999996,0.5042511822222222,0.09007445376018772,0.0054,0.0296,0.0064,0.1,0.4463923824243763,0.4690590196511371,0.0038,0.004,0.5536076175756237,-1.0,0.0056,0.004,0.0064444444444444445,0.06451612903225806,0.004,0.007532956685499058,310,0.10022137250955927,badnets,0.1,mh,64,frequency,mean,hash_stability,mad,0.977,0.028
0.46887179777777777,0.47992506444444444,0.10446026106480533,0.017,0.081,0.0,0.1,0.2957123647604327,0.3889722013689556,0.0044,0.0044,0.7042876352395673,-1.0,0.0378,0.0,0.0392,0.0,0.0,0.0,1764,0.10365701965337093,badnets,0.1,colorhash,42,colour,quantisation,bit_llr,mad,2.515,0.051
0.48668946,0.5057588777777778,0.10351485249647374,0.0,0.0,0.0,0.1,0.3164748951203356,0.3160399205122544,0.0,0.0,0.6835251048796644,-1.0,0.0084,0.3202,0.3963111111111111,0.08237715461795729,0.3202,0.13104153877634542,19435,0.11120562735154589,badnets,0.1,colorhash,42,colour,quantisation,bit_em,mad,2.515,0.24
0.4901183422222222,0.5288453933333334,0.11519287246769787,0.0,0.0,0.0034,0.1,0.40983563700596165,0.5118918966659306,0.0,0.0178,0.5901643629940383,-1.0,0.0178,0.0054,0.011044444444444445,0.05152671755725191,0.0054,0.009775524981897175,524,0.10051338022475544,badnets,0.1,colorhash,42,colour,quantisation,hamming_knn,mad,2.515,0.33
0.4277250488888889,0.5264933377777777,0.09625252589961705,0.0,0.0,0.0,0.1,0.4036769485537647,0.4238713844115699,0.0,0.0,0.5963230514462353,-1.0,0.0,0.2536,0.2729111111111111,0.09358624252712378,0.2536,0.13671896059086744,13549,0.10238402238621712,badnets,0.1,colorhash,42,colour,quantisation,hamming_ball,mad,2.515,0.329
0.46610045111111115,0.41336387777777783,0.08801827949545188,0.0,0.0,0.0,0.1,0.42958363877235584,0.4252586222124089,0.0028,0.0098,0.5704163612276442,-1.0,0.0098,0.0,0.007222222222222222,0.0,0.0,0.0,325,0.10065425264217413,badnets,0.1,colorhash,42,colour,quantisation,hash_spectral,mad,2.515,0.043
0.5436523466666666,0.4922578488888889,0.11074346312114344,0.0046,0.019,0.0046,0.1,0.53278754691985,0.5156712077721352,0.0046,0.0046,0.53278754691985,1.0,0.0046,0.0014,0.0008888888888888889,0.14893617021276595,0.0014,0.0027739251040221915,47,0.09995395671931616,badnets,0.1,colorhash,42,colour,quantisation,hash_stability,mad,2.515,0.026
0.4574973688888889,0.4802839733333333,0.08727457820479369,0.0064,0.0264,0.0068,0.1,0.41495535438286596,0.4606138882755575,0.002,0.0028,0.5850446456171341,-1.0,0.0142,0.0002,0.00035555555555555557,0.058823529411764705,0.0002,0.00039864460833167234,17,0.10001400476161895,badnets,0.1,rhash8,64,residual,zero,bit_llr,mad,0.508,0.059
0.49784970888888885,0.4970936955555556,0.102120272106622,0.0,0.0,0.0,0.1,0.4501620225215279,0.43273256789578274,0.0024,0.0024,0.5498379774784721,-1.0,0.007,0.163,0.10364444444444444,0.14874977185617813,0.163,0.15554919362534592,5479,0.09400058399407021,badnets,0.1,rhash8,64,residual,zero,bit_em,mad,0.508,0.299
0.46185068000000007,0.45025395333333346,0.09025212951040132,0.005,0.025,0.005,0.1,0.38651236476043277,0.45377686023404723,0.0032,0.0032,0.6134876352395673,-1.0,0.0116,0.0032,0.005911111111111111,0.05673758865248227,0.0032,0.00605831124574025,282,0.10024538396556579,badnets,0.1,rhash8,64,residual,zero,hamming_knn,mad,0.508,0.445
0.4684888111111111,0.4501701133333333,0.09265799958847597,0.0032,0.0266,0.0032,0.1,0.3883286597482888,0.44523521748730405,0.0012,0.0012,0.6116713402517112,-1.0,0.0038,0.008,0.017333333333333333,0.04878048780487805,0.008,0.013745704467353952,820,0.10085400569337129,badnets,0.1,rhash8,64,residual,zero,hamming_ball,mad,0.508,0.44
0.6111017311111111,0.42551136888888896,0.12697081833678858,0.0114,0.0714,0.0114,0.1,0.41199743872819616,0.4318465224111283,0.0024,0.0024,0.5880025612718038,-1.0,0.0024,0.024,0.01791111111111111,0.12958963282937366,0.024,0.040499493756328046,926,0.09944165953458042,badnets,0.1,rhash8,64,residual,zero,block_collision,mad,0.508,0.152
0.4774880622222223,0.4872350088888888,0.09417962910413179,0.0098,0.0454,0.0098,0.1,0.4526267387944359,0.4680611393243542,0.0048,0.0048,0.5473732612055642,-1.0,0.0146,0.0094,0.008733333333333333,0.10681818181818181,0.0094,0.017279411764705883,440,0.09993946731234866,badnets,0.1,rhash8,64,residual,zero,hash_spectral,mad,0.508,0.047
0.59136674,0.5149385911111112,0.13502229579687589,0.0236,0.0712,0.017,0.1,0.6287950540958268,0.4755663501876794,0.0158,0.0118,0.6287950540958268,1.0,0.0158,0.0048,0.0018,0.22857142857142856,0.0048,0.00940254652301665,105,0.09972943180679426,badnets,0.1,rhash8,64,residual,zero,hash_stability,mad,0.508,0.028
0.48189763111111117,0.4623981177777778,0.09175577392428962,0.0066,0.0314,0.0088,0.1,0.4663525060719806,0.4295300287039081,0.0026,0.0034,0.5336474939280194,-1.0,0.0078,0.0018,0.002088888888888889,0.08737864077669903,0.0018,0.003527336860670194,103,0.10002605367056136,badnets,0.1,rhash16,256,residual,zero,bit_llr,mad,0.589,0.094
0.49507722222222217,0.4862107955555556,0.09468906871321009,0.0,0.0,0.0,0.1,0.45511980569662175,0.40822559063811,0.0,0.0,0.5448801943033783,-1.0,0.0,0.0,0.11017777777777778,0.0,0.0,0.0,4958,0.11100750410727765,badnets,0.1,rhash16,256,residual,zero,bit_em,mad,0.589,0.932
0.43104232444444446,0.4693081333333333,0.08361064139885517,0.0042,0.0288,0.0042,0.1,0.3494406491499227,0.43803417973062486,0.0046,0.0046,0.6505593508500773,-1.0,0.0194,0.0064,0.014377777777777778,0.047128129602356406,0.0064,0.011269589716499384,679,0.10072788467387117,badnets,0.1,rhash16,256,residual,zero,hamming_knn,mad,0.589,0.475
0.4670849844444444,0.4502852244444444,0.09330053469221591,0.0032,0.0314,0.0032,0.1,0.35418953411349086,0.40880055199823356,0.002,0.002,0.6458104658865091,-1.0,0.002,0.0216,0.034244444444444445,0.06549423893268648,0.0216,0.03248608813355392,1649,0.10117681123451427,badnets,0.1,rhash16,256,residual,zero,hamming_ball,mad,0.589,0.468
0.4568892377777777,0.5951766044444444,0.1218815702196793,0.0308,0.0976,0.0308,0.1,0.38623954515345554,0.4314986310443807,0.004,0.004,0.6137604548465445,-1.0,0.004,0.164,0.08526666666666667,0.1760790208288598,0.164,0.1698249974112043,4657,0.09218622499614053,badnets,0.1,rhash16,256,residual,zero,block_collision,mad,0.589,0.71
0.45399583555555556,0.47120646666666666,0.08704174401503642,0.0044,0.032,0.0044,0.1,0.4089047030249503,0.4481491720026496,0.0052,0.0052,0.5910952969750497,-1.0,0.0104,0.0072,0.01633333333333333,0.04669260700389105,0.0072,0.01247617397331485,771,0.1008348737532755,badnets,0.1,rhash16,256,residual,zero,hash_spectral,mad,0.589,0.057
0.5520482088888888,0.47808392666666666,0.11356413106897065,0.0112,0.0538,0.0062,0.1,0.6274205784941488,0.45765257231176854,0.013,0.0054,0.6274205784941488,1.0,0.013,0.004,0.0054444444444444445,0.07547169811320754,0.004,0.007597340930674264,265,0.10013069267115714,badnets,0.1,rhash16,256,residual,zero,hash_stability,mad,0.589,0.032
0.6621178822222222,0.41943622888888893,0.1346676519106101,0.0052,0.043,0.0012,0.1,0.8555244866416428,0.3449231176860234,0.0924,0.0018,0.8555244866416428,1.0,0.0924,0.0,0.0023555555555555556,0.0,0.0,0.0,106,0.10021245039483706,badnets,0.1,rhash32,1024,residual,zero,bit_llr,mad,0.467,0.245
0.4879442755555556,0.19031640444444442,0.0958134234041016,0.0,0.0,0.0,0.1,0.3856049017443144,0.36622155001103995,0.0,0.0,0.6143950982556856,-1.0,0.0,0.0,0.3710888888888889,0.0,0.0,0.0,16699,0.15014564127203386,badnets,0.1,rhash32,1024,residual,zero,bit_em,mad,0.467,4.07
0.4596893266666667,0.44419699555555553,0.08692329269582037,0.0,0.0272,0.0,0.1,0.4060343342901303,0.38375685581806135,0.0022,0.0022,0.5939656657098698,-1.0,0.0022,0.019,0.0394,0.05085653104925054,0.019,0.02766453115899825,1868,0.10190725504861631,badnets,0.1,rhash32,1024,residual,zero,hamming_knn,mad,0.467,0.557
0.4225647088888889,0.5029376266666666,0.09094258983244378,0.0098,0.0476,0.0098,0.1,0.3866673217045705,0.4138653786707883,0.0034,0.0034,0.6133326782954295,-1.0,0.0034,0.0906,0.09531111111111111,0.09552931252636018,0.0906,0.09299938411003901,4742,0.1004684254717398,badnets,0.1,rhash32,1024,residual,zero,hamming_ball,mad,0.467,0.549
0.8191280222222221,0.7605921444444445,0.6872180784229641,0.6138,0.6138,0.6138,0.1,0.8697180393022742,0.8010083241333628,0.6138,0.6138,0.8697180393022742,1.0,0.6138,0.6138,0.009866666666666666,0.8736122971818958,0.6138,0.7210149183601551,3513,0.041538494632908124,badnets,0.1,rhash32,1024,residual,zero,block_collision,mad,0.467,3.208
0.4504312777777778,0.45819447555555554,0.08519149766440445,0.0,0.0196,0.0,0.1,0.3887100242879223,0.41942989622433213,0.0022,0.0022,0.6112899757120778,-1.0,0.0186,0.0058,0.02968888888888889,0.021245421245421246,0.0058,0.009112333071484681,1365,0.10221034234604709,badnets,0.1,rhash32,1024,residual,zero,hash_spectral,mad,0.467,0.183
0.5875566022222223,0.48466237111111116,0.12425174447740624,0.01,0.0632,0.0064,0.1,0.6740992051225436,0.4767831088540518,0.0276,0.0056,0.6740992051225436,1.0,0.0276,0.0038,0.005488888888888889,0.07142857142857142,0.0038,0.0072161033042157235,266,0.10015281296497366,badnets,0.1,rhash32,1024,residual,zero,hash_stability,mad,0.467,0.034
0.5357055422222222,0.4066918244444444,0.09997984565591647,0.005,0.0308,0.003,0.1,0.5788310002207993,0.3169745197615368,0.0022,0.0004,0.5788310002207993,1.0,0.0022,0.0002,0.0023555555555555556,0.009345794392523364,0.0002,0.00039161934599569217,107,0.10019441605034775,badnets,0.1,rhash_rgb,768,residual,zero,bit_llr,mad,1.648,0.197
0.2852949,0.5083915288888889,0.07105912317558692,0.0,0.0,0.0,0.1,0.45038801059836603,0.49296045484654455,0.0,0.0,0.549611989401634,-1.0,0.0,0.0,0.2258888888888889,0.0,0.0,0.0,10165,0.125517760763148,badnets,0.1,rhash_rgb,768,residual,zero,bit_em,mad,1.648,2.962
0.4702462666666667,0.46015518666666666,0.08997497500832519,0.0044,0.033,0.0042,0.1,0.421401854714065,0.4203664826672555,0.0042,0.0042,0.578598145285935,-1.0,0.0042,0.008,0.015044444444444444,0.05578800557880056,0.008,0.013993353157250307,717,0.10064322382971816,badnets,0.1,rhash_rgb,768,residual,zero,hamming_knn,mad,1.648,0.529
0.4437188488888889,0.4493478444444444,0.08903457235558274,0.0032,0.028,0.0032,0.1,0.4217000220799293,0.43113347317288586,0.0044,0.0044,0.5782999779200707,-1.0,0.0044,0.0244,0.04117777777777778,0.061772151898734175,0.0244,0.0349820788530466,1975,0.10157209786569495,badnets,0.1,rhash_rgb,768,residual,zero,hamming_ball,mad,1.648,0.519
0.4516165155555555,0.5375140311111111,0.09513546329837201,0.0,0.045,0.0,0.1,0.37674400529918306,0.423806094060499,0.0052,0.0052,0.6232559947008169,-1.0,0.0126,0.0736,0.07144444444444445,0.10270722857940273,0.0736,0.0857509029476873,3583,0.09979102484003706,badnets,0.1,rhash_rgb,768,residual,zero,block_collision,mad,1.648,2.068
0.4598663688888889,0.4765017044444444,0.08863334944974853,0.0058,0.0334,0.0058,0.1,0.4234962022521528,0.4528086994921616,0.0058,0.0058,0.5765037977478472,-1.0,0.0122,0.0124,0.018866666666666667,0.06805708013172337,0.0124,0.020977837929284385,911,0.10059280083114343,badnets,0.1,rhash_rgb,768,residual,zero,hash_spectral,mad,1.648,0.116
0.5648298444444444,0.4819245133333333,0.11634156772973778,0.0116,0.0528,0.0084,0.1,0.6326470081695739,0.4655658423493045,0.0172,0.007,0.6326470081695739,1.0,0.0172,0.0042,0.006222222222222222,0.06976744186046512,0.0042,0.00792303338992643,301,0.10018310227569971,badnets,0.1,rhash_rgb,768,residual,zero,hash_stability,mad,1.648,0.035
0.4383084711111111,0.47473172444444445,0.08495762087833415,0.007,0.0388,0.0012,0.1,0.36459920512254357,0.46137228968867294,0.0188,0.0184,0.6354007948774565,-1.0,0.0188,0.0,0.0007555555555555555,0.0,0.0,0.0,34,0.1000680462714646,badnets,0.1,rhash_energy,256,residual,mean,bit_llr,mad,0.615,0.096
0.4167400311111111,0.5473217155555555,0.13446566258695872,0.0,0.1336,0.0,0.1,0.24728986531243094,0.28189697504967987,0.0,0.0,0.7527101346875691,-1.0,0.0,0.289,0.21293333333333334,0.13104198784800944,0.289,0.18032070880389342,11027,0.0912169963821107,badnets,0.1,rhash_energy,256,residual,mean,bit_em,mad,0.615,0.906
0.37152556000000003,0.45492147333333327,0.07281426243302365,0.0,0.01,0.0,0.1,0.23727061161404284,0.4203920070655774,0.0012,0.0012,0.7627293883859572,-1.0,0.0416,0.0,0.0010222222222222223,0.0,0.0,0.0,46,0.10009208471794051,badnets,0.1,rhash_energy,256,residual,mean,hamming_knn,mad,0.615,0.489
0.5385792444444444,0.1569873288888889,0.13137028583712726,0.0,0.0,0.0,0.1,0.33770730845661295,0.33770730845661295,0.0,0.0,0.6622926915433871,-1.0,0.0,0.006,0.18242222222222224,0.0036412185944896223,0.006,0.004532064355313846,8239,0.11901056009195182,badnets,0.1,rhash_energy,256,residual,mean,hamming_ball,mad,0.615,0.464
0.3477664555555556,0.67681188,0.08956244660598936,0.0,0.0,0.0,0.1,0.33812642967542506,0.6393328770147936,0.0,0.0478,0.661873570324575,-1.0,0.0478,0.546,0.16411111111111112,0.2698961937716263,0.546,0.3612305656632484,10115,0.0569136266766955,badnets,0.1,rhash_energy,256,residual,mean,block_collision,mad,0.615,0.709
0.4626323866666667,0.4743887622222222,0.08785054142637512,0.0024,0.0254,0.0024,0.1,0.4371038419077059,0.44694475601678074,0.0072,0.0072,0.5628961580922941,-1.0,0.0128,0.0004,0.0012444444444444445,0.034482758620689655,0.0004,0.0007908264136022143,58,0.10007608826238437,badnets,0.1,rhash_energy,256,residual,mean,hash_spectral,mad,0.615,0.057
0.4130742288888889,0.5171859333333333,0.08122588416328516,0.0042,0.0222,0.0148,0.1,0.355216228748068,0.5212722234488849,0.006,0.0052,0.644783771251932,-1.0,0.006,0.002,0.0024444444444444444,0.08333333333333333,0.002,0.00390625,120,0.10004009623095429,badnets,0.1,rhash_energy,256,residual,mean,hash_stability,mad,0.615,0.033
0.4483849466666667,0.4815076555555555,0.08676744338318367,0.0084,0.0344,0.0128,0.1,0.38754749392801946,0.4616116802826231,0.0022,0.0044,0.6124525060719805,-1.0,0.0164,0.0032,0.0023777777777777777,0.13008130081300814,0.0032,0.006246340035135663,123,0.09992581751107725,badnets,0.1,ahash_res,256,residual,mean,bit_llr,mad,0.6,0.095
0.5012463733333333,0.4954373177777778,0.09608560900352114,0.0,0.0,0.0,0.1,0.45637257672775444,0.4108610951644955,0.0,0.0,0.5436274232722456,-1.0,0.0,0.0,0.09888888888888889,0.0,0.0,0.0,4450,0.10976948408342481,badnets,0.1,ahash_res,256,residual,mean,bit_em,mad,0.6,0.92
0.42666753333333335,0.45901937777777785,0.08211410817874218,0.0032,0.023,0.0032,0.1,0.33686420843453296,0.442995893133142,0.0042,0.0042,0.663135791565467,-1.0,0.0246,0.0058,0.015288888888888888,0.040446304044630406,0.0058,0.010145181039006471,717,0.10086642452772761,badnets,0.1,ahash_res,256,residual,mean,hamming_knn,mad,0.6,0.471
0.45701200000000003,0.4516229066666666,0.09136080079464473,0.0034,0.0304,0.0034,0.1,0.3423641421947449,0.40919759328770144,0.0014,0.0014,0.657635857805255,-1.0,0.0014,0.0232,0.03651111111111111,0.06594656054576464,0.0232,0.034324604231395175,1759,0.10124168238635185,badnets,0.1,ahash_res,256,residual,mean,hamming_ball,mad,0.6,0.465
0.4467359533333333,0.5415415088888889,0.09971163236817987,0.0156,0.0682,0.0156,0.1,0.3860150805917421,0.4454588650916317,0.004,0.004,0.6139849194082578,-1.0,0.004,0.1042,0.07808888888888889,0.12912019826517968,0.1042,0.11532927504150525,4035,0.09744370716849778,badnets,0.1,ahash_res,256,residual,mean,block_collision,mad,0.6,0.708
0.4528280044444445,0.47012523333333334,0.08669235070309583,0.0044,0.0312,0.0044,0.1,0.4082281298299845,0.44723733716052105,0.0052,0.0052,0.5917718701700154,-1.0,0.0116,0.0062,0.01608888888888889,0.04105960264900662,0.0062,0.010773240660295395,755,0.1009036450401056,badnets,0.1,ahash_res,256,residual,mean,hash_spectral,mad,0.6,0.057
0.5629819444444445,0.48359361333333334,0.117683987336997,0.0116,0.0574,0.0078,0.1,0.6320121660410686,0.46157222344888493,0.0142,0.0052,0.6320121660410686,1.0,0.0142,0.0038,0.004911111111111111,0.07916666666666666,0.0038,0.007251908396946565,240,0.10010048231511254,badnets,0.1,ahash_res,256,residual,mean,hash_stability,mad,0.6,0.031
0.3201047236180905,0.5687398190954773,0.003300631043511172,0.0,0.0,0.028,0.005,0.3608496784565916,0.5441551446945337,0.004,0.02,0.6391503215434085,-1.0,0.02,0.0,0.0009849246231155779,0.0,0.0,0.0,49,0.005004904806710576,blended,0.005,ahash,64,spatial,mean,bit_llr,mad,0.143,0.056
0.6620712763819095,0.5216593366834171,0.018355329638192176,0.0,0.4,0.0,0.005,0.44250040192926043,0.4581764469453376,0.0,0.0,0.5574995980707396,-1.0,0.0,0.408,0.376643216080402,0.005414012738853503,0.408,0.010686223153483498,18840,0.0047496790757381255,blended,0.005,ahash,64,spatial,mean,bit_em,mad,0.143,0.289
0.3725757989949749,0.5306284623115578,0.0037101823815588464,0.0,0.024,0.004,0.005,0.3548520900321544,0.5230329581993569,0.0,0.004,0.6451479099678457,-1.0,0.036,0.0,0.0,0.0,0.0,0.0,0,0.005,blended,0.005,ahash,64,spatial,mean,hamming_knn,mad,0.143,0.441
0.5088701909547739,0.17420052261306535,0.006082617948255875,0.0,0.0,0.0,0.005,0.41124678456591646,0.41124678456591646,0.0,0.0,0.5887532154340835,-1.0,0.0,0.004,0.15396984924623117,0.00013053126223730585,0.004,0.0002528125395019593,7661,0.005881102529582655,blended,0.005,ahash,64,spatial,mean,hamming_ball,mad,0.143,0.433
0.3794844623115578,0.4841355175879397,0.004084704751888114,0.0,0.0,0.0,0.005,0.36606631832797426,0.4953432475884244,0.0,0.0,0.6339336816720258,-1.0,0.012,0.116,0.10765829145728643,0.005385329619312906,0.116,0.010292812777284827,5385,0.004953490978370503,blended,0.005,ahash,64,spatial,mean,block_collision,mad,0.143,0.158
0.5228485226130654,0.46636518592964826,0.005320963610536323,0.008,0.06,0.008,0.005,0.5014151929260451,0.46735530546623794,0.008,0.008,0.5014151929260451,1.0,0.008,0.0,0.0009045226130653266,0.0,0.0,0.0,45,0.005004504053648284,blended,0.005,ahash,64,spatial,mean,hash_spectral,mad,0.143,0.044
0.37740245226130653,0.5380951155778895,0.003745759464732622,0.0,0.004,0.008,0.005,0.40442483922829586,0.533864147909968,0.004,0.012,0.5955751607717041,-1.0,0.012,0.0,0.0005628140703517588,0.0,0.0,0.0,28,0.005002801568878572,blended,0.005,ahash,64,spatial,mean,hash_stability,mad,0.143,0.029
0.34636683417085434,0.584820824120603,0.003491170020036881,0.0,0.0,0.024,0.005,0.3906121382636656,0.5739316720257235,0.004,0.024,0.6093878617363344,-1.0,0.024,0.0,0.0012864321608040202,0.0,0.0,0.0,64,0.005006408202499199,blended,0.005,ahash4,16,spatial,mean,bit_llr,mad,0.133,0.047
0.6473497487437185,0.5966615879396985,0.0169705587944539,0.032,0.416,0.0,0.005,0.4305723472668811,0.4727644694533762,0.0,0.0,0.5694276527331189,-1.0,0.0,0.376,0.1537889447236181,0.012136862491930278,0.376,0.023514696685428393,7745,0.003691870784522542,blended,0.005,ahash4,16,spatial,mean,bit_em,mad,0.133,0.147
0.398558472361809,0.5679306934673366,0.0043425349256144465,0.0,0.064,0.024,0.005,0.38459244372990353,0.5358227491961415,0.0,0.024,0.6154075562700965,-1.0,0.024,0.0,0.0,0.0,0.0,0.0,0,0.005,blended,0.005,ahash4,16,spatial,mean,hamming_knn,mad,0.133,0.398
0.40560747738693465,0.4256746532663317,0.004965515227534436,0.0,0.024,0.0,0.005,0.41375120578778135,0.45952049839228304,0.0,0.0,0.5862487942122186,-1.0,0.0,0.08,0.13244221105527637,0.003026176426085641,0.08,0.005831753899985421,6609,0.005300638381231131,blended,0.005,ahash4,16,spatial,mean,hamming_ball,mad,0.133,0.398
0.40527123618090444,0.48506556783919597,0.004733121797682272,0.024,0.024,0.024,0.005,0.39131712218649517,0.4547817524115756,0.0,0.0,0.6086828778135048,-1.0,0.0,0.148,0.19003015075376883,0.0038984300916657887,0.148,0.007596755979878862,9491,0.0052580907946382285,blended,0.005,ahash4,16,spatial,mean,block_collision,mad,0.133,0.04
0.510400040201005,0.4851436783919598,0.005424243201536478,0.0,0.076,0.0,0.005,0.5022504019292605,0.48748030546623794,0.0,0.0,0.5022504019292605,1.0,0.012,0.0,0.002190954773869347,0.0,0.0,0.0,109,0.005010923813914333,blended,0.005,ahash4,16,spatial,mean,hash_spectral,mad,0.133,0.043
0.45652623115577895,0.36629334673366837,0.004415346825719053,0.0,0.0,0.0,0.005,0.4283553054662379,0.4827013665594856,0.0,0.0,0.5716446945337621,-1.0,0.0,0.0,0.0025326633165829145,0.0,0.0,0.0,126,0.0050126318322171876,blended,0.005,ahash4,16,spatial,mean,hash_stability,mad,0.133,0.025
0.3090789145728643,0.5728205829145729,0.0032437379872538668,0.0,0.0,0.032,0.005,0.35220176848874596,0.5480779742765274,0.004,0.016,0.647798231511254,-1.0,0.016,0.0,0.0006231155778894473,0.0,0.0,0.0,31,0.0050031019231923796,blended,0.005,ahash16,256,spatial,mean,bit_llr,mad,0.193,0.096
0.6280039798994975,0.24010617085427136,0.01090524950522999,0.0,0.0,0.0,0.005,0.46541519292604505,0.4593854501607717,0.0,0.0,0.534584807073955,-1.0,0.0,0.0,0.2955577889447236,0.0,0.0,0.0,14704,0.007082955575702629,blended,0.005,ahash16,256,spatial,mean,bit_em,mad,0.193,0.88
0.3342065527638191,0.5695426733668343,0.003453253181961565,0.0,0.016,0.008,0.005,0.32495458199356914,0.5643601286173633,0.0,0.012,0.6750454180064309,-1.0,0.028,0.0,0.0,0.0,0.0,0.0,0,0.005,blended,0.005,ahash16,256,spatial,mean,hamming_knn,mad,0.193,0.466
0.5024601809045227,0.22658906532663317,0.005748323810487971,0.0,0.0,0.0,0.005,0.40780345659163986,0.40780345659163986,0.0,0.0,0.5921965434083601,-1.0,0.0,0.012,0.16164824120603016,0.00037290242386575515,0.012,0.0007233273056057866,8045,0.005887260159694911,blended,0.005,ahash16,256,spatial,mean,hamming_ball,mad,0.193,0.454
0.25893398994974876,0.743676944723618,0.0034781718548456235,0.0,0.0,0.172,0.005,0.3516105305466237,0.6041909163987138,0.0,0.052,0.6483894694533763,-1.0,0.052,0.624,0.08462311557788944,0.03573064590013743,0.624,0.06759098786828423,4366,0.0020598676425472237,blended,0.005,ahash16,256,spatial,mean,block_collision,mad,0.193,0.689
0.5128620703517588,0.47153073366834175,0.005224107259707834,0.008,0.056,0.008,0.005,0.4844815112540193,0.4701463022508039,0.008,0.008,0.5155184887459807,-1.0,0.016,0.0,0.0006834170854271357,0.0,0.0,0.0,34,0.0050034023135732296,blended,0.005,ahash16,256,spatial,mean,hash_spectral,mad,0.193,0.054
0.501537688442211,0.5244129849246231,0.005277887533045413,0.0,0.064,0.012,0.005,0.4984031350482315,0.5169622186495177,0.0,0.0,0.5015968649517685,-1.0,0.012,0.0,0.0012663316582914572,0.0,0.0,0.0,63,0.005006307948014498,blended,0.005,ahash16,256,spatial,mean,hash_stability,mad,0.193,0.033
0.3062756582914573,0.5744925829145728,0.0032304088085852766,0.0,0.0,0.02,0.005,0.35098070739549836,0.5475192926045016,0.004,0.008,0.6490192926045016,-1.0,0.008,0.0,0.000542713567839196,0.0,0.0,0.0,27,0.005002701458787746,blended,0.005,ahash32,1024,spatial,mean,bit_llr,mad,0.354,0.249
0.32872297487437185,0.5311623718592965,0.004754439529617198,0.0,0.0,0.0,0.005,0.4040305466237942,0.5959694533762058,0.0,0.0,0.5959694533762059,-1.0,0.0,0.0,0.19893467336683418,0.0,0.0,0.0,9897,0.0062339475849687055,blended,0.005,ahash32,1024,spatial,mean,bit_em,mad,0.354,4.065
0.31453656281407033,0.5827941708542713,0.003323362488819456,0.0,0.012,0.008,0.005,0.304963424437299,0.5791450964630226,0.004,0.02,0.695036575562701,-1.0,0.048,0.0,0.0,0.0,0.0,0.0,0,0.005,blended,0.005,ahash32,1024,spatial,mean,hamming_knn,mad,0.354,0.551
0.4871092663316583,0.2418644824120603,0.005563042387163517,0.0,0.0,0.0,0.005,0.3986342443729904,0.3986342443729904,0.004,0.004,0.6013657556270096,-1.0,0.004,0.008,0.1406030150753769,0.0002858367871945119,0.008,0.0005519525320822409,6997,0.005767039508871474,blended,0.005,ahash32,1024,spatial,mean,hamming_ball,mad,0.354,0.549
0.3758658492462311,0.42052192964824125,0.00408199818418411,0.0,0.0,0.0,0.005,0.3796659967845659,0.6203340032154341,0.0,0.04,0.6203340032154341,-1.0,0.04,0.004,0.1275778894472362,0.0001575299306868305,0.004,0.0003031221582297666,6348,0.005704205992852561,blended,0.005,ahash32,1024,spatial,mean,block_collision,mad,0.354,2.908
0.5088839396984924,0.4667586733668342,0.005101271535673465,0.008,0.048,0.008,0.005,0.4804509646302251,0.4644397106109325,0.008,0.008,0.5195490353697749,-1.0,0.012,0.0,0.0005025125628140704,0.0,0.0,0.0,25,0.0050025012506253125,blended,0.005,ahash32,1024,spatial,mean,hash_spectral,mad,0.354,0.191
0.526364743718593,0.5243874974874372,0.00566918611316204,0.004,0.076,0.008,0.005,0.516411575562701,0.5139421221864952,0.0,0.0,0.516411575562701,1.0,0.012,0.0,0.001829145728643216,0.0,0.0,0.0,91,0.0050091165921978,blended,0.005,ahash32,1024,spatial,mean,hash_stability,mad,0.354,0.036
0.388004743718593,0.5214151557788944,0.003718570298952668,0.0,0.008,0.0,0.005,0.39027692926045016,0.5199577974276528,0.004,0.02,0.6097230707395498,-1.0,0.02,0.0,0.001407035175879397,0.0,0.0,0.0,70,0.005007009813739235,blended,0.005,mhash,64,spatial,median,bit_llr,mad,0.17,0.056
0.37213125628140703,0.6058428542713568,0.004387526211438293,0.0,0.0,0.0,0.005,0.42517845659163983,0.5589975884244374,0.0,0.0,0.5748215434083601,-1.0,0.0,0.596,0.3746532663316583,0.007930593996167766,0.596,0.015652904716882025,18788,0.003235934896834551,blended,0.005,mhash,64,spatial,median,bit_em,mad,0.17,0.29
0.4071669145728643,0.4937901105527638,0.003989898004872691,0.0,0.032,0.0,0.005,0.3858709807073955,0.49448633440514467,0.0,0.0,0.6141290192926045,-1.0,0.02,0.0,4.020100502512563e-05,0.0,0.0,0.0,2,0.00500020000800032,blended,0.005,mhash,64,spatial,median,hamming_knn,mad,0.17,0.442
0.5039532060301507,0.16351348743718594,0.006114843827073831,0.0,0.0,0.0,0.005,0.4227773311897107,0.4227773311897107,0.0,0.0,0.5772226688102893,-1.0,0.0,0.008,0.1594572864321608,0.0002520478890989288,0.008,0.0004886988393402566,7935,0.005895637703554024,blended,0.005,mhash,64,spatial,median,hamming_ball,mad,0.17,0.437
0.39655883417085425,0.4360513366834171,0.003955456168924239,0.0,0.0,0.0,0.005,0.3747250803858521,0.44026768488745976,0.0,0.0,0.6252749196141478,-1.0,0.008,0.096,0.10261306532663317,0.004679274712419575,0.096,0.008923591745677636,5129,0.005036660649417218,blended,0.005,mhash,64,spatial,median,block_collision,mad,0.17,0.158
0.4831582311557789,0.4684041407035176,0.004730288644099917,0.004,0.048,0.004,0.005,0.4788918810289389,0.4751354501607717,0.008,0.008,0.5211081189710611,-1.0,0.016,0.0,0.00034170854271356785,0.0,0.0,0.0,17,0.0050017005781965865,blended,0.005,mhash,64,spatial,median,hash_spectral,mad,0.17,0.045
0.40551051256281406,0.5314331658291457,0.0039997241418350225,0.0,0.008,0.0,0.005,0.4049377009646302,0.5194364951768489,0.0,0.0,0.5950622990353698,-1.0,0.008,0.0,0.002090452261306533,0.0,0.0,0.0,104,0.005010421677088344,blended,0.005,mhash,64,spatial,median,hash_stability,mad,0.17,0.026
0.304748824120603,0.5943874170854271,0.003231820406010342,0.0,0.0,0.064,0.005,0.33305948553054665,0.5802909967845659,0.004,0.036,0.6669405144694533,-1.0,0.036,0.0,0.0014472361809045227,0.0,0.0,0.0,72,0.00500721038295145,blended,0.005,ahash_rgb,192,spatial,mean,bit_llr,mad,0.375,0.08
0.6811870954773869,0.5487417085427135,0.021385143976759384,0.0,0.42,0.0,0.005,0.4636881028938907,0.4599429260450161,0.0,0.0,0.5363118971061094,-1.0,0.0,0.428,0.39218090452261306,0.005454174737485982,0.428,0.010771089188645057,19618,0.004706734250543085,blended,0.005,ahash_rgb,192,spatial,mean,bit_em,mad,0.375,0.647
0.3751348743718593,0.5232171256281408,0.0037131187247496657,0.0,0.024,0.0,0.005,0.3648263665594855,0.5169722668810289,0.0,0.0,0.6351736334405145,-1.0,0.024,0.0,0.0,0.0,0.0,0.0,0,0.005,blended,0.005,ahash_rgb,192,spatial,mean,hamming_knn,mad,0.375,0.456
0.5265403819095478,0.20002363819095478,0.006137645191166423,0.0,0.0,0.0,0.005,0.416568729903537,0.416568729903537,0.0,0.0,0.583431270096463,-1.0,0.0,0.012,0.16747738693467337,0.00035992801439712057,0.012,0.0006988934187536401,8335,0.00592823712948518,blended,0.005,ahash_rgb,192,spatial,mean,hamming_ball,mad,0.375,0.461
0.42176056281407037,0.48026138693467335,0.0043463438334567514,0.0,0.0,0.0,0.005,0.3526471061093247,0.4865956591639871,0.0,0.0,0.6473528938906753,-1.0,0.06,0.0,0.04148743718592965,0.0,0.0,0.0,2064,0.005215287049399199,blended,0.005,ahash_rgb,192,spatial,mean,block_collision,mad,0.375,0.408
0.503728040201005,0.49128542713567835,0.005214669894079211,0.016,0.056,0.016,0.005,0.49199799035369773,0.4960502411575563,0.016,0.016,0.5080020096463023,-1.0,0.016,0.0,0.0010452261306532664,0.0,0.0,0.0,52,0.005005205413630176,blended,0.005,ahash_rgb,192,spatial,mean,hash_spectral,mad,0.375,0.051
0.3864635979899497,0.5240559597989949,0.003779733993840871,0.0,0.0,0.004,0.005,0.40035610932475885,0.526673231511254,0.0,0.012,0.5996438906752412,-1.0,0.012,0.0,0.0007035175879396985,0.0,0.0,0.0,35,0.005003502451716202,blended,0.005,ahash_rgb,192,spatial,mean,hash_stability,mad,0.375,0.031
0.3608402814070352,0.4961989949748744,0.0035232495032734967,0.0,0.012,0.016,0.005,0.3455474276527331,0.49511495176848874,0.0,0.016,0.654452572347267,-1.0,0.02,0.0,2.0100502512562815e-05,0.0,0.0,0.0,1,0.00500010000200004,blended,0.005,dhash,64,spatial,pairwise,bit_llr,mad,0.147,0.057
0.5660928643216081,0.5578317989949748,0.007070867579104717,0.0,0.0,0.0,0.005,0.4896864951768489,0.45969614147909965,0.0,0.0,0.5103135048231511,-1.0,0.0,0.304,0.11328643216080402,0.01330532212885154,0.304,0.02549480040254948,5712,0.003928829479768786,blended,0.005,dhash,64,spatial,pairwise,bit_em,mad,0.147,0.298
0.3607591557788945,0.48942934673366834,0.00360358762395034,0.0,0.008,0.0,0.005,0.3506229903536978,0.4844762861736335,0.0,0.0,0.6493770096463022,-1.0,0.032,0.0,0.01278391959798995,0.0,0.0,0.0,636,0.005064419414958269,blended,0.005,dhash,64,spatial,pairwise,hamming_knn,mad,0.147,0.445
0.39494138693467334,0.46520944723618085,0.004261067988499905,0.004,0.032,0.004,0.005,0.3709441318327974,0.41561414790996787,0.0,0.0,0.6290558681672026,-1.0,0.0,0.068,0.09839195979899497,0.0034609120521172636,0.068,0.0065865943432778,4912,0.005167672107877928,blended,0.005,dhash,64,spatial,pairwise,hamming_ball,mad,0.147,0.437
0.37386906532663317,0.533979256281407,0.004185901581507673,0.008,0.032,0.008,0.005,0.3863593247588425,0.41174638263665597,0.0,0.0,0.6136406752411575,-1.0,0.0,0.068,0.10948743718592965,0.0031112737920937043,0.068,0.005950297514875744,5464,0.005231722651338243,blended,0.005,dhash,64,spatial,pairwise,block_collision,mad,0.147,0.152
0.45224884422110545,0.48021443216080395,0.004378880144795051,0.0,0.044,0.0,0.005,0.44420980707395497,0.4780305466237942,0.0,0.0,0.555790192926045,-1.0,0.016,0.0,0.0018693467336683416,0.0,0.0,0.0,93,0.005009317330234236,blended,0.005,dhash,64,spatial,pairwise,hash_spectral,mad,0.147,0.044
0.5935593567839196,0.5161337085427136,0.006961182388277457,0.008,0.064,0.008,0.005,0.5852134244372991,0.4915160771704181,0.008,0.004,0.5852134244372991,1.0,0.008,0.0,0.0005628140703517588,0.0,0.0,0.0,28,0.005002801568878572,blended,0.005,dhash,64,spatial,pairwise,hash_stability,mad,0.147,0.026
0.4041963417085427,0.5082827738693467,0.003849568239945759,0.0,0.008,0.004,0.005,0.3987114147909967,0.5064429260450161,0.0,0.016,0.6012885852090033,-1.0,0.02,0.0,0.00030150753768844223,0.0,0.0,0.0,15,0.00500150045013504,blended,0.005,dhash_v,64,spatial,pairwise,bit_llr,mad,0.138,0.056
0.6653092663316582,0.6289234170854271,0.017876146016656026,0.0,0.392,0.0,0.005,0.47959766881028937,0.4585960610932476,0.0,0.0,0.5204023311897106,-1.0,0.0,0.392,0.07525628140703518,0.025507548152004164,0.392,0.047898338220918865,3842,0.0032930369600069325,blended,0.005,dhash_v,64,spatial,pairwise,bit_em,mad,0.138,0.296
0.3228341306532663,0.5240888442211055,0.0033582624828016982,0.0,0.008,0.0,0.005,0.3187753215434084,0.5293838424437299,0.0,0.0,0.6812246784565916,-1.0,0.048,0.0,0.0026331658291457284,0.0,0.0,0.0,131,0.005013134412159859,blended,0.005,dhash_v,64,spatial,pairwise,hamming_knn,mad,0.138,0.438
0.36635465326633165,0.4394793969849246,0.0040666876580882855,0.0,0.012,0.0,0.005,0.3354983922829582,0.4174602090032154,0.004,0.004,0.6645016077170418,-1.0,0.004,0.032,0.10615075376884422,0.0015125732652675364,0.032,0.0028886080519949448,5289,0.005412538301536535,blended,0.005,dhash_v,64,spatial,pairwise,hamming_ball,mad,0.138,0.432
0.36159364824120604,0.4351222512562814,0.003710292124306481,0.0,0.0,0.0,0.005,0.34377491961414786,0.4490273311897106,0.0,0.0,0.6562250803858521,-1.0,0.0,0.052,0.1388140703517588,0.0018788842318254082,0.052,0.003626726182173246,6919,0.005501265058842645,blended,0.005,dhash_v,64,spatial,pairwise,block_collision,mad,0.138,0.155
0.40365547738693464,0.4655667135678392,0.00381445377240381,0.0,0.0,0.0,0.005,0.4123327974276527,0.46926366559485533,0.0,0.0,0.5876672025723473,-1.0,0.028,0.0,0.000542713567839196,0.0,0.0,0.0,27,0.005002701458787746,blended,0.005,dhash_v,64,spatial,pairwise,hash_spectral,mad,0.138,0.045
0.6155848040201005,0.4547929648241206,0.007199910133861568,0.004,0.076,0.004,0.005,0.6118480707395498,0.5140269292604501,0.008,0.004,0.6118480707395498,1.0,0.008,0.0,0.00034170854271356785,0.0,0.0,0.0,17,0.0050017005781965865,blended,0.005,dhash_v,64,spatial,pairwise,hash_stability,mad,0.138,0.027
0.42160836180904526,0.40837664321608036,0.0038829175116690384,0.0,0.0,0.0,0.005,0.40701125401929256,0.40516680064308686,0.0,0.0,0.5929887459807075,-1.0,0.0,0.0,0.0009246231155778894,0.0,0.0,0.0,46,0.005004604235897025,blended,0.005,dhash16,256,spatial,pairwise,bit_llr,mad,0.199,0.092
0.5568409648241206,0.5350274572864322,0.01183230789951365,0.0,0.284,0.0,0.005,0.4508070739549839,0.4006977491961415,0.0,0.0,0.5491929260450161,-1.0,0.0,0.38,0.27003015075376885,0.007021952842043018,0.38,0.013789099354089557,13529,0.00424995201667078,blended,0.005,dhash16,256,spatial,pairwise,bit_em,mad,0.199,0.899
0.37888598994974876,0.41053889447236186,0.0036267767556798012,0.0,0.004,0.0,0.005,0.35379260450160777,0.40874035369774914,0.0,0.0,0.6462073954983922,-1.0,0.008,0.0,0.027899497487437187,0.0,0.0,0.0,1388,0.005142763103760388,blended,0.005,dhash16,256,spatial,pairwise,hamming_knn,mad,0.199,0.483
0.37585423115577893,0.4204274572864322,0.004359061008637933,0.004,0.012,0.004,0.005,0.39207435691318326,0.40894935691318335,0.0,0.0,0.6079256430868167,-1.0,0.0,0.032,0.14094472361809046,0.0011396011396011395,0.032,0.002200825309491059,7020,0.005630525825965565,blended,0.005,dhash16,256,spatial,pairwise,hamming_ball,mad,0.199,0.458
0.2608470351758794,0.45006822110552763,0.003202496623043712,0.0,0.0,0.0,0.005,0.26969332797427653,0.38858882636655945,0.0,0.0,0.7303066720257234,-1.0,0.0,0.008,0.1619497487437186,0.0002481697481077057,0.008,0.0004814057046576002,8059,0.0059130683579313795,blended,0.005,dhash16,256,spatial,pairwise,block_collision,mad,0.199,0.713
0.4094257688442211,0.4384373869346733,0.0038227543115030146,0.0,0.008,0.0,0.005,0.39917845659163986,0.43603054662379426,0.0,0.0,0.6008215434083601,-1.0,0.016,0.0,0.009909547738693467,0.0,0.0,0.0,493,0.00504979093865514,blended,0.005,dhash16,256,spatial,pairwise,hash_spectral,mad,0.199,0.054
0.6884819698492463,0.5225314572864321,0.00961135672094571,0.016,0.12,0.0,0.005,0.7008436495176849,0.5242114147909968,0.04,0.0,0.7008436495176849,1.0,0.04,0.0,0.002954773869346734,0.0,0.0,0.0,147,0.005014743345435581,blended,0.005,dhash16,256,spatial,pairwise,hash_stability,mad,0.199,0.029
0.37221660301507536,0.5331131256281407,0.0036470622334514435,0.008,0.008,0.016,0.005,0.35408762057877813,0.5338299839228295,0.0,0.016,0.6459123794212218,-1.0,0.02,0.0,0.00032160804020100504,0.0,0.0,0.0,16,0.005001600512163892,blended,0.005,blockhash,256,spatial,median,bit_llr,mad,0.373,0.091
0.4865085829145729,0.40496229145728646,0.005115753258626535,0.0,0.0,0.0,0.005,0.47523472668810285,0.5296647909967845,0.0,0.0,0.5247652733118972,-1.0,0.0,0.0,0.24042211055276383,0.0,0.0,0.0,11961,0.006572202213517705,blended,0.005,blockhash,256,spatial,median,bit_em,mad,0.373,0.879
0.3237432361809045,0.5610190954773868,0.0034758143937618155,0.008,0.02,0.008,0.005,0.3239200160771704,0.5561245980707396,0.004,0.004,0.6760799839228295,-1.0,0.048,0.004,0.002050251256281407,0.009708737864077669,0.004,0.0056657223796034,103,0.004990279976752109,blended,0.005,blockhash,256,spatial,median,hamming_knn,mad,0.373,0.462
0.3382754974874372,0.4259098693467337,0.003843991813614675,0.0,0.0,0.0,0.005,0.33585128617363347,0.4498078778135049,0.0,0.0,0.6641487138263665,-1.0,0.0,0.036,0.15147738693467336,0.0011928429423459245,0.036,0.002309172546504169,7545,0.005676598751619362,blended,0.005,blockhash,256,spatial,median,hamming_ball,mad,0.373,0.453
0.4217558592964824,0.4659431959798995,0.004291458701317841,0.0,0.0,0.0,0.005,0.3887692926045016,0.5073786173633441,0.0,0.02,0.6112307073954983,-1.0,0.02,0.0,0.02763819095477387,0.0,0.0,0.0,1375,0.005141388174807198,blended,0.005,blockhash,256,spatial,median,block_collision,mad,0.373,0.712
0.47799714572864316,0.46265049246231155,0.004690189946915473,0.012,0.036,0.012,0.005,0.4639662379421222,0.45780546623794216,0.004,0.004,0.5360337620578778,-1.0,0.004,0.0,0.0012663316582914572,0.0,0.0,0.0,63,0.005006307948014498,blended,0.005,blockhash,256,spatial,median,hash_spectral,mad,0.373,0.054
0.5888322814070351,0.5289154170854271,0.007002150326858163,0.004,0.076,0.0,0.005,0.5873122990353697,0.5244425241157556,0.008,0.004,0.5873122990353697,1.0,0.008,0.0,0.0019095477386934674,0.0,0.0,0.0,95,0.0050095180843602845,blended,0.005,blockhash,256,spatial,median,hash_stability,mad,0.373,0.029
0.37555031155778895,0.4866830150753769,0.00359922867040945,0.0,0.004,0.0,0.005,0.36104180064308683,0.4860345659163987,0.0,0.004,0.6389581993569131,-1.0,0.004,0.0,0.00022110552763819096,0.0,0.0,0.0,11,0.005001100242053252,blended,0.005,phash,64,frequency,median,bit_llr,mad,0.547,0.056
0.2821931256281407,0.5700549949748743,0.003174312705343822,0.0,0.0,0.0,0.005,0.3944163987138264,0.5406511254019293,0.0,0.008,0.6055836012861736,-1.0,0.008,0.0,0.039678391959799,0.0,0.0,0.0,1974,0.0052055136800899515,blended,0.005,phash,64,frequency,median,bit_em,mad,0.547,0.297
0.3114291055276382,0.5080779899497487,0.0034304659201667828,0.0,0.0,0.0,0.005,0.28364750803858524,0.5346270096463023,0.0,0.0,0.7163524919614148,-1.0,0.024,0.0,0.007035175879396985,0.0,0.0,0.0,350,0.005035246727089627,blended,0.005,phash,64,frequency,median,hamming_knn,mad,0.547,0.432
0.28847320603015075,0.5027500301507537,0.0033110701269607958,0.0,0.0,0.0,0.005,0.278068729903537,0.5065012057877814,0.0,0.0,0.7219312700964631,-1.0,0.024,0.0,0.025587939698492462,0.0,0.0,0.0,1273,0.005130625731114166,blended,0.005,phash,64,frequency,median,hamming_ball,mad,0.547,0.431
0.43658822110552764,0.452228864321608,0.004185615895510213,0.004,0.02,0.004,0.005,0.4320948553054663,0.4477644694533762,0.008,0.008,0.5679051446945337,-1.0,0.012,0.004,0.0026130653266331657,0.007633587786259542,0.004,0.005249343832020997,131,0.004993081874511219,blended,0.005,phash,64,frequency,median,hash_spectral,mad,0.547,0.045
0.6215577085427136,0.5689506331658292,0.008032012436854334,0.02,0.12,0.02,0.005,0.5950880225080386,0.5403593247588425,0.004,0.004,0.5950880225080386,1.0,0.004,0.02,0.008683417085427136,0.011441647597254004,0.02,0.01455604075691412,437,0.004943203599459274,blended,0.005,phash,64,frequency,median,hash_stability,mad,0.547,0.025
0.37555019095477393,0.48668313567839194,0.0035992278154003015,0.0,0.004,0.0,0.005,0.36104180064308683,0.4860345659163987,0.0,0.004,0.6389581993569131,-1.0,0.004,0.0,0.00022110552763819096,0.0,0.0,0.0,11,0.005001100242053252,blended,0.005,phash_nodc,63,frequency,median,bit_llr,mad,0.536,0.057
0.282147216080402,0.5709977889447236,0.0031742683716517364,0.0,0.0,0.0,0.005,0.39442684887459806,0.5406663987138264,0.0,0.008,0.6055731511254019,-1.0,0.008,0.0,0.039678391959799,0.0,0.0,0.0,1974,0.0052055136800899515,blended,0.005,phash_nodc,63,frequency,median,bit_em,mad,0.536,0.295
0.3114291055276382,0.5080779899497487,0.0034304659201667828,0.0,0.0,0.0,0.005,0.28364750803858524,0.5346270096463023,0.0,0.0,0.7163524919614148,-1.0,0.024,0.0,0.007035175879396985,0.0,0.0,0.0,350,0.005035246727089627,blended,0.005,phash_nodc,63,frequency,median,hamming_knn,mad,0.536,0.433
0.28847320603015075,0.5027500301507537,0.0033110701269607958,0.0,0.0,0.0,0.005,0.278068729903537,0.5065012057877814,0.0,0.0,0.7219312700964631,-1.0,0.024,0.0,0.025587939698492462,0.0,0.0,0.0,1273,0.005130625731114166,blended,0.005,phash_nodc,63,frequency,median,hamming_ball,mad,0.536,0.434
0.45383268341708544,0.4847185527638191,0.004513954367653634,0.004,0.048,0.004,0.005,0.4469638263665595,0.48183118971061095,0.0,0.0,0.5530361736334405,-1.0,0.012,0.0,0.0019698492462311558,0.0,0.0,0.0,98,0.0050098192457216145,blended,0.005,phash_nodc,63,frequency,median,hash_spectral,mad,0.536,0.045
0.6215577085427136,0.5689506331658292,0.008032012436854334,0.02,0.12,0.02,0.005,0.5950880225080386,0.5403593247588425,0.004,0.004,0.5950880225080386,1.0,0.004,0.02,0.008683417085427136,0.011441647597254004,0.02,0.01455604075691412,437,0.004943203599459274,blended,0.005,phash_nodc,63,frequency,median,hash_stability,mad,0.536,0.025
0.3712348944723618,0.49587819095477387,0.0035722548566194763,0.0,0.004,0.0,0.005,0.35961254019292604,0.4990353697749197,0.0,0.004,0.640387459807074,-1.0,0.004,0.0,0.0002613065326633166,0.0,0.0,0.0,13,0.0050013003380879025,blended,0.005,phash_mean,64,frequency,mean,bit_llr,mad,0.509,0.056
0.29037105527638196,0.6133291658291458,0.003222701284669189,0.0,0.0,0.0,0.005,0.39846302250803856,0.5440072347266881,0.0,0.012,0.6015369774919614,-1.0,0.012,0.0,0.0,0.0,0.0,0.0,0,0.005,blended,0.005,phash_mean,64,frequency,mean,bit_em,mad,0.509,0.298
0.2885797788944724,0.5420054271356783,0.00323363432735704,0.0,0.0,0.0,0.005,0.29252451768488746,0.5570707395498392,0.0,0.0,0.7074754823151126,-1.0,0.024,0.0,0.007618090452261307,0.0,0.0,0.0,379,0.005038189476229822,blended,0.005,phash_mean,64,frequency,mean,hamming_knn,mad,0.509,0.443
0.28633270351758794,0.5418461909547738,0.0033850635904911514,0.0,0.012,0.0,0.005,0.2914646302250804,0.48518930868167204,0.004,0.004,0.7085353697749196,-1.0,0.004,0.012,0.04878391959798995,0.0012345679012345679,0.012,0.002238805970149254,2430,0.005192348118562119,blended,0.005,phash_mean,64,frequency,mean,hamming_ball,mad,0.509,0.437
0.5010160402010051,0.5254966834170854,0.00553088093107857,0.02,0.072,0.02,0.005,0.495379421221865,0.5245852090032155,0.012,0.012,0.504620578778135,-1.0,0.012,0.0,0.0013869346733668341,0.0,0.0,0.0,69,0.0050069095351585186,blended,0.005,phash_mean,64,frequency,mean,hash_spectral,mad,0.509,0.045
0.4508668542713568,0.52484,0.0046193346853483025,0.008,0.048,0.004,0.005,0.464959807073955,0.4966748392282958,0.004,0.004,0.535040192926045,-1.0,0.004,0.0,0.0018894472361809045,0.0,0.0,0.0,94,0.005009417705285938,blended,0.005,phash_mean,64,frequency,mean,hash_stability,mad,0.509,0.027
0.41078440201005023,0.48079758793969857,0.00386076582127578,0.0,0.008,0.0,0.005,0.4040795819935692,0.48178536977491965,0.0,0.0,0.5959204180064308,-1.0,0.0,0.0,0.00022110552763819096,0.0,0.0,0.0,11,0.005001100242053252,blended,0.005,phash16,256,frequency,median,bit_llr,mad,0.645,0.092
0.38783425125628146,0.37497447236180903,0.0036759448382353973,0.0,0.0,0.0,0.005,0.38129943729903537,0.3956467041800643,0.0,0.0,0.6187005627009646,-1.0,0.004,0.0,0.1295678391959799,0.0,0.0,0.0,6446,0.005740000918400147,blended,0.005,phash16,256,frequency,median,bit_em,mad,0.645,0.887
0.26756040201005027,0.5563671557788944,0.003171871829565859,0.0,0.004,0.0,0.005,0.25046583601286176,0.5701627813504823,0.0,0.0,0.7495341639871382,-1.0,0.024,0.0,0.008864321608040201,0.0,0.0,0.0,441,0.00504449242317238,blended,0.005,phash16,256,frequency,median,hamming_knn,mad,0.645,0.464
0.29406605025125626,0.49826814070351766,0.003449390211375722,0.0,0.008,0.0,0.005,0.2526318327974276,0.5305377813504824,0.0,0.0,0.7473681672025724,-1.0,0.024,0.0,0.011577889447236181,0.0,0.0,0.0,576,0.005058271285205568,blended,0.005,phash16,256,frequency,median,hamming_ball,mad,0.645,0.46
0.43813451256281405,0.45439525628140703,0.004100298293112875,0.008,0.016,0.008,0.005,0.4290530546623794,0.4504590032154341,0.0,0.0,0.5709469453376206,-1.0,0.008,0.0,0.0075979899497487435,0.0,0.0,0.0,378,0.005038087944863165,blended,0.005,phash16,256,frequency,median,hash_spectral,mad,0.645,0.054
0.6707692864321609,0.535934432160804,0.009560310580523802,0.024,0.108,0.016,0.005,0.6939979903536978,0.5593444533762058,0.056,0.02,0.6939979903536978,1.0,0.056,0.0,0.0014673366834170854,0.0,0.0,0.0,73,0.005007310673583432,blended,0.005,phash16,256,frequency,median,hash_stability,mad,0.645,0.027
0.44291449246231157,0.4751575075376885,0.004155285381326318,0.0,0.016,0.004,0.005,0.4386864951768489,0.47562218649517685,0.0,0.012,0.5613135048231511,-1.0,0.012,0.0,6.030150753768844e-05,0.0,0.0,0.0,3,0.00500030001800108,blended,0.005,pdq,256,frequency,median,bit_llr,mad,2.259,0.091
0.4638768643216081,0.44117969849246236,0.0045702168581828705,0.0,0.0,0.0,0.005,0.390508038585209,0.3940048231511254,0.0,0.0,0.609491961414791,-1.0,0.008,0.156,0.13288442211055276,0.005864661654135338,0.156,0.011304347826086957,6650,0.004867358708189158,blended,0.005,pdq,256,frequency,median,bit_em,mad,2.259,0.91
0.2986250854271357,0.5225341507537687,0.0033159574007128627,0.004,0.004,0.004,0.005,0.27910249196141484,0.5225389871382636,0.004,0.004,0.7208975080385851,-1.0,0.052,0.0,0.007195979899497488,0.0,0.0,0.0,358,0.005036058176544056,blended,0.005,pdq,256,frequency,median,hamming_knn,mad,2.259,0.465
0.29468832160804026,0.4826382311557789,0.003494101830073166,0.0,0.004,0.0,0.005,0.28094212218649517,0.4967950160771704,0.0,0.0,0.7190578778135048,-1.0,0.032,0.0,0.010532663316582914,0.0,0.0,0.0,524,0.005052954968065324,blended,0.005,pdq,256,frequency,median,hamming_ball,mad,2.259,0.462
0.45518319597989954,0.4696566030150754,0.004414696699800954,0.008,0.028,0.008,0.005,0.4353271704180065,0.4656334405144694,0.0,0.0,0.5646728295819935,-1.0,0.004,0.008,0.005145728643216081,0.007751937984496124,0.008,0.007874015748031496,258,0.00498572634795545,blended,0.005,pdq,256,frequency,median,hash_spectral,mad,2.259,0.054
0.6798529849246231,0.5520994170854271,0.010504311114984002,0.04,0.148,0.008,0.005,0.6937737138263665,0.571439308681672,0.044,0.028,0.6937737138263665,1.0,0.044,0.0,0.0016281407035175879,0.0,0.0,0.0,81,0.005008113143292133,blended,0.005,pdq,256,frequency,median,hash_stability,mad,2.259,0.028
0.38825644221105526,0.5205992763819095,0.0037191474198209,0.0,0.008,0.0,0.005,0.39031310289389065,0.5199127813504824,0.004,0.02,0.6096868971061093,-1.0,0.02,0.0,0.001407035175879397,0.0,0.0,0.0,70,0.005007009813739235,blended,0.005,whash_haar,64,wavelet,median,bit_llr,mad,0.641,0.058
0.3684307135678392,0.6015884221105527,0.004397006394887536,0.0,0.0,0.0,0.005,0.42543046623794223,0.5587327170418006,0.0,0.0,0.5745695337620578,-1.0,0.0,0.596,0.3745326633165829,0.007933127462464062,0.596,0.01565783942833123,18782,0.003235312960471523,blended,0.005,whash_haar,64,wavelet,median,bit_em,mad,0.641,0.294
0.40740627135678387,0.4933036381909547,0.003990966242774138,0.0,0.032,0.0,0.005,0.38556310289389073,0.4947508038585209,0.0,0.0,0.6144368971061093,-1.0,0.02,0.0,4.020100502512563e-05,0.0,0.0,0.0,2,0.00500020000800032,blended,0.005,whash_haar,64,wavelet,median,hamming_knn,mad,0.641,0.451
0.5038869547738694,0.16334810050251256,0.0061148580104103826,0.0,0.0,0.0,0.005,0.4228452572347267,0.4228452572347267,0.0,0.0,0.5771547427652732,-1.0,0.0,0.008,0.15947738693467337,0.00025201612903225806,0.008,0.0004886391399951136,7936,0.005895777862305059,blended,0.005,whash_haar,64,wavelet,median,hamming_ball,mad,0.641,0.451
0.3966925829145729,0.4358496482412061,0.003957044084347175,0.0,0.0,0.0,0.005,0.37480827974276526,0.44021020900321545,0.0,0.0,0.6251917202572348,-1.0,0.008,0.096,0.10261306532663317,0.004679274712419575,0.096,0.008923591745677636,5129,0.005036660649417218,blended,0.005,whash_haar,64,wavelet,median,block_collision,mad,0.641,0.163
0.48284876381909553,0.46852064321608045,0.004725821256547896,0.004,0.048,0.004,0.005,0.47867081993569127,0.4752528135048232,0.008,0.008,0.5213291800643087,-1.0,0.016,0.0,0.00034170854271356785,0.0,0.0,0.0,17,0.0050017005781965865,blended,0.005,whash_haar,64,wavelet,median,hash_spectral,mad,0.641,0.046
0.40551248241206034,0.5314311155778895,0.003999726683507373,0.0,0.008,0.0,0.005,0.40482274919614153,0.5192504019292605,0.0,0.0,0.5951772508038584,-1.0,0.008,0.0,0.002090452261306533,0.0,0.0,0.0,104,0.005010421677088344,blended,0.005,whash_haar,64,wavelet,median,hash_stability,mad,0.641,0.027
0.4244817286432161,0.48993113567839197,0.00397295926159843,0.0,0.0,0.0,0.005,0.419487540192926,0.4998299839228296,0.008,0.012,0.580512459807074,-1.0,0.012,0.0,0.004160804020100503,0.0,0.0,0.0,207,0.0050207860542646554,blended,0.005,whash_db4,169,wavelet,median,bit_llr,mad,1.635,0.078
0.44208345728643217,0.34156309547738695,0.0056868900403390975,0.0,0.0,0.0,0.005,0.45099196141479103,0.5490080385852091,0.0,0.0,0.549008038585209,-1.0,0.0,0.0,0.3447035175879397,0.0,0.0,0.0,17149,0.007610118413442513,blended,0.005,whash_db4,169,wavelet,median,bit_em,mad,1.635,0.621
0.40669415075376886,0.5064194974874372,0.003909896046078644,0.0,0.012,0.0,0.005,0.3993223472668811,0.5129710610932476,0.004,0.02,0.6006776527331189,-1.0,0.028,0.0,0.0,0.0,0.0,0.0,0,0.005,blended,0.005,whash_db4,169,wavelet,median,hamming_knn,mad,1.635,0.454
0.47597519597989946,0.32372667336683414,0.005059899863204779,0.0,0.0,0.0,0.005,0.43492885852090035,0.43492885852090035,0.008,0.008,0.5650711414790996,-1.0,0.008,0.028,0.11007035175879397,0.001276673354003283,0.028,0.002442002442002442,5483,0.0054585888536963405,blended,0.005,whash_db4,169,wavelet,median,hamming_ball,mad,1.635,0.447
0.46761065326633167,0.5001913165829146,0.0045720478964112,0.0,0.04,0.0,0.005,0.47190152733118973,0.5061820739549839,0.008,0.008,0.5280984726688103,-1.0,0.008,0.0,0.001949748743718593,0.0,0.0,0.0,97,0.005009718854577881,blended,0.005,whash_db4,169,wavelet,median,hash_spectral,mad,1.635,0.053
0.4491132462311558,0.5539129648241206,0.004778055193588147,0.008,0.052,0.016,0.005,0.46109565916398715,0.524415996784566,0.0,0.0,0.5389043408360128,-1.0,0.012,0.0,0.0029949748743718593,0.0,0.0,0.0,149,0.005014944534713446,blended,0.005,whash_db4,169,wavelet,median,hash_stability,mad,1.635,0.031
0.37946090452261305,0.4484505728643216,0.0036132498855203712,0.0,0.008,0.004,0.005,0.36590434083601286,0.449879421221865,0.0,0.008,0.6340956591639871,-1.0,0.012,0.0,0.00048241206030150754,0.0,0.0,0.0,24,0.005002401152553225,blended,0.005,mh,64,frequency,mean,bit_llr,mad,1.024,0.06
0.31287075376884427,0.5468712361809045,0.0033825765634118913,0.0,0.0,0.0,0.005,0.4649863344051447,0.46874437299035365,0.008,0.004,0.5350136655948553,-1.0,0.008,0.0,0.02808040201005025,0.0,0.0,0.0,1397,0.005143715408513877,blended,0.005,mh,64,frequency,mean,bit_em,mad,1.024,0.306
0.2891940502512563,0.5801788140703518,0.003231328421626632,0.0,0.0,0.0,0.005,0.27575884244372995,0.5792725080385852,0.0,0.0,0.72424115755627,-1.0,0.048,0.0,0.008201005025125628,0.0,0.0,0.0,408,0.005041135667043071,blended,0.005,mh,64,frequency,mean,hamming_knn,mad,1.024,0.467
0.309403175879397,0.5149638994974874,0.003644457199771813,0.0,0.0,0.0,0.005,0.28188665594855306,0.5218086816720258,0.0,0.0,0.7181133440514469,-1.0,0.0,0.0,0.039376884422110556,0.0,0.0,0.0,1959,0.005203888345371662,blended,0.005,mh,64,frequency,mean,hamming_ball,mad,1.024,0.46
0.32969857286432164,0.6249321809045226,0.0042756366332181404,0.016,0.036,0.016,0.005,0.3210831993569132,0.45211937299035376,0.004,0.004,0.6789168006430868,-1.0,0.004,0.052,0.06367839195979899,0.004086765168186105,0.052,0.00757796560769455,3181,0.005062047459364788,blended,0.005,mh,64,frequency,mean,block_collision,mad,1.024,0.155
0.415399959798995,0.4589616884422111,0.003942842374057163,0.0,0.016,0.0,0.005,0.42390594855305475,0.4588762057877813,0.004,0.004,0.5760940514469453,-1.0,0.02,0.0,0.003879396984924623,0.0,0.0,0.0,193,0.005019374786676571,blended,0.005,mh,64,frequency,mean,hash_spectral,mad,1.024,0.046
0.511060743718593,0.41758295477386936,0.005035401645941896,0.004,0.02,0.004,0.005,0.5022363344051447,0.47069292604501606,0.004,0.004,0.5022363344051447,1.0,0.004,0.0,0.005668341708542714,0.0,0.0,0.0,282,0.005028359950118669,blended,0.005,mh,64,frequency,mean,hash_stability,mad,1.024,0.026
0.36652325628140703,0.4505702110552764,0.003613351027180943,0.0,0.0,0.0,0.005,0.27462218649517683,0.48506672025723474,0.004,0.012,0.7253778135048232,-1.0,0.016,0.0,0.03640201005025125,0.0,0.0,0.0,1811,0.0051879059536408725,blended,0.005,colorhash,42,colour,quantisation,bit_llr,mad,2.492,0.048
0.39784192964824117,0.49237278391959804,0.003965368265648511,0.0,0.0,0.0,0.005,0.29208842443729904,0.3575618971061093,0.0,0.0,0.707911575562701,-1.0,0.0,0.196,0.4148743718592965,0.0023684083329305427,0.196,0.004680261712593724,20689,0.0068574937736685885,blended,0.005,colorhash,42,colour,quantisation,bit_em,mad,2.492,0.238
0.26625989949748746,0.7541727437185929,0.003458737708046284,0.0,0.0,0.192,0.005,0.30604220257234727,0.635728697749196,0.0,0.016,0.6939577974276527,-1.0,0.016,0.228,0.01815075376884422,0.059375,0.228,0.09421487603305785,960,0.003935562805872757,blended,0.005,colorhash,42,colour,quantisation,hamming_knn,mad,2.492,0.317
0.2780114572864322,0.4440461105527638,0.003693857734554972,0.0,0.0,0.0,0.005,0.2941298231511254,0.3674360932475884,0.0,0.0,0.7058701768488747,-1.0,0.0,0.104,0.26532663316582916,0.001965824890367458,0.104,0.00385871178391214,13226,0.006091260129439278,blended,0.005,colorhash,42,colour,quantisation,hamming_ball,mad,2.492,0.348
0.4681606834170854,0.4788084824120603,0.004532038134557022,0.0,0.0,0.0,0.005,0.537097266881029,0.5069525723472669,0.028,0.008,0.537097266881029,1.0,0.028,0.0,0.006934673366834171,0.0,0.0,0.0,345,0.0050347397039573055,blended,0.005,colorhash,42,colour,quantisation,hash_spectral,mad,2.492,0.04
0.7119094673366835,0.6215981105527639,0.025600726208115904,0.048,0.108,0.048,0.005,0.7067098070739549,0.639915996784566,0.048,0.048,0.7067098070739549,1.0,0.048,0.016,0.0008844221105527638,0.08333333333333333,0.016,0.026845637583892617,48,0.0049247277386290835,blended,0.005,colorhash,42,colour,quantisation,hash_stability,mad,2.492,0.024
0.48726906532663317,0.41486681407035175,0.004491966541495662,0.0,0.012,0.008,0.005,0.4859646302250804,0.4075265273311897,0.0,0.004,0.5140353697749196,-1.0,0.012,0.0,0.0003819095477386935,0.0,0.0,0.0,19,0.005001900722274464,blended,0.005,rhash8,64,residual,zero,bit_llr,mad,0.509,0.056
0.44735372864321604,0.4429457688442211,0.004421929108396302,0.0,0.008,0.0,0.005,0.4250506430868167,0.3646237942122187,0.004,0.004,0.5749493569131833,-1.0,0.008,0.12,0.09079396984924623,0.006597756762700682,0.12,0.012507817385866166,4547,0.0048401645655952305,blended,0.005,rhash8,64,residual,zero,bit_em,mad,0.509,0.296
0.4335784120603015,0.4564771457286432,0.0042552574184720506,0.008,0.016,0.008,0.005,0.41249316720257234,0.45424035369774923,0.004,0.004,0.5875068327974277,-1.0,0.008,0.004,0.00564824120603015,0.0035460992907801418,0.004,0.0037593984962406013,282,0.005008246510318195,blended,0.005,rhash8,64,residual,zero,hamming_knn,mad,0.509,0.445
0.4311203618090452,0.4172474773869347,0.004159880575634999,0.0,0.024,0.0,0.005,0.40336374598070734,0.42875442122186497,0.0,0.0,0.5966362540192927,-1.0,0.008,0.004,0.015557788944723618,0.0012903225806451613,0.004,0.001951219512195122,775,0.005058405281868969,blended,0.005,rhash8,64,residual,zero,hamming_ball,mad,0.509,0.447
0.49583690452261303,0.42488808040201004,0.005178055601707624,0.008,0.016,0.008,0.005,0.38772829581993573,0.45021543408360126,0.004,0.004,0.6122717041800643,-1.0,0.004,0.016,0.018974874371859296,0.004219409282700422,0.016,0.00667779632721202,948,0.005015086031150615,blended,0.005,rhash8,64,residual,zero,block_collision,mad,0.509,0.151
0.42986810050251256,0.46699461306532664,0.004284603936831137,0.008,0.036,0.008,0.005,0.42215474276527326,0.4660478295819936,0.004,0.004,0.5778452572347268,-1.0,0.016,0.004,0.007979899497487437,0.002512562814070352,0.004,0.0030864197530864196,398,0.005019958872626104,blended,0.005,rhash8,64,residual,zero,hash_spectral,mad,0.509,0.045
0.6970789949748744,0.5208457889447236,0.009901140229106396,0.02,0.108,0.008,0.005,0.7098954983922829,0.5801113344051447,0.04,0.02,0.7098954983922829,1.0,0.04,0.0,0.0014271356783919597,0.0,0.0,0.0,71,0.005007110096336798,blended,0.005,rhash8,64,residual,zero,hash_stability,mad,0.509,0.028
0.7002482814070352,0.5664779899497487,0.011052809164280255,0.024,0.168,0.008,0.005,0.702934887459807,0.568766077170418,0.008,0.004,0.702934887459807,1.0,0.008,0.0,0.0020301507537688443,0.0,0.0,0.0,101,0.005010120443295457,blended,0.005,rhash16,256,residual,zero,bit_llr,mad,0.597,0.092
0.46319348743718597,0.3241756783919598,0.004432864607084129,0.0,0.0,0.0,0.005,0.5579172025723472,0.30855385852090034,0.0,0.0,0.5579172025723472,1.0,0.0,0.0,0.11137688442211055,0.0,0.0,0.0,5541,0.005623158415618884,blended,0.005,rhash16,256,residual,zero,bit_em,mad,0.597,0.9
0.682558552763819,0.6031591557788946,0.016982284969686838,0.096,0.248,0.096,0.005,0.6865651125401928,0.6172403536977492,0.148,0.148,0.6865651125401928,1.0,0.148,0.112,0.013487437185929648,0.04005722460658083,0.112,0.059009483667017915,699,0.004502951258595161,blended,0.005,rhash16,256,residual,zero,hamming_knn,mad,0.597,0.465
0.6763924020100504,0.6277786934673366,0.01263599817930524,0.044,0.2,0.044,0.005,0.6629738745980708,0.5988826366559487,0.024,0.024,0.6629738745980708,1.0,0.024,0.16,0.0352964824120603,0.022271714922048998,0.16,0.039100684261974585,1796,0.0043564849390092105,blended,0.005,rhash16,256,residual,zero,hamming_ball,mad,0.597,0.461
0.4954441005025126,0.5473895879396985,0.005220973624369476,0.0,0.044,0.0,0.005,0.4453215434083601,0.5067174437299035,0.012,0.012,0.5546784565916398,-1.0,0.012,0.06,0.0805427135678392,0.0037294878170064643,0.06,0.007022471910112359,4022,0.005111140110487624,blended,0.005,rhash16,256,residual,zero,block_collision,mad,0.597,0.705
0.33351991959799,0.4384750954773869,0.0033810928760074992,0.0,0.012,0.0,0.005,0.3230184887459807,0.43649196141479096,0.004,0.004,0.6769815112540193,-1.0,0.008,0.0,0.015798994974874372,0.0,0.0,0.0,786,0.005079855325720323,blended,0.005,rhash16,256,residual,zero,hash_spectral,mad,0.597,0.055
0.7076479195979899,0.5222573668341709,0.00983711448183097,0.012,0.12,0.008,0.005,0.707181270096463,0.5127467845659164,0.012,0.008,0.707181270096463,1.0,0.012,0.008,0.005366834170854272,0.007434944237918215,0.008,0.007707129094412331,269,0.004986829140777383,blended,0.005,rhash16,256,residual,zero,hash_stability,mad,0.597,0.03
0.7953865326633165,0.6290162814070351,0.013041104225512558,0.004,0.12,0.0,0.005,0.7949662379421222,0.6368737942122186,0.012,0.004,0.7949662379421222,1.0,0.012,0.0,0.0027738693467336682,0.0,0.0,0.0,138,0.005013838193413822,blended,0.005,rhash32,1024,residual,zero,bit_llr,mad,0.47,0.249
0.1404627537688442,0.48192667336683426,0.004614141990751392,0.0,0.0,0.0,0.005,0.18813826366559488,0.3151800643086816,0.0,0.0,0.8118617363344052,-1.0,0.0,0.02,0.3717185929648241,0.0002702994918369553,0.02,0.0005333902282910177,18498,0.0077772839819693984,blended,0.005,rhash32,1024,residual,zero,bit_em,mad,0.47,4.088
0.9747227738693468,0.9706649648241207,0.1368579170267401,0.436,0.884,0.436,0.005,0.9906563504823152,0.9868171221864952,0.856,0.856,0.9906563504823152,1.0,0.856,0.828,0.03543718592964824,0.1050761421319797,0.828,0.1864864864864865,1970,0.0008952737872163231,blended,0.005,rhash32,1024,residual,zero,hamming_knn,mad,0.47,0.556
0.9713801407035175,0.9691318994974876,0.09944025056488225,0.004,0.908,0.004,0.005,0.9680924437299036,0.9655546623794213,0.004,0.004,0.9680924437299036,1.0,0.004,0.964,0.0910753768844221,0.05050293378038558,0.964,0.09597769812823577,4772,0.00019899177500663307,blended,0.005,rhash32,1024,residual,zero,hamming_ball,mad,0.47,0.547
0.4288670552763819,0.3600182110552763,0.004426383751148908,0.0,0.0,0.0,0.005,0.42188022508038586,0.35163303858520906,0.0,0.0,0.5781197749196141,-1.0,0.024,0.0,0.024964824120603014,0.0,0.0,0.0,1242,0.005127363714672464,blended,0.005,rhash32,1024,residual,zero,block_collision,mad,0.47,3.203
0.5811697688442211,0.36841680402010046,0.005433646218252578,0.0,0.008,0.0,0.005,0.5869774919614148,0.36557877813504824,0.008,0.008,0.5869774919614148,1.0,0.008,0.0,0.028381909547738695,0.0,0.0,0.0,1412,0.005145303367086523,blended,0.005,rhash32,1024,residual,zero,hash_spectral,mad,0.47,0.193
0.8009311356783919,0.626339336683417,0.015489108427944409,0.036,0.188,0.012,0.005,0.8111326366559485,0.6361997588424438,0.052,0.012,0.8111326366559485,1.0,0.052,0.004,0.0055678391959799,0.0035971223021582736,0.004,0.003787878787878788,278,0.005007843610474237,blended,0.005,rhash32,1024,residual,zero,hash_stability,mad,0.47,0.033
0.8053608844221105,0.67552,0.023801596571943955,0.088,0.312,0.056,0.005,0.8136366559485531,0.6838641479099677,0.088,0.056,0.8136366559485531,1.0,0.088,0.0,0.002150753768844221,0.0,0.0,0.0,107,0.005010722947106808,blended,0.005,rhash_rgb,768,residual,zero,bit_llr,mad,1.639,0.191
0.14516152763819093,0.5071013467336684,0.003081164572410976,0.0,0.0,0.0,0.005,0.31069493569131834,0.6571555466237943,0.0,0.0,0.6893050643086817,-1.0,0.0,0.0,0.26249246231155776,0.0,0.0,0.0,13059,0.006767548252619041,blended,0.005,rhash_rgb,768,residual,zero,bit_em,mad,1.639,2.973
0.9124487236180905,0.8619811055276381,0.10187268294981315,0.364,0.66,0.364,0.005,0.9196672025723471,0.8721390675241159,0.5,0.5,0.9196672025723471,1.0,0.5,0.448,0.013989949748743718,0.13861386138613863,0.448,0.21172022684310018,808,0.002805334200683038,blended,0.005,rhash_rgb,768,residual,zero,hamming_knn,mad,1.639,0.526
0.9132071557788946,0.8842935879396985,0.10570126204784377,0.364,0.696,0.364,0.005,0.9074260450160772,0.8779738745980707,0.336,0.336,0.9074260450160772,1.0,0.336,0.62,0.0381105527638191,0.07557289127254997,0.62,0.13472403302911778,2051,0.001981271767920082,blended,0.005,rhash_rgb,768,residual,zero,hamming_ball,mad,1.639,0.514
0.601686633165829,0.5090128643216081,0.00626993753690025,0.0,0.0,0.0,0.005,0.5541217845659164,0.5215309485530547,0.008,0.008,0.5541217845659164,1.0,0.008,0.0,0.05907537688442211,0.0,0.0,0.0,2939,0.005312254308238244,blended,0.005,rhash_rgb,768,residual,zero,block_collision,mad,1.639,2.076
0.3456338492462312,0.47537704522613067,0.0034510691067432715,0.0,0.012,0.0,0.005,0.3393609324758842,0.47442041800643087,0.004,0.004,0.6606390675241158,-1.0,0.004,0.004,0.018391959798994974,0.001091703056768559,0.004,0.0017152658662092624,916,0.005072936191019476,blended,0.005,rhash_rgb,768,residual,zero,hash_spectral,mad,1.639,0.113
0.7630056281407034,0.5770874773869348,0.011338603919997713,0.012,0.112,0.008,0.005,0.7846844855305465,0.5976796623794212,0.02,0.012,0.7846844855305465,1.0,0.02,0.004,0.0061909547738693465,0.003236245954692557,0.004,0.0035778175313059034,309,0.005010967780885875,blended,0.005,rhash_rgb,768,residual,zero,hash_stability,mad,1.639,0.033
0.23476856281407038,0.5984966834170854,0.002968680447502681,0.0,0.0,0.012,0.005,0.22020819935691316,0.6193741961414791,0.0,0.02,0.7797918006430868,-1.0,0.02,0.0,0.0006633165829145729,0.0,0.0,0.0,33,0.00500330217943843,blended,0.005,rhash_energy,256,residual,mean,bit_llr,mad,0.608,0.091
0.29687252261306535,0.46652655276381916,0.005174400662344921,0.0,0.08,0.0,0.005,0.2462700964630225,0.3291028938906752,0.0,0.0,0.7537299035369776,-1.0,0.0,0.1,0.19091457286432162,0.0026252231439672373,0.1,0.005116136293870869,9523,0.005558712355164661,blended,0.005,rhash_energy,256,residual,mean,bit_em,mad,0.608,0.89
0.18897290452261306,0.6322345326633166,0.002815578829997979,0.0,0.0,0.0,0.005,0.18527612540192925,0.6519895498392284,0.0,0.056,0.8147238745980707,-1.0,0.08,0.0,0.0005628140703517588,0.0,0.0,0.0,28,0.005002801568878572,blended,0.005,rhash_energy,256,residual,mean,hamming_knn,mad,0.608,0.436
0.4742036582914573,0.18260984924623114,0.00600048611690645,0.0,0.0,0.0,0.005,0.338508038585209,0.338508038585209,0.0,0.0,0.6614919614147909,-1.0,0.0,0.0,0.15258291457286433,0.0,0.0,0.0,7591,0.00589497512320498,blended,0.005,rhash_energy,256,residual,mean,hamming_ball,mad,0.608,0.426
0.3182670150753769,0.5419143718592965,0.003667117975744788,0.0,0.0,0.0,0.005,0.26765675241157566,0.7323432475884244,0.0,0.12,0.7323432475884244,-1.0,0.12,0.268,0.1460502512562814,0.009136778944497477,0.268,0.01767110642226032,7333,0.004289028991961001,blended,0.005,rhash_energy,256,residual,mean,block_collision,mad,0.608,0.704
0.41143513567839196,0.478129567839196,0.0041038600060803575,0.02,0.032,0.02,0.005,0.4102106109324759,0.472346463022508,0.008,0.008,0.5897893890675241,-1.0,0.012,0.0,0.0019095477386934674,0.0,0.0,0.0,95,0.0050095180843602845,blended,0.005,rhash_energy,256,residual,mean,hash_spectral,mad,0.608,0.055
0.3878945929648241,0.5373513969849247,0.0038016221852801356,0.0,0.008,0.024,0.005,0.4057343247588424,0.5317958199356914,0.0,0.008,0.5942656752411576,-1.0,0.008,0.012,0.003557788944723618,0.016666666666666666,0.012,0.013953488372093023,180,0.004957848253713368,blended,0.005,rhash_energy,256,residual,mean,hash_stability,mad,0.608,0.032
0.7014250452261305,0.5663478190954775,0.011199181632908298,0.024,0.168,0.008,0.005,0.7027234726688103,0.5674035369774919,0.008,0.004,0.7027234726688103,1.0,0.008,0.0,0.0022512562814070354,0.0,0.0,0.0,112,0.0050112251443232845,blended,0.005,ahash_res,256,residual,mean,bit_llr,mad,0.594,0.092
0.5574890854271357,0.4796229547738694,0.005342340094153254,0.0,0.0,0.0,0.005,0.5663002411575563,0.44788545016077175,0.0,0.0,0.5663002411575563,1.0,0.0,0.0,0.11187939698492462,0.0,0.0,0.0,5566,0.005626322185713643,blended,0.005,ahash_res,256,residual,mean,bit_em,mad,0.594,0.899
0.6765303718592964,0.6018747738693467,0.016418558212231225,0.088,0.248,0.088,0.005,0.6834352893890675,0.6137536173633442,0.136,0.136,0.6834352893890675,1.0,0.136,0.104,0.014090452261306532,0.03576341127922971,0.104,0.05322415557830092,727,0.004546100298337832,blended,0.005,ahash_res,256,residual,mean,hamming_knn,mad,0.594,0.468
0.6789622914572865,0.6381699698492462,0.01320822511641425,0.052,0.196,0.052,0.005,0.6581531350482315,0.5970016077170418,0.024,0.024,0.6581531350482315,1.0,0.024,0.16,0.032603015075376884,0.024067388688327317,0.16,0.04184100418410042,1662,0.004344408126111961,blended,0.005,ahash_res,256,residual,mean,hamming_ball,mad,0.594,0.473
0.49408076381909544,0.5475708944723618,0.0051986314049414116,0.0,0.044,0.0,0.005,0.441592845659164,0.505036575562701,0.012,0.012,0.558407154340836,-1.0,0.012,0.06,0.08213065326633166,0.0036576444769568397,0.06,0.006894966674327741,4101,0.005119937253534935,blended,0.005,ahash_res,256,residual,mean,block_collision,mad,0.594,0.706
0.3308238391959799,0.43828124623115583,0.003367087276780486,0.0,0.012,0.0,0.005,0.32036414790996787,0.437766077170418,0.0,0.0,0.6796358520900321,-1.0,0.008,0.0,0.015919597989949748,0.0,0.0,0.0,792,0.005080474719557796,blended,0.005,ahash_res,256,residual,mean,hash_spectral,mad,0.594,0.054
0.7101327839195981,0.5251406633165829,0.009949872608431885,0.012,0.12,0.008,0.005,0.7040602893890676,0.5148601286173634,0.012,0.008,0.7040602893890676,1.0,0.012,0.008,0.0049045226130653265,0.008130081300813009,0.008,0.008064516129032258,246,0.004984523857378301,blended,0.005,ahash_res,256,residual,mean,hash_stability,mad,0.594,0.03
0.32468337373737377,0.5756225454545454,0.0066443908512639665,0.0,0.0,0.018,0.01,0.36106464646464653,0.5535692929292929,0.004,0.018,0.6389353535353535,-1.0,0.018,0.0,0.0009494949494949495,0.0,0.0,0.0,47,0.010009408844313655,blended,0.01,ahash,64,spatial,mean,bit_llr,mad,0.144,0.056
0.6520616161616162,0.5164047070707071,0.033436659833354566,0.0,0.388,0.0,0.01,0.42644787878787876,0.44960828282828286,0.0,0.0,0.5735521212121213,-1.0,0.0,0.39,0.37624242424242427,0.010361868324565598,0.39,0.02018738029918733,18819,0.00978159776787146,blended,0.01,ahash,64,spatial,mean,bit_em,mad,0.144,0.29
0.3688404444444444,0.5361936565656565,0.00738609440148585,0.002,0.028,0.004,0.01,0.34337636363636365,0.5290274747474748,0.002,0.006,0.6566236363636364,-1.0,0.03,0.0,0.0,0.0,0.0,0.0,0,0.01,blended,0.01,ahash,64,spatial,mean,hamming_knn,mad,0.144,0.445
0.33497286868686865,0.4727679393939394,0.00922340209844444,0.016,0.048,0.016,0.01,0.39199414141414135,0.4401008080808081,0.002,0.002,0.6080058585858586,-1.0,0.002,0.092,0.16333333333333333,0.005657360718238839,0.092,0.010659251535163944,8131,0.010843344718049153,blended,0.01,ahash,64,spatial,mean,hamming_ball,mad,0.144,0.439
0.37996874747474746,0.48599888888888887,0.008389157139105064,0.0,0.0,0.0,0.01,0.36116868686868686,0.49871191919191926,0.0,0.0,0.6388313131313131,-1.0,0.018,0.116,0.10767676767676768,0.010764662212323682,0.116,0.01970108695652174,5388,0.009907648166412625,blended,0.01,ahash,64,spatial,mean,block_collision,mad,0.144,0.157
0.5156216565656566,0.46529183838383836,0.010280891855173046,0.006,0.062,0.006,0.01,0.49243434343434345,0.4646941414141414,0.006,0.006,0.5075656565656566,-1.0,0.006,0.0,0.0008686868686868687,0.0,0.0,0.0,43,0.010008607402366036,blended,0.01,ahash,64,spatial,mean,hash_spectral,mad,0.144,0.045
0.41439258585858585,0.5231893131313131,0.008149599207098079,0.004,0.022,0.004,0.01,0.4141012121212121,0.5155264646464647,0.014,0.008,0.5858987878787879,-1.0,0.014,0.0,0.0005858585858585859,0.0,0.0,0.0,29,0.010005803365952252,blended,0.01,ahash,64,spatial,mean,hash_stability,mad,0.144,0.029
0.3484030909090909,0.5879290707070708,0.006994050957966113,0.0,0.0,0.0,0.01,0.38864828282828284,0.5833953535353535,0.006,0.022,0.6113517171717171,-1.0,0.022,0.0,0.0012727272727272728,0.0,0.0,0.0,63,0.010012615896028997,blended,0.01,ahash4,16,spatial,mean,bit_llr,mad,0.133,0.047
0.6483167272727273,0.5932239393939394,0.03301294947189471,0.026,0.416,0.0,0.01,0.42809878787878786,0.46861838383838383,0.0,0.0,0.5719012121212121,-1.0,0.0,0.368,0.1554747474747475,0.023350253807106598,0.368,0.043914081145584725,7880,0.007502374169040836,blended,0.01,ahash4,16,spatial,mean,bit_em,mad,0.133,0.147
0.41007723232323234,0.5592673131313131,0.008934719550543712,0.0,0.05,0.018,0.01,0.3743975757575758,0.5272723232323232,0.0,0.028,0.6256024242424242,-1.0,0.028,0.0,0.0,0.0,0.0,0.0,0,0.01,blended,0.01,ahash4,16,spatial,mean,hamming_knn,mad,0.133,0.404
0.3867617373737374,0.45688353535353543,0.009786736245859734,0.0,0.05,0.0,0.01,0.4155793939393939,0.4514078787878788,0.0,0.0,0.5844206060606061,-1.0,0.0,0.096,0.11806060606060606,0.008146639511201629,0.096,0.015018773466833541,5892,0.010247574136211118,blended,0.01,ahash4,16,spatial,mean,hamming_ball,mad,0.133,0.403
0.41026274747474745,0.4869387070707071,0.009159228422253342,0.018,0.018,0.018,0.01,0.3927688888888889,0.45526464646464654,0.0,0.0,0.607231111111111,-1.0,0.0,0.162,0.18951515151515153,0.008560558021559923,0.162,0.016261794820317206,9462,0.010335981054812768,blended,0.01,ahash4,16,spatial,mean,block_collision,mad,0.133,0.04
0.5114984444444445,0.4820015151515151,0.01059845079878262,0.0,0.064,0.0,0.01,0.49892949494949496,0.48194929292929295,0.0,0.0,0.5010705050505051,-1.0,0.006,0.0,0.0022424242424242424,0.0,0.0,0.0,111,0.010022249393653912,blended,0.01,ahash4,16,spatial,mean,hash_spectral,mad,0.133,0.042
0.46524177777777775,0.3646960404040404,0.008975937171882945,0.0,0.0,0.0,0.01,0.44010565656565653,0.48163656565656565,0.002,0.002,0.5598943434343435,-1.0,0.002,0.0,0.0025252525252525255,0.0,0.0,0.0,125,0.010025062656641603,blended,0.01,ahash4,16,spatial,mean,hash_stability,mad,0.133,0.025
0.314596,0.573518404040404,0.006531519640178168,0.0,0.0,0.018,0.01,0.3515656565656566,0.5515412121212121,0.004,0.012,0.6484343434343434,-1.0,0.012,0.0,0.0006262626262626262,0.0,0.0,0.0,31,0.010006203846384759,blended,0.01,ahash16,256,spatial,mean,bit_llr,mad,0.195,0.091
0.4291866666666667,0.36925507070707064,0.011252785817149722,0.0,0.0,0.0,0.01,0.3921529292929293,0.6078470707070707,0.0,0.0,0.6078470707070707,-1.0,0.0,0.0,0.29523232323232323,0.0,0.0,0.0,14614,0.014129881874187532,blended,0.01,ahash16,256,spatial,mean,bit_em,mad,0.195,0.877
0.326553797979798,0.5681421212121212,0.00679309659830676,0.0,0.018,0.002,0.01,0.31037777777777775,0.5667387878787878,0.002,0.014,0.6896222222222222,-1.0,0.05,0.0,0.0,0.0,0.0,0.0,0,0.01,blended,0.01,ahash16,256,spatial,mean,hamming_knn,mad,0.195,0.471
0.47460298989898986,0.241082303030303,0.010843909694470114,0.0,0.0,0.0,0.01,0.40815555555555555,0.40815555555555555,0.002,0.002,0.5918444444444444,-1.0,0.002,0.012,0.1405050505050505,0.00086194512282718,0.012,0.0016083634901487736,6961,0.011477961848555962,blended,0.01,ahash16,256,spatial,mean,hamming_ball,mad,0.195,0.461
0.2441109090909091,0.807849494949495,0.0071834785585192535,0.0,0.0,0.206,0.01,0.360130101010101,0.6452331313131313,0.0,0.042,0.639869898989899,-1.0,0.042,0.636,0.08496969696969697,0.07029177718832891,0.636,0.1265923566878981,4524,0.004002111003606298,blended,0.01,ahash16,256,spatial,mean,block_collision,mad,0.195,0.699
0.5069337373737374,0.4687560202020202,0.009961413767246319,0.004,0.048,0.004,0.01,0.47878868686868686,0.46613333333333334,0.004,0.004,0.5212113131313132,-1.0,0.014,0.0,0.0006262626262626262,0.0,0.0,0.0,31,0.010006203846384759,blended,0.01,ahash16,256,spatial,mean,hash_spectral,mad,0.195,0.054
0.5116095151515152,0.5218479393939394,0.010929033172836725,0.01,0.06,0.014,0.01,0.5084436363636362,0.5146745454545455,0.008,0.006,0.5084436363636362,1.0,0.008,0.004,0.0012323232323232323,0.031746031746031744,0.004,0.007104795737122558,63,0.009972565432444881,blended,0.01,ahash16,256,spatial,mean,hash_stability,mad,0.195,0.032
0.3147863232323232,0.5655131919191919,0.006529078675279335,0.0,0.0,0.01,0.01,0.3492173737373737,0.5443753535353535,0.004,0.008,0.6507826262626263,-1.0,0.008,0.0,0.0005656565656565656,0.0,0.0,0.0,28,0.010005603137757144,blended,0.01,ahash32,1024,spatial,mean,bit_llr,mad,0.35,0.239
0.33966804040404036,0.5454457777777778,0.009685861369212337,0.0,0.0,0.0,0.01,0.3934729292929293,0.6065270707070707,0.0,0.0,0.6065270707070707,-1.0,0.0,0.0,0.198989898989899,0.0,0.0,0.0,9850,0.012453300124533,blended,0.01,ahash32,1024,spatial,mean,bit_em,mad,0.35,4.059
0.30709901010101004,0.5777008888888889,0.006534953251437741,0.0,0.012,0.004,0.01,0.2904832323232323,0.5797315151515152,0.004,0.028,0.7095167676767677,-1.0,0.062,0.0,0.0,0.0,0.0,0.0,0,0.01,blended,0.01,ahash32,1024,spatial,mean,hamming_knn,mad,0.35,0.586
0.4837968282828283,0.24180216161616155,0.011084920438564561,0.0,0.0,0.0,0.01,0.3960620202020202,0.3960620202020202,0.002,0.002,0.6039379797979798,-1.0,0.002,0.012,0.14193939393939395,0.0008532423208191126,0.012,0.0015932023366967605,7032,0.0114969279463787,blended,0.01,ahash32,1024,spatial,mean,hamming_ball,mad,0.35,0.549
0.37570123232323227,0.4204164646464647,0.00816279317770457,0.0,0.0,0.0,0.01,0.37828,0.6217199999999999,0.0,0.032,0.62172,-1.0,0.032,0.004,0.1367878787878788,0.0002952901225454009,0.004,0.0005499793757734085,6773,0.011520577416892221,blended,0.01,ahash32,1024,spatial,mean,block_collision,mad,0.35,2.923
0.5058608484848485,0.4643918383838384,0.009852717770057574,0.004,0.042,0.004,0.01,0.4764060606060606,0.4602969696969697,0.004,0.004,0.5235939393939394,-1.0,0.006,0.0,0.00048484848484848484,0.0,0.0,0.0,24,0.01000480230510645,blended,0.01,ahash32,1024,spatial,mean,hash_spectral,mad,0.35,0.191
0.5311659595959596,0.5213192525252525,0.0113538674973879,0.008,0.06,0.01,0.01,0.5241167676767677,0.5160755555555555,0.008,0.008,0.5241167676767677,1.0,0.008,0.004,0.0017373737373737373,0.022727272727272728,0.004,0.006802721088435374,88,0.009977560506491425,blended,0.01,ahash32,1024,spatial,mean,hash_stability,mad,0.35,0.036
0.39008446464646473,0.5237634141414141,0.007457953940301482,0.0,0.012,0.0,0.01,0.38703818181818184,0.525310505050505,0.006,0.018,0.6129618181818182,-1.0,0.018,0.0,0.0013737373737373738,0.0,0.0,0.0,68,0.010013618521188816,blended,0.01,mhash,64,spatial,median,bit_llr,mad,0.17,0.056
0.39184107070707075,0.5544006060606059,0.00886578649680344,0.0,0.0,0.0,0.01,0.412109898989899,0.5641620202020201,0.0,0.0,0.587890101010101,-1.0,0.0,0.602,0.3733131313131313,0.016027689030883918,0.602,0.031224066390041494,18780,0.006374119154388212,blended,0.01,mhash,64,spatial,median,bit_em,mad,0.17,0.291
0.3915221616161616,0.518032202020202,0.007847601347448645,0.004,0.034,0.004,0.01,0.36250000000000004,0.5061919191919192,0.0,0.0,0.6375,-1.0,0.026,0.0,0.0003636363636363636,0.0,0.0,0.0,18,0.010003601296466729,blended,0.01,mhash,64,spatial,median,hamming_knn,mad,0.17,0.449
0.5009212727272728,0.1621080202020202,0.012297960555592055,0.0,0.0,0.0,0.01,0.41916060606060607,0.41916060606060607,0.0,0.0,0.5808393939393939,-1.0,0.0,0.01,0.15765656565656566,0.0006402868485081316,0.01,0.0012035142616440004,7809,0.011732359981986679,blended,0.01,mhash,64,spatial,median,hamming_ball,mad,0.17,0.44
0.3923221818181818,0.452798707070707,0.007969317379575867,0.0,0.02,0.0,0.01,0.3654109090909091,0.4566414141414141,0.0,0.0,0.6345890909090909,-1.0,0.016,0.106,0.10262626262626262,0.010325345801675434,0.106,0.018817681519616547,5133,0.009962778879800299,blended,0.01,mhash,64,spatial,median,block_collision,mad,0.17,0.158
0.47463024242424245,0.4707469292929293,0.009112861799009704,0.004,0.036,0.004,0.01,0.4663044444444444,0.4772478787878788,0.008,0.008,0.5336955555555556,-1.0,0.008,0.0,0.00032323232323232324,0.0,0.0,0.0,16,0.010003201024327784,blended,0.01,mhash,64,spatial,median,hash_spectral,mad,0.17,0.045
0.425587898989899,0.5227687474747476,0.0083885617596947,0.004,0.028,0.004,0.01,0.42394343434343423,0.5118777777777778,0.006,0.006,0.5760565656565657,-1.0,0.01,0.0,0.002101010101010101,0.0,0.0,0.0,104,0.010020843354176688,blended,0.01,mhash,64,spatial,median,hash_stability,mad,0.17,0.027
0.31015987878787876,0.6001390101010101,0.006510252176278593,0.0,0.002,0.052,0.01,0.3326953535353535,0.5898462626262626,0.004,0.036,0.6673046464646465,-1.0,0.036,0.0,0.0014343434343434343,0.0,0.0,0.0,71,0.010014220192673597,blended,0.01,ahash_rgb,192,spatial,mean,bit_llr,mad,0.375,0.079
0.6604671111111111,0.5425045858585859,0.03703224295558678,0.0,0.386,0.0,0.01,0.4487610101010101,0.4466074747474748,0.0,0.0,0.5512389898989899,-1.0,0.0,0.416,0.3929292929292929,0.010580933970902432,0.416,0.02063696795316996,19658,0.00962362401951091,blended,0.01,ahash_rgb,192,spatial,mean,bit_em,mad,0.375,0.65
0.3644607474747475,0.5306760202020202,0.007263462715450528,0.0,0.028,0.0,0.01,0.347379797979798,0.5300147474747474,0.002,0.004,0.652620202020202,-1.0,0.03,0.0,0.0,0.0,0.0,0.0,0,0.01,blended,0.01,ahash_rgb,192,spatial,mean,hamming_knn,mad,0.375,0.465
0.5360214141414141,0.189025898989899,0.012608096633873073,0.0,0.0,0.0,0.01,0.41428282828282825,0.41428282828282825,0.002,0.002,0.5857171717171717,-1.0,0.002,0.014,0.15371717171717172,0.0009191176470588235,0.014,0.0017249876786594382,7616,0.011631747829369573,blended,0.01,ahash_rgb,192,spatial,mean,hamming_ball,mad,0.375,0.459
0.4251173737373738,0.4821583434343434,0.008776971650772899,0.0,0.0,0.0,0.01,0.3547133333333333,0.4868814141414141,0.0,0.0,0.6452866666666667,-1.0,0.05,0.0,0.03903030303030303,0.0,0.0,0.0,1932,0.010401930598319047,blended,0.01,ahash_rgb,192,spatial,mean,block_collision,mad,0.375,0.408
0.5001401212121213,0.4927264040404041,0.010116686973909272,0.01,0.05,0.01,0.01,0.4834,0.4971672727272728,0.012,0.012,0.5166,-1.0,0.012,0.0,0.0010303030303030303,0.0,0.0,0.0,51,0.010010210414622916,blended,0.01,ahash_rgb,192,spatial,mean,hash_spectral,mad,0.375,0.051
0.4006584646464646,0.5191874343434343,0.007783709482864628,0.004,0.016,0.006,0.01,0.4040848484848485,0.5206757575757576,0.012,0.012,0.5959151515151515,-1.0,0.012,0.0,0.0007070707070707071,0.0,0.0,0.0,35,0.010007004903432403,blended,0.01,ahash_rgb,192,spatial,mean,hash_stability,mad,0.375,0.032
0.37504737373737373,0.4917188484848485,0.007243539747875283,0.004,0.016,0.012,0.01,0.3530460606060606,0.49062828282828286,0.002,0.01,0.6469539393939394,-1.0,0.026,0.0,2.0202020202020203e-05,0.0,0.0,0.0,1,0.01000020000400008,blended,0.01,dhash,64,spatial,pairwise,bit_llr,mad,0.146,0.056
0.5700514545454545,0.5693177777777778,0.014443018707057687,0.0,0.0,0.0,0.01,0.494750505050505,0.4750983838383838,0.0,0.0,0.505249494949495,-1.0,0.0,0.262,0.10642424242424242,0.02426375254676792,0.262,0.04441430750974742,5399,0.0082733570996166,blended,0.01,dhash,64,spatial,pairwise,bit_em,mad,0.146,0.298
0.36719456565656566,0.48674745454545454,0.007262622506231251,0.0,0.012,0.0,0.01,0.3517589898989899,0.4868256565656566,0.0,0.0,0.6482410101010101,-1.0,0.02,0.0,0.012666666666666666,0.0,0.0,0.0,627,0.010126992485771575,blended,0.01,dhash,64,spatial,pairwise,hamming_knn,mad,0.146,0.449
0.38281791919191915,0.5032203434343435,0.008520058266672879,0.004,0.03,0.004,0.01,0.3602749494949494,0.44421151515151514,0.0,0.0,0.6397250505050506,-1.0,0.0,0.052,0.08935353535353535,0.005844009889862891,0.052,0.010507173166296221,4449,0.010405918640644551,blended,0.01,dhash,64,spatial,pairwise,hamming_ball,mad,0.146,0.443
0.3865084646464647,0.5468678787878788,0.008624497284679648,0.008,0.036,0.008,0.01,0.39182747474747476,0.42379212121212123,0.0,0.0,0.6081725252525252,-1.0,0.0,0.084,0.10890909090909091,0.007730535615681944,0.084,0.014158098769593798,5433,0.010276662104247537,blended,0.01,dhash,64,spatial,pairwise,block_collision,mad,0.146,0.152
0.4741132727272727,0.4865863434343434,0.009202722959145553,0.0,0.046,0.0,0.01,0.46609777777777783,0.48540585858585855,0.0,0.0,0.5339022222222222,-1.0,0.016,0.0,0.0018787878787878789,0.0,0.0,0.0,93,0.010018634660468472,blended,0.01,dhash,64,spatial,pairwise,hash_spectral,mad,0.146,0.045
0.5930455353535353,0.5272738585858586,0.014116470485231906,0.01,0.076,0.01,0.01,0.5853759595959596,0.5025458585858587,0.01,0.008,0.5853759595959596,1.0,0.01,0.0,0.0005656565656565656,0.0,0.0,0.0,28,0.010005603137757144,blended,0.01,dhash,64,spatial,pairwise,hash_stability,mad,0.146,0.026
0.4077631515151515,0.4996272727272728,0.0077388141782199354,0.002,0.014,0.006,0.01,0.39826626262626263,0.49573616161616163,0.0,0.01,0.6017337373737374,-1.0,0.018,0.0,0.0002626262626262626,0.0,0.0,0.0,13,0.010002600676175805,blended,0.01,dhash_v,64,spatial,pairwise,bit_llr,mad,0.137,0.056
0.6667428484848485,0.6190731111111112,0.03459938245136269,0.0,0.374,0.0,0.01,0.48375494949494957,0.4541191919191919,0.0,0.0,0.5162450505050504,-1.0,0.0,0.388,0.07393939393939394,0.05033731188375713,0.388,0.0891134588883785,3854,0.0066311272916395785,blended,0.01,dhash_v,64,spatial,pairwise,bit_em,mad,0.137,0.296
0.3177471717171717,0.5334693535353535,0.006655306266445484,0.0,0.008,0.0,0.01,0.30552666666666667,0.5338303030303031,0.0,0.0,0.6944733333333333,-1.0,0.046,0.0,0.0022828282828282827,0.0,0.0,0.0,113,0.010022651191693226,blended,0.01,dhash_v,64,spatial,pairwise,hamming_knn,mad,0.137,0.449
0.3353280202020202,0.4534371313131314,0.00790643879950457,0.0,0.012,0.0,0.01,0.3280121212121212,0.415079797979798,0.002,0.002,0.6719878787878788,-1.0,0.002,0.034,0.10822222222222222,0.0031633792333457386,0.034,0.005788219271365339,5374,0.010823286873123292,blended,0.01,dhash_v,64,spatial,pairwise,hamming_ball,mad,0.137,0.444
0.36557549494949493,0.4370846464646465,0.007427784219479152,0.0,0.0,0.0,0.01,0.3451311111111111,0.458360606060606,0.0,0.0,0.654868888888889,-1.0,0.0,0.054,0.14365656565656565,0.003782572149061362,0.054,0.007069913589945012,7138,0.011035415986188232,blended,0.01,dhash_v,64,spatial,pairwise,block_collision,mad,0.137,0.155
0.4028128282828283,0.4643946262626263,0.007586673496703042,0.0,0.002,0.0,0.01,0.4062086868686869,0.4643509090909091,0.002,0.002,0.5937913131313131,-1.0,0.016,0.0,0.0005454545454545455,0.0,0.0,0.0,27,0.010005402917575491,blended,0.01,dhash_v,64,spatial,pairwise,hash_spectral,mad,0.137,0.045
0.6178954343434344,0.46090563636363635,0.014394215799126142,0.002,0.072,0.002,0.01,0.6159151515151515,0.5199230303030303,0.006,0.002,0.6159151515151515,1.0,0.006,0.0,0.00034343434343434346,0.0,0.0,0.0,17,0.010003401156393173,blended,0.01,dhash_v,64,spatial,pairwise,hash_stability,mad,0.137,0.027
0.5044911515151516,0.4037823232323232,0.009231916769086223,0.0,0.016,0.0,0.01,0.49606424242424246,0.39680383838383837,0.0,0.0,0.5039357575757575,-1.0,0.002,0.0,0.0009292929292929292,0.0,0.0,0.0,46,0.01000920847179405,blended,0.01,dhash16,256,spatial,pairwise,bit_llr,mad,0.193,0.092
0.5653722828282828,0.5426443838383839,0.02315447416265372,0.0,0.282,0.0,0.01,0.443629292929293,0.4096361616161617,0.0,0.0,0.556370707070707,-1.0,0.0,0.394,0.269979797979798,0.014526952289654156,0.394,0.028020766659554795,13561,0.008315266609950876,blended,0.01,dhash16,256,spatial,pairwise,bit_em,mad,0.193,0.897
0.4145936767676768,0.431073696969697,0.007720498117611025,0.0,0.006,0.0,0.01,0.39250707070707064,0.4198612121212121,0.0,0.0,0.6074929292929294,-1.0,0.002,0.002,0.02608080808080808,0.0007739938080495357,0.002,0.0011160714285714285,1292,0.010244723659357805,blended,0.01,dhash16,256,spatial,pairwise,hamming_knn,mad,0.193,0.476
0.40391068686868686,0.4546468484848485,0.009224760746086347,0.002,0.02,0.002,0.01,0.3969436363636364,0.41987696969696975,0.0,0.0,0.6030563636363636,-1.0,0.0,0.068,0.1285050505050505,0.0053166536356528534,0.068,0.009862218999274837,6395,0.010686847838550624,blended,0.01,dhash16,256,spatial,pairwise,hamming_ball,mad,0.193,0.467
0.2946997575757576,0.43904058585858585,0.0066118151511286045,0.0,0.0,0.0,0.01,0.2849664646464647,0.3651050505050505,0.0,0.0,0.7150335353535353,-1.0,0.0,0.02,0.16755555555555557,0.0012042389210019267,0.02,0.002271694684234439,8304,0.011751726784343821,blended,0.01,dhash16,256,spatial,pairwise,block_collision,mad,0.193,0.712
0.416247494949495,0.4486689292929293,0.007754292158722233,0.0,0.008,0.0,0.01,0.40090383838383836,0.4444270707070707,0.0,0.0,0.5990961616161616,-1.0,0.016,0.0,0.010181818181818183,0.0,0.0,0.0,504,0.010101826410214967,blended,0.01,dhash16,256,spatial,pairwise,hash_spectral,mad,0.193,0.054
0.6783452929292929,0.49208646464646466,0.01725664646438499,0.012,0.094,0.0,0.01,0.7078010101010102,0.49460686868686865,0.04,0.0,0.7078010101010102,1.0,0.04,0.0,0.0030707070707070706,0.0,0.0,0.0,152,0.010030492697801315,blended,0.01,dhash16,256,spatial,pairwise,hash_stability,mad,0.193,0.045
0.3925886464646465,0.5035256161616162,0.007707390584733577,0.012,0.02,0.012,0.01,0.37078585858585855,0.503530505050505,0.008,0.01,0.6292141414141414,-1.0,0.012,0.0,0.00030303030303030303,0.0,0.0,0.0,15,0.01000300090027008,blended,0.01,blockhash,256,spatial,median,bit_llr,mad,0.379,0.092
0.476007797979798,0.34273676767676764,0.01018363689110903,0.0,0.0,0.0,0.01,0.4937254545454545,0.4967513131313131,0.0,0.0,0.5062745454545454,-1.0,0.0,0.0,0.24092929292929294,0.0,0.0,0.0,11926,0.013132321269107527,blended,0.01,blockhash,256,spatial,median,bit_em,mad,0.379,0.889
0.3343689292929293,0.5423575353535354,0.006978117181528039,0.008,0.016,0.01,0.01,0.32516545454545454,0.5491395959595959,0.004,0.004,0.6748345454545455,-1.0,0.048,0.002,0.001696969696969697,0.011764705882352941,0.002,0.003418803418803419,85,0.009996994891315236,blended,0.01,blockhash,256,spatial,median,hamming_knn,mad,0.379,0.471
0.3881848686868687,0.38803149494949496,0.008035059449498895,0.0,0.004,0.0,0.01,0.3372951515151515,0.4640244444444444,0.002,0.002,0.6627048484848486,-1.0,0.002,0.024,0.1334141414141414,0.0018137847642079807,0.024,0.003372681281618887,6616,0.011248386501936198,blended,0.01,blockhash,256,spatial,median,hamming_ball,mad,0.379,0.466
0.43176800000000004,0.45877244444444437,0.008630236127540804,0.0,0.0,0.0,0.01,0.39176404040404045,0.5044240404040404,0.0,0.032,0.6082359595959596,-1.0,0.032,0.0,0.029575757575757575,0.0,0.0,0.0,1464,0.01030163177847371,blended,0.01,blockhash,256,spatial,median,block_collision,mad,0.379,0.716
0.47746109090909095,0.4608648484848485,0.009428102492187503,0.01,0.046,0.01,0.01,0.4616808080808081,0.4526682828282828,0.002,0.002,0.5383191919191919,-1.0,0.01,0.002,0.0013535353535353534,0.014705882352941176,0.002,0.0035211267605633804,68,0.009993591284146439,blended,0.01,blockhash,256,spatial,median,hash_spectral,mad,0.379,0.055
0.5861686666666667,0.537726101010101,0.01436635701329152,0.014,0.076,0.008,0.01,0.5852644444444444,0.5335842424242424,0.018,0.012,0.5852644444444444,1.0,0.018,0.002,0.0018787878787878789,0.010638297872340425,0.002,0.003367003367003367,94,0.009998797739750731,blended,0.01,blockhash,256,spatial,median,hash_stability,mad,0.379,0.029
0.3783667070707071,0.48178743434343435,0.007227924858169553,0.0,0.01,0.004,0.01,0.35887434343434343,0.4784347474747475,0.0,0.01,0.6411256565656566,-1.0,0.01,0.0,0.00020202020202020202,0.0,0.0,0.0,10,0.010002000400080016,blended,0.01,phash,64,frequency,median,bit_llr,mad,0.553,0.057
0.30170789898989897,0.5428269292929293,0.006501223962009716,0.0,0.0,0.0,0.01,0.39268505050505054,0.5406280808080808,0.0,0.004,0.6073149494949495,-1.0,0.004,0.0,0.03961616161616162,0.0,0.0,0.0,1961,0.01040820999604488,blended,0.01,phash,64,frequency,median,bit_em,mad,0.553,0.297
0.29876385858585863,0.5284371515151516,0.006717960045515326,0.0,0.004,0.0,0.01,0.2728721212121213,0.544149696969697,0.0,0.0,0.7271278787878788,-1.0,0.022,0.0,0.007090909090909091,0.0,0.0,0.0,351,0.010070696287941348,blended,0.01,phash,64,frequency,median,hamming_knn,mad,0.553,0.432
0.3126064040404041,0.48952179797979795,0.006808335131027487,0.0,0.002,0.0,0.01,0.2751676767676768,0.48987131313131316,0.0,0.0,0.7248323232323233,-1.0,0.022,0.002,0.025373737373737375,0.0007955449482895784,0.002,0.0011383039271485487,1257,0.010237367416859856,blended,0.01,phash,64,frequency,median,hamming_ball,mad,0.553,0.429
0.44698024242424245,0.4618589898989898,0.008381539193999105,0.002,0.012,0.002,0.01,0.43977010101010106,0.45506505050505053,0.004,0.004,0.560229898989899,-1.0,0.01,0.002,0.002505050505050505,0.008,0.002,0.0032,125,0.01000501253132832,blended,0.01,phash,64,frequency,median,hash_spectral,mad,0.553,0.044
0.6135044242424242,0.5600233939393939,0.01564533375799635,0.016,0.124,0.016,0.01,0.5874917171717171,0.5315911111111111,0.006,0.006,0.5874917171717171,1.0,0.006,0.016,0.008686868686868687,0.0182648401826484,0.016,0.017057569296375266,438,0.009926960171098826,blended,0.01,phash,64,frequency,median,hash_stability,mad,0.553,0.025
0.3783667070707071,0.4817873939393939,0.007227924858169553,0.0,0.01,0.004,0.01,0.35887434343434343,0.4784347474747475,0.0,0.01,0.6411256565656566,-1.0,0.01,0.0,0.00020202020202020202,0.0,0.0,0.0,10,0.010002000400080016,blended,0.01,phash_nodc,63,frequency,median,bit_llr,mad,0.546,0.057
0.3016489292929293,0.543328,0.006500751827604017,0.0,0.0,0.0,0.01,0.392690505050505,0.540629898989899,0.0,0.004,0.607309494949495,-1.0,0.004,0.0,0.03961616161616162,0.0,0.0,0.0,1961,0.01040820999604488,blended,0.01,phash_nodc,63,frequency,median,bit_em,mad,0.546,0.306
0.29876385858585863,0.5284371515151516,0.006717960045515326,0.0,0.004,0.0,0.01,0.2728721212121213,0.544149696969697,0.0,0.0,0.7271278787878788,-1.0,0.022,0.0,0.007090909090909091,0.0,0.0,0.0,351,0.010070696287941348,blended,0.01,phash_nodc,63,frequency,median,hamming_knn,mad,0.546,0.429
0.3126064040404041,0.48952179797979795,0.006808335131027487,0.0,0.002,0.0,0.01,0.2751676767676768,0.48987131313131316,0.0,0.0,0.7248323232323233,-1.0,0.022,0.002,0.025373737373737375,0.0007955449482895784,0.002,0.0011383039271485487,1257,0.010237367416859856,blended,0.01,phash_nodc,63,frequency,median,hamming_ball,mad,0.546,0.428
0.46171228282828286,0.48185272727272727,0.008919001284531413,0.002,0.042,0.002,0.01,0.4521862626262626,0.48199111111111115,0.0,0.0,0.5478137373737374,-1.0,0.01,0.0,0.0020404040404040404,0.0,0.0,0.0,101,0.010020240886590913,blended,0.01,phash_nodc,63,frequency,median,hash_spectral,mad,0.546,0.044
0.6135044242424242,0.5600233939393939,0.01564533375799635,0.016,0.124,0.016,0.01,0.5874917171717171,0.5315911111111111,0.006,0.006,0.5874917171717171,1.0,0.006,0.016,0.008686868686868687,0.0182648401826484,0.016,0.017057569296375266,438,0.009926960171098826,blended,0.01,phash_nodc,63,frequency,median,hash_stability,mad,0.546,0.025
0.3761811313131313,0.497431393939394,0.007204497869187351,0.0,0.008,0.0,0.01,0.36019797979797974,0.5002460606060606,0.002,0.006,0.6398020202020203,-1.0,0.006,0.0,0.00024242424242424242,0.0,0.0,0.0,12,0.010002400576138272,blended,0.01,phash_mean,64,frequency,mean,bit_llr,mad,0.505,0.056
0.2942250909090909,0.6151220202020202,0.006466482070716809,0.0,0.0,0.0,0.01,0.3973951515151515,0.5511975757575758,0.008,0.012,0.6026048484848485,-1.0,0.012,0.0,0.0,0.0,0.0,0.0,0,0.01,blended,0.01,phash_mean,64,frequency,mean,bit_em,mad,0.505,0.299
0.2983396161616162,0.5455283636363636,0.006552641296929158,0.0,0.004,0.0,0.01,0.2823543434343435,0.553919797979798,0.0,0.0,0.7176456565656565,-1.0,0.028,0.0,0.0064444444444444445,0.0,0.0,0.0,319,0.010064209657615588,blended,0.01,phash_mean,64,frequency,mean,hamming_knn,mad,0.505,0.447
0.3007555757575758,0.5186802424242425,0.0068786160243699355,0.0,0.01,0.0,0.01,0.28842202020202024,0.4834248484848485,0.002,0.002,0.7115779797979798,-1.0,0.002,0.012,0.054343434343434346,0.002225519287833828,0.012,0.0037546933667083854,2696,0.010443091493319803,blended,0.01,phash_mean,64,frequency,mean,hamming_ball,mad,0.505,0.442
0.5052694141414141,0.5129716565656566,0.011052249793412178,0.026,0.07,0.026,0.01,0.5023761616161616,0.511089292929293,0.014,0.014,0.5023761616161616,1.0,0.016,0.0,0.0013737373737373738,0.0,0.0,0.0,68,0.010013618521188816,blended,0.01,phash_mean,64,frequency,mean,hash_spectral,mad,0.505,0.045
0.4447702424242424,0.5170449494949495,0.00890693483055573,0.008,0.04,0.004,0.01,0.4586024242424243,0.4892771717171717,0.004,0.004,0.5413975757575757,-1.0,0.004,0.0,0.001898989898989899,0.0,0.0,0.0,94,0.010018835410571875,blended,0.01,phash_mean,64,frequency,mean,hash_stability,mad,0.505,0.028
0.4680027070707071,0.46662298989898987,0.008911686394772642,0.006,0.034,0.0,0.01,0.46046585858585853,0.4652997979797979,0.008,0.002,0.5395341414141415,-1.0,0.008,0.0,0.00022222222222222223,0.0,0.0,0.0,11,0.010002200484106504,blended,0.01,phash16,256,frequency,median,bit_llr,mad,0.627,0.092
0.3914730707070707,0.38343571717171715,0.007377635816564476,0.0,0.0,0.0,0.01,0.36864323232323226,0.3774913131313131,0.0,0.0,0.6313567676767677,-1.0,0.004,0.0,0.1290909090909091,0.0,0.0,0.0,6390,0.011465260261407933,blended,0.01,phash16,256,frequency,median,bit_em,mad,0.627,0.915
0.29664393939393935,0.5176423636363636,0.006594035386034339,0.0,0.006,0.0,0.01,0.2596381818181818,0.5271389898989899,0.0,0.0,0.7403618181818181,-1.0,0.03,0.0,0.008747474747474747,0.0,0.0,0.0,433,0.010087356507353682,blended,0.01,phash16,256,frequency,median,hamming_knn,mad,0.627,0.467
0.29868242424242425,0.4893082424242425,0.006906681625378779,0.0,0.002,0.0,0.01,0.2648377777777778,0.519228686868687,0.0,0.0,0.7351622222222223,-1.0,0.02,0.0,0.012424242424242424,0.0,0.0,0.0,615,0.010124531740407006,blended,0.01,phash16,256,frequency,median,hamming_ball,mad,0.627,0.462
0.43425517171717165,0.4697258383838384,0.008407277935762725,0.01,0.038,0.01,0.01,0.41924000000000006,0.4681434343434343,0.002,0.002,0.5807599999999999,-1.0,0.016,0.006,0.007474747474747475,0.00804289544235925,0.006,0.006872852233676976,373,0.010014709734620268,blended,0.01,phash16,256,frequency,median,hash_spectral,mad,0.627,0.054
0.6674535151515152,0.5370777171717172,0.01788258583543409,0.016,0.094,0.01,0.01,0.6905056565656565,0.56094101010101,0.038,0.014,0.6905056565656565,1.0,0.038,0.0,0.0014747474747474748,0.0,0.0,0.0,73,0.010014621347166864,blended,0.01,phash16,256,frequency,median,hash_stability,mad,0.627,0.028
0.5442985454545455,0.4772789090909091,0.01174556368623811,0.012,0.08,0.004,0.01,0.5482032323232322,0.47406020202020205,0.024,0.008,0.5482032323232322,1.0,0.024,0.0,0.00010101010101010101,0.0,0.0,0.0,5,0.010001000100010001,blended,0.01,pdq,256,frequency,median,bit_llr,mad,2.277,0.092
0.4572590909090909,0.4390771111111111,0.008995155331126584,0.0,0.0,0.0,0.01,0.37975434343434344,0.3927208080808081,0.0,0.0,0.6202456565656566,-1.0,0.012,0.15,0.13347474747474747,0.011224184375935349,0.15,0.020885547201336674,6682,0.009811163950320882,blended,0.01,pdq,256,frequency,median,bit_em,mad,2.277,0.881
0.30299026262626266,0.5248077979797979,0.006638872886690499,0.0,0.004,0.0,0.01,0.2812179797979798,0.5205694949494949,0.0,0.0,0.7187820202020202,-1.0,0.04,0.0,0.007272727272727273,0.0,0.0,0.0,360,0.010072522159548751,blended,0.01,pdq,256,frequency,median,hamming_knn,mad,2.277,0.46
0.30048589898989897,0.48479812121212124,0.0069855105145776066,0.0,0.0,0.0,0.01,0.28599939393939394,0.4976355555555556,0.0,0.0,0.7140006060606061,-1.0,0.028,0.0,0.010606060606060607,0.0,0.0,0.0,525,0.01010611419909045,blended,0.01,pdq,256,frequency,median,hamming_ball,mad,2.277,0.457
0.4542788282828283,0.46214642424242425,0.009202177370772002,0.01,0.032,0.01,0.01,0.434650101010101,0.45300363636363633,0.004,0.004,0.5653498989898991,-1.0,0.01,0.01,0.005575757575757576,0.017793594306049824,0.01,0.012804097311139564,281,0.009955952452784649,blended,0.01,pdq,256,frequency,median,hash_spectral,mad,2.277,0.054
0.6751533131313131,0.5401992323232323,0.01903258877756331,0.024,0.128,0.004,0.01,0.6894543434343434,0.5601646464646465,0.032,0.018,0.6894543434343434,1.0,0.032,0.0,0.0016161616161616162,0.0,0.0,0.0,80,0.010016025641025642,blended,0.01,pdq,256,frequency,median,hash_stability,mad,2.277,0.027
0.38977452525252526,0.5239729696969696,0.007453257941171173,0.0,0.012,0.0,0.01,0.38709272727272726,0.5256375757575757,0.006,0.018,0.6129072727272727,-1.0,0.018,0.0,0.0013737373737373738,0.0,0.0,0.0,68,0.010013618521188816,blended,0.01,whash_haar,64,wavelet,median,bit_llr,mad,0.624,0.056
0.3918864848484849,0.5529663838383838,0.008872953843090566,0.0,0.0,0.0,0.01,0.41231555555555555,0.5638323232323232,0.0,0.0,0.5876844444444445,-1.0,0.0,0.602,0.3733131313131313,0.016027689030883918,0.602,0.031224066390041494,18780,0.006374119154388212,blended,0.01,whash_haar,64,wavelet,median,bit_em,mad,0.624,0.293
0.3883998383838384,0.5122245656565656,0.007719394896905308,0.004,0.024,0.004,0.01,0.36213676767676767,0.5082179797979799,0.0,0.0,0.6378632323232323,-1.0,0.026,0.0,0.0003636363636363636,0.0,0.0,0.0,18,0.010003601296466729,blended,0.01,whash_haar,64,wavelet,median,hamming_knn,mad,0.624,0.455
0.500923292929293,0.1621100404040404,0.012297961636784021,0.0,0.0,0.0,0.01,0.41918323232323235,0.41918323232323235,0.0,0.0,0.5808167676767677,-1.0,0.0,0.01,0.15765656565656566,0.0006402868485081316,0.01,0.0012035142616440004,7809,0.011732359981986679,blended,0.01,whash_haar,64,wavelet,median,hamming_ball,mad,0.624,0.444
0.392337494949495,0.4527916161616162,0.00796907909814247,0.0,0.02,0.0,0.01,0.3654141414141414,0.45667838383838383,0.0,0.0,0.6345858585858586,-1.0,0.016,0.106,0.10262626262626262,0.010325345801675434,0.106,0.018817681519616547,5133,0.009962778879800299,blended,0.01,whash_haar,64,wavelet,median,block_collision,mad,0.624,0.158
0.47421270707070706,0.4710986868686869,0.009104942764123053,0.004,0.036,0.004,0.01,0.4661080808080808,0.4773561616161616,0.008,0.008,0.5338919191919191,-1.0,0.008,0.0,0.00032323232323232324,0.0,0.0,0.0,16,0.010003201024327784,blended,0.01,whash_haar,64,wavelet,median,hash_spectral,mad,0.624,0.044
0.42558870707070706,0.5227639393939394,0.008388592800455459,0.004,0.028,0.004,0.01,0.4238185858585858,0.5116806060606061,0.006,0.006,0.5761814141414142,-1.0,0.01,0.0,0.002101010101010101,0.0,0.0,0.0,104,0.010020843354176688,blended,0.01,whash_haar,64,wavelet,median,hash_stability,mad,0.624,0.026
0.42250913131313134,0.4898289292929293,0.007906193761856209,0.0,0.0,0.0,0.01,0.4115410101010101,0.49959232323232317,0.004,0.008,0.5884589898989899,-1.0,0.008,0.0,0.0041818181818181815,0.0,0.0,0.0,207,0.010041572108529311,blended,0.01,whash_db4,169,wavelet,median,bit_llr,mad,1.565,0.077
0.316447494949495,0.7059556161616162,0.00973137818608558,0.0,0.0,0.0,0.01,0.4421042424242424,0.556429090909091,0.0,0.0,0.5578957575757576,-1.0,0.0,0.594,0.3930909090909091,0.015034168564920273,0.594,0.02932609232288324,19755,0.0067118531988758475,blended,0.01,whash_db4,169,wavelet,median,bit_em,mad,1.565,0.6
0.40563238383838385,0.4981040606060606,0.007746617047474145,0.0,0.002,0.0,0.01,0.39219111111111105,0.5082850505050506,0.002,0.008,0.607808888888889,-1.0,0.026,0.0,0.0,0.0,0.0,0.0,0,0.01,blended,0.01,whash_db4,169,wavelet,median,hamming_knn,mad,1.565,0.452
0.4624419393939394,0.31706884848484856,0.009873681467649758,0.0,0.0,0.0,0.01,0.432709090909091,0.432709090909091,0.0,0.0,0.5672909090909091,-1.0,0.0,0.018,0.11254545454545455,0.0016129032258064516,0.018,0.0029605263157894738,5580,0.011053579468707789,blended,0.01,whash_db4,169,wavelet,median,hamming_ball,mad,1.565,0.445
0.4636022222222222,0.5016135353535354,0.00895024189864866,0.0,0.038,0.0,0.01,0.46740000000000004,0.5092686868686869,0.006,0.006,0.5326,-1.0,0.006,0.0,0.0019393939393939393,0.0,0.0,0.0,96,0.010019236934915037,blended,0.01,whash_db4,169,wavelet,median,hash_spectral,mad,1.565,0.052
0.448754,0.5507274343434343,0.00973423998983115,0.012,0.046,0.014,0.01,0.4609929292929293,0.5290537373737373,0.01,0.012,0.5390070707070707,-1.0,0.01,0.012,0.0038787878787878787,0.030303030303030304,0.012,0.017191977077363897,198,0.00991928035018674,blended,0.01,whash_db4,169,wavelet,median,hash_stability,mad,1.565,0.029
0.3868054343434343,0.44065949494949497,0.007300338560401678,0.0,0.006,0.002,0.01,0.36683838383838385,0.4394783838383839,0.0,0.006,0.6331616161616161,-1.0,0.01,0.0,0.00048484848484848484,0.0,0.0,0.0,24,0.01000480230510645,blended,0.01,mh,64,frequency,mean,bit_llr,mad,0.965,0.057
0.32558515151515155,0.5293670303030303,0.006904480149075532,0.0,0.0,0.0,0.01,0.46790626262626267,0.46181959595959593,0.006,0.004,0.5320937373737373,-1.0,0.006,0.0,0.028282828282828285,0.0,0.0,0.0,1400,0.0102880658436214,blended,0.01,mh,64,frequency,mean,bit_em,mad,0.965,0.299
0.2973356767676768,0.5208932525252526,0.006516452545438002,0.0,0.0,0.0,0.01,0.2790268686868687,0.5437385858585859,0.0,0.0,0.7209731313131313,-1.0,0.034,0.0,0.008686868686868687,0.0,0.0,0.0,430,0.010086746015735323,blended,0.01,mh,64,frequency,mean,hamming_knn,mad,0.965,0.451
0.29667993939393944,0.4777248282828283,0.0070843592189120605,0.0,0.002,0.0,0.01,0.289580202020202,0.480889494949495,0.0,0.0,0.7104197979797979,-1.0,0.0,0.002,0.041777777777777775,0.0004833252779120348,0.002,0.0007785130400934215,2069,0.010410798856689826,blended,0.01,mh,64,frequency,mean,hamming_ball,mad,0.965,0.446
0.32593036363636363,0.6171169898989899,0.008241053666286729,0.012,0.032,0.012,0.01,0.31407515151515153,0.44417535353535353,0.002,0.002,0.6859248484848485,-1.0,0.002,0.046,0.06361616161616161,0.007250945775535939,0.046,0.01252723311546841,3172,0.010186213376612283,blended,0.01,mh,64,frequency,mean,block_collision,mad,0.965,0.152
0.4303847070707071,0.45037850505050503,0.008047465914182234,0.0,0.018,0.0,0.01,0.43342,0.44800666666666666,0.002,0.002,0.56658,-1.0,0.02,0.0,0.0038787878787878787,0.0,0.0,0.0,192,0.010038548024413748,blended,0.01,mh,64,frequency,mean,hash_spectral,mad,0.965,0.045
0.49709997979797976,0.4253241818181819,0.009743174627081703,0.002,0.018,0.002,0.01,0.4849652525252525,0.4808838383838384,0.002,0.002,0.5150347474747474,-1.0,0.002,0.0,0.005676767676767677,0.0,0.0,0.0,281,0.010056517629075404,blended,0.01,mh,64,frequency,mean,hash_stability,mad,0.965,0.027
0.38185236363636366,0.44892949494949497,0.007357779044170766,0.0,0.0,0.0,0.01,0.2898165656565656,0.4776040404040404,0.002,0.008,0.7101834343434343,-1.0,0.008,0.0,0.035898989898989896,0.0,0.0,0.0,1777,0.010368496360657778,blended,0.01,colorhash,42,colour,quantisation,bit_llr,mad,2.536,0.049
0.4113347070707071,0.5014124242424243,0.00815161177169317,0.0,0.0,0.0,0.01,0.3102335353535354,0.3626767676767677,0.0,0.0,0.6897664646464646,-1.0,0.0,0.214,0.4178585858585859,0.005146457601846953,0.214,0.010051195340754309,20791,0.013454757095415796,blended,0.01,colorhash,42,colour,quantisation,bit_em,mad,2.536,0.239
0.2806880202020202,0.6534735959595961,0.006656531567630745,0.0,0.0,0.064,0.01,0.3092355555555556,0.5900284848484849,0.0,0.008,0.6907644444444444,-1.0,0.008,0.092,0.014787878787878787,0.05912596401028278,0.092,0.07198748043818466,778,0.009223517939132907,blended,0.01,colorhash,42,colour,quantisation,hamming_knn,mad,2.536,0.315
0.2827768686868687,0.4412187272727273,0.007382656244650737,0.0,0.0,0.0,0.01,0.29697393939393935,0.3526632323232323,0.0,0.0,0.7030260606060607,-1.0,0.0,0.086,0.25961616161616163,0.003334884442376299,0.086,0.006420785426310288,12894,0.012316067482347868,blended,0.01,colorhash,42,colour,quantisation,hamming_ball,mad,2.536,0.315
0.4318412929292929,0.4655663434343435,0.00817481904701747,0.0,0.0,0.0,0.01,0.5131753535353536,0.5022618181818181,0.018,0.012,0.5131753535353536,1.0,0.018,0.0,0.0068484848484848485,0.0,0.0,0.0,339,0.010068262821932704,blended,0.01,colorhash,42,colour,quantisation,hash_spectral,mad,2.536,0.041
0.7065135757575758,0.6280299595959595,0.03655260062611099,0.046,0.098,0.046,0.01,0.7006309090909091,0.6463123232323231,0.046,0.046,0.7006309090909091,1.0,0.046,0.018,0.0008888888888888889,0.16981132075471697,0.018,0.0325497287522604,53,0.009830420245460188,blended,0.01,colorhash,42,colour,quantisation,hash_stability,mad,2.536,0.024
0.5649495353535353,0.4432895353535354,0.01125656469851797,0.006,0.048,0.006,0.01,0.5689094949494949,0.43594060606060603,0.006,0.004,0.5689094949494949,1.0,0.006,0.0,0.00032323232323232324,0.0,0.0,0.0,16,0.010003201024327784,blended,0.01,rhash8,64,residual,zero,bit_llr,mad,0.512,0.056
0.4681733333333334,0.4561890505050505,0.009287193707849764,0.0,0.0,0.0,0.01,0.44258767676767674,0.4098777777777778,0.002,0.002,0.5574123232323233,-1.0,0.006,0.106,0.08109090909090909,0.013031718711581017,0.106,0.023209984672651632,4067,0.00973156554111423,blended,0.01,rhash8,64,residual,zero,bit_em,mad,0.512,0.298
0.4633742424242424,0.45971571717171716,0.009553901711633913,0.014,0.056,0.014,0.01,0.4485539393939394,0.44652686868686875,0.004,0.004,0.5514460606060606,-1.0,0.004,0.008,0.004888888888888889,0.016260162601626018,0.008,0.010723860589812333,246,0.009969047714756603,blended,0.01,rhash8,64,residual,zero,hamming_knn,mad,0.512,0.464
0.46688795959595963,0.40861527272727266,0.008993534430890938,0.006,0.032,0.006,0.01,0.43736464646464657,0.42453151515151516,0.002,0.002,0.5626353535353534,-1.0,0.002,0.014,0.017737373737373736,0.007909604519774011,0.014,0.010108303249097473,885,0.010037666700600632,blended,0.01,rhash8,64,residual,zero,hamming_ball,mad,0.512,0.442
0.5283045858585859,0.4267095555555555,0.010705877817408815,0.008,0.014,0.008,0.01,0.4189618181818181,0.4513410101010101,0.002,0.002,0.5810381818181819,-1.0,0.002,0.014,0.019454545454545454,0.007216494845360825,0.014,0.009523809523809525,970,0.01005506832551499,blended,0.01,rhash8,64,residual,zero,block_collision,mad,0.512,0.151
0.43143797979797976,0.4660045656565656,0.00825846840703388,0.004,0.03,0.004,0.01,0.4199058585858586,0.46426585858585856,0.002,0.002,0.5800941414141414,-1.0,0.01,0.002,0.008101010101010102,0.0024875621890547263,0.002,0.0022172949002217295,402,0.010060889551998065,blended,0.01,rhash8,64,residual,zero,hash_spectral,mad,0.512,0.045
0.6925072727272727,0.4923040606060606,0.018448377574471826,0.026,0.086,0.008,0.01,0.703470303030303,0.5557151515151515,0.04,0.026,0.703470303030303,1.0,0.04,0.0,0.0015353535353535353,0.0,0.0,0.0,76,0.01001522313917154,blended,0.01,rhash8,64,residual,zero,hash_stability,mad,0.512,0.027
0.8288597373737374,0.7087987272727272,0.08198560123530099,0.166,0.384,0.122,0.01,0.846518787878788,0.7249761616161616,0.166,0.128,0.846518787878788,1.0,0.166,0.038,0.0017777777777777779,0.17757009345794392,0.038,0.06260296540362438,107,0.0096406309502335,blended,0.01,rhash16,256,residual,zero,bit_llr,mad,0.597,0.091
0.8302276767676768,0.7553672323232323,0.03695228963940165,0.0,0.0,0.0,0.01,0.9957454545454545,0.9957454545454545,0.932,0.932,0.9957454545454545,1.0,0.932,0.752,0.11125252525252526,0.06391296957334693,0.752,0.11781294062353126,5883,0.0028107078903823923,blended,0.01,rhash16,256,residual,zero,bit_em,mad,0.597,0.886
0.7055107676767676,0.6235083232323232,0.043775313283757146,0.118,0.278,0.118,0.01,0.7144820202020203,0.6317822222222222,0.184,0.184,0.7144820202020203,1.0,0.184,0.138,0.012444444444444444,0.10072992700729927,0.138,0.11645569620253164,685,0.008739734360742168,blended,0.01,rhash16,256,residual,zero,hamming_knn,mad,0.597,0.468
0.7129682424242424,0.6700005454545455,0.055923282211432446,0.136,0.3,0.136,0.01,0.6990432323232323,0.6442741414141414,0.096,0.096,0.6990432323232323,1.0,0.096,0.268,0.03127272727272727,0.07966706302021404,0.268,0.1228230980751604,1682,0.0075748168384453,blended,0.01,rhash16,256,residual,zero,hamming_ball,mad,0.597,0.463
0.5228679797979798,0.5567901414141414,0.012923801487196981,0.0,0.04,0.0,0.01,0.4817296969696969,0.520039595959596,0.008,0.008,0.5182703030303031,-1.0,0.008,0.182,0.08058585858585858,0.02230392156862745,0.182,0.03973799126637555,4080,0.008906794425087109,blended,0.01,rhash16,256,residual,zero,block_collision,mad,0.597,0.706
0.34898379797979795,0.4450044646464647,0.00690449795595832,0.0,0.016,0.0,0.01,0.3306290909090909,0.4401638383838384,0.002,0.002,0.6693709090909091,-1.0,0.02,0.004,0.016101010101010102,0.0025031289111389237,0.004,0.003079291762894534,799,0.010121745492977785,blended,0.01,rhash16,256,residual,zero,hash_spectral,mad,0.597,0.054
0.6938482626262626,0.5046744646464647,0.018243553577264426,0.018,0.114,0.012,0.01,0.7111620202020202,0.4926658585858586,0.016,0.012,0.7111620202020202,1.0,0.016,0.006,0.005393939393939394,0.011111111111111112,0.006,0.007792207792207792,270,0.009993967424090087,blended,0.01,rhash16,256,residual,zero,hash_stability,mad,0.597,0.03
0.957129898989899,0.9185956767676767,0.2423933058107928,0.394,0.732,0.258,0.01,0.967679595959596,0.9418513131313132,0.532,0.496,0.967679595959596,1.0,0.532,0.098,0.0025454545454545456,0.28,0.098,0.1451851851851852,175,0.009051680883090819,blended,0.01,rhash32,1024,residual,zero,bit_llr,mad,0.473,0.248
0.7159177373737373,0.6603330505050504,0.03261901453103776,0.0,0.0,0.0,0.01,0.999999191919192,0.999999191919192,1.0,1.0,0.999999191919192,1.0,1.0,0.962,0.32347474747474747,0.02916388770993755,0.962,0.05661154593067734,16493,0.0005670456919449667,blended,0.01,rhash32,1024,residual,zero,bit_em,mad,0.473,4.159
0.9735164444444444,0.9697129292929294,0.22993600376187365,0.402,0.88,0.402,0.01,0.9915389898989898,0.9882238383838384,0.872,0.872,0.9915389898989898,1.0,0.872,0.79,0.03513131313131313,0.1850984067478913,0.79,0.2999240698557327,2134,0.002193623866627669,blended,0.01,rhash32,1024,residual,zero,hamming_knn,mad,0.473,0.556
0.9942333535353535,0.993796606060606,0.9299729583624265,0.94,0.976,0.94,0.01,0.9909828282828281,0.9907296969696969,0.86,0.86,0.9909828282828281,1.0,0.86,0.986,0.09450505050505051,0.09533939276735641,0.986,0.17386704284958562,5171,0.0001561489214570925,blended,0.01,rhash32,1024,residual,zero,hamming_ball,mad,0.473,0.549
0.715451898989899,0.7476216161616163,0.036243680558640114,0.0,0.308,0.0,0.01,0.6838715151515151,0.6991101010101012,0.0,0.0,0.6838715151515151,1.0,0.01,0.0,0.023878787878787878,0.0,0.0,0.0,1182,0.010242123806792576,blended,0.01,rhash32,1024,residual,zero,block_collision,mad,0.473,3.18
0.9429502222222222,0.9374207272727274,0.09963288790538376,0.07,0.656,0.07,0.01,0.9810969696969698,0.9755870707070707,0.792,0.792,0.9810969696969698,1.0,0.792,0.42,0.028363636363636365,0.13011152416356878,0.42,0.1986754966887417,1614,0.005993469185301533,blended,0.01,rhash32,1024,residual,zero,hash_spectral,mad,0.473,0.187
0.7876999191919193,0.6040450505050504,0.027492374343397404,0.038,0.152,0.006,0.01,0.8150014141414141,0.6255670707070706,0.056,0.012,0.8150014141414141,1.0,0.056,0.002,0.005454545454545455,0.0036900369003690036,0.002,0.0025940337224383916,271,0.010034386374147882,blended,0.01,rhash32,1024,residual,zero,hash_stability,mad,0.473,0.033
0.9448779797979798,0.8974261414141413,0.333599223022956,0.482,0.714,0.368,0.01,0.9580662626262626,0.913949494949495,0.562,0.452,0.9580662626262626,1.0,0.562,0.182,0.002101010101010101,0.4666666666666667,0.182,0.26187050359712233,195,0.008212026904929224,blended,0.01,rhash_rgb,768,residual,zero,bit_llr,mad,1.65,0.19
0.7660844444444445,0.7532716363636365,0.037429506805262226,0.0,0.0,0.0,0.01,1.0,1.0,1.0,1.0,1.0,1.0,1.0,0.956,0.22666666666666666,0.04086168575824927,0.956,0.07837350385309066,11698,0.0005743825387708214,blended,0.01,rhash_rgb,768,residual,zero,bit_em,mad,1.65,2.943
0.9180747676767677,0.865305414141414,0.1720046676201003,0.338,0.678,0.33,0.01,0.932470909090909,0.882831515151515,0.516,0.516,0.932470909090909,1.0,0.516,0.416,0.013131313131313131,0.24242424242424243,0.416,0.30633284241531666,858,0.00594196410402507,blended,0.01,rhash_rgb,768,residual,zero,hamming_knn,mad,1.65,0.524
0.9415776161616162,0.9212640202020201,0.6172246994163961,0.676,0.796,0.676,0.01,0.9350854545454546,0.9117054545454545,0.606,0.606,0.9350854545454546,1.0,0.606,0.796,0.04167676767676768,0.16172287687931736,0.796,0.26882809861533263,2461,0.002145606764971918,blended,0.01,rhash_rgb,768,residual,zero,hamming_ball,mad,1.65,0.514
0.6533549898989898,0.6035023434343434,0.018402366442309633,0.0,0.0,0.0,0.01,0.6567167676767677,0.6122553535353534,0.2,0.2,0.6567167676767677,1.0,0.2,0.164,0.05804040404040404,0.02774957698815567,0.164,0.04746743849493488,2955,0.008885110001062813,blended,0.01,rhash_rgb,768,residual,zero,block_collision,mad,1.65,2.065
0.44435006060606064,0.43544896969696967,0.008192668420982869,0.0,0.018,0.0,0.01,0.4440610101010102,0.43119131313131315,0.002,0.002,0.5559389898989898,-1.0,0.004,0.004,0.018282828282828283,0.002205071664829107,0.004,0.0028429282160625444,907,0.01014401238465769,blended,0.01,rhash_rgb,768,residual,zero,hash_spectral,mad,1.65,0.114
0.7579423838383839,0.5650977575757575,0.021974188651136314,0.016,0.102,0.01,0.01,0.7846876767676767,0.5836656565656565,0.022,0.012,0.7846876767676767,1.0,0.022,0.006,0.006121212121212121,0.00980392156862745,0.006,0.007444168734491315,306,0.010001207389222038,blended,0.01,rhash_rgb,768,residual,zero,hash_stability,mad,1.65,0.033
0.2515680808080808,0.5852627474747475,0.006034506586912276,0.0,0.0,0.004,0.01,0.22377939393939394,0.6141066666666666,0.0,0.014,0.776220606060606,-1.0,0.014,0.0,0.0006666666666666666,0.0,0.0,0.0,33,0.01000660435887686,blended,0.01,rhash_energy,256,residual,mean,bit_llr,mad,0.609,0.093
0.372060303030303,0.3865166262626263,0.011171818960508513,0.0,0.096,0.0,0.01,0.24747212121212123,0.32696424242424244,0.0,0.0,0.7525278787878787,-1.0,0.0,0.124,0.19301010101010102,0.006447587354409318,0.124,0.012257809410834321,9616,0.010845879556259905,blended,0.01,rhash_energy,256,residual,mean,bit_em,mad,0.609,0.883
0.20245838383838383,0.6199926666666667,0.005701899454910881,0.0,0.0,0.0,0.01,0.18513939393939396,0.6412147474747474,0.0,0.044,0.8148606060606061,-1.0,0.102,0.0,0.0007676767676767677,0.0,0.0,0.0,38,0.010007605780393098,blended,0.01,rhash_energy,256,residual,mean,hamming_knn,mad,0.609,0.484
0.4974311919191919,0.16234274747474745,0.012732659938128749,0.0,0.0,0.0,0.01,0.33869454545454547,0.33869454545454547,0.0,0.0,0.6613054545454545,-1.0,0.0,0.0,0.17020202020202022,0.0,0.0,0.0,8425,0.012026458208057728,blended,0.01,rhash_energy,256,residual,mean,hamming_ball,mad,0.609,0.458
0.2656056363636364,0.7787875353535353,0.008012497366434225,0.0,0.0,0.292,0.01,0.2552250505050505,0.7245034343434343,0.0,0.148,0.7447749494949495,-1.0,0.148,0.674,0.16715151515151516,0.03913598885146905,0.674,0.07397651190868182,8611,0.0039382444610886955,blended,0.01,rhash_energy,256,residual,mean,block_collision,mad,0.609,0.705
0.4180114747474747,0.4695489090909091,0.007967812341356864,0.01,0.024,0.01,0.01,0.41318101010101005,0.46485292929292926,0.004,0.004,0.58681898989899,-1.0,0.008,0.0,0.0019595959595959597,0.0,0.0,0.0,97,0.010019437709155763,blended,0.01,rhash_energy,256,residual,mean,hash_spectral,mad,0.609,0.055
0.3983971111111111,0.5449926060606062,0.00784018174193915,0.0,0.02,0.018,0.01,0.40594484848484846,0.5367155555555555,0.0,0.006,0.5940551515151515,-1.0,0.006,0.008,0.0034545454545454545,0.022857142857142857,0.008,0.011851851851851851,175,0.009954841946813849,blended,0.01,rhash_energy,256,residual,mean,hash_stability,mad,0.609,0.032
0.8284924242424243,0.7063965454545454,0.08157495525611794,0.166,0.388,0.12,0.01,0.8458638383838384,0.7215161616161617,0.162,0.126,0.8458638383838384,1.0,0.162,0.036,0.0019393939393939393,0.15789473684210525,0.036,0.05863192182410423,114,0.009662029427093774,blended,0.01,ahash_res,256,residual,mean,bit_llr,mad,0.596,0.092
0.8298269494949495,0.754855313131313,0.03672818453797446,0.0,0.0,0.0,0.01,0.9957983838383838,0.9957983838383837,0.938,0.938,0.9957983838383838,1.0,0.938,0.752,0.11208080808080809,0.06347062795408508,0.752,0.11706102117061021,5924,0.0028133224430529086,blended,0.01,ahash_res,256,residual,mean,bit_em,mad,0.596,0.904
0.7043275353535354,0.6230036161616161,0.043171662893922345,0.116,0.278,0.116,0.01,0.7103929292929294,0.6299919191919192,0.172,0.172,0.7103929292929294,1.0,0.172,0.138,0.01301010101010101,0.0967741935483871,0.138,0.11376751854905194,713,0.008744699413638484,blended,0.01,ahash_res,256,residual,mean,hamming_knn,mad,0.596,0.481
0.7114855353535354,0.6676536363636363,0.052188481826696054,0.126,0.298,0.126,0.01,0.6961759595959597,0.6429153535353535,0.096,0.096,0.6961759595959597,1.0,0.096,0.266,0.03383838383838384,0.07356194690265487,0.266,0.11525129982668977,1808,0.007615371845949535,blended,0.01,ahash_res,256,residual,mean,hamming_ball,mad,0.596,0.459
0.5213313333333333,0.5570110101010102,0.012848184014694744,0.0,0.04,0.0,0.01,0.4784957575757575,0.5198371717171717,0.008,0.008,0.5215042424242424,-1.0,0.008,0.182,0.081010101010101,0.022189709826871493,0.182,0.03955661812649424,4101,0.00891086951785442,blended,0.01,ahash_res,256,residual,mean,block_collision,mad,0.596,0.705
0.3456617373737374,0.445940202020202,0.006865923180158335,0.0,0.016,0.0,0.01,0.3293349494949495,0.44126909090909094,0.002,0.002,0.6706650505050504,-1.0,0.026,0.002,0.01591919191919192,0.0012674271229404308,0.002,0.0015515903801396431,789,0.010140009347503608,blended,0.01,ahash_res,256,residual,mean,hash_spectral,mad,0.596,0.055
0.6957224040404041,0.5053901414141415,0.018403330299410613,0.018,0.114,0.012,0.01,0.708049898989899,0.4951369696969697,0.016,0.012,0.708049898989899,1.0,0.016,0.006,0.004929292929292929,0.012145748987854251,0.006,0.008032128514056224,247,0.009989347376037626,blended,0.01,ahash_res,256,residual,mean,hash_stability,mad,0.596,0.03
0.3505745714285714,0.5525288775510204,0.013866323101954257,0.0,0.001,0.009,0.02,0.3756148276565368,0.5343606975321232,0.004,0.019,0.6243851723434632,-1.0,0.019,0.0,0.0009387755102040817,0.0,0.0,0.0,46,0.0200184169435881,blended,0.02,ahash,64,spatial,mean,bit_llr,mad,0.144,0.056
0.6708662959183673,0.580940224489796,0.06982537975749058,0.0,0.42,0.0,0.02,0.4407743218437691,0.4606784621660208,0.0,0.0,0.5592256781562309,-1.0,0.0,0.421,0.37551020408163266,0.022368630784761704,0.421,0.042480197770041875,18821,0.01857019147503127,blended,0.02,ahash,64,spatial,mean,bit_em,mad,0.144,0.304
0.3778463367346939,0.5304290204081634,0.015149412172629733,0.003,0.033,0.007,0.02,0.34348776259432995,0.5224421782582093,0.002,0.006,0.65651223740567,-1.0,0.033,0.0,0.0,0.0,0.0,0.0,0,0.02,blended,0.02,ahash,64,spatial,mean,hamming_knn,mad,0.144,0.427
0.5191597448979591,0.18796352040816322,0.02403065671147707,0.0,0.0,0.0,0.02,0.39556332857434223,0.39556332857434223,0.004,0.004,0.6044366714256577,-1.0,0.004,0.012,0.145,0.0016861036953772657,0.012,0.002956757422693113,7117,0.02303943287549845,blended,0.02,ahash,64,spatial,mean,hamming_ball,mad,0.144,0.422
0.40143339795918365,0.4885222857142857,0.01832133764168275,0.0,0.0,0.0,0.02,0.36889159698144,0.4904691005506832,0.0,0.0,0.6311084030185601,-1.0,0.016,0.179,0.10944897959183673,0.03229880909418982,0.179,0.05472332619993886,5542,0.01846686760538036,blended,0.02,ahash,64,spatial,mean,block_collision,mad,0.144,0.159
0.5038670306122448,0.4682205408163265,0.019606684869378666,0.004,0.05,0.004,0.02,0.4773313277585153,0.4645397715684275,0.006,0.006,0.5226686722414847,-1.0,0.008,0.0,0.0008979591836734694,0.0,0.0,0.0,44,0.020017615501641446,blended,0.02,ahash,64,spatial,mean,hash_spectral,mad,0.144,0.045
0.41385531632653055,0.5254787653061225,0.016274026636646184,0.004,0.018,0.005,0.02,0.413580766877422,0.517999286151336,0.011,0.007,0.5864192331225779,-1.0,0.011,0.0,0.0005918367346938776,0.0,0.0,0.0,29,0.020011606731904504,blended,0.02,ahash,64,spatial,mean,hash_stability,mad,0.144,0.028
0.3698524693877551,0.5684225,0.014573316652013078,0.0,0.0,0.0,0.02,0.3984991841729554,0.5643035896389965,0.003,0.01,0.6015008158270446,-1.0,0.01,0.0,0.0012857142857142856,0.0,0.0,0.0,63,0.020025231792057993,blended,0.02,ahash4,16,spatial,mean,bit_llr,mad,0.134,0.047
0.6601481326530613,0.5959200612244897,0.06863937376478936,0.04,0.44,0.0,0.02,0.4477337344482969,0.4716554150520089,0.0,0.0,0.5522662655517031,-1.0,0.0,0.393,0.15506122448979592,0.04918032786885246,0.393,0.08742075408742075,7991,0.014449284677093005,blended,0.02,ahash4,16,spatial,mean,bit_em,mad,0.134,0.148
0.3930842755102041,0.6005905510204081,0.018730248283010575,0.0,0.063,0.054,0.02,0.3829227003875179,0.5328495818886396,0.0,0.029,0.617077299612482,-1.0,0.029,0.0,0.0,0.0,0.0,0.0,0,0.02,blended,0.02,ahash4,16,spatial,mean,hamming_knn,mad,0.134,0.389
0.38932306122448973,0.4620325306122449,0.019786799051373705,0.0,0.043,0.0,0.02,0.417793187844177,0.44770569039363656,0.0,0.0,0.582206812155823,-1.0,0.0,0.095,0.12091836734693878,0.015780730897009966,0.095,0.027065527065527065,6020,0.020577535243292405,blended,0.02,ahash4,16,spatial,mean,hamming_ball,mad,0.134,0.39
0.4185260918367347,0.48488375510204085,0.019534766010485375,0.029,0.043,0.029,0.02,0.39343432592290434,0.44909269834795024,0.0,0.0,0.6065656740770957,-1.0,0.0,0.155,0.18902040816326532,0.016459594350642454,0.155,0.029759047710473264,9417,0.020821526254835767,blended,0.02,ahash4,16,spatial,mean,block_collision,mad,0.134,0.04
0.5004563265306122,0.47492287755102036,0.019827013006505276,0.0,0.051,0.0,0.02,0.48565704670609827,0.48639435039771567,0.0,0.0,0.5143429532939017,-1.0,0.017,0.0,0.0022653061224489797,0.0,0.0,0.0,111,0.020044498787307824,blended,0.02,ahash4,16,spatial,mean,hash_spectral,mad,0.134,0.043
0.45208167346938777,0.3714256530612245,0.017551028152559624,0.0,0.0,0.0,0.02,0.4233712013053233,0.4903750764837854,0.002,0.002,0.5766287986946768,-1.0,0.002,0.0,0.002489795918367347,0.0,0.0,0.0,122,0.02004891936324632,blended,0.02,ahash4,16,spatial,mean,hash_stability,mad,0.134,0.025
0.3427780918367347,0.537068418367347,0.013643753978541994,0.0,0.001,0.004,0.02,0.3634330002039568,0.5211140118294921,0.002,0.009,0.6365669997960433,-1.0,0.009,0.0,0.0006122448979591836,0.0,0.0,0.0,30,0.020012007204322592,blended,0.02,ahash16,256,spatial,mean,bit_llr,mad,0.19,0.091
0.6312596326530613,0.2605564285714286,0.04123807098099933,0.0,0.0,0.0,0.02,0.45736732612686104,0.45285702631042224,0.0,0.0,0.542632673873139,-1.0,0.0,0.0,0.29512244897959183,0.0,0.0,0.0,14461,0.028138101803652324,blended,0.02,ahash16,256,spatial,mean,bit_em,mad,0.19,0.878
0.34007963265306124,0.5478927857142857,0.013932315651470045,0.005,0.022,0.008,0.02,0.3104125025494595,0.5432511727513767,0.006,0.01,0.6895874974505405,-1.0,0.046,0.0,0.0,0.0,0.0,0.0,0,0.02,blended,0.02,ahash16,256,spatial,mean,hamming_knn,mad,0.19,0.452
0.46471303061224495,0.24385625510204087,0.021426277163291905,0.0,0.0,0.0,0.02,0.3992884968386702,0.3992884968386702,0.005,0.005,0.6007115031613298,-1.0,0.005,0.012,0.15187755102040817,0.0016098738932116983,0.012,0.0028388928317956,7454,0.023221924505241385,blended,0.02,ahash16,256,spatial,mean,hamming_ball,mad,0.19,0.442
0.2993118775510204,0.6850890102040815,0.015390944075841184,0.0,0.0,0.07,0.02,0.3671177850295737,0.5949132163981237,0.0,0.039,0.6328822149704263,-1.0,0.039,0.543,0.08171428571428571,0.11941939740488235,0.543,0.19578150351541374,4547,0.010054341847622819,blended,0.02,ahash16,256,spatial,mean,block_collision,mad,0.19,0.686
0.49772122448979594,0.46301718367346933,0.01901332801872773,0.004,0.036,0.004,0.02,0.4684562512747298,0.4584170915765857,0.004,0.004,0.5315437487252702,-1.0,0.009,0.0,0.0006530612244897959,0.0,0.0,0.0,32,0.020012808197246237,blended,0.02,ahash16,256,spatial,mean,hash_spectral,mad,0.19,0.055
0.5057246632653062,0.5236150510204083,0.02155764101681671,0.012,0.062,0.016,0.02,0.5036069753212318,0.5168595757699368,0.009,0.007,0.5036069753212318,1.0,0.009,0.003,0.0012040816326530613,0.04838709677419355,0.003,0.005649717514124294,62,0.019964756297809284,blended,0.02,ahash16,256,spatial,mean,hash_stability,mad,0.19,0.032
0.3436863265306122,0.5264879285714286,0.013648186838164473,0.0,0.0,0.004,0.02,0.3622476035080563,0.5092409749133183,0.002,0.005,0.6377523964919437,-1.0,0.005,0.0,0.0005306122448979592,0.0,0.0,0.0,26,0.020010405410813625,blended,0.02,ahash32,1024,spatial,mean,bit_llr,mad,0.352,0.24
0.35582283673469384,0.47430367346938773,0.019592673283048152,0.0,0.0,0.0,0.02,0.41033612074240255,0.5896638792575973,0.0,0.0,0.5896638792575974,-1.0,0.0,0.0,0.19885714285714284,0.0,0.0,0.0,9744,0.024841017488076312,blended,0.02,ahash32,1024,spatial,mean,bit_em,mad,0.352,4.1
0.3189219795918367,0.5547511020408163,0.013320719594793064,0.001,0.015,0.003,0.02,0.28575341627574957,0.5599761370589436,0.004,0.015,0.7142465837242504,-1.0,0.051,0.0,0.0,0.0,0.0,0.0,0,0.02,blended,0.02,ahash32,1024,spatial,mean,hamming_knn,mad,0.352,0.538
0.4763010408163265,0.23784038775510205,0.02196175105299498,0.0,0.0,0.0,0.02,0.38722047725882114,0.38722047725882114,0.006,0.006,0.6127795227411789,-1.0,0.006,0.012,0.1450204081632653,0.0016858668165214948,0.012,0.0029563932002956393,7118,0.023039970150645957,blended,0.02,ahash32,1024,spatial,mean,hamming_ball,mad,0.352,0.523
0.38585969387755104,0.4038058979591837,0.016729019385950443,0.0,0.0,0.0,0.02,0.3921118702835,0.6078881297165001,0.0,0.025,0.6078881297165,-1.0,0.025,0.006,0.128,0.000955718381650207,0.006,0.0016488046166529267,6278,0.022734550112071726,blended,0.02,ahash32,1024,spatial,mean,block_collision,mad,0.352,2.913
0.495348612244898,0.46422016326530613,0.018898723015971015,0.004,0.03,0.004,0.02,0.46353365286559245,0.45233336732612683,0.004,0.004,0.5364663471344076,-1.0,0.007,0.0,0.00046938775510204083,0.0,0.0,0.0,23,0.020009204233947617,blended,0.02,ahash32,1024,spatial,mean,hash_spectral,mad,0.352,0.188
0.5269549897959184,0.5174120306122448,0.022231171728078182,0.01,0.063,0.01,0.02,0.5226654089333062,0.5127269018967979,0.006,0.006,0.5226654089333062,1.0,0.008,0.004,0.0016530612244897958,0.047058823529411764,0.004,0.007373271889400922,85,0.019953921666833616,blended,0.02,ahash32,1024,spatial,mean,hash_stability,mad,0.352,0.036
0.4143318673469387,0.504516112244898,0.015613478574979644,0.0,0.011,0.0,0.02,0.4079259636956965,0.5052200693452988,0.003,0.014,0.5920740363043036,-1.0,0.014,0.0,0.001326530612244898,0.0,0.0,0.0,65,0.020026033843997197,blended,0.02,mhash,64,spatial,median,bit_llr,mad,0.169,0.056
0.4268497857142858,0.5534465102040816,0.019478367283901635,0.0,0.0,0.0,0.02,0.4315069345298797,0.5349144401386905,0.0,0.0,0.5684930654701204,-1.0,0.0,0.56,0.3722448979591837,0.029787234042553193,0.56,0.05656565656565657,18800,0.014102564102564103,blended,0.02,mhash,64,spatial,median,bit_em,mad,0.169,0.291
0.4089629285714286,0.48633344897959185,0.016128518577874063,0.005,0.032,0.004,0.02,0.37252906383846623,0.4893912910462982,0.0,0.0,0.6274709361615338,-1.0,0.033,0.0,4.0816326530612245e-05,0.0,0.0,0.0,2,0.02000080003200128,blended,0.02,mhash,64,spatial,median,hamming_knn,mad,0.169,0.425
0.3636298367346939,0.46936825510204083,0.02002841647220742,0.022,0.068,0.022,0.02,0.39425504792983884,0.43148735468080773,0.0,0.0,0.6057449520701612,-1.0,0.0,0.105,0.17614285714285716,0.01201923076923077,0.105,0.021569433032046014,8736,0.02168960837533928,blended,0.02,mhash,64,spatial,median,hamming_ball,mad,0.169,0.422
0.4144392551020408,0.462781418367347,0.017076607801334225,0.0,0.026,0.0,0.02,0.38380481337956346,0.4674076075871916,0.0,0.0,0.6161951866204365,-1.0,0.017,0.127,0.10353061224489796,0.024423076923076922,0.127,0.04096774193548387,5200,0.019486607142857142,blended,0.02,mhash,64,spatial,median,block_collision,mad,0.169,0.159
0.463306081632653,0.4762567857142857,0.017596135503883985,0.003,0.032,0.003,0.02,0.4491142157862533,0.48136814195390576,0.006,0.006,0.5508857842137467,-1.0,0.008,0.0,0.00032653061224489796,0.0,0.0,0.0,16,0.02000640204865557,blended,0.02,mhash,64,spatial,median,hash_spectral,mad,0.169,0.045
0.42149377551020406,0.5104003979591837,0.016482558259751083,0.003,0.02,0.003,0.02,0.4193326534774628,0.49904374872527024,0.004,0.004,0.5806673465225372,-1.0,0.012,0.0,0.0021224489795918368,0.0,0.0,0.0,104,0.020041686708353375,blended,0.02,mhash,64,spatial,median,hash_stability,mad,0.169,0.026
0.33603568367346937,0.5719261734693877,0.013571657206718915,0.0,0.001,0.029,0.02,0.34560126453191925,0.5663936365490516,0.006,0.027,0.6543987354680807,-1.0,0.027,0.0,0.0013673469387755102,0.0,0.0,0.0,67,0.02002683596018665,blended,0.02,ahash_rgb,192,spatial,mean,bit_llr,mad,0.376,0.08
0.6885163367346939,0.5471827346938776,0.07901046823106929,0.0,0.426,0.0,0.02,0.4598710993269427,0.46439893942484184,0.0,0.0,0.5401289006730573,-1.0,0.0,0.448,0.39277551020408163,0.022748045089875088,0.448,0.04329757417608969,19694,0.01821421500692932,blended,0.02,ahash_rgb,192,spatial,mean,bit_em,mad,0.376,0.672
0.37867740816326534,0.5235549081632652,0.015017703351187905,0.003,0.032,0.004,0.02,0.3516453191923312,0.5177774831735672,0.001,0.002,0.6483546808076688,-1.0,0.025,0.0,0.0,0.0,0.0,0.0,0,0.02,blended,0.02,ahash_rgb,192,spatial,mean,hamming_knn,mad,0.376,0.446
0.5166420306122449,0.19838884693877548,0.02401107020461206,0.0,0.0,0.0,0.02,0.41037456659188254,0.41037456659188254,0.002,0.002,0.5896254334081175,-1.0,0.002,0.015,0.1729795918367347,0.0017665763749852785,0.015,0.0031608892635128015,8491,0.023729793538750633,blended,0.02,ahash_rgb,192,spatial,mean,hamming_ball,mad,0.376,0.436
0.43385052040816324,0.49183680612244896,0.01825169502736687,0.0,0.0,0.0,0.02,0.3679098511115643,0.4972514786865185,0.0,0.0,0.6320901488884356,-1.0,0.046,0.0,0.0413265306122449,0.0,0.0,0.0,2025,0.020844189682126108,blended,0.02,ahash_rgb,192,spatial,mean,block_collision,mad,0.376,0.409
0.49435379591836737,0.4897970204081633,0.019530845838223683,0.007,0.046,0.007,0.02,0.4713901692841118,0.4934491127880889,0.007,0.007,0.5286098307158882,-1.0,0.015,0.0,0.0010408163265306122,0.0,0.0,0.0,51,0.020020420829245832,blended,0.02,ahash_rgb,192,spatial,mean,hash_spectral,mad,0.376,0.052
0.40894624489795917,0.5002309387755103,0.015687606930416608,0.001,0.012,0.001,0.02,0.40094962267999185,0.5170356924332042,0.011,0.013,0.5990503773200082,-1.0,0.012,0.0,0.0006938775510204082,0.0,0.0,0.0,34,0.020013609254292918,blended,0.02,ahash_rgb,192,spatial,mean,hash_stability,mad,0.376,0.032
0.40425743877551024,0.4836344183673469,0.015263552127532222,0.004,0.017,0.01,0.02,0.3781668366306343,0.4814913318376504,0.001,0.009,0.6218331633693657,-1.0,0.024,0.0,2.0408163265306123e-05,0.0,0.0,0.0,1,0.02000040000800016,blended,0.02,dhash,64,spatial,pairwise,bit_llr,mad,0.144,0.056
0.5766217346938776,0.5725296530612245,0.02882718584422502,0.0,0.0,0.0,0.02,0.506238629410565,0.48391556190087703,0.0,0.0,0.506238629410565,1.0,0.0,0.0,0.07783673469387756,0.0,0.0,0.0,3814,0.021651582730697613,blended,0.02,dhash,64,spatial,pairwise,bit_em,mad,0.144,0.298
0.4060824489795919,0.47044154081632644,0.015758184425089247,0.004,0.025,0.004,0.02,0.37478380583316334,0.4680325311034061,0.002,0.002,0.6252161941668366,-1.0,0.026,0.004,0.010979591836734694,0.007380073800738007,0.004,0.005188067444876783,542,0.02013829916292612,blended,0.02,dhash,64,spatial,pairwise,hamming_knn,mad,0.144,0.444
0.40980543877551023,0.47581569387755107,0.01744806246087734,0.006,0.04,0.006,0.02,0.3897974709361615,0.4316466449112789,0.001,0.001,0.6102025290638384,-1.0,0.001,0.069,0.09897959183673469,0.014027241309209189,0.069,0.02331474911302585,4919,0.020651715800448084,blended,0.02,dhash,64,spatial,pairwise,hamming_ball,mad,0.144,0.437
0.4106914795918367,0.5358710102040817,0.018331010073442143,0.016,0.053,0.016,0.02,0.40208076687742195,0.41369467672853355,0.0,0.0,0.597919233122578,-1.0,0.0,0.09,0.10751020408163266,0.0167973124300112,0.09,0.028310789556464298,5358,0.0203843913803145,blended,0.02,dhash,64,spatial,pairwise,block_collision,mad,0.144,0.155
0.4750526122448979,0.497122112244898,0.018699999408019266,0.004,0.046,0.004,0.02,0.4658405058127677,0.4961984499286151,0.004,0.004,0.5341594941872323,-1.0,0.012,0.001,0.0018571428571428571,0.010869565217391304,0.001,0.0018315018315018315,92,0.020016830968982928,blended,0.02,dhash,64,spatial,pairwise,hash_spectral,mad,0.144,0.045
0.5867265918367347,0.5242079795918367,0.027331652148687633,0.012,0.068,0.014,0.02,0.5787864572710586,0.4999162757495411,0.012,0.011,0.5787864572710586,1.0,0.012,0.001,0.0005714285714285715,0.034482758620689655,0.001,0.001943634596695821,29,0.0199915951251726,blended,0.02,dhash,64,spatial,pairwise,hash_stability,mad,0.144,0.027
0.4278523265306122,0.4793702346938775,0.016118264977137427,0.001,0.02,0.003,0.02,0.41030960636345093,0.4743303079747094,0.001,0.005,0.5896903936365491,-1.0,0.011,0.0,0.00028571428571428574,0.0,0.0,0.0,14,0.02000560156843916,blended,0.02,dhash_v,64,spatial,pairwise,bit_llr,mad,0.138,0.056
0.4235271428571428,0.6024714081632654,0.018318886968566463,0.0,0.0,0.0,0.02,0.5272659596165613,0.44554130124413627,0.0,0.0,0.5272659596165613,1.0,0.0,0.341,0.10316326530612245,0.06319495922905856,0.341,0.10662914321450907,5396,0.014774459689713927,blended,0.02,dhash_v,64,spatial,pairwise,bit_em,mad,0.138,0.296
0.3402961530612245,0.5098102857142857,0.01378381305335655,0.0,0.005,0.0,0.02,0.3135409953089945,0.5151206404242301,0.0,0.0,0.6864590046910055,-1.0,0.031,0.0,0.0035714285714285713,0.0,0.0,0.0,175,0.02007024586051179,blended,0.02,dhash_v,64,spatial,pairwise,hamming_knn,mad,0.138,0.445
0.342250224489796,0.4638855204081633,0.01591155030972015,0.0,0.009,0.0,0.02,0.33066377727921686,0.41887772792168065,0.001,0.001,0.6693362227207831,-1.0,0.001,0.031,0.0949591836734694,0.006618274978650726,0.031,0.010907811400422239,4684,0.021383175920204785,blended,0.02,dhash_v,64,spatial,pairwise,hamming_ball,mad,0.138,0.435
0.36216947959183676,0.4476739897959183,0.014945436895829405,0.0,0.015,0.0,0.02,0.3356018764022027,0.4464161737711605,0.0,0.0,0.6643981235977974,-1.0,0.0,0.058,0.14453061224489797,0.008123249299719889,0.058,0.01425061425061425,7140,0.021978534764349043,blended,0.02,dhash_v,64,spatial,pairwise,block_collision,mad,0.138,0.155
0.4122630102040817,0.459977193877551,0.015418589463060102,0.0,0.002,0.0,0.02,0.4102127269018968,0.45714440138690593,0.002,0.002,0.5897872730981032,-1.0,0.02,0.0,0.0005510204081632653,0.0,0.0,0.0,27,0.020010805835150983,blended,0.02,dhash_v,64,spatial,pairwise,hash_spectral,mad,0.138,0.044
0.5852432448979592,0.43568740816326534,0.024962958710045134,0.001,0.043,0.001,0.02,0.6276473587599429,0.49374770548643687,0.01,0.003,0.6276473587599429,1.0,0.01,0.0,0.00032653061224489796,0.0,0.0,0.0,16,0.02000640204865557,blended,0.02,dhash_v,64,spatial,pairwise,hash_stability,mad,0.138,0.027
0.6288117959183673,0.47335040816326535,0.02912084422724901,0.024,0.075,0.005,0.02,0.644022027330206,0.4726608199061799,0.024,0.015,0.644022027330206,1.0,0.024,0.0,0.0008979591836734694,0.0,0.0,0.0,44,0.020017615501641446,blended,0.02,dhash16,256,spatial,pairwise,bit_llr,mad,0.195,0.091
0.5663717142857143,0.5539701530612244,0.04537197466855383,0.0,0.282,0.0,0.02,0.44279390169284105,0.414528146033041,0.0,0.0,0.557206098307159,-1.0,0.0,0.391,0.27091836734693875,0.02861115176350066,0.391,0.053320605482067365,13666,0.01676116034568173,blended,0.02,dhash16,256,spatial,pairwise,bit_em,mad,0.195,0.884
0.4732242244897959,0.4121458775510204,0.017337001491536715,0.0,0.01,0.0,0.02,0.4509862329186213,0.3982672853355089,0.0,0.0,0.5490137670813787,-1.0,0.005,0.001,0.028346938775510203,0.0007194244604316547,0.001,0.0008368200836820083,1390,0.020551326887471712,blended,0.02,dhash16,256,spatial,pairwise,hamming_knn,mad,0.195,0.464
0.4540349795918367,0.4748481326530612,0.019514230187192064,0.004,0.043,0.004,0.02,0.43414327962471955,0.4293559045482357,0.0,0.0,0.5658567203752805,-1.0,0.0,0.119,0.14046938775510204,0.016995144244501572,0.119,0.029742564358910272,7002,0.02048932508488767,blended,0.02,dhash16,256,spatial,pairwise,hamming_ball,mad,0.195,0.456
0.3533881428571428,0.4235188265306122,0.014328036669690077,0.0,0.01,0.0,0.02,0.30781807056903937,0.31091433816031,0.0,0.0,0.6921819294309606,-1.0,0.013,0.064,0.17287755102040817,0.007498535442296427,0.064,0.013424226533822758,8535,0.022573254552031834,blended,0.02,dhash16,256,spatial,pairwise,block_collision,mad,0.195,0.711
0.42734042857142857,0.44429549999999995,0.01588877196614357,0.0,0.012,0.0,0.02,0.4037036508260249,0.43671935549663465,0.0,0.0,0.5962963491739751,-1.0,0.011,0.001,0.010285714285714285,0.0019801980198019802,0.001,0.00132890365448505,505,0.020183856955248006,blended,0.02,dhash16,256,spatial,pairwise,hash_spectral,mad,0.195,0.054
0.6659764285714285,0.4947736020408163,0.0330890586227036,0.01,0.092,0.0,0.02,0.6957425045890271,0.49750193758923106,0.038,0.0,0.6957425045890271,1.0,0.038,0.0,0.0030408163265306124,0.0,0.0,0.0,149,0.020059778138853783,blended,0.02,dhash16,256,spatial,pairwise,hash_stability,mad,0.195,0.03
0.419680306122449,0.4922279693877551,0.016702876800198323,0.012,0.027,0.01,0.02,0.3893740566999796,0.4882698347950234,0.007,0.008,0.6106259433000204,-1.0,0.012,0.0,0.0003061224489795918,0.0,0.0,0.0,15,0.02000600180054016,blended,0.02,blockhash,256,spatial,median,bit_llr,mad,0.375,0.093
0.6382684795918367,0.3813226326530612,0.03728972393762526,0.0,0.0,0.0,0.02,0.4973385682235366,0.4864670609830716,0.0,0.0,0.5026614317764634,-1.0,0.0,0.0,0.24106122448979592,0.0,0.0,0.0,11812,0.026186236514088194,blended,0.02,blockhash,256,spatial,median,bit_em,mad,0.375,0.902
0.3625084693877551,0.5377132653061224,0.014672070795254392,0.007,0.024,0.007,0.02,0.34732041607179276,0.5389332041607179,0.004,0.004,0.6526795839282072,-1.0,0.045,0.002,0.0014081632653061224,0.028169014084507043,0.002,0.003734827264239029,71,0.019988383504576497,blended,0.02,blockhash,256,spatial,median,hamming_knn,mad,0.375,0.469
0.3999038979591837,0.3911817959183673,0.01621483764239505,0.0,0.003,0.0,0.02,0.36182021211503157,0.46928482561696916,0.004,0.004,0.6381797878849684,-1.0,0.004,0.028,0.13887755102040816,0.004097760866383726,0.028,0.0071492403932082215,6833,0.022517200639377302,blended,0.02,blockhash,256,spatial,median,hamming_ball,mad,0.375,0.458
0.4517213265306122,0.4378379693877551,0.0180588316326864,0.0,0.0,0.0,0.02,0.4053183765041812,0.4968883336732613,0.0,0.028,0.5946816234958188,-1.0,0.028,0.0,0.026938775510204082,0.0,0.0,0.0,1320,0.020542317173377157,blended,0.02,blockhash,256,spatial,median,block_collision,mad,0.375,0.721
0.48429777551020414,0.47225340816326533,0.019502983235767542,0.012,0.053,0.012,0.02,0.4636243116459311,0.4629745054048542,0.005,0.005,0.5363756883540689,-1.0,0.012,0.004,0.0014489795918367348,0.05333333333333334,0.004,0.0074418604651162795,75,0.019949924887330998,blended,0.02,blockhash,256,spatial,median,hash_spectral,mad,0.375,0.054
0.5845160408163266,0.5287425,0.0284895087444377,0.017,0.086,0.012,0.02,0.5831168672241485,0.5223085865796451,0.021,0.012,0.5831168672241485,1.0,0.021,0.002,0.0016938775510204082,0.023529411764705882,0.002,0.003686635944700461,85,0.01999398978263047,blended,0.02,blockhash,256,spatial,median,hash_stability,mad,0.375,0.03
0.4094878163265306,0.4706134897959183,0.015471112264997726,0.003,0.022,0.005,0.02,0.38123903732408726,0.46478441770344686,0.002,0.01,0.6187609626759127,-1.0,0.011,0.0,0.00020408163265306123,0.0,0.0,0.0,10,0.020004000800160033,blended,0.02,phash,64,frequency,median,bit_llr,mad,0.537,0.057
0.3398439081632653,0.49655958163265307,0.013778957180823403,0.0,0.0,0.0,0.02,0.4009030185600653,0.5275120334489088,0.0,0.002,0.5990969814399347,-1.0,0.002,0.0,0.039530612244897956,0.0,0.0,0.0,1937,0.02080602542496307,blended,0.02,phash,64,frequency,median,bit_em,mad,0.537,0.304
0.3425988979591837,0.477935418367347,0.014356636514952267,0.001,0.012,0.001,0.02,0.2928380583316337,0.4866966143177647,0.002,0.002,0.7071619416683663,-1.0,0.026,0.001,0.006469387755102041,0.0031446540880503146,0.001,0.0015174506828528073,318,0.020107886155951854,blended,0.02,phash,64,frequency,median,hamming_knn,mad,0.537,0.43
0.35912785714285717,0.4362480408163265,0.014571951819181079,0.0,0.008,0.0,0.02,0.29556159494187234,0.4510498674281052,0.0,0.0,0.7044384050581276,-1.0,0.021,0.001,0.022244897959183673,0.0009165902841429881,0.001,0.0009564801530368245,1091,0.020425688523584618,blended,0.02,phash,64,frequency,median,hamming_ball,mad,0.537,0.429
0.4412892346938776,0.46289207142857147,0.016533032118048845,0.002,0.011,0.002,0.02,0.42879889863348974,0.4546075871915154,0.002,0.002,0.5712011013665103,-1.0,0.012,0.001,0.002489795918367347,0.008130081300813009,0.001,0.0017809439002671415,123,0.02002927200914249,blended,0.02,phash,64,frequency,median,hash_spectral,mad,0.537,0.045
0.6115352959183673,0.5519333367346938,0.030836988310047775,0.018,0.124,0.018,0.02,0.5852034468692637,0.523625535386498,0.005,0.005,0.5852034468692637,1.0,0.005,0.018,0.008693877551020409,0.04054054054054054,0.018,0.024930747922437674,444,0.019815965776091696,blended,0.02,phash,64,frequency,median,hash_stability,mad,0.537,0.025
0.4094877755102041,0.4706134387755102,0.015471110251488656,0.003,0.022,0.005,0.02,0.3812390373240873,0.4647844177034468,0.002,0.01,0.6187609626759127,-1.0,0.011,0.0,0.00020408163265306123,0.0,0.0,0.0,10,0.020004000800160033,blended,0.02,phash_nodc,63,frequency,median,bit_llr,mad,0.532,0.058
0.3396059897959184,0.49712192857142856,0.01377486758118087,0.0,0.0,0.0,0.02,0.40091046298184785,0.5276577605547624,0.0,0.002,0.5990895370181522,-1.0,0.002,0.0,0.039530612244897956,0.0,0.0,0.0,1937,0.02080602542496307,blended,0.02,phash_nodc,63,frequency,median,bit_em,mad,0.532,0.295
0.3425988979591837,0.477935418367347,0.014356636514952267,0.001,0.012,0.001,0.02,0.2928380583316337,0.4866966143177647,0.002,0.002,0.7071619416683663,-1.0,0.026,0.001,0.006469387755102041,0.0031446540880503146,0.001,0.0015174506828528073,318,0.020107886155951854,blended,0.02,phash_nodc,63,frequency,median,hamming_knn,mad,0.532,0.429
0.35912785714285717,0.4362480408163265,0.014571951819181079,0.0,0.008,0.0,0.02,0.29556159494187234,0.4510498674281052,0.0,0.0,0.7044384050581276,-1.0,0.021,0.001,0.022244897959183673,0.0009165902841429881,0.001,0.0009564801530368245,1091,0.020425688523584618,blended,0.02,phash_nodc,63,frequency,median,hamming_ball,mad,0.532,0.43
0.47189882653061227,0.4728767142857144,0.01806022686233339,0.006,0.039,0.006,0.02,0.45396226799918415,0.46812675912706503,0.0,0.0,0.5460377320008158,-1.0,0.009,0.0,0.002836734693877551,0.0,0.0,0.0,139,0.020055754998896932,blended,0.02,phash_nodc,63,frequency,median,hash_spectral,mad,0.532,0.045
0.6115352959183673,0.5519333367346938,0.030836988310047775,0.018,0.124,0.018,0.02,0.5852034468692637,0.523625535386498,0.005,0.005,0.5852034468692637,1.0,0.005,0.018,0.008693877551020409,0.04054054054054054,0.018,0.024930747922437674,444,0.019815965776091696,blended,0.02,phash_nodc,63,frequency,median,hash_stability,mad,0.532,0.025
0.4031184081632653,0.48351589795918365,0.015267452175208631,0.003,0.02,0.001,0.02,0.3790666938609015,0.48483887415867843,0.004,0.008,0.6209333061390985,-1.0,0.007,0.0,0.0002653061224489796,0.0,0.0,0.0,13,0.02000520135235161,blended,0.02,phash_mean,64,frequency,mean,bit_llr,mad,0.504,0.056
0.32834268367346936,0.5996204183673469,0.01377218128193605,0.0,0.0,0.0,0.02,0.41307209871507244,0.5500492555578217,0.007,0.011,0.5869279012849276,-1.0,0.011,0.0,0.0,0.0,0.0,0.0,0,0.02,blended,0.02,phash_mean,64,frequency,mean,bit_em,mad,0.504,0.295
0.3245137755102041,0.5197989591836734,0.013602977107408926,0.001,0.006,0.001,0.02,0.3049822557617785,0.5358512135427289,0.002,0.002,0.6950177442382215,-1.0,0.027,0.001,0.006612244897959183,0.003076923076923077,0.001,0.0015094339622641509,325,0.02011071967790639,blended,0.02,phash_mean,64,frequency,mean,hamming_knn,mad,0.504,0.441
0.3211485612244898,0.511412775510204,0.01404621103757999,0.0,0.01,0.0,0.02,0.31609881705078524,0.48675718947583113,0.005,0.005,0.6839011829492148,-1.0,0.005,0.015,0.05781632653061224,0.0052668539325842695,0.015,0.007796257796257797,2848,0.020889888021717002,blended,0.02,phash_mean,64,frequency,mean,hamming_ball,mad,0.504,0.437
0.5186900204081633,0.5156147040816327,0.022296239889864983,0.021,0.068,0.021,0.02,0.5165882112992045,0.5183026718335713,0.011,0.011,0.5165882112992045,1.0,0.011,0.001,0.001326530612244898,0.015151515151515152,0.001,0.001876172607879925,66,0.0200064084591661,blended,0.02,phash_mean,64,frequency,mean,hash_spectral,mad,0.504,0.045
0.44391213265306123,0.5176643265306122,0.017880975508197297,0.011,0.04,0.008,0.02,0.45752559657352637,0.49028156230879055,0.008,0.007,0.5424744034264737,-1.0,0.008,0.0,0.0018775510204081633,0.0,0.0,0.0,92,0.02003686783681975,blended,0.02,phash_mean,64,frequency,mean,hash_stability,mad,0.504,0.027
0.6007942142857143,0.48483565306122445,0.035074191000261004,0.045,0.105,0.016,0.02,0.6159465633285743,0.4815135631246175,0.044,0.018,0.6159465633285743,1.0,0.044,0.001,0.00022448979591836734,0.08333333333333333,0.001,0.001976284584980237,12,0.01998479635112427,blended,0.02,phash16,256,frequency,median,bit_llr,mad,0.618,0.096
0.3998292142857143,0.40120548979591836,0.014981673370897982,0.0,0.0,0.0,0.02,0.3515438507036508,0.35871660208035894,0.0,0.0,0.6484561492963492,-1.0,0.008,0.0,0.12551020408163266,0.0,0.0,0.0,6150,0.02280501710376283,blended,0.02,phash16,256,frequency,median,bit_em,mad,0.618,0.885
0.32883652040816325,0.48317612244897956,0.013811008060545228,0.001,0.01,0.001,0.02,0.3050894350397716,0.4580041811136039,0.001,0.001,0.6949105649602284,-1.0,0.024,0.002,0.010591836734693877,0.003838771593090211,0.002,0.0026298487836949377,521,0.020170173204793952,blended,0.02,phash16,256,frequency,median,hamming_knn,mad,0.618,0.466
0.3402527551020408,0.4919476632653061,0.014490281062895276,0.0,0.014,0.0,0.02,0.3189772588211299,0.44234978584540074,0.0,0.0,0.6810227411788701,-1.0,0.016,0.008,0.01873469387755102,0.008639308855291577,0.008,0.008307372793354102,926,0.020214370134898317,blended,0.02,phash16,256,frequency,median,hamming_ball,mad,0.618,0.461
0.4428625918367347,0.4679155102040817,0.01723740014370111,0.011,0.031,0.011,0.02,0.42562431164593106,0.45946338976137063,0.005,0.005,0.5743756883540689,-1.0,0.013,0.01,0.007693877551020408,0.025839793281653745,0.01,0.014419610670511895,387,0.019954447423054442,blended,0.02,phash16,256,frequency,median,hash_spectral,mad,0.618,0.054
0.6442033979591836,0.5012455204081633,0.031397147667204583,0.014,0.081,0.004,0.02,0.7001131960024475,0.5205388537630022,0.041,0.004,0.7001131960024475,1.0,0.041,0.0,0.0014693877551020407,0.0,0.0,0.0,72,0.0200288415318058,blended,0.02,phash16,256,frequency,median,hash_stability,mad,0.618,0.028
0.7192463775510203,0.5682964387755103,0.07846778777230623,0.097,0.226,0.061,0.02,0.7494386090148888,0.5746148276565368,0.132,0.066,0.7494386090148888,1.0,0.132,0.002,0.00010204081632653062,0.2857142857142857,0.002,0.003972194637537239,7,0.019962794791270777,blended,0.02,pdq,256,frequency,median,bit_llr,mad,2.294,0.092
0.8807256020408163,0.851772418367347,0.10145787191190853,0.0,0.0,0.0,0.02,0.8901289006730573,0.8603658984295329,0.277,0.277,0.8901289006730573,1.0,0.277,0.804,0.11593877551020408,0.12397841171935235,0.804,0.21482965931863726,6485,0.004504193956107089,blended,0.02,pdq,256,frequency,median,bit_em,mad,2.294,0.911
0.3656355918367347,0.4560228265306122,0.014653597286332061,0.002,0.014,0.002,0.02,0.3421795839282073,0.45838955741382825,0.002,0.002,0.6578204160717926,-1.0,0.014,0.001,0.007693877551020408,0.0026455026455026454,0.001,0.001451378809869376,378,0.02013219942767321,blended,0.02,pdq,256,frequency,median,hamming_knn,mad,2.294,0.469
0.41417304081632655,0.40315512244897955,0.01649507768566858,0.003,0.017,0.003,0.02,0.34890811747909445,0.43166908015500716,0.003,0.003,0.6510918825209056,-1.0,0.016,0.005,0.01089795918367347,0.00927643784786642,0.005,0.00649772579597141,539,0.02011685974808435,blended,0.02,pdq,256,frequency,median,hamming_ball,mad,2.294,0.464
0.4627636428571429,0.4699351428571429,0.018854321844278092,0.011,0.04,0.011,0.02,0.442193351009586,0.4623487660615949,0.007,0.007,0.557806648990414,-1.0,0.009,0.011,0.005142857142857143,0.04182509505703422,0.011,0.01741884402216944,263,0.01988459295896415,blended,0.02,pdq,256,frequency,median,hash_spectral,mad,2.294,0.054
0.6583074999999999,0.511316030612245,0.033703273047811635,0.019,0.097,0.004,0.02,0.7034417703446869,0.5286258413216398,0.034,0.006,0.7034417703446869,1.0,0.034,0.0,0.0016122448979591837,0.0,0.0,0.0,79,0.020031650007011077,blended,0.02,pdq,256,frequency,median,hash_stability,mad,2.294,0.027
0.41443340816326524,0.5042092040816327,0.015613767480674504,0.0,0.011,0.0,0.02,0.40800448704874565,0.5053277585151947,0.003,0.014,0.5919955129512544,-1.0,0.014,0.0,0.001326530612244898,0.0,0.0,0.0,65,0.020026033843997197,blended,0.02,whash_haar,64,wavelet,median,bit_llr,mad,0.617,0.058
0.408944806122449,0.5245816326530612,0.017969472515554284,0.0,0.0,0.0,0.02,0.4316556190087701,0.5343182745258006,0.0,0.0,0.5683443809912299,-1.0,0.0,0.56,0.3722244897959184,0.029788818554178413,0.56,0.05656851356129097,18799,0.014102112111791288,blended,0.02,whash_haar,64,wavelet,median,bit_em,mad,0.617,0.307
0.40897501020408167,0.4863702244897959,0.016126175321460903,0.005,0.032,0.004,0.02,0.3722681011625535,0.48975484397307767,0.0,0.0,0.6277318988374465,-1.0,0.033,0.0,4.0816326530612245e-05,0.0,0.0,0.0,2,0.02000080003200128,blended,0.02,whash_haar,64,wavelet,median,hamming_knn,mad,0.617,0.428
0.3636150612244898,0.46941302040816335,0.020028372088934192,0.022,0.068,0.022,0.02,0.3941653069549256,0.4319110748521314,0.0,0.0,0.6058346930450744,-1.0,0.0,0.105,0.17614285714285716,0.01201923076923077,0.105,0.021569433032046014,8736,0.02168960837533928,blended,0.02,whash_haar,64,wavelet,median,hamming_ball,mad,0.617,0.422
0.41452851020408166,0.46266285714285715,0.017081161920493724,0.0,0.026,0.0,0.02,0.38380950438507033,0.4674105649602285,0.0,0.0,0.6161904956149297,-1.0,0.017,0.127,0.10353061224489796,0.024423076923076922,0.127,0.04096774193548387,5200,0.019486607142857142,blended,0.02,whash_haar,64,wavelet,median,block_collision,mad,0.617,0.159
0.46312265306122447,0.47616631632653067,0.01758460086753047,0.003,0.031,0.003,0.02,0.44894472771772387,0.4814360595553742,0.006,0.006,0.5510552722822761,-1.0,0.008,0.0,0.00032653061224489796,0.0,0.0,0.0,16,0.02000640204865557,blended,0.02,whash_haar,64,wavelet,median,hash_spectral,mad,0.617,0.045
0.4214950306122449,0.5103948061224489,0.016482566615326297,0.003,0.02,0.003,0.02,0.4192012033448909,0.4988398939424842,0.004,0.004,0.5807987966551091,-1.0,0.012,0.0,0.0021224489795918368,0.0,0.0,0.0,104,0.020041686708353375,blended,0.02,whash_haar,64,wavelet,median,hash_stability,mad,0.617,0.027
0.443165806122449,0.47867899999999997,0.01649862928440047,0.0,0.0,0.0,0.02,0.4274081174790944,0.48401080970834187,0.008,0.005,0.5725918825209055,-1.0,0.008,0.0,0.00426530612244898,0.0,0.0,0.0,209,0.020083950914823963,blended,0.02,whash_db4,169,wavelet,median,bit_llr,mad,1.575,0.079
0.3364599285714286,0.6780355612244898,0.020094652495310325,0.0,0.0,0.0,0.02,0.4567629002651438,0.5441592902304712,0.0,0.0,0.5432370997348561,-1.0,0.0,0.565,0.39218367346938776,0.028561318370235567,0.565,0.05437397748051198,19782,0.014395393474088292,blended,0.02,whash_db4,169,wavelet,median,bit_em,mad,1.575,0.595
0.42210623469387754,0.4820659183673469,0.016027449366076297,0.0,0.011,0.0,0.02,0.3969233122578013,0.48468498878237803,0.004,0.005,0.6030766877421987,-1.0,0.023,0.0,0.0,0.0,0.0,0.0,0,0.02,blended,0.02,whash_db4,169,wavelet,median,hamming_knn,mad,1.575,0.459
0.46646535714285714,0.3206469897959183,0.02001260930709035,0.0,0.0,0.0,0.02,0.4358575362023251,0.4358575362023251,0.004,0.004,0.5641424637976749,-1.0,0.004,0.02,0.11351020408163265,0.0035829451809387316,0.02,0.006077180188392586,5582,0.022063127560898736,blended,0.02,whash_db4,169,wavelet,median,hamming_ball,mad,1.575,0.449
0.4631423775510204,0.49118189795918366,0.017589727814331147,0.0,0.026,0.0,0.02,0.46456271670405874,0.49966347134407507,0.004,0.004,0.5354372832959413,-1.0,0.01,0.0,0.0019387755102040817,0.0,0.0,0.0,95,0.020038072337441138,blended,0.02,whash_db4,169,wavelet,median,hash_spectral,mad,1.575,0.052
0.44435919387755096,0.557690887755102,0.019383153405620218,0.017,0.058,0.022,0.02,0.457222720783194,0.5290894350397716,0.01,0.01,0.542777279216806,-1.0,0.01,0.01,0.0030204081632653063,0.06329113924050633,0.01,0.017271157167530225,158,0.01986276634163958,blended,0.02,whash_db4,169,wavelet,median,hash_stability,mad,1.575,0.029
0.410573806122449,0.4366549387755102,0.015286926576640752,0.003,0.011,0.001,0.02,0.38177146644911275,0.42902804405466044,0.0,0.002,0.6182285335508872,-1.0,0.007,0.0,0.00046938775510204083,0.0,0.0,0.0,23,0.020009204233947617,blended,0.02,mh,64,frequency,mean,bit_llr,mad,0.982,0.056
0.34666301020408163,0.47398510204081634,0.014261051337739094,0.0,0.0,0.0,0.02,0.47066969202529063,0.4438936365490516,0.003,0.004,0.5293303079747094,-1.0,0.004,0.0,0.028979591836734694,0.0,0.0,0.0,1420,0.02058460271716756,blended,0.02,mh,64,frequency,mean,bit_em,mad,0.982,0.298
0.3173473877551021,0.5086502448979592,0.013390099628220858,0.0,0.001,0.0,0.02,0.2819992861513359,0.5068933306139098,0.0,0.0,0.7180007138486642,-1.0,0.05,0.0,0.007795918367346939,0.0,0.0,0.0,382,0.02015397637953968,blended,0.02,mh,64,frequency,mean,hamming_knn,mad,0.982,0.447
0.36616535714285714,0.40027576530612236,0.015761870730806947,0.0,0.003,0.0,0.02,0.2936844788904752,0.4440041811136039,0.0,0.0,0.7063155211095248,-1.0,0.0,0.003,0.04255102040816326,0.0014367816091954023,0.003,0.0019430051813471502,2088,0.020808983135748874,blended,0.02,mh,64,frequency,mean,hamming_ball,mad,0.982,0.44
0.34556339795918367,0.6008149693877551,0.01701201048087174,0.013,0.044,0.013,0.02,0.32286538853763,0.4339936773404038,0.002,0.002,0.67713461146237,-1.0,0.002,0.056,0.06308163265306123,0.017794725135049254,0.056,0.027007475283337353,3147,0.020148122852325357,blended,0.02,mh,64,frequency,mean,block_collision,mad,0.982,0.152
0.4295862959183673,0.45638567346938774,0.016057363386210402,0.001,0.02,0.001,0.02,0.4208228635529268,0.44967397511727514,0.003,0.003,0.5791771364470732,-1.0,0.015,0.0,0.0038163265306122448,0.0,0.0,0.0,187,0.02007508080220023,blended,0.02,mh,64,frequency,mean,hash_spectral,mad,0.982,0.045
0.5018459795918367,0.43224394897959184,0.019724406792938604,0.002,0.019,0.002,0.02,0.48992830919844993,0.487275341627575,0.004,0.004,0.5100716908015501,-1.0,0.004,0.001,0.005693877551020408,0.0035714285714285713,0.001,0.0015625,280,0.020092518101367658,blended,0.02,mh,64,frequency,mean,hash_stability,mad,0.982,0.027
0.39523320408163265,0.4425465306122449,0.015022129850581331,0.0,0.0,0.0,0.02,0.3062270038751785,0.46254945951458293,0.002,0.003,0.6937729961248216,-1.0,0.008,0.0,0.036224489795918365,0.0,0.0,0.0,1775,0.020736132711249352,blended,0.02,colorhash,42,colour,quantisation,bit_llr,mad,2.544,0.051
0.4200813571428571,0.5000595714285714,0.016559788484659214,0.0,0.0,0.0,0.02,0.3167880889251478,0.3672518866000408,0.0,0.0,0.6832119110748522,-1.0,0.0,0.226,0.4166734693877551,0.010948021120961101,0.226,0.020884350598345886,20643,0.026365091800933337,blended,0.02,colorhash,42,colour,quantisation,bit_em,mad,2.544,0.253
0.34648980612244895,0.5296728367346939,0.01449512391771396,0.0,0.0,0.013,0.02,0.31270344686926377,0.5226140118294922,0.0,0.017,0.6872965531307362,-1.0,0.017,0.013,0.010183673469387755,0.025390625,0.013,0.017195767195767195,512,0.01994422890397672,blended,0.02,colorhash,42,colour,quantisation,hamming_knn,mad,2.544,0.355
0.3562185510204081,0.37776520408163267,0.015537603708175274,0.0,0.0,0.0,0.02,0.3060976952885988,0.3331927391393025,0.0,0.0,0.6939023047114012,-1.0,0.0,0.115,0.2709795918367347,0.008586575076532517,0.115,0.0159799902730494,13393,0.024175704100308684,blended,0.02,colorhash,42,colour,quantisation,hamming_ball,mad,2.544,0.343
0.4283363673469388,0.46781308163265306,0.016152564633706883,0.0,0.0,0.0,0.02,0.48015480318172543,0.4795258005302876,0.033,0.001,0.5198451968182746,-1.0,0.033,0.0,0.007142857142857143,0.0,0.0,0.0,350,0.02014098690835851,blended,0.02,colorhash,42,colour,quantisation,hash_spectral,mad,2.544,0.043
0.7150636530612247,0.6305612142857143,0.056946618920222646,0.036,0.092,0.036,0.02,0.7098671221701,0.6491075871915154,0.036,0.036,0.7098671221701,1.0,0.036,0.014,0.0008775510204081633,0.24561403508771928,0.014,0.026490066225165563,57,0.019742506457361392,blended,0.02,colorhash,42,colour,quantisation,hash_stability,mad,2.544,0.026
0.6582732448979591,0.534296612244898,0.03737085106551957,0.038,0.137,0.014,0.02,0.6888150112176219,0.5359849071996737,0.055,0.015,0.6888150112176219,1.0,0.055,0.0,0.0003469387755102041,0.0,0.0,0.0,17,0.020006802312786346,blended,0.02,rhash8,64,residual,zero,bit_llr,mad,0.588,0.058
0.4815371836734694,0.4921160612244898,0.02242453532455721,0.0,0.114,0.0,0.02,0.43539853151131963,0.42091535794411583,0.0,0.0,0.5646014684886804,-1.0,0.01,0.181,0.09185714285714286,0.03865869286629645,0.181,0.063709961281239,4682,0.018072289156626505,blended,0.02,rhash8,64,residual,zero,bit_em,mad,0.588,0.318
0.5176604693877551,0.4585077142857143,0.021118678329729464,0.016,0.051,0.014,0.02,0.50957169080155,0.4549674688965939,0.006,0.006,0.50957169080155,1.0,0.006,0.006,0.0054285714285714284,0.022058823529411766,0.006,0.009433962264150943,272,0.01998873873873874,blended,0.02,rhash8,64,residual,zero,hamming_knn,mad,0.588,0.469
0.5357796020408163,0.465894693877551,0.02203413275871993,0.012,0.052,0.012,0.02,0.5142703446869263,0.47019844992861515,0.006,0.006,0.5142703446869263,1.0,0.006,0.019,0.012428571428571428,0.030254777070063694,0.019,0.02334152334152334,628,0.01986956169488779,blended,0.02,rhash8,64,residual,zero,hamming_ball,mad,0.588,0.465
0.5612247653061224,0.43725819387755094,0.02281783800846584,0.007,0.022,0.007,0.02,0.4457806445033653,0.46372170099938814,0.001,0.001,0.5542193554966347,-1.0,0.001,0.011,0.019183673469387756,0.011566771819137749,0.011,0.011276268580215274,951,0.020163509959428328,blended,0.02,rhash8,64,residual,zero,block_collision,mad,0.588,0.164
0.4382335612244898,0.4696754183673469,0.01670121923598726,0.004,0.026,0.004,0.02,0.42142953293901697,0.45879930654701206,0.003,0.003,0.578570467060983,-1.0,0.018,0.004,0.008224489795918367,0.009828009828009828,0.004,0.005685856432125089,407,0.020083479523319823,blended,0.02,rhash8,64,residual,zero,hash_spectral,mad,0.588,0.052
0.6522710408163266,0.4534087346938776,0.030472407136985832,0.013,0.064,0.002,0.02,0.7113718131756068,0.5053178666122782,0.03,0.013,0.7113718131756068,1.0,0.03,0.0,0.0015714285714285715,0.0,0.0,0.0,77,0.020030847505157944,blended,0.02,rhash8,64,residual,zero,hash_stability,mad,0.588,0.028
0.9062135204081633,0.8272400408163265,0.3481555447758409,0.353,0.605,0.278,0.02,0.942074852131348,0.8623150112176219,0.56,0.435,0.942074852131348,1.0,0.56,0.121,0.0015714285714285715,0.6111111111111112,0.121,0.2020033388981636,198,0.017649893578571142,blended,0.02,rhash16,256,residual,zero,bit_llr,mad,0.637,0.095
0.9988673061224489,0.9983680408163265,0.9836467304527111,0.991,0.996,0.991,0.02,0.9958394860289619,0.9952455639404446,0.924,0.924,0.9958394860289619,1.0,0.924,0.999,0.13987755102040816,0.12721253024321916,0.999,0.2256862080650627,7853,2.3726481125584264e-05,blended,0.02,rhash16,256,residual,zero,bit_em,mad,0.637,0.926
0.7553127244897959,0.6625951734693878,0.09616664319239307,0.13,0.327,0.13,0.02,0.784835304915358,0.6870341627574954,0.244,0.244,0.784835304915358,1.0,0.244,0.148,0.012081632653061225,0.2,0.148,0.17011494252873563,740,0.017295980511571253,blended,0.02,rhash16,256,residual,zero,hamming_knn,mad,0.637,0.477
0.7840893265306123,0.7304501020408164,0.2803844701207441,0.296,0.457,0.296,0.02,0.7885420150928003,0.7369433000203957,0.296,0.296,0.7885420150928003,1.0,0.296,0.377,0.028489795918367346,0.212633953750705,0.377,0.27190768121168407,1773,0.0129180749372758,blended,0.02,rhash16,256,residual,zero,hamming_ball,mad,0.637,0.482
0.5297740918367346,0.618864163265306,0.058121039056927504,0.096,0.21,0.096,0.02,0.5408068529471752,0.550869059759331,0.164,0.164,0.5408068529471752,1.0,0.164,0.25,0.0786530612244898,0.060916179337231965,0.25,0.09796238244514106,4104,0.01634129335889838,blended,0.02,rhash16,256,residual,zero,block_collision,mad,0.637,0.74
0.3925478775510204,0.4259618163265305,0.014848990737278949,0.001,0.017,0.001,0.02,0.3686527636141138,0.4139042423006323,0.002,0.002,0.6313472363858862,-1.0,0.013,0.003,0.01653061224489796,0.0036900369003690036,0.003,0.003309431880860452,813,0.020269583426515136,blended,0.02,rhash16,256,residual,zero,hash_spectral,mad,0.637,0.061
0.6698825102040817,0.49033818367346943,0.03321634349690397,0.015,0.091,0.01,0.02,0.7064399347338365,0.4753571282888027,0.015,0.01,0.7064399347338365,1.0,0.015,0.004,0.005387755102040816,0.014925373134328358,0.004,0.006309148264984227,268,0.020027346577656237,blended,0.02,rhash16,256,residual,zero,hash_stability,mad,0.637,0.034
0.9956052244897959,0.9913583265306123,0.9034287263127969,0.917,0.982,0.865,0.02,0.9989414644095451,0.9971819294309605,0.982,0.971,0.9989414644095451,1.0,0.982,0.69,0.0023061224489795916,0.8592777085927771,0.69,0.7653910149750416,803,0.00630119722747322,blended,0.02,rhash32,1024,residual,zero,bit_llr,mad,0.513,0.251
0.7138953061224489,0.6620965918367346,0.06418609834383586,0.0,0.0,0.0,0.02,0.9999995920864777,0.9999995920864777,1.0,1.0,0.9999995920864777,1.0,1.0,0.0,0.3233673469387755,0.0,0.0,0.0,15845,0.029278290147855365,blended,0.02,rhash32,1024,residual,zero,bit_em,mad,0.513,4.413
0.9732608673469388,0.9703193265306121,0.3352452227168655,0.322,0.869,0.322,0.02,0.9953186824393229,0.9927962471955945,0.919,0.919,0.9953186824393229,1.0,0.919,0.768,0.03338775510204082,0.3194675540765391,0.768,0.4512338425381904,2404,0.0048743591898478865,blended,0.02,rhash32,1024,residual,zero,hamming_knn,mad,0.513,0.595
0.777585,0.645343387755102,0.04530487038026597,0.0,0.087,0.0,0.02,0.9430133591678564,0.9430133591678564,0.854,0.854,0.9430133591678564,1.0,0.854,0.194,0.07393877551020409,0.050825255436206446,0.194,0.08054805895785759,3817,0.017452309291297662,blended,0.02,rhash32,1024,residual,zero,hamming_ball,mad,0.513,0.595
0.8190715,0.850844887755102,0.38905410120989353,0.289,0.623,0.289,0.02,0.7773207220069346,0.8057003875178462,0.206,0.206,0.7773207220069346,1.0,0.206,0.582,0.023959183673469386,0.3314350797266515,0.582,0.4223512336719884,1756,0.008664289859878948,blended,0.02,rhash32,1024,residual,zero,block_collision,mad,0.513,3.27
0.9628552448979593,0.9605277551020408,0.2849648938512692,0.271,0.777,0.271,0.02,0.9958511115643484,0.992481133999592,0.96,0.96,0.9958511115643484,1.0,0.96,0.604,0.028469387755102042,0.3021510755377689,0.604,0.40280093364454816,1999,0.008249828128580654,blended,0.02,rhash32,1024,residual,zero,hash_spectral,mad,0.513,0.195
0.7683291326530612,0.5701283877551021,0.047460817439418934,0.025,0.121,0.007,0.02,0.8143660004079135,0.5875955537426065,0.047,0.007,0.8143660004079135,1.0,0.047,0.002,0.005408163265306122,0.00749063670411985,0.002,0.0031570639305445935,267,0.020067158627068545,blended,0.02,rhash32,1024,residual,zero,hash_stability,mad,0.513,0.036
0.989935306122449,0.9804838979591837,0.8285207209018116,0.825,0.962,0.748,0.02,0.9964819498266367,0.9903293901692841,0.95,0.899,0.9964819498266367,1.0,0.95,0.563,0.002,0.8517397881996974,0.563,0.6779048765803732,661,0.00885709073957721,blended,0.02,rhash_rgb,768,residual,zero,bit_llr,mad,1.81,0.205
0.7269258367346939,0.714834081632653,0.062998095718727,0.0,0.0,0.0,0.02,1.0,1.0,1.0,1.0,1.0,1.0,1.0,0.0,0.22675510204081634,0.0,0.0,0.0,11111,0.02571421224510787,blended,0.02,rhash_rgb,768,residual,zero,bit_em,mad,1.81,3.115
0.9350980408163265,0.8914370510204082,0.28048408621072235,0.35,0.683,0.346,0.02,0.964612584132164,0.9239957169080155,0.65,0.65,0.964612584132164,1.0,0.65,0.387,0.012285714285714285,0.391304347826087,0.387,0.3891402714932127,989,0.012507396298790068,blended,0.02,rhash_rgb,768,residual,zero,hamming_knn,mad,1.81,0.535
0.9464036632653061,0.933263857142857,0.7808663629548926,0.755,0.84,0.755,0.02,0.9495560881093208,0.9387018152151743,0.725,0.725,0.9495560881093208,1.0,0.725,0.817,0.04163265306122449,0.28596429821491076,0.817,0.4236453201970443,2857,0.003881806418768428,blended,0.02,rhash_rgb,768,residual,zero,hamming_ball,mad,1.81,0.559
0.6970006020408164,0.6284033979591838,0.07046010384002854,0.0,0.267,0.0,0.02,0.7196034060779114,0.660250152967571,0.356,0.356,0.7196034060779114,1.0,0.356,0.279,0.056857142857142856,0.09102773246329526,0.279,0.13726937269372694,3065,0.015361670395227442,blended,0.02,rhash_rgb,768,residual,zero,block_collision,mad,1.81,2.169
0.9698336326530612,0.9654580408163266,0.4403579359532306,0.5,0.828,0.5,0.02,0.9942920660819905,0.988003671221701,0.93,0.93,0.9942920660819905,1.0,0.93,0.622,0.016591836734693877,0.43344947735191636,0.622,0.5108829568788501,1435,0.0077833830948213735,blended,0.02,rhash_rgb,768,residual,zero,hash_spectral,mad,1.81,0.153
0.7337030714285714,0.5255730714285713,0.038416586443693695,0.013,0.08,0.009,0.02,0.7849245359983684,0.5380767897205792,0.021,0.01,0.7849245359983684,1.0,0.021,0.004,0.006020408163265306,0.013377926421404682,0.004,0.006158583525789068,299,0.020039838232631134,blended,0.02,rhash_rgb,768,residual,zero,hash_stability,mad,1.81,0.036
0.2738722755102041,0.5513671326530613,0.01241267842957859,0.0,0.0,0.003,0.02,0.22420436467468896,0.5779039363654905,0.0,0.019,0.775795635325311,-1.0,0.019,0.0,0.0006530612244897959,0.0,0.0,0.0,32,0.020012808197246237,blended,0.02,rhash_energy,256,residual,mean,bit_llr,mad,0.681,0.103
0.3742838367346939,0.41396353061224495,0.021823113912065546,0.0,0.101,0.0,0.02,0.23841943707933916,0.31067438303079753,0.0,0.0,0.7615805629206609,-1.0,0.0,0.141,0.19608163265306122,0.014463021848394706,0.141,0.026234998604521352,9749,0.021341084693547986,blended,0.02,rhash_energy,256,residual,mean,bit_em,mad,0.681,1.053
0.2224027857142857,0.577176469387755,0.011692928096616451,0.0,0.0,0.0,0.02,0.1792916581684683,0.6020999388129716,0.0,0.013,0.8207083418315317,-1.0,0.095,0.0,0.000673469387755102,0.0,0.0,0.0,33,0.02001320871775372,blended,0.02,rhash_energy,256,residual,mean,hamming_knn,mad,0.681,0.515
0.5075261428571429,0.15720220408163268,0.026071532718937328,0.0,0.0,0.0,0.02,0.33555996328778304,0.33555996328778304,0.0,0.0,0.664440036712217,-1.0,0.0,0.0,0.16079591836734694,0.0,0.0,0.0,7879,0.023741126753875737,blended,0.02,rhash_energy,256,residual,mean,hamming_ball,mad,0.681,0.484
0.2839263775510204,0.7710157448979592,0.017151497101863283,0.0,0.0,0.0,0.02,0.2522482153783398,0.7348560065266163,0.0,0.137,0.7477517846216601,-1.0,0.137,0.688,0.16877551020408163,0.07680285778075463,0.688,0.13818035750150634,8958,0.007601968714974904,blended,0.02,rhash_energy,256,residual,mean,block_collision,mad,0.681,0.731
0.42156353061224494,0.45880449999999995,0.015857378770120292,0.005,0.019,0.005,0.02,0.4014448296961044,0.4495594533958801,0.001,0.001,0.5985551703038956,-1.0,0.018,0.0,0.0020816326530612244,0.0,0.0,0.0,102,0.020040883402140365,blended,0.02,rhash_energy,256,residual,mean,hash_spectral,mad,0.681,0.056
0.4042305306122449,0.5348015510204082,0.015801655611109237,0.002,0.019,0.011,0.02,0.39817988986334896,0.5246953905771976,0.003,0.004,0.601820110136651,-1.0,0.004,0.006,0.003326530612244898,0.03550295857988166,0.006,0.010265183917878529,169,0.01994742228733118,blended,0.02,rhash_energy,256,residual,mean,hash_stability,mad,0.681,0.033
0.9074967653061224,0.829745693877551,0.35453186109649193,0.36,0.608,0.275,0.02,0.9414405466041199,0.8636885580256985,0.545,0.431,0.9414405466041199,1.0,0.545,0.127,0.001673469387755102,0.6076555023923444,0.127,0.21009098428453268,209,0.017533289148641322,blended,0.02,ahash_res,256,residual,mean,bit_llr,mad,0.611,0.094
0.9988183265306122,0.9983326530612244,0.982723250971395,0.986,0.996,0.986,0.02,0.9958847644299409,0.9953016520497654,0.932,0.932,0.9958847644299409,1.0,0.932,0.999,0.14095918367346938,0.1263597267897799,0.999,0.22434313945654616,7906,2.3756354824915666e-05,blended,0.02,ahash_res,256,residual,mean,bit_em,mad,0.611,1.065
0.7469709489795918,0.652784306122449,0.08737233569615843,0.12,0.312,0.12,0.02,0.7785988170507852,0.6784906179889864,0.227,0.227,0.7785988170507852,1.0,0.227,0.135,0.012959183673469387,0.17532467532467533,0.135,0.15254237288135594,770,0.017570587040422508,blended,0.02,ahash_res,256,residual,mean,hamming_knn,mad,0.611,0.5
0.7816723571428571,0.7281318571428571,0.2755616246384007,0.288,0.442,0.288,0.02,0.7829626759127065,0.7338944523760963,0.288,0.288,0.7829626759127065,1.0,0.288,0.377,0.0306734693877551,0.20053191489361702,0.377,0.26180555555555557,1880,0.012946799667497922,blended,0.02,ahash_res,256,residual,mean,hamming_ball,mad,0.611,0.482
0.5291903469387754,0.6187110510204081,0.05602628139715477,0.096,0.199,0.096,0.02,0.538920456863145,0.5487368957780949,0.164,0.164,0.538920456863145,1.0,0.164,0.252,0.07973469387755103,0.06059148833854292,0.252,0.09769335142469471,4159,0.016317270565650837,blended,0.02,ahash_res,256,residual,mean,block_collision,mad,0.611,0.752
0.39891124489795915,0.42968491836734696,0.015019831266194687,0.001,0.019,0.001,0.02,0.38120416071792773,0.41626086069753215,0.002,0.002,0.6187958392820723,-1.0,0.014,0.004,0.016387755102040817,0.004956629491945477,0.004,0.004427227448810182,807,0.020246783078893337,blended,0.02,ahash_res,256,residual,mean,hash_spectral,mad,0.611,0.056
0.6717454081632653,0.4911221224489795,0.03348838052577478,0.015,0.091,0.01,0.02,0.7032734040383438,0.4781329798082806,0.015,0.01,0.7032734040383438,1.0,0.015,0.004,0.004918367346938775,0.0163265306122449,0.004,0.00642570281124498,245,0.02001808863430811,blended,0.02,ahash_res,256,residual,mean,hash_stability,mad,0.611,0.03
0.41629736222222224,0.49790860444444446,0.07895781852157585,0.0,0.0004,0.0,0.1,0.379962088761316,0.48996314859792445,0.0074,0.0112,0.620037911238684,-1.0,0.0112,0.0,0.0009777777777777777,0.0,0.0,0.0,44,0.10008807750820722,blended,0.1,ahash,64,spatial,mean,bit_llr,mad,0.147,0.06
0.3379392911111111,0.6255168955555555,0.08630237643669005,0.0,0.0,0.0,0.1,0.4090120998012806,0.5788782954294546,0.0,0.0,0.5909879001987194,-1.0,0.0,0.5576,0.31566666666666665,0.1640675572294474,0.5576,0.25353521575046606,16993,0.06701608749659163,blended,0.1,ahash,64,spatial,mean,bit_em,mad,0.147,0.296
0.4365817622222222,0.4913330355555556,0.08979751945403447,0.016,0.0512,0.0152,0.1,0.36470832413336274,0.4719985648045927,0.0034,0.0036,0.6352916758666373,-1.0,0.0226,0.0,0.0,0.0,0.0,0.0,0,0.1,blended,0.1,ahash,64,spatial,mean,hamming_knn,mad,0.147,0.463
0.5363817000000001,0.17346688666666665,0.11915403567148501,0.0,0.0,0.0,0.1,0.3965271583130934,0.3965271583130934,0.0016,0.0016,0.6034728416869066,-1.0,0.0016,0.0226,0.16875555555555555,0.014661995588426105,0.0226,0.017785472574171717,7707,0.1155510368146029,blended,0.1,ahash,64,spatial,mean,hamming_ball,mad,0.147,0.455
0.45266394222222217,0.46586166666666673,0.09995944389386507,0.0,0.0566,0.0,0.1,0.3814243983219254,0.4570126517995142,0.0,0.0,0.6185756016780746,-1.0,0.0184,0.1672,0.11415555555555555,0.13996316758747698,0.1672,0.1523740089310125,5973,0.09457832693574397,blended,0.1,ahash,64,spatial,mean,block_collision,mad,0.147,0.162
0.5070301733333333,0.46557039777777776,0.0987295066368526,0.0012,0.047,0.0012,0.1,0.48137118569220577,0.45341746522411125,0.0108,0.0108,0.5186288143077942,-1.0,0.0108,0.0,0.0009555555555555555,0.0,0.0,0.0,43,0.10008607402366035,blended,0.1,ahash,64,spatial,mean,hash_spectral,mad,0.147,0.048
0.45248723333333335,0.46751027999999994,0.08743793975818151,0.0016,0.015,0.0016,0.1,0.41900150143519543,0.5019260984764848,0.008,0.0116,0.5809984985648046,-1.0,0.0108,0.0,0.0006222222222222223,0.0,0.0,0.0,28,0.10005603137757144,blended,0.1,ahash,64,spatial,mean,hash_stability,mad,0.147,0.033
0.41108462,0.5390356555555555,0.07991609562287055,0.0,0.0,0.0,0.1,0.3964440273791124,0.5324381541179068,0.0062,0.0084,0.6035559726208877,-1.0,0.0084,0.0,0.0013555555555555556,0.0,0.0,0.0,61,0.1001221490218066,blended,0.1,ahash4,16,spatial,mean,bit_llr,mad,0.161,0.053
0.6535658288888889,0.5411942266666667,0.2482911667246908,0.044,0.424,0.0,0.1,0.42673894899536324,0.463451821594171,0.0,0.0,0.5732610510046368,-1.0,0.0,0.0,0.07573333333333333,0.0,0.0,0.0,3408,0.10731456043956043,blended,0.1,ahash4,16,spatial,mean,bit_em,mad,0.161,0.158
0.46227413333333334,0.48706359111111114,0.09724265382936512,0.0,0.0608,0.0006,0.1,0.40209443585780524,0.478195252815191,0.0,0.0102,0.5979055641421948,-1.0,0.0102,0.0,0.0,0.0,0.0,0.0,0,0.1,blended,0.1,ahash4,16,spatial,mean,hamming_knn,mad,0.161,0.435
0.4598727888888889,0.4547590244444445,0.09689447890104037,0.0,0.0678,0.0,0.1,0.40517875910797085,0.44069138882755576,0.0,0.0,0.5948212408920291,-1.0,0.0,0.1108,0.12915555555555555,0.08702481935281181,0.1108,0.0974837233855358,6366,0.10189301920520695,blended,0.1,ahash4,16,spatial,mean,hamming_ball,mad,0.161,0.434
0.48496582444444447,0.4995860555555556,0.10553307368258638,0.0298,0.0602,0.0298,0.1,0.40984822256568787,0.428837138441157,0.0,0.0,0.5901517774343121,-1.0,0.0,0.1786,0.18415555555555554,0.09727668845315904,0.1786,0.12595204513399152,9180,0.10061244487996081,blended,0.1,ahash4,16,spatial,mean,block_collision,mad,0.161,0.043
0.5175570688888889,0.46860522888888884,0.10197545686531015,0.0,0.0546,0.0,0.1,0.5002412894678737,0.4673415323470965,0.0,0.0,0.5002412894678737,1.0,0.013,0.0,0.002511111111111111,0.0,0.0,0.0,113,0.10022651191693227,blended,0.1,ahash4,16,spatial,mean,hash_spectral,mad,0.161,0.048
0.5467839844444444,0.5280678711111111,0.1171037483880704,0.0064,0.0714,0.0064,0.1,0.43559196290571867,0.4491017001545595,0.0022,0.0022,0.5644080370942813,-1.0,0.0022,0.0064,0.004266666666666667,0.14285714285714285,0.0064,0.01225114854517611,224,0.09980713596914176,blended,0.1,ahash4,16,spatial,mean,hash_stability,mad,0.161,0.027
0.41576633333333335,0.4790687644444444,0.07839070044810528,0.0,0.001,0.0,0.1,0.3730615367630824,0.46437357032457494,0.0042,0.0052,0.6269384632369176,-1.0,0.0052,0.0,0.0006666666666666666,0.0,0.0,0.0,30,0.10006003602161297,blended,0.1,ahash16,256,spatial,mean,bit_llr,mad,0.203,0.095
0.46517843999999997,0.3091012133333334,0.11549830203755083,0.0,0.0,0.0,0.1,0.41188160741885627,0.5881183925811437,0.0,0.0,0.5881183925811437,-1.0,0.0,0.0,0.39182222222222224,0.0,0.0,0.0,17632,0.15447355412753336,blended,0.1,ahash16,256,spatial,mean,bit_em,mad,0.203,0.902
0.42042377333333336,0.4882559355555555,0.08475735548230087,0.0126,0.0446,0.012,0.1,0.3303109295650254,0.467652726871274,0.0038,0.0038,0.6696890704349746,-1.0,0.0314,0.0,0.0,0.0,0.0,0.0,0,0.1,blended,0.1,ahash16,256,spatial,mean,hamming_knn,mad,0.203,0.477
0.5235948688888888,0.21448582888888892,0.11709075600325727,0.0,0.0,0.0,0.1,0.39881777434312216,0.39881777434312216,0.0028,0.0028,0.6011822256568778,-1.0,0.0028,0.0204,0.17733333333333334,0.012620638455827766,0.0204,0.015593945879834887,8082,0.11684717782336944,blended,0.1,ahash16,256,spatial,mean,hamming_ball,mad,0.203,0.473
0.3332745777777778,0.7067144177777778,0.0845917413169646,0.0,0.0,0.0,0.1,0.37488288805475817,0.5975300507838376,0.0,0.0372,0.6251171119452419,-1.0,0.0372,0.5416,0.08162222222222222,0.42438489265005486,0.5416,0.47588085405500397,6381,0.05254590889291364,blended,0.1,ahash16,256,spatial,mean,block_collision,mad,0.203,0.697
0.5074916,0.46480023333333337,0.09876600118118749,0.004,0.0446,0.004,0.1,0.47369982336056526,0.44244466769706337,0.0056,0.0056,0.5263001766394347,-1.0,0.0084,0.0,0.0006666666666666666,0.0,0.0,0.0,30,0.10006003602161297,blended,0.1,ahash16,256,spatial,mean,hash_spectral,mad,0.203,0.057
0.5058122666666667,0.5118714133333333,0.10370396770401344,0.0084,0.0502,0.0094,0.1,0.5030361227644071,0.5243274232722456,0.004,0.0052,0.5030361227644071,1.0,0.0088,0.0018,0.0010666666666666667,0.15789473684210525,0.0018,0.0035594225825588293,57,0.09993392467412851,blended,0.1,ahash16,256,spatial,mean,hash_stability,mad,0.203,0.034
0.43036183777777776,0.47172992222222215,0.08058002359554306,0.0,0.0038,0.0,0.1,0.39373225877677187,0.44975374254802386,0.0078,0.0014,0.6062677412232281,-1.0,0.0078,0.0,0.0006,0.0,0.0,0.0,27,0.10005402917575491,blended,0.1,ahash32,1024,spatial,mean,bit_llr,mad,0.345,0.249
0.3639573,0.4633773222222222,0.09837054593403316,0.0,0.0,0.0,0.1,0.41396906601898875,0.5860309339810112,0.0,0.0,0.5860309339810112,-1.0,0.0,0.0,0.19871111111111112,0.0,0.0,0.0,8942,0.12177894685566759,blended,0.1,ahash32,1024,spatial,mean,bit_em,mad,0.345,4.063
0.40628716666666664,0.4829991600000001,0.08045377534121852,0.0092,0.0354,0.0092,0.1,0.30610538750276,0.4637895341134908,0.0024,0.0024,0.69389461249724,-1.0,0.0312,0.0,0.0,0.0,0.0,0.0,0,0.1,blended,0.1,ahash32,1024,spatial,mean,hamming_knn,mad,0.345,0.57
0.4806517444444444,0.24559617555555557,0.1083274816606464,0.0,0.0,0.0,0.1,0.38431393243541623,0.38431393243541623,0.0026,0.0026,0.6156860675645838,-1.0,0.0026,0.0188,0.1434,0.014357721093630671,0.0188,0.016281285182298433,6547,0.1129035969898511,blended,0.1,ahash32,1024,spatial,mean,hamming_ball,mad,0.345,0.555
0.43049758000000005,0.7268238555555555,0.13289013026533672,0.0,0.0,0.0,0.1,0.39054234930448223,0.572510333406933,0.0,0.0244,0.6094576506955178,-1.0,0.0244,0.3916,0.1576,0.216353591160221,0.3916,0.2787188612099644,9050,0.07428571428571429,blended,0.1,ahash32,1024,spatial,mean,block_collision,mad,0.345,2.93
0.5045446022222222,0.4623138355555555,0.09763767797904144,0.0048,0.0418,0.0048,0.1,0.467184411569883,0.4354525943916979,0.0044,0.0044,0.532815588430117,-1.0,0.0068,0.0,0.0005333333333333334,0.0,0.0,0.0,24,0.10004802305106451,blended,0.1,ahash32,1024,spatial,mean,hash_spectral,mad,0.345,0.186
0.5174820844444445,0.5107691688888889,0.1058773292536962,0.0082,0.0562,0.0096,0.1,0.5238508059174211,0.5103951424155443,0.0034,0.0038,0.5238508059174211,1.0,0.0072,0.0022,0.0014666666666666667,0.14285714285714285,0.0022,0.004333267677762458,77,0.09993389820323298,blended,0.1,ahash32,1024,spatial,mean,hash_stability,mad,0.345,0.038
0.4545437888888889,0.48737134888888883,0.08629416482700195,0.0,0.0236,0.0,0.1,0.41320077279752704,0.4840645396334732,0.006,0.011,0.5867992272024729,-1.0,0.011,0.0,0.0014,0.0,0.0,0.0,63,0.10012615896028997,blended,0.1,mhash,64,spatial,median,bit_llr,mad,0.169,0.06
0.47066681777777775,0.47223199111111114,0.0993272191414768,0.0,0.0,0.0,0.1,0.42981841466107307,0.5318355486862442,0.0,0.0,0.5701815853389269,-1.0,0.0,0.0,0.27782222222222225,0.0,0.0,0.0,12502,0.13334044482372392,blended,0.1,mhash,64,spatial,median,bit_em,mad,0.169,0.293
0.4589754822222223,0.4987328622222223,0.09598003425356721,0.0134,0.0544,0.0136,0.1,0.38917699271362327,0.46363861779642307,0.0,0.0,0.6108230072863767,-1.0,0.023,0.0,4.4444444444444447e-05,0.0,0.0,0.0,2,0.1000040001600064,blended,0.1,mhash,64,spatial,median,hamming_knn,mad,0.169,0.469
0.5143088866666666,0.1888306022222222,0.11323566711976786,0.0,0.0,0.0,0.1,0.4149791344667697,0.4149791344667697,0.0,0.0,0.5850208655332303,-1.0,0.0,0.0206,0.15877777777777777,0.014210816777041942,0.0206,0.01681907250163292,7248,0.11454434880239521,blended,0.1,mhash,64,spatial,median,hamming_ball,mad,0.169,0.449
0.46949663333333336,0.4818733977777778,0.1001934398771415,0.0,0.0584,0.0,0.1,0.4009833958931332,0.4579154117906823,0.0,0.0,0.5990166041068667,-1.0,0.0236,0.1214,0.10411111111111111,0.11470143613000756,0.1214,0.11795569374271278,5292,0.0982598192717187,blended,0.1,mhash,64,spatial,median,block_collision,mad,0.169,0.16
0.48051306666666666,0.4819246622222222,0.09336670804420222,0.004,0.0436,0.004,0.1,0.44355314638993154,0.47237522631927575,0.0078,0.0078,0.5564468536100684,-1.0,0.0122,0.0,0.00035555555555555557,0.0,0.0,0.0,16,0.10003201024327785,blended,0.1,mhash,64,spatial,median,hash_spectral,mad,0.169,0.048
0.4274824288888889,0.5140084288888889,0.08467803109182599,0.0024,0.0228,0.0024,0.1,0.4240421947449768,0.5037749172002649,0.0046,0.0048,0.5759578052550232,-1.0,0.0088,0.0,0.0022,0.0,0.0,0.0,99,0.1001983928177792,blended,0.1,mhash,64,spatial,median,hash_stability,mad,0.169,0.027
0.4048249888888889,0.5100551466666666,0.07755214241611652,0.0,0.002,0.0,0.1,0.35361693530580696,0.5207298079046148,0.0058,0.0174,0.646383064694193,-1.0,0.0174,0.0,0.0015555555555555555,0.0,0.0,0.0,70,0.1001401962747847,blended,0.1,ahash_rgb,192,spatial,mean,bit_llr,mad,0.385,0.083
0.6392559488888888,0.5290671466666668,0.2082461078684531,0.0,0.0,0.0,0.1,0.4302241554427026,0.4484674321042172,0.0,0.0,0.5697758445572974,-1.0,0.0,0.4368,0.44555555555555554,0.09822793919222812,0.4368,0.16038775060586033,22234,0.10141900165670244,blended,0.1,ahash_rgb,192,spatial,mean,bit_em,mad,0.385,0.673
0.44027306,0.48702687999999994,0.08975230623169715,0.0166,0.0502,0.015,0.1,0.37430587326120557,0.4632192757783175,0.0038,0.0038,0.6256941267387944,-1.0,0.0146,0.0,0.0,0.0,0.0,0.0,0,0.1,blended,0.1,ahash_rgb,192,spatial,mean,hamming_knn,mad,0.385,0.48
0.5205583088888889,0.20911856222222222,0.11700412213660712,0.0,0.0,0.0,0.1,0.41872601015676747,0.41872601015676747,0.0026,0.0026,0.5812739898432325,-1.0,0.0026,0.0216,0.16513333333333333,0.01432550736171906,0.0216,0.017226254087247785,7539,0.11521160594427828,blended,0.1,ahash_rgb,192,spatial,mean,hamming_ball,mad,0.385,0.469
0.4581828622222222,0.4845593422222223,0.10365137881965464,0.0,0.0,0.0,0.1,0.3814191653786708,0.4635179509825569,0.0,0.0,0.6185808346213292,-1.0,0.0242,0.0746,0.05315555555555555,0.1349005424954792,0.0746,0.0960721184803606,2765,0.09795702339366995,blended,0.1,ahash_rgb,192,spatial,mean,block_collision,mad,0.385,0.417
0.5132281177777778,0.48357643333333333,0.10344347686005959,0.0078,0.056,0.0078,0.1,0.48922713623316405,0.47331947449768164,0.0134,0.0134,0.510772863766836,-1.0,0.0134,0.0,0.0011777777777777778,0.0,0.0,0.0,53,0.10010611247922799,blended,0.1,ahash_rgb,192,spatial,mean,hash_spectral,mad,0.385,0.054
0.4448614622222222,0.5007619377777778,0.08619998517230477,0.002,0.0228,0.0024,0.1,0.40784148818723776,0.4952334510929565,0.0084,0.009,0.5921585118127622,-1.0,0.0128,0.0,0.0007777777777777777,0.0,0.0,0.0,35,0.10007004903432402,blended,0.1,ahash_rgb,192,spatial,mean,hash_stability,mad,0.385,0.033
0.5247621444444445,0.5120582022222222,0.13422018101086347,0.0384,0.0886,0.0248,0.1,0.537556502539192,0.5152966217708104,0.0284,0.0246,0.537556502539192,1.0,0.0284,0.0028,2.2222222222222223e-05,0.9333333333333333,0.0028,0.0055832502492522435,15,0.09974992497749324,blended,0.1,dhash,64,spatial,pairwise,bit_llr,mad,0.146,0.059
0.5684007755555556,0.5575645711111111,0.1294747878843795,0.0,0.0,0.0,0.1,0.5040647162729079,0.48301830426142633,0.0,0.0,0.5040647162729079,1.0,0.0,0.0,0.0767111111111111,0.0,0.0,0.0,3452,0.1074160006874624,blended,0.1,dhash,64,spatial,pairwise,bit_em,mad,0.146,0.299
0.47015318222222224,0.4772544688888888,0.09410856276568487,0.0118,0.0416,0.0118,0.1,0.4333067785383087,0.44751689114594834,0.0034,0.0034,0.5666932214616913,-1.0,0.0122,0.0158,0.015266666666666666,0.1031331592689295,0.0158,0.027402011793270897,766,0.09995125319900881,blended,0.1,dhash,64,spatial,pairwise,hamming_knn,mad,0.146,0.45
0.45173742222222224,0.49079455999999994,0.08991746064456005,0.0062,0.0396,0.0062,0.1,0.4383709648929124,0.45030900861117246,0.004,0.004,0.5616290351070876,-1.0,0.004,0.0672,0.093,0.0743198407431984,0.0672,0.07058082134229597,4521,0.10255282657930033,blended,0.1,dhash,64,spatial,pairwise,hamming_ball,mad,0.146,0.445
0.4281194711111111,0.47735574,0.08706956775637482,0.0104,0.0292,0.0104,0.1,0.43379001987193644,0.42667246632810774,0.0,0.0,0.5662099801280636,-1.0,0.0,0.0732,0.10375555555555556,0.07269116186693148,0.0732,0.07294469357249626,5035,0.10305793394862671,blended,0.1,dhash,64,spatial,pairwise,block_collision,mad,0.146,0.154
0.4854599622222222,0.4918721088888889,0.09575172110137778,0.0098,0.0438,0.0098,0.1,0.4657090969308899,0.48558277765511154,0.006,0.006,0.5342909030691101,-1.0,0.012,0.0014,0.0018,0.07954545454545454,0.0014,0.002751572327044025,88,0.10003606347171021,blended,0.1,dhash,64,spatial,pairwise,hash_spectral,mad,0.146,0.047
0.5477059888888889,0.5120789666666666,0.11721144838371672,0.0198,0.047,0.0172,0.1,0.5921941267387946,0.4882168911459483,0.0198,0.0082,0.5921941267387946,1.0,0.0198,0.0012,0.0004222222222222222,0.24,0.0012,0.0023880597014925373,25,0.09992996498249125,blended,0.1,dhash,64,spatial,pairwise,hash_stability,mad,0.146,0.028
0.5116662044444444,0.4937558933333333,0.11161855196707829,0.021,0.0694,0.0126,0.1,0.5150087436520203,0.48371764186354604,0.0194,0.0126,0.5150087436520203,1.0,0.0194,0.0002,0.00022222222222222223,0.09090909090909091,0.0002,0.0003991219317501497,11,0.10000200044009683,blended,0.1,dhash_v,64,spatial,pairwise,bit_llr,mad,0.138,0.059
0.5050412422222222,0.4717447622222223,0.09466393461824127,0.0,0.0,0.0,0.1,0.512862088761316,0.45552060057407817,0.0,0.0,0.512862088761316,1.0,0.0,0.0,0.036755555555555555,0.0,0.0,0.0,1654,0.10342117238241012,blended,0.1,dhash_v,64,spatial,pairwise,bit_em,mad,0.138,0.313
0.4145730155555556,0.47365673555555554,0.08015355301423008,0.001,0.0156,0.001,0.1,0.3472018326341356,0.47034784720688905,0.0014,0.0014,0.6527981673658644,-1.0,0.03,0.0,0.0032222222222222222,0.0,0.0,0.0,145,0.10029084344599339,blended,0.1,dhash_v,64,spatial,pairwise,hamming_knn,mad,0.138,0.449
0.4059677111111111,0.46172746666666675,0.08628125982809444,0.0002,0.0178,0.0002,0.1,0.35270554206226534,0.4199799955840141,0.0032,0.0032,0.6472944579377347,-1.0,0.0032,0.0542,0.10724444444444445,0.05316853050814204,0.0542,0.05367931068634248,5097,0.10531590316905329,blended,0.1,dhash_v,64,spatial,pairwise,hamming_ball,mad,0.138,0.442
0.4408983577777778,0.44791397555555557,0.08810397805616747,0.0,0.032,0.0,0.1,0.34589659969088105,0.4193049459041731,0.0,0.0,0.654103400309119,-1.0,0.0316,0.1142,0.15584444444444445,0.07529008438818566,0.1142,0.09075015893197712,7584,0.10441814409656733,blended,0.1,dhash_v,64,spatial,pairwise,block_collision,mad,0.138,0.158
0.46035822666666665,0.47210004888888885,0.08695885389395952,0.0014,0.0196,0.0014,0.1,0.43297584455729743,0.4491422168249061,0.003,0.003,0.5670241554427026,-1.0,0.011,0.0,0.0005333333333333334,0.0,0.0,0.0,24,0.10004802305106451,blended,0.1,dhash_v,64,spatial,pairwise,hash_spectral,mad,0.138,0.047
0.5372950088888887,0.5058747933333333,0.11080014517938112,0.0066,0.0636,0.0052,0.1,0.6232693530580702,0.4556018767939942,0.0066,0.0026,0.6232693530580702,1.0,0.0066,0.0002,0.0005111111111111112,0.041666666666666664,0.0002,0.0003980891719745223,24,0.1000280134464543,blended,0.1,dhash_v,64,spatial,pairwise,hash_stability,mad,0.138,0.029
0.7745655066666666,0.5609819555555555,0.26800395056356285,0.0766,0.2038,0.0418,0.1,0.9635215279311105,0.6165892029145507,0.7426,0.2068,0.9635215279311105,1.0,0.7426,0.0068,0.0008222222222222222,0.4788732394366197,0.0068,0.01340958390849931,71,0.09946123495363417,blended,0.1,dhash16,256,spatial,pairwise,bit_llr,mad,0.207,0.098
0.5392338799999999,0.5238767177777778,0.13124900636905246,0.0,0.0,0.0,0.1,0.38641037756679175,0.3809121660410687,0.0,0.0,0.6135896224332082,-1.0,0.0,0.3748,0.2772,0.13061053805408418,0.3748,0.1937151126731445,14348,0.08768091551666106,blended,0.1,dhash16,256,spatial,pairwise,bit_em,mad,0.207,1.037
0.5742216666666667,0.4673519444444445,0.11401354583818747,0.003,0.045,0.003,0.1,0.6232231839258114,0.43603658644292337,0.002,0.002,0.6232231839258114,1.0,0.002,0.021,0.026933333333333333,0.07972665148063782,0.021,0.03324362830457496,1317,0.10054844606946983,blended,0.1,dhash16,256,spatial,pairwise,hamming_knn,mad,0.207,0.477
0.559180651111111,0.5596172533333333,0.15395538480405857,0.0388,0.142,0.0388,0.1,0.5592588430117024,0.5326019651137115,0.0076,0.0076,0.5592588430117024,1.0,0.0076,0.2526,0.12582222222222222,0.1823826714801444,0.2526,0.21182389937106919,6925,0.08675565873476494,blended,0.1,dhash16,256,spatial,pairwise,hamming_ball,mad,0.207,0.471
0.47529052888888895,0.45141035333333335,0.09078998200322966,0.0,0.0172,0.0,0.1,0.38132386840362115,0.3283672775447118,0.0,0.0,0.6186761315963789,-1.0,0.0012,0.1238,0.1768,0.0721865889212828,0.1238,0.09119705340699816,8575,0.10575739287869644,blended,0.1,dhash16,256,spatial,pairwise,block_collision,mad,0.207,0.735
0.4615571422222222,0.4629287666666667,0.0869918625325954,0.0026,0.0228,0.0026,0.1,0.41238063590196505,0.4241420843453301,0.0002,0.0002,0.587619364098035,-1.0,0.0094,0.0032,0.012355555555555555,0.027972027972027972,0.0032,0.00574300071787509,572,0.10083353564781096,blended,0.1,dhash16,256,spatial,pairwise,hash_spectral,mad,0.207,0.058
0.6001765688888888,0.4608157666666667,0.12672773059101355,0.0074,0.0626,0.0012,0.1,0.6962122102009273,0.4271833075734157,0.0356,0.0,0.6962122102009273,1.0,0.0356,0.0002,0.004022222222222222,0.005494505494505495,0.0002,0.00038595137012736397,182,0.10034525673451362,blended,0.1,dhash16,256,spatial,pairwise,hash_stability,mad,0.207,0.033
0.5366577511111111,0.5111826066666667,0.14882608149979124,0.0524,0.1106,0.0284,0.1,0.5388203135349967,0.5162420622654007,0.039,0.027,0.5388203135349967,1.0,0.039,0.0042,0.0003111111111111111,0.6,0.0042,0.008341608738828202,35,0.09964975482837987,blended,0.1,blockhash,256,spatial,median,bit_llr,mad,0.399,0.101
0.45268507555555554,0.4521420977777777,0.1064101772983375,0.0,0.0,0.0,0.1,0.4840799514241555,0.5151869507617576,0.0,0.0,0.5159200485758445,-1.0,0.0,0.0,0.3834888888888889,0.0,0.0,0.0,17257,0.15270439483248327,blended,0.1,blockhash,256,spatial,median,bit_em,mad,0.399,1.057
0.44683035777777774,0.5062979822222222,0.08970074133197367,0.0118,0.0422,0.0118,0.1,0.40442358136453965,0.5098241996025613,0.0036,0.0036,0.5955764186354604,-1.0,0.02,0.0036,0.0022444444444444443,0.15126050420168066,0.0036,0.007032623559288923,119,0.09987770894729456,blended,0.1,blockhash,256,spatial,median,hamming_knn,mad,0.399,0.481
0.4531606377777778,0.47857408888888886,0.08993995958893954,0.0,0.0118,0.0,0.1,0.41414643409141094,0.46390000000000003,0.004,0.004,0.5858535659085891,-1.0,0.004,0.0912,0.14808888888888888,0.06404494382022471,0.0912,0.07524752475247524,7120,0.10597014925373134,blended,0.1,blockhash,256,spatial,median,hamming_ball,mad,0.399,0.47
0.46519893777777777,0.42644888,0.09537741425222775,0.0,0.0,0.0,0.1,0.4089061823802164,0.48393815411790686,0.0,0.0322,0.5910938176197835,-1.0,0.0322,0.0,0.021066666666666668,0.0,0.0,0.0,948,0.10193264290956536,blended,0.1,blockhash,256,spatial,median,block_collision,mad,0.399,0.729
0.5031570022222223,0.5031102555555556,0.10150332036294848,0.0082,0.0556,0.0082,0.1,0.5064658202693753,0.5064339810112608,0.0154,0.0154,0.5064658202693753,1.0,0.0154,0.0,0.0004888888888888889,0.0,0.0,0.0,22,0.10004401936852216,blended,0.1,blockhash,256,spatial,median,hash_spectral,mad,0.399,0.058
0.5385731488888889,0.48527331777777777,0.11061198104167105,0.01,0.0442,0.0042,0.1,0.5915333186133804,0.47655259439169795,0.0152,0.0062,0.5915333186133804,1.0,0.0152,0.0004,0.0018444444444444443,0.023529411764705882,0.0004,0.0007866273352999017,85,0.10013022137633978,blended,0.1,blockhash,256,spatial,median,hash_stability,mad,0.399,0.033
0.4758122155555556,0.474596408888889,0.09634917628352148,0.0176,0.0516,0.0104,0.1,0.4328290351070877,0.4464856701258556,0.0048,0.005,0.5671709648929123,-1.0,0.0082,0.0,0.00024444444444444443,0.0,0.0,0.0,11,0.10002200484106503,blended,0.1,phash,64,frequency,median,bit_llr,mad,0.645,0.06
0.5138023866666668,0.4722189444444444,0.10039874162288251,0.0,0.0,0.0,0.1,0.4112516670346655,0.38683369397217926,0.0012,0.0012,0.5887483329653345,-1.0,0.0048,0.0,0.03928888888888889,0.0,0.0,0.0,1768,0.10366561618842263,blended,0.1,phash,64,frequency,median,bit_em,mad,0.645,0.315
0.4101808266666666,0.47988552222222225,0.08196055535812778,0.0018,0.0168,0.0018,0.1,0.33741786266283946,0.4513991609626849,0.001,0.001,0.6625821373371605,-1.0,0.0202,0.001,0.008088888888888889,0.013550135501355014,0.001,0.0018625442354255914,369,0.10064274344663618,blended,0.1,phash,64,frequency,median,hamming_knn,mad,0.645,0.452
0.4088810066666667,0.46245218888888895,0.08135782080967516,0.0018,0.013,0.0018,0.1,0.34540616030028704,0.44415652461912125,0.0024,0.0024,0.654593839699713,-1.0,0.0162,0.0076,0.025222222222222222,0.03239556692242114,0.0076,0.012311679896322696,1173,0.1016241014192967,blended,0.1,phash,64,frequency,median,hamming_ball,mad,0.645,0.439
0.46052411555555556,0.47123748444444447,0.0879976172420747,0.0052,0.0276,0.0052,0.1,0.41974418193861773,0.44041148156325904,0.0028,0.0028,0.5802558180613823,-1.0,0.0116,0.0016,0.003266666666666667,0.05161290322580645,0.0016,0.0031037827352085354,155,0.10015046644598255,blended,0.1,phash,64,frequency,median,hash_spectral,mad,0.645,0.049
0.5033217644444444,0.34933471111111114,0.09562719591157581,0.0,0.001,0.0,0.1,0.589689291234268,0.48389132258776774,0.0182,0.0024,0.589689291234268,1.0,0.0182,0.0,0.0074444444444444445,0.0,0.0,0.0,335,0.10067451927917044,blended,0.1,phash,64,frequency,median,hash_stability,mad,0.645,0.027
0.47581221111111105,0.47459640444444445,0.09634917628352149,0.0176,0.0516,0.0104,0.1,0.4328290130271583,0.446485692205785,0.0048,0.005,0.5671709869728416,-1.0,0.0082,0.0,0.00024444444444444443,0.0,0.0,0.0,11,0.10002200484106503,blended,0.1,phash_nodc,63,frequency,median,bit_llr,mad,0.557,0.062
0.5137478755555556,0.4718986666666667,0.10040057967587035,0.0,0.0,0.0,0.1,0.41126054316626187,0.38684089202914557,0.0012,0.0012,0.5887394568337381,-1.0,0.0048,0.0,0.03928888888888889,0.0,0.0,0.0,1768,0.10366561618842263,blended,0.1,phash_nodc,63,frequency,median,bit_em,mad,0.557,0.319
0.4101808266666666,0.47988552222222225,0.08196055535812778,0.0018,0.0168,0.0018,0.1,0.33741786266283946,0.4513991609626849,0.001,0.001,0.6625821373371605,-1.0,0.0202,0.001,0.008088888888888889,0.013550135501355014,0.001,0.0018625442354255914,369,0.10064274344663618,blended,0.1,phash_nodc,63,frequency,median,hamming_knn,mad,0.557,0.458
0.4088810066666667,0.46245218888888895,0.08135782080967516,0.0018,0.013,0.0018,0.1,0.34540616030028704,0.44415652461912125,0.0024,0.0024,0.654593839699713,-1.0,0.0162,0.0076,0.025222222222222222,0.03239556692242114,0.0076,0.012311679896322696,1173,0.1016241014192967,blended,0.1,phash_nodc,63,frequency,median,hamming_ball,mad,0.557,0.445
0.48039848444444444,0.48209993111111116,0.09582722599742115,0.0124,0.0504,0.0124,0.1,0.44510880989180834,0.46277708103334075,0.0026,0.0026,0.5548911901081917,-1.0,0.015,0.0036,0.0028666666666666667,0.12244897959183673,0.0036,0.006994365649893142,147,0.09993380538784025,blended,0.1,phash_nodc,63,frequency,median,hash_spectral,mad,0.557,0.052
0.5033217644444444,0.34933471111111114,0.09562719591157581,0.0,0.001,0.0,0.1,0.589689291234268,0.48389132258776774,0.0182,0.0024,0.589689291234268,1.0,0.0182,0.0,0.0074444444444444445,0.0,0.0,0.0,335,0.10067451927917044,blended,0.1,phash_nodc,63,frequency,median,hash_stability,mad,0.557,0.027
0.46512860222222224,0.48074264666666666,0.09231195430126593,0.014,0.0442,0.0054,0.1,0.4218726429675425,0.45653981011260764,0.0048,0.0052,0.5781273570324574,-1.0,0.0092,0.0,0.0002666666666666667,0.0,0.0,0.0,12,0.10002400576138273,blended,0.1,phash_mean,64,frequency,mean,bit_llr,mad,0.527,0.06
0.4110812866666666,0.5431248333333334,0.08090129529015541,0.0,0.0,0.0,0.1,0.43312881430779426,0.5661328328549349,0.0086,0.01,0.5668711856922057,-1.0,0.01,0.0,0.0,0.0,0.0,0.0,0,0.1,blended,0.1,phash_mean,64,frequency,mean,bit_em,mad,0.527,0.303
0.41733954666666667,0.4995347866666667,0.08324967416419682,0.0042,0.0238,0.0042,0.1,0.35253111062044606,0.48188783395893137,0.004,0.004,0.6474688893795539,-1.0,0.02,0.0036,0.007222222222222222,0.052478134110787174,0.0036,0.00673778775968557,343,0.10032825180739875,blended,0.1,phash_mean,64,frequency,mean,hamming_knn,mad,0.527,0.448
0.4291749711111111,0.46272360444444444,0.08461829783559349,0.0016,0.0186,0.0016,0.1,0.36393678516228745,0.4630389269154339,0.0066,0.0066,0.6360632148377126,-1.0,0.0092,0.0246,0.056133333333333334,0.0464326160815402,0.0246,0.032161066806118445,2649,0.10299676881164073,blended,0.1,phash_mean,64,frequency,mean,hamming_ball,mad,0.527,0.454
0.5346313333333333,0.5154895799999999,0.11353826734617915,0.015,0.0738,0.015,0.1,0.5526725325678957,0.5308160079487745,0.0096,0.0096,0.5526725325678957,1.0,0.0096,0.0018,0.0012444444444444445,0.13846153846153847,0.0018,0.003553800592300099,65,0.09994993491539,blended,0.1,phash_mean,64,frequency,mean,hash_spectral,mad,0.527,0.053
0.4490139333333333,0.5182378088888888,0.09057834524937412,0.0082,0.0356,0.0074,0.1,0.45988562596599697,0.4915690218591301,0.0058,0.0054,0.5401143740340031,-1.0,0.0058,0.0012,0.001888888888888889,0.06593406593406594,0.0012,0.002357100766057749,91,0.10006211304574325,blended,0.1,phash_mean,64,frequency,mean,hash_stability,mad,0.527,0.03
0.7114987466666668,0.49953996,0.19694753664229597,0.0394,0.1292,0.0196,0.1,0.887495319054979,0.5035326341355708,0.332,0.0288,0.887495319054979,1.0,0.332,0.0016,0.00015555555555555556,0.5333333333333333,0.0016,0.0031904287138584246,15,0.0998699609882965,blended,0.1,phash16,256,frequency,median,bit_llr,mad,0.634,0.096
0.6578058155555555,0.5076394488888889,0.13121005322569712,0.0,0.0,0.0,0.1,0.8980932656215501,0.6924226540075072,0.3006,0.3006,0.8980932656215501,1.0,0.3006,0.0,0.12595555555555554,0.0,0.0,0.0,5668,0.11278534692772715,blended,0.1,phash16,256,frequency,median,bit_em,mad,0.634,0.95
0.4947345955555556,0.4553769177777777,0.09640936599652859,0.0022,0.029,0.0022,0.1,0.4949668138661957,0.44435795981452864,0.0036,0.0036,0.5050331861338043,-1.0,0.0038,0.003,0.011,0.029411764705882353,0.003,0.0054446460980036296,510,0.10072741968074359,blended,0.1,phash16,256,frequency,median,hamming_knn,mad,0.634,0.476
0.5419865155555555,0.4791440422222223,0.11309687916341164,0.0136,0.0524,0.0136,0.1,0.5246669463457716,0.49625851181276226,0.0218,0.0218,0.5246669463457716,1.0,0.0218,0.0176,0.012222222222222223,0.13793103448275862,0.0176,0.031216743526073076,638,0.09950974433774969,blended,0.1,phash16,256,frequency,median,hamming_ball,mad,0.634,0.472
0.47882138666666674,0.4890982777777778,0.09341222792461373,0.0076,0.0402,0.0076,0.1,0.4667530139103555,0.4804908147493928,0.0108,0.0108,0.5332469860896445,-1.0,0.0162,0.004,0.0064444444444444445,0.06451612903225806,0.004,0.007532956685499058,310,0.10022137250955927,blended,0.1,phash16,256,frequency,median,hash_spectral,mad,0.634,0.063
0.6095780866666667,0.4825487866666666,0.13338504887987046,0.0114,0.0618,0.004,0.1,0.7009227202472951,0.48953146389931546,0.0446,0.004,0.7009227202472951,1.0,0.0446,0.0004,0.0013333333333333333,0.03225806451612903,0.0004,0.0007902015013828526,62,0.10008410428931876,blended,0.1,phash16,256,frequency,median,hash_stability,mad,0.634,0.03
0.728230651111111,0.4945757955555556,0.1848661945393622,0.0274,0.1048,0.0132,0.1,0.9288133804371825,0.5038983219253699,0.5052,0.0394,0.9288133804371825,1.0,0.5052,0.0008,0.00013333333333333334,0.4,0.0008,0.0015968063872255488,10,0.09993998799759952,blended,0.1,pdq,256,frequency,median,bit_llr,mad,2.277,0.096
0.7394896888888889,0.6478883777777777,0.17689508807418777,0.0,0.0,0.0,0.1,0.9359681386619563,0.76689461249724,0.4752,0.4752,0.9359681386619563,1.0,0.4752,0.0,0.13362222222222223,0.0,0.0,0.0,6013,0.11366994793916384,blended,0.1,pdq,256,frequency,median,bit_em,mad,2.277,1.091
0.53292456,0.4661114066666666,0.10680603574137798,0.0068,0.0416,0.0068,0.1,0.5648425038639877,0.4660982998454405,0.012,0.0122,0.5648425038639877,1.0,0.012,0.0038,0.0082,0.04896907216494845,0.0038,0.007052709725315516,388,0.10039909699266307,blended,0.1,pdq,256,frequency,median,hamming_knn,mad,2.277,0.485
0.5634665022222223,0.5576556266666666,0.15097241603299322,0.0448,0.1078,0.0448,0.1,0.583951313755796,0.5381181717818503,0.0368,0.0368,0.583951313755796,1.0,0.0368,0.056,0.012266666666666667,0.33653846153846156,0.056,0.09602194787379972,832,0.09599739668076798,blended,0.1,pdq,256,frequency,median,hamming_ball,mad,2.277,0.477
0.4829819111111111,0.5027303355555556,0.0979995163717036,0.0142,0.0446,0.0142,0.1,0.4770141311547803,0.5056289247074409,0.022,0.022,0.5229858688452197,-1.0,0.022,0.0056,0.003111111111111111,0.16666666666666666,0.0056,0.010835913312693499,168,0.09977524482260394,blended,0.1,pdq,256,frequency,median,hash_spectral,mad,2.277,0.058
0.5911444177777778,0.4636640511111111,0.1244424125273772,0.0056,0.0508,0.0028,0.1,0.7036368514020755,0.46314778096710096,0.0294,0.0028,0.7036368514020755,1.0,0.0294,0.0006,0.0016222222222222222,0.039473684210526314,0.0006,0.001182033096926714,76,0.10009214005288038,blended,0.1,pdq,256,frequency,median,hash_stability,mad,2.277,0.029
0.45440302222222223,0.48747827333333327,0.08626400085409794,0.0,0.0236,0.0,0.1,0.4133045705453743,0.48433108854051665,0.006,0.011,0.5866954294546257,-1.0,0.011,0.0,0.0014,0.0,0.0,0.0,63,0.10012615896028997,blended,0.1,whash_haar,64,wavelet,median,bit_llr,mad,0.638,0.06
0.4560742155555556,0.4519297333333333,0.09554580447597508,0.0,0.0,0.0,0.1,0.4299377566791786,0.5314077500551999,0.0,0.0,0.5700622433208213,-1.0,0.0,0.0,0.2778,0.0,0.0,0.0,12501,0.13333688898370624,blended,0.1,whash_haar,64,wavelet,median,bit_em,mad,0.638,0.305
0.4589752777777778,0.49873853777777777,0.09599470357030288,0.0134,0.0544,0.0136,0.1,0.388961514683153,0.4639596378891587,0.0,0.0,0.611038485316847,-1.0,0.0228,0.0,4.4444444444444447e-05,0.0,0.0,0.0,2,0.1000040001600064,blended,0.1,whash_haar,64,wavelet,median,hamming_knn,mad,0.638,0.459
0.514312828888889,0.1888553488888889,0.11323371506225823,0.0,0.0,0.0,0.1,0.41510401854714063,0.41510401854714063,0.0,0.0,0.5848959814528594,-1.0,0.0,0.0206,0.1588,0.014208856393985378,0.0206,0.016817699404032983,7249,0.11454702813969264,blended,0.1,whash_haar,64,wavelet,median,hamming_ball,mad,0.638,0.453
0.4695706777777778,0.4818677,0.10019567497034294,0.0,0.0584,0.0,0.1,0.40099812320600575,0.4579095385294767,0.0,0.0,0.5990018767939942,-1.0,0.0236,0.1214,0.10411111111111111,0.11470143613000756,0.1214,0.11795569374271278,5292,0.0982598192717187,blended,0.1,whash_haar,64,wavelet,median,block_collision,mad,0.638,0.164
0.4806073133333333,0.4816750577777778,0.09336083972713524,0.004,0.0436,0.004,0.1,0.4434664385073968,0.47228553764627956,0.0078,0.0078,0.5565335614926032,-1.0,0.012,0.0,0.00035555555555555557,0.0,0.0,0.0,16,0.10003201024327785,blended,0.1,whash_haar,64,wavelet,median,hash_spectral,mad,0.638,0.048
0.42747805111111115,0.5139859422222222,0.08467666411616033,0.0024,0.0228,0.0024,0.1,0.4239008169573857,0.5035394126738795,0.0046,0.0048,0.5760991830426143,-1.0,0.0088,0.0,0.0022,0.0,0.0,0.0,99,0.1001983928177792,blended,0.1,whash_haar,64,wavelet,median,hash_stability,mad,0.638,0.029
0.47655690666666667,0.47393126444444444,0.09086385976480582,0.0,0.0216,0.0,0.1,0.4380988297637447,0.46662603223669685,0.0106,0.0074,0.5619011702362553,-1.0,0.0106,0.0,0.004533333333333334,0.0,0.0,0.0,204,0.10040967145955498,blended,0.1,whash_db4,169,wavelet,median,bit_llr,mad,1.589,0.082
0.35802086,0.652548488888889,0.10230068836127873,0.0,0.0,0.0,0.1,0.45903583572532564,0.5359287039081474,0.0,0.0,0.5409641642746743,-1.0,0.0,0.5296,0.38924444444444445,0.13132315016861734,0.5296,0.21045938642505166,20164,0.07883094248558788,blended,0.1,whash_db4,169,wavelet,median,bit_em,mad,1.589,0.661
0.46055524000000003,0.4829504177777778,0.08935191672644516,0.0,0.0306,0.0,0.1,0.41210821373371603,0.4626251931993818,0.0048,0.0052,0.587891786266284,-1.0,0.0144,0.0,0.0,0.0,0.0,0.0,0,0.1,blended,0.1,whash_db4,169,wavelet,median,hamming_knn,mad,1.589,0.483
0.47134630666666666,0.3288294266666667,0.10018435409507787,0.0,0.0,0.0,0.1,0.4392799735040848,0.4392799735040848,0.0034,0.0034,0.5607200264959151,-1.0,0.0034,0.0264,0.10766666666666666,0.02652200120554551,0.0264,0.026460859977949284,4977,0.10812251515891877,blended,0.1,whash_db4,169,wavelet,median,hamming_ball,mad,1.589,0.487
0.47465878222222224,0.48952594444444447,0.09074483321916577,0.0,0.0296,0.0,0.1,0.45648304261426365,0.5011584014131154,0.0068,0.0068,0.5435169573857364,-1.0,0.0142,0.0,0.0019333333333333333,0.0,0.0,0.0,87,0.10017430328772063,blended,0.1,whash_db4,169,wavelet,median,hash_spectral,mad,1.589,0.059
0.4866176822222223,0.4995277666666667,0.09795483985014872,0.01,0.0466,0.0072,0.1,0.4659333186133804,0.5255303599028482,0.01,0.0084,0.5340666813866196,-1.0,0.01,0.003,0.0032,0.09433962264150944,0.003,0.005815080441946114,159,0.10001805742260388,blended,0.1,whash_db4,169,wavelet,median,hash_stability,mad,1.589,0.031
0.4942420799999999,0.4814983644444445,0.10306297664330169,0.0208,0.0558,0.0124,0.1,0.48806882313976596,0.46578690660189886,0.0166,0.0116,0.511931176860234,-1.0,0.0166,0.0006,0.00046666666666666666,0.125,0.0006,0.0011942675159235668,24,0.09998799423723387,blended,0.1,mh,64,frequency,mean,bit_llr,mad,0.95,0.059
0.5410595044444444,0.5151586444444445,0.1103506336023879,0.0,0.0,0.0,0.1,0.49993091190108196,0.4683883638772356,0.0016,0.0016,0.500069088098918,-1.0,0.0048,0.0,0.0,0.0,0.0,0.0,0,0.1,blended,0.1,mh,64,frequency,mean,bit_em,mad,0.95,0.307
0.4107192088888889,0.47767818,0.08061420252377066,0.0002,0.0144,0.0002,0.1,0.32755654669905054,0.44424846544491053,0.0002,0.0002,0.6724434533009495,-1.0,0.0124,0.0002,0.009377777777777778,0.002364066193853428,0.0002,0.0003687995574405311,423,0.10083304758254837,blended,0.1,mh,64,frequency,mean,hamming_knn,mad,0.95,0.444
0.4428546622222222,0.4119003155555555,0.08680867427194632,0.0004,0.012,0.0004,0.1,0.3324861779642305,0.4091535217487304,0.0008,0.0008,0.6675138220357695,-1.0,0.0008,0.0068,0.03868888888888889,0.01915492957746479,0.0068,0.01003690036900369,1775,0.10297563504406428,blended,0.1,mh,64,frequency,mean,hamming_ball,mad,0.95,0.44
0.4397792488888889,0.5731954977777778,0.10305853489606516,0.018,0.0564,0.018,0.1,0.3489749613601236,0.4020887171561051,0.0044,0.0044,0.6510250386398764,-1.0,0.0044,0.0788,0.06406666666666666,0.12023191943851083,0.0788,0.09520357617494261,3277,0.09858099865162767,blended,0.1,mh,64,frequency,mean,block_collision,mad,0.95,0.152
0.46567993333333335,0.47792397777777773,0.08929459715241575,0.0034,0.03,0.0034,0.1,0.4403996025612718,0.4596279531905497,0.003,0.003,0.5596003974387282,-1.0,0.0114,0.0012,0.0038888888888888888,0.03314917127071823,0.0012,0.0023161551823972205,181,0.10024287922278649,blended,0.1,mh,64,frequency,mean,hash_spectral,mad,0.95,0.047
0.5019601733333333,0.5008807444444444,0.10023819817854013,0.0058,0.04,0.0058,0.1,0.48977465224111283,0.46578776771914326,0.0044,0.0044,0.5102253477588872,-1.0,0.0044,0.0044,0.0064444444444444445,0.07051282051282051,0.0044,0.008283132530120483,312,0.10018515536950572,blended,0.1,mh,64,frequency,mean,hash_stability,mad,0.95,0.029
0.47141195555555554,0.4616457755555555,0.09159143360698759,0.0008,0.0272,0.0,0.1,0.34892976374475604,0.4082890483550452,0.0126,0.0126,0.651070236255244,-1.0,0.013,0.0,0.03804444444444444,0.0,0.0,0.0,1712,0.1035453943008615,blended,0.1,colorhash,42,colour,quantisation,bit_llr,mad,2.51,0.051
0.4929417644444444,0.5254452911111112,0.10203194932559126,0.0,0.0,0.0,0.1,0.32003071318171783,0.3113584234930448,0.0,0.0,0.6799692868182822,-1.0,0.0134,0.333,0.3958,0.0854898336414048,0.333,0.13605164242523288,19476,0.10925828855982178,blended,0.1,colorhash,42,colour,quantisation,bit_em,mad,2.51,0.241
0.42519046,0.4197716577777778,0.08352937254336043,0.0,0.0,0.0016,0.1,0.34817553543828655,0.46329286818282184,0.0,0.0108,0.6518244645617135,-1.0,0.0108,0.0022,0.010933333333333333,0.02186878727634195,0.0022,0.003997819371252044,503,0.1007939875143948,blended,0.1,colorhash,42,colour,quantisation,hamming_knn,mad,2.51,0.329
0.42954336888888883,0.4383611377777778,0.08963371166920478,0.0,0.0216,0.0,0.1,0.34076615146831535,0.3507058291013469,0.0,0.0,0.6592338485316847,-1.0,0.0,0.142,0.27828888888888886,0.053653744426811756,0.142,0.07788076564471014,13233,0.11668071912312672,blended,0.1,colorhash,42,colour,quantisation,hamming_ball,mad,2.51,0.325
0.4537108333333333,0.3966661955555556,0.08377516914977823,0.0,0.0,0.0,0.1,0.4191170457054537,0.3667504305586222,0.0044,0.014,0.5808829542945463,-1.0,0.014,0.0,0.007222222222222222,0.0,0.0,0.0,325,0.10065425264217413,blended,0.1,colorhash,42,colour,quantisation,hash_spectral,mad,2.51,0.043
0.5372606422222223,0.5627379555555556,0.12350905386586422,0.0142,0.0956,0.0142,0.1,0.7084081474939279,0.46612711415323477,0.0376,0.0376,0.7084081474939279,1.0,0.0376,0.0056,0.0007777777777777777,0.4444444444444444,0.0056,0.011060635986569228,63,0.09956545247011234,blended,0.1,colorhash,42,colour,quantisation,hash_stability,mad,2.51,0.026
0.7114407111111113,0.5279095266666667,0.19383135857817785,0.0386,0.1374,0.0152,0.1,0.879228924707441,0.5551688672996247,0.3608,0.0456,0.879228924707441,1.0,0.3608,0.0,0.00017777777777777779,0.0,0.0,0.0,8,0.10001600256040967,blended,0.1,rhash8,64,residual,zero,bit_llr,mad,0.519,0.06
0.7995723,0.7593161311111112,0.42225596072397636,0.131,0.5294,0.131,0.1,0.8974791565466991,0.7847622654007507,0.4068,0.4068,0.8974791565466991,1.0,0.4068,0.6012,0.08495555555555556,0.44018157856201495,0.6012,0.5082424549835151,6829,0.04618841351833407,blended,0.1,rhash8,64,residual,zero,bit_em,mad,0.519,0.304
0.6129038199999999,0.5024299866666666,0.1591403532092778,0.0386,0.1096,0.0386,0.1,0.7272468315301391,0.5419669242658424,0.124,0.1034,0.7272468315301391,1.0,0.124,0.0258,0.004933333333333333,0.36752136752136755,0.0258,0.04821528686226873,351,0.09810872323712462,blended,0.1,rhash8,64,residual,zero,hamming_knn,mad,0.519,0.447
0.6755471755555557,0.6000593955555555,0.29219408452215767,0.1296,0.2348,0.1296,0.1,0.7280609185250606,0.6413125413998675,0.1832,0.1832,0.7280609185250606,1.0,0.1832,0.1564,0.0146,0.5434329395413482,0.1564,0.24289485945022518,1439,0.08685982578612467,blended,0.1,rhash8,64,residual,zero,hamming_ball,mad,0.519,0.442
0.7268030400000001,0.5335497066666668,0.22566100221260033,0.0576,0.195,0.0576,0.1,0.5657826893353941,0.5383585338926915,0.0266,0.0266,0.5657826893353941,1.0,0.0266,0.0928,0.0176,0.36942675159235666,0.0928,0.1483375959079284,1256,0.0930576070901034,blended,0.1,rhash8,64,residual,zero,block_collision,mad,0.519,0.155
0.49295535777777777,0.5091018577777778,0.09918745591174405,0.0102,0.0518,0.0102,0.1,0.49745290351070875,0.5143469640097151,0.0214,0.0214,0.5025470964892913,-1.0,0.0214,0.0058,0.0070888888888888885,0.08333333333333333,0.0058,0.010845175766641735,348,0.10011681301860952,blended,0.1,rhash8,64,residual,zero,hash_spectral,mad,0.519,0.048
0.6201336777777778,0.42746350888888884,0.1315517834251867,0.0064,0.0414,0.0024,0.1,0.7150779863104438,0.4615020755133584,0.0256,0.0066,0.7150779863104438,1.0,0.0256,0.0,0.0014444444444444444,0.0,0.0,0.0,65,0.10013016921998598,blended,0.1,rhash8,64,residual,zero,hash_stability,mad,0.519,0.029
0.7867775800000001,0.5537680777777778,0.21328736053369243,0.0236,0.1306,0.0102,0.1,0.9940926473835284,0.613076131596379,0.9208,0.2326,0.9940926473835284,1.0,0.9208,0.0,0.0008,0.0,0.0,0.0,36,0.10007205187735169,blended,0.1,rhash16,256,residual,zero,bit_llr,mad,0.595,0.096
0.9534243022222223,0.9416431933333334,0.9060665921165618,0.8306,0.8824,0.8306,0.1,0.9959918745860014,0.9375557076617356,0.9394,0.9348,0.9959918745860014,1.0,0.9394,0.9168,0.11071111111111111,0.4791971565962785,0.9168,0.6294109570232047,9566,0.010288371172775387,blended,0.1,rhash16,256,residual,zero,bit_em,mad,0.595,0.937
0.7662885577777778,0.6058141177777777,0.256940235449321,0.0648,0.241,0.0648,0.1,0.9368946345771693,0.6686580922941049,0.5822,0.3926,0.9368946345771693,1.0,0.5822,0.0856,0.012733333333333333,0.4275724275724276,0.0856,0.14264289285119147,1001,0.09330802669442234,blended,0.1,rhash16,256,residual,zero,hamming_knn,mad,0.595,0.474
0.6385329911111112,0.3308761644444444,0.1362584781053226,0.0238,0.0744,0.0238,0.1,0.7575760653565908,0.7575760653565908,0.4166,0.4166,0.7575760653565908,1.0,0.4166,0.0508,0.026266666666666667,0.17688022284122562,0.0508,0.07893101305158484,1436,0.09772671114405733,blended,0.1,rhash16,256,residual,zero,hamming_ball,mad,0.595,0.466
0.6571495844444444,0.6688612555555555,0.39866536048171114,0.2626,0.3184,0.2626,0.1,0.714680370942813,0.638527202472952,0.3428,0.3428,0.714680370942813,1.0,0.3428,0.342,0.05817777777777778,0.39510166358595195,0.342,0.3666380789022298,4328,0.07203538272902435,blended,0.1,rhash16,256,residual,zero,block_collision,mad,0.595,0.733
0.42382042,0.6218717622222222,0.09653154771496089,0.0108,0.074,0.0108,0.1,0.42449675425038635,0.7185119894016339,0.1326,0.1498,0.5755032457496136,-1.0,0.1326,0.0212,0.014533333333333334,0.1394736842105263,0.0212,0.03680555555555556,760,0.09939073923639317,blended,0.1,rhash16,256,residual,zero,hash_spectral,mad,0.595,0.063
0.6045762355555555,0.45417816666666666,0.12659312046217058,0.0114,0.0586,0.0058,0.1,0.7146130713181718,0.38645062927798635,0.014,0.0032,0.7146130713181718,1.0,0.014,0.0044,0.006266666666666667,0.07236842105263158,0.0044,0.008295625942684766,304,0.10016902768834514,blended,0.1,rhash16,256,residual,zero,hash_stability,mad,0.595,0.032
0.716833708888889,0.36573818,0.14661115105911937,0.0,0.0,0.0,0.1,1.0,0.2587000441598587,1.0,0.1218,1.0,1.0,1.0,0.0,0.0005333333333333334,0.0,0.0,0.0,24,0.10004802305106451,blended,0.1,rhash32,1024,residual,zero,bit_llr,mad,0.472,0.254
0.6203223044444446,0.42637986888888896,0.2202394007047595,0.0,0.0,0.0,0.1,0.9963,0.0037,0.9926,0.0,0.9963,1.0,0.9926,0.0442,0.4722222222222222,0.010292953285827395,0.0442,0.016697518038608288,21471,0.16751375793052684,blended,0.1,rhash32,1024,residual,zero,bit_em,mad,0.472,4.498
0.7537259333333333,0.5386597866666666,0.16713055092866685,0.0,0.002,0.0,0.1,0.9993006623978804,0.6066213071318172,0.9806,0.4482,0.9993006623978804,1.0,0.9806,0.0,0.03451111111111111,0.0,0.0,0.0,1553,0.1032055648440564,blended,0.1,rhash32,1024,residual,zero,hamming_knn,mad,0.472,0.559
0.5985380155555555,0.2783467577777778,0.12184249987203152,0.0,0.0248,0.0,0.1,0.6869884080370943,0.6869884080370943,0.3504,0.3504,0.6869884080370943,1.0,0.3504,0.052,0.07548888888888888,0.07109652720809406,0.052,0.06006699780524431,3657,0.10228081910968215,blended,0.1,rhash32,1024,residual,zero,hamming_ball,mad,0.472,0.547
0.8657917177777777,0.8334619088888888,0.6836095327956564,0.5014,0.6636,0.5014,0.1,0.9402855818061381,0.8775391918745858,0.8488,0.7944,0.9402855818061381,1.0,0.8488,0.5014,0.009866666666666666,0.8495425279566249,0.5014,0.6306125015721293,2951,0.052987311101192376,blended,0.1,rhash32,1024,residual,zero,block_collision,mad,0.472,3.287
0.39354229777777777,0.6940680155555556,0.09316318790470077,0.0036,0.0688,0.0036,0.1,0.4016923824243762,0.8149928461028925,0.1884,0.4468,0.5983076175756238,-1.0,0.3344,0.0344,0.0282,0.1193615544760583,0.0344,0.053407855922993325,1441,0.09942544121584053,blended,0.1,rhash32,1024,residual,zero,hash_spectral,mad,0.472,0.188
0.6525113711111111,0.4246087111111111,0.13686574691619938,0.007,0.053,0.0026,0.1,0.819333870611614,0.35958580260543166,0.0386,0.0018,0.819333870611614,1.0,0.0386,0.0018,0.006044444444444444,0.03202846975088968,0.0018,0.0034084453701950387,281,0.10038415897343068,blended,0.1,rhash32,1024,residual,zero,hash_stability,mad,0.472,0.035
0.7317068888888889,0.4049529466666667,0.15427629193589582,0.0,0.0126,0.0,0.1,0.9999985427246633,0.33832378008390374,1.0,0.152,0.9999985427246633,1.0,1.0,0.0,0.0011777777777777778,0.0,0.0,0.0,53,0.10010611247922799,blended,0.1,rhash_rgb,768,residual,zero,bit_llr,mad,1.835,0.21
0.5853955622222223,0.4331222355555555,0.19490186185089856,0.0,0.0,0.0,0.1,0.9964,0.0036,0.9928,0.0,0.9964,1.0,0.9928,0.0402,0.32682222222222224,0.013482693855647975,0.0402,0.020192887281494876,14908,0.1367548159124587,blended,0.1,rhash_rgb,768,residual,zero,bit_em,mad,1.835,3.03
0.7888687644444444,0.5844389977777777,0.2121374699079479,0.005,0.1312,0.005,0.1,0.9953751821594171,0.6546496798410245,0.9158,0.4426,0.9953751821594171,1.0,0.9158,0.0122,0.013355555555555556,0.09214501510574018,0.0122,0.02154715648180855,662,0.1001053954355669,blended,0.1,rhash_rgb,768,residual,zero,hamming_knn,mad,1.835,0.551
0.60872186,0.30256156666666667,0.12610014055183066,0.0136,0.0604,0.0136,0.1,0.7278217708103334,0.7278217708103334,0.4196,0.4196,0.7278217708103334,1.0,0.4196,0.0512,0.035644444444444444,0.13763440860215054,0.0512,0.07463556851311953,1860,0.09854590776900707,blended,0.1,rhash_rgb,768,residual,zero,hamming_ball,mad,1.835,0.547
0.7758559688888887,0.7351665155555556,0.5321895015743219,0.3908,0.449,0.3908,0.1,0.8917961139324354,0.7758414661073085,0.654,0.6406,0.8917961139324354,1.0,0.654,0.4838,0.05773333333333333,0.48216065377715767,0.4838,0.4829789358091245,5017,0.057377231398528336,blended,0.1,rhash_rgb,768,residual,zero,block_collision,mad,1.835,2.125
0.3981468,0.6958683911111111,0.10163842410864077,0.0208,0.0934,0.0208,0.1,0.4002235813645396,0.8089189445793774,0.1786,0.4102,0.5997764186354604,-1.0,0.3082,0.0396,0.01648888888888889,0.21063829787234042,0.0396,0.06666666666666667,940,0.09788014675907053,blended,0.1,rhash_rgb,768,residual,zero,hash_spectral,mad,1.835,0.124
0.6400471555555556,0.4251936177777777,0.13176153447561018,0.0086,0.0456,0.004,0.1,0.7890127401192316,0.3581295871053213,0.0198,0.0032,0.7890127401192316,1.0,0.0198,0.0032,0.006644444444444444,0.050793650793650794,0.0032,0.006020696142991533,315,0.10031196538190601,blended,0.1,rhash_rgb,768,residual,zero,hash_stability,mad,1.835,0.036
0.40422222444444444,0.4595269577777778,0.07717893159978689,0.0006,0.018,0.0008,0.1,0.2868615588430117,0.4334151468315301,0.002,0.0066,0.7131384411569883,-1.0,0.0154,0.0,0.0006444444444444444,0.0,0.0,0.0,29,0.10005803365952252,blended,0.1,rhash_energy,256,residual,mean,bit_llr,mad,0.614,0.097
0.4535857377777777,0.4651738511111111,0.12508506757810936,0.0,0.1104,0.0,0.1,0.2281282181497019,0.25935126959593724,0.0,0.0,0.771871781850298,-1.0,0.0,0.2746,0.214,0.12478414977733346,0.2746,0.1715928263450603,11003,0.09300715439649204,blended,0.1,rhash_energy,256,residual,mean,bit_em,mad,0.614,0.972
0.34725538222222224,0.4450985666666667,0.06992836710868691,0.0,0.0016,0.0,0.1,0.19640033119894018,0.4018882313976595,0.0,0.0,0.8035996688010598,-1.0,0.0618,0.0,0.0010222222222222223,0.0,0.0,0.0,46,0.10009208471794051,blended,0.1,rhash_energy,256,residual,mean,hamming_knn,mad,0.614,0.491
0.5317723955555556,0.14262145333333331,0.13395562770256872,0.0,0.0,0.0,0.1,0.3155336718922499,0.3155336718922499,0.0,0.0,0.6844663281077501,-1.0,0.0,0.0016,0.183,0.0009705204415868009,0.0016,0.0012081854564675678,8243,0.1195488181622243,blended,0.1,rhash_energy,256,residual,mean,hamming_ball,mad,0.614,0.493
0.30812922,0.7138676222222222,0.07652913380221399,0.0,0.0,0.0,0.1,0.2589195186575403,0.7303988297637447,0.0,0.118,0.7410804813424596,-1.0,0.118,0.4516,0.14557777777777778,0.2563287546827109,0.4516,0.32703309435875155,8809,0.06656793959845597,blended,0.1,rhash_energy,256,residual,mean,block_collision,mad,0.614,0.735
0.46167724444444447,0.46762148,0.0870227668824711,0.0026,0.0178,0.0026,0.1,0.4356706999337602,0.44174817840582914,0.0054,0.0054,0.5643293000662398,-1.0,0.0102,0.0002,0.0012222222222222222,0.017857142857142856,0.0002,0.00039556962025316455,56,0.1000921031555342,blended,0.1,rhash_energy,256,residual,mean,hash_spectral,mad,0.614,0.064
0.4445708622222222,0.5010718933333335,0.08572123332927911,0.002,0.0206,0.0118,0.1,0.4144198277765511,0.5032821594170898,0.0044,0.0022,0.5855801722234488,-1.0,0.0044,0.0026,0.002777777777777778,0.09420289855072464,0.0026,0.00506033476060724,138,0.10001604428221893,blended,0.1,rhash_energy,256,residual,mean,hash_stability,mad,0.614,0.034
0.7876153622222223,0.5553310333333333,0.21395031230186196,0.024,0.1306,0.0094,0.1,0.9940666813866196,0.617556767498344,0.9216,0.2354,0.9940666813866196,1.0,0.9216,0.0,0.0007777777777777777,0.0,0.0,0.0,35,0.10007004903432402,blended,0.1,ahash_res,256,residual,mean,bit_llr,mad,0.6,0.096
0.9537108533333334,0.94197216,0.9010783497352473,0.8066,0.881,0.8066,0.1,0.9960489953632148,0.9389702141753146,0.9418,0.9362,0.9960489953632148,1.0,0.9418,0.9184,0.11106666666666666,0.47883211678832116,0.9184,0.6294722412611378,9590,0.010096510764662212,blended,0.1,ahash_res,256,residual,mean,bit_em,mad,0.6,1.059
0.7654946044444445,0.6031514800000001,0.2521886977915047,0.061,0.229,0.061,0.1,0.9350948112166041,0.6716859350850078,0.5612,0.3926,0.9350948112166041,1.0,0.5612,0.0856,0.013822222222222222,0.4076190476190476,0.0856,0.14148760330578514,1050,0.09340143003064351,blended,0.1,ahash_res,256,residual,mean,hamming_knn,mad,0.6,0.481
0.6360308888888888,0.3295723244444444,0.1346040242384708,0.0198,0.0744,0.0198,0.1,0.7562273791123869,0.7562273791123869,0.4166,0.4166,0.7562273791123869,1.0,0.4166,0.0508,0.02848888888888889,0.16536458333333334,0.0508,0.0777233782129743,1536,0.09792835919445361,blended,0.1,ahash_res,256,residual,mean,hamming_ball,mad,0.6,0.485
0.6451892733333334,0.6557166733333334,0.3805637245590662,0.243,0.3088,0.243,0.1,0.7125479576065357,0.6316312210200927,0.3428,0.3428,0.7125479576065357,1.0,0.3428,0.3286,0.05804444444444445,0.3861339600470035,0.3286,0.3550513236088601,4255,0.07338506940649252,blended,0.1,ahash_res,256,residual,mean,block_collision,mad,0.6,0.724
0.4239674577777778,0.6222081844444444,0.09663606143943258,0.0114,0.0744,0.0114,0.1,0.4245107970854493,0.7183449768160742,0.1326,0.1536,0.5754892029145506,-1.0,0.1326,0.0212,0.014422222222222222,0.1403973509933775,0.0212,0.0368375325803649,755,0.09938064778150066,blended,0.1,ahash_res,256,residual,mean,hash_spectral,mad,0.6,0.058
0.6071326666666667,0.45863797777777776,0.12875811215136568,0.0114,0.0586,0.0072,0.1,0.7112056966217708,0.3894977478472069,0.014,0.0032,0.7112056966217708,1.0,0.014,0.0044,0.0057777777777777775,0.07801418439716312,0.0044,0.008330177962892843,282,0.10012470332676295,blended,0.1,ahash_res,256,residual,mean,hash_stability,mad,0.6,0.031
0.46560775879396976,0.530862351758794,0.00449672459217949,0.0,0.0,0.028,0.005,0.5119465263157894,0.511757052631579,0.008,0.016,0.5119465263157894,1.0,0.016,0.0,0.0009849246231155779,0.0,0.0,0.0,49,0.005004904806710576,clean_label_badnets,0.005,ahash,64,spatial,mean,bit_llr,mad,0.148,0.057
0.6933620100502512,0.6000886030150754,0.028104614717998595,0.0,0.476,0.0,0.005,0.49975073684210525,0.49457347368421045,0.0,0.0,0.5002492631578948,-1.0,0.0,0.476,0.3747738693467337,0.00634193135791942,0.476,0.012517092668560008,18764,0.004193878857728262,clean_label_badnets,0.005,ahash,64,spatial,mean,bit_em,mad,0.148,0.295
0.4995111557788945,0.5195470552763819,0.005304246749128906,0.016,0.06,0.0,0.005,0.48477178947368416,0.5115402105263157,0.016,0.016,0.5152282105263158,-1.0,0.016,0.0,0.0,0.0,0.0,0.0,0,0.005,clean_label_badnets,0.005,ahash,64,spatial,mean,hamming_knn,mad,0.148,0.437
0.5530846633165828,0.23564289447236184,0.005853657114460172,0.0,0.0,0.0,0.005,0.49785178947368425,0.49785178947368425,0.0,0.0,0.5021482105263158,-1.0,0.0,0.02,0.15083417085427137,0.0006658676255160474,0.02,0.001288825879623663,7509,0.005765926902167518,clean_label_badnets,0.005,ahash,64,spatial,mean,hamming_ball,mad,0.148,0.431
0.5011916783919598,0.501060864321608,0.005763012974217914,0.0,0.0,0.0,0.005,0.4869402105263158,0.5079789473684211,0.0,0.0,0.5130597894736841,-1.0,0.008,0.192,0.10257286432160805,0.009318578916715201,0.192,0.0177744862062581,5151,0.004504002318892283,clean_label_badnets,0.005,ahash,64,spatial,mean,block_collision,mad,0.148,0.161
0.5242437386934673,0.4883244221105528,0.005366786928429068,0.016,0.068,0.016,0.005,0.499362947368421,0.4923027368421052,0.016,0.016,0.500637052631579,-1.0,0.016,0.0,0.0009246231155778894,0.0,0.0,0.0,46,0.005004604235897025,clean_label_badnets,0.005,ahash,64,spatial,mean,hash_spectral,mad,0.148,0.045
0.5227862512562814,0.4726596582914573,0.00521407720535284,0.004,0.04,0.004,0.005,0.5486576842105263,0.4671246315789474,0.024,0.004,0.5486576842105263,1.0,0.024,0.0,0.0005628140703517588,0.0,0.0,0.0,28,0.005002801568878572,clean_label_badnets,0.005,ahash,64,spatial,mean,hash_stability,mad,0.148,0.031
0.4610098894472362,0.49407328643216086,0.004427030720273298,0.0,0.0,0.008,0.005,0.5093957894736842,0.4902084210526315,0.004,0.008,0.5093957894736842,1.0,0.008,0.0,0.0013065326633165829,0.0,0.0,0.0,65,0.005006508460999299,clean_label_badnets,0.005,ahash4,16,spatial,mean,bit_llr,mad,0.16,0.047
0.6821379698492462,0.6160199798994974,0.02591946839699688,0.092,0.472,0.0,0.005,0.4922745263157895,0.4982063157894736,0.0,0.0,0.5077254736842105,-1.0,0.0,0.44,0.15354773869346733,0.014195380049038586,0.44,0.027503437929741217,7749,0.0033135310406854275,clean_label_badnets,0.005,ahash4,16,spatial,mean,bit_em,mad,0.16,0.15
0.48605499497487437,0.5723279195979899,0.006227123009493071,0.0,0.092,0.032,0.005,0.4898164210526316,0.5047402105263158,0.0,0.012,0.5101835789473683,-1.0,0.012,0.0,2.0100502512562815e-05,0.0,0.0,0.0,1,0.00500010000200004,clean_label_badnets,0.005,ahash4,16,spatial,mean,hamming_knn,mad,0.16,0.405
0.4819277989949749,0.4791909145728644,0.006288661599875429,0.0,0.068,0.0,0.005,0.49500715789473687,0.4847722105263158,0.0,0.0,0.5049928421052632,-1.0,0.0,0.148,0.12066331658291457,0.006125827814569536,0.148,0.011764705882352941,6040,0.004845313921747043,clean_label_badnets,0.005,ahash4,16,spatial,mean,hamming_ball,mad,0.16,0.405
0.503963135678392,0.5167474572864321,0.007465847546982351,0.056,0.056,0.056,0.005,0.4930328421052632,0.4853903157894737,0.0,0.0,0.5069671578947368,-1.0,0.0,0.256,0.190713567839196,0.006700167504187605,0.256,0.013058559477657621,9552,0.004598496835443038,clean_label_badnets,0.005,ahash4,16,spatial,mean,block_collision,mad,0.16,0.041
0.5046566030150754,0.4814665728643216,0.0050790442308038366,0.0,0.048,0.0,0.005,0.49726105263157894,0.49225557894736843,0.0,0.0,0.5027389473684211,-1.0,0.004,0.0,0.002231155778894472,0.0,0.0,0.0,111,0.005011124696826956,clean_label_badnets,0.005,ahash4,16,spatial,mean,hash_spectral,mad,0.16,0.043
0.5228931457286432,0.3747605226130653,0.005038633449949424,0.0,0.0,0.0,0.005,0.516776,0.49462989473684205,0.008,0.008,0.516776,1.0,0.008,0.0,0.002552763819095477,0.0,0.0,0.0,127,0.005012732340143966,clean_label_badnets,0.005,ahash4,16,spatial,mean,hash_stability,mad,0.16,0.025
0.45383718592964817,0.5279333467336684,0.004337832555663447,0.0,0.0,0.036,0.005,0.5045288421052632,0.5071418947368421,0.008,0.004,0.5045288421052632,1.0,0.008,0.0,0.0006030150753768845,0.0,0.0,0.0,30,0.005003001801080648,clean_label_badnets,0.005,ahash16,256,spatial,mean,bit_llr,mad,0.199,0.093
0.4727770452261306,0.2548430552763819,0.006304264501098716,0.0,0.0,0.0,0.005,0.4954698947368421,0.5045301052631579,0.0,0.0,0.5045301052631579,-1.0,0.0,0.0,0.29694472361809043,0.0,0.0,0.0,14773,0.007096829136741704,clean_label_badnets,0.005,ahash16,256,spatial,mean,bit_em,mad,0.199,0.99
0.48711786934673373,0.517293025125628,0.005028526967621518,0.0,0.052,0.0,0.005,0.48283915789473686,0.5101743157894738,0.008,0.008,0.5171608421052631,-1.0,0.012,0.0,0.0,0.0,0.0,0.0,0,0.005,clean_label_badnets,0.005,ahash16,256,spatial,mean,hamming_knn,mad,0.199,0.47
0.5187972261306533,0.30287537688442207,0.005293448195308465,0.0,0.0,0.0,0.005,0.4876593684210527,0.4876593684210527,0.0,0.0,0.5123406315789474,-1.0,0.0,0.036,0.14395979899497488,0.001255055082973086,0.036,0.0024255491173696265,7171,0.005627028415326064,clean_label_badnets,0.005,ahash16,256,spatial,mean,hamming_ball,mad,0.199,0.454
0.4322137889447236,0.6662822914572865,0.006184117690515963,0.0,0.0,0.12,0.005,0.4868564210526315,0.5060168421052631,0.0,0.016,0.5131435789473685,-1.0,0.016,0.356,0.08032160804020101,0.021787025703794368,0.356,0.04106113033448674,4085,0.003506479364042252,clean_label_badnets,0.005,ahash16,256,spatial,mean,block_collision,mad,0.199,0.705
0.5382507738693467,0.49249173869346735,0.005679400943295528,0.012,0.064,0.012,0.005,0.5085145263157895,0.4933364210526316,0.012,0.012,0.5085145263157895,1.0,0.024,0.0,0.0006633165829145729,0.0,0.0,0.0,33,0.00500330217943843,clean_label_badnets,0.005,ahash16,256,spatial,mean,hash_spectral,mad,0.199,0.055
0.567441608040201,0.5226868743718592,0.00715854425413281,0.016,0.104,0.008,0.005,0.5639347368421053,0.5155305263157894,0.008,0.008,0.5639347368421053,1.0,0.008,0.004,0.0012462311557788945,0.015873015873015872,0.004,0.006389776357827476,63,0.004986282716222441,clean_label_badnets,0.005,ahash16,256,spatial,mean,hash_stability,mad,0.199,0.033
0.45201921608040196,0.5314225527638191,0.004322169772773835,0.0,0.0,0.032,0.005,0.5031267368421053,0.5104530526315789,0.016,0.004,0.5031267368421053,1.0,0.016,0.0,0.000542713567839196,0.0,0.0,0.0,27,0.005002701458787746,clean_label_badnets,0.005,ahash32,1024,spatial,mean,bit_llr,mad,0.36,0.252
0.40851268341708546,0.39752655276381904,0.005363992630993273,0.0,0.0,0.0,0.005,0.4911178947368421,0.5088821052631579,0.0,0.0,0.5088821052631579,-1.0,0.0,0.0,0.20008040201005026,0.0,0.0,0.0,9954,0.00624282075613045,clean_label_badnets,0.005,ahash32,1024,spatial,mean,bit_em,mad,0.36,4.442
0.48999288442211053,0.5114841809045227,0.005009614316754351,0.0,0.048,0.0,0.005,0.4867764210526316,0.5114016842105263,0.016,0.02,0.5132235789473685,-1.0,0.016,0.0,2.0100502512562815e-05,0.0,0.0,0.0,1,0.00500010000200004,clean_label_badnets,0.005,ahash32,1024,spatial,mean,hamming_knn,mad,0.36,0.547
0.516457688442211,0.3373946934673367,0.005156099934609546,0.0,0.0,0.0,0.005,0.497256,0.497256,0.008,0.008,0.5027440000000001,-1.0,0.008,0.048,0.12890452261306531,0.001867704280155642,0.048,0.0035955056179775282,6425,0.005461847389558233,clean_label_badnets,0.005,ahash32,1024,spatial,mean,hamming_ball,mad,0.36,0.534
0.43593403015075377,0.3183942512562814,0.0051477361807027965,0.0,0.0,0.0,0.005,0.4879616842105263,0.5120383157894737,0.0,0.016,0.5120383157894737,-1.0,0.016,0.0,0.12990954773869345,0.0,0.0,0.0,6463,0.005742242230746262,clean_label_badnets,0.005,ahash32,1024,spatial,mean,block_collision,mad,0.36,2.961
0.5424047437185929,0.5007338291457286,0.00586687271390854,0.012,0.06,0.012,0.005,0.5141414736842105,0.4977288421052632,0.008,0.008,0.5141414736842105,1.0,0.008,0.0,0.0005226130653266332,0.0,0.0,0.0,26,0.005002601352703406,clean_label_badnets,0.005,ahash32,1024,spatial,mean,hash_spectral,mad,0.36,0.192
0.5717705728643216,0.5266465527638191,0.007295195502585082,0.02,0.112,0.016,0.005,0.5608766315789474,0.5174286315789474,0.004,0.004,0.5608766315789474,1.0,0.008,0.004,0.0018090452261306533,0.01098901098901099,0.004,0.005865102639296188,91,0.004989080125829009,clean_label_badnets,0.005,ahash32,1024,spatial,mean,hash_stability,mad,0.36,0.035
0.4931638592964824,0.48721612060301506,0.004825214725311067,0.0,0.016,0.0,0.005,0.5006774736842105,0.48362652631578945,0.008,0.012,0.5006774736842105,1.0,0.012,0.0,0.0013869346733668341,0.0,0.0,0.0,69,0.0050069095351585186,clean_label_badnets,0.005,mhash,64,spatial,median,bit_llr,mad,0.169,0.055
0.4152840603015076,0.5762019698492463,0.005056673964138348,0.0,0.0,0.0,0.005,0.49176421052631575,0.5110197894736842,0.0,0.0,0.5082357894736842,-1.0,0.0,0.496,0.37471356783919596,0.006607694767132047,0.496,0.013041649137568364,18766,0.004034065441506051,clean_label_badnets,0.005,mhash,64,spatial,median,bit_em,mad,0.169,0.29
0.5152789949748744,0.5023698492462312,0.006052881254835737,0.032,0.064,0.036,0.005,0.49230568421052634,0.4882682105263158,0.0,0.004,0.5076943157894737,-1.0,0.028,0.004,0.00036180904522613067,0.05263157894736842,0.004,0.007434944237918215,19,0.0049818931193853664,clean_label_badnets,0.005,mhash,64,spatial,median,hamming_knn,mad,0.169,0.422
0.5299973065326633,0.20737965829145732,0.005855081054596184,0.0,0.0,0.0,0.005,0.48687789473684207,0.48687789473684207,0.0,0.0,0.5131221052631579,-1.0,0.0,0.032,0.16291457286432162,0.0009860717367188463,0.032,0.001913189046992706,8113,0.0057774488504786685,clean_label_badnets,0.005,mhash,64,spatial,median,hamming_ball,mad,0.169,0.417
0.49859405025125625,0.5092168442211056,0.005647899137135728,0.0,0.056,0.0,0.005,0.48468757894736847,0.5118357894736841,0.0,0.0,0.5153124210526315,-1.0,0.012,0.172,0.10203015075376884,0.00840007814026177,0.172,0.016017880424660087,5119,0.004612196697934538,clean_label_badnets,0.005,mhash,64,spatial,median,block_collision,mad,0.169,0.157
0.5043914371859296,0.4733170251256281,0.004990592738087159,0.008,0.056,0.008,0.005,0.501069894736842,0.4779861052631579,0.016,0.016,0.501069894736842,1.0,0.016,0.0,0.00034170854271356785,0.0,0.0,0.0,17,0.0050017005781965865,clean_label_badnets,0.005,mhash,64,spatial,median,hash_spectral,mad,0.169,0.044
0.4895306934673367,0.4834153165829146,0.0048478252222610655,0.004,0.04,0.004,0.005,0.54352,0.4752004210526316,0.032,0.004,0.54352,1.0,0.032,0.0,0.0020100502512562816,0.0,0.0,0.0,100,0.00501002004008016,clean_label_badnets,0.005,mhash,64,spatial,median,hash_stability,mad,0.169,0.042
0.47777382914572863,0.5023111557788945,0.004565277723525288,0.0,0.0,0.036,0.005,0.5131511578947369,0.48913684210526315,0.004,0.004,0.5131511578947369,1.0,0.004,0.0,0.001407035175879397,0.0,0.0,0.0,70,0.005007009813739235,clean_label_badnets,0.005,ahash_rgb,192,spatial,mean,bit_llr,mad,0.391,0.08
0.7012262914572864,0.5837413467336683,0.0276960110250705,0.0,0.472,0.0,0.005,0.4931435789473684,0.5002425263157895,0.0,0.0,0.5068564210526316,-1.0,0.0,0.484,0.3917386934673367,0.006170321264660887,0.484,0.012185297079556899,19610,0.004244817374136229,clean_label_badnets,0.005,ahash_rgb,192,spatial,mean,bit_em,mad,0.391,0.654
0.4804266934673367,0.5002478793969849,0.00487614390586877,0.0,0.052,0.0,0.005,0.4731717894736842,0.4951461052631579,0.016,0.02,0.5268282105263158,-1.0,0.02,0.0,0.0,0.0,0.0,0.0,0,0.005,clean_label_badnets,0.005,ahash_rgb,192,spatial,mean,hamming_knn,mad,0.391,0.446
0.5468351356783919,0.25369326633165823,0.005763003535036539,0.0,0.0,0.0,0.005,0.4847368421052631,0.4847368421052631,0.0,0.0,0.5152631578947369,-1.0,0.0,0.02,0.17895477386934674,0.0005612932195779075,0.02,0.0010919414719371041,8908,0.005962231091209968,clean_label_badnets,0.005,ahash_rgb,192,spatial,mean,hamming_ball,mad,0.391,0.435
0.523716743718593,0.4863437989949749,0.005789998080886912,0.0,0.0,0.0,0.005,0.47558568421052627,0.49368842105263155,0.0,0.0,0.5244143157894737,-1.0,0.02,0.0,0.04168844221105528,0.0,0.0,0.0,2074,0.005216375245169637,clean_label_badnets,0.005,ahash_rgb,192,spatial,mean,block_collision,mad,0.391,0.407
0.49646207035175877,0.5002997386934673,0.00488890677432062,0.004,0.04,0.004,0.005,0.48585852631578946,0.5049549473684211,0.004,0.004,0.5141414736842105,-1.0,0.008,0.0,0.0010653266331658291,0.0,0.0,0.0,53,0.005005305623961399,clean_label_badnets,0.005,ahash_rgb,192,spatial,mean,hash_spectral,mad,0.391,0.051
0.524360040201005,0.4666748944723618,0.005120750698915497,0.0,0.024,0.0,0.005,0.5379835789473684,0.465645052631579,0.02,0.0,0.5379835789473684,1.0,0.02,0.0,0.0007035175879396985,0.0,0.0,0.0,35,0.005003502451716202,clean_label_badnets,0.005,ahash_rgb,192,spatial,mean,hash_stability,mad,0.391,0.031
0.4731458090452262,0.4705075778894473,0.004796211181752898,0.02,0.048,0.008,0.005,0.4672867368421053,0.4683924210526315,0.004,0.008,0.5327132631578947,-1.0,0.016,0.0,2.0100502512562815e-05,0.0,0.0,0.0,1,0.00500010000200004,clean_label_badnets,0.005,dhash,64,spatial,pairwise,bit_llr,mad,0.145,0.055
0.5351645025125629,0.5746281005025126,0.006564821385732449,0.0,0.0,0.0,0.005,0.44849473684210517,0.47664463157894743,0.0,0.0,0.5515052631578948,-1.0,0.0,0.28,0.11119597989949749,0.012495537308104248,0.28,0.023923444976076555,5602,0.004054236677327808,clean_label_badnets,0.005,dhash,64,spatial,pairwise,bit_em,mad,0.145,0.298
0.47712639195979895,0.5003181105527638,0.004692699273642337,0.0,0.028,0.0,0.005,0.4823612631578947,0.49687284210526317,0.0,0.0,0.5176387368421054,-1.0,0.012,0.0,0.012301507537688442,0.0,0.0,0.0,612,0.005061958370454362,clean_label_badnets,0.005,dhash,64,spatial,pairwise,hamming_knn,mad,0.145,0.443
0.5312377889447237,0.5366227939698492,0.006087773932423394,0.012,0.064,0.012,0.005,0.4833115789473684,0.4862122105263158,0.0,0.0,0.5166884210526316,-1.0,0.0,0.124,0.09173869346733668,0.006746463547334059,0.124,0.012796697626418989,4595,0.004823257350512058,clean_label_badnets,0.005,dhash,64,spatial,pairwise,hamming_ball,mad,0.145,0.438
0.5448584522613066,0.6258702311557789,0.0098634178156713,0.052,0.148,0.052,0.005,0.5284181052631579,0.5179570526315789,0.0,0.0,0.5284181052631579,1.0,0.0,0.24,0.10804020100502512,0.011039558417663294,0.24,0.021108179419525065,5435,0.004263435431392348,clean_label_badnets,0.005,dhash,64,spatial,pairwise,block_collision,mad,0.145,0.151
0.494740783919598,0.49142725628140704,0.005056015090323286,0.004,0.06,0.004,0.005,0.4898665263157895,0.4886867368421053,0.004,0.004,0.5101334736842105,-1.0,0.02,0.0,0.0018090452261306533,0.0,0.0,0.0,90,0.005009016229212583,clean_label_badnets,0.005,dhash,64,spatial,pairwise,hash_spectral,mad,0.145,0.044
0.5868155175879397,0.5239678793969849,0.00663854314998957,0.008,0.048,0.008,0.005,0.580176,0.49932168421052636,0.008,0.004,0.580176,1.0,0.008,0.0,0.0005628140703517588,0.0,0.0,0.0,28,0.005002801568878572,clean_label_badnets,0.005,dhash,64,spatial,pairwise,hash_stability,mad,0.145,0.026
0.4993417487437186,0.5110211055276381,0.005114007109294445,0.012,0.052,0.02,0.005,0.49663242105263156,0.5098231578947369,0.012,0.02,0.5033675789473684,-1.0,0.016,0.0,0.0002814070351758794,0.0,0.0,0.0,14,0.00500140039210979,clean_label_badnets,0.005,dhash_v,64,spatial,pairwise,bit_llr,mad,0.138,0.056
0.6852502914572864,0.6724341306532664,0.03110257684893556,0.0,0.48,0.0,0.005,0.524392,0.5210252631578948,0.0,0.0,0.524392,1.0,0.0,0.48,0.10546733668341708,0.022358859698155393,0.48,0.04272743457361581,5367,0.002912643111599041,clean_label_badnets,0.005,dhash_v,64,spatial,pairwise,bit_em,mad,0.138,0.297
0.4655436783919598,0.4862087236180905,0.004493827489320292,0.0,0.028,0.0,0.005,0.47255284210526316,0.4908745263157895,0.004,0.004,0.5274471578947368,-1.0,0.008,0.0,0.0028944723618090453,0.0,0.0,0.0,144,0.005014441591784339,clean_label_badnets,0.005,dhash_v,64,spatial,pairwise,hamming_knn,mad,0.138,0.448
0.4984659698492461,0.4979242211055276,0.005256145736216544,0.0,0.036,0.0,0.005,0.47712842105263154,0.47470105263157897,0.02,0.02,0.5228715789473685,-1.0,0.02,0.104,0.10635175879396985,0.004889975550122249,0.104,0.009340758038440812,5317,0.0050130922274690595,clean_label_badnets,0.005,dhash_v,64,spatial,pairwise,hamming_ball,mad,0.138,0.44
0.4761268341708543,0.46442263316582916,0.004598708547749929,0.0,0.0,0.0,0.005,0.46882399999999996,0.4781966315789474,0.0,0.0,0.5311760000000001,-1.0,0.0,0.088,0.1383316582914573,0.003186558516801854,0.088,0.0061504053676265024,6904,0.005290514200853908,clean_label_badnets,0.005,dhash_v,64,spatial,pairwise,block_collision,mad,0.138,0.156
0.4919136482412061,0.47065073366834176,0.004683677624516858,0.0,0.004,0.0,0.005,0.5061953684210526,0.4787381052631579,0.012,0.012,0.5061953684210526,1.0,0.012,0.0,0.0005226130653266332,0.0,0.0,0.0,26,0.005002601352703406,clean_label_badnets,0.005,dhash_v,64,spatial,pairwise,hash_spectral,mad,0.138,0.044
0.5591112361809045,0.4515213266331658,0.005942714491761588,0.0,0.052,0.0,0.005,0.5507650526315789,0.516885052631579,0.0,0.004,0.5507650526315789,1.0,0.004,0.0,0.00034170854271356785,0.0,0.0,0.0,17,0.0050017005781965865,clean_label_badnets,0.005,dhash_v,64,spatial,pairwise,hash_stability,mad,0.138,0.026
0.44416574874371856,0.4859743115577889,0.004362441613137822,0.004,0.04,0.004,0.005,0.4292808421052631,0.48782821052631586,0.004,0.004,0.5707191578947368,-1.0,0.016,0.0,0.0009246231155778894,0.0,0.0,0.0,46,0.005004604235897025,clean_label_badnets,0.005,dhash16,256,spatial,pairwise,bit_llr,mad,0.198,0.091
0.5608783517587939,0.585473648241206,0.015347531932507279,0.0,0.328,0.0,0.005,0.43957515789473683,0.4555490526315789,0.0,0.0,0.5604248421052631,-1.0,0.0,0.396,0.2690050251256281,0.007343124165554072,0.396,0.014418875618992135,13482,0.004134947149351005,clean_label_badnets,0.005,dhash16,256,spatial,pairwise,bit_em,mad,0.198,0.9
0.48535746733668345,0.4472309949748744,0.004635467367507552,0.004,0.044,0.004,0.005,0.46920715789473677,0.44537094736842103,0.004,0.004,0.5307928421052632,-1.0,0.016,0.016,0.02498492462311558,0.0032076984763432237,0.016,0.005344021376085505,1247,0.005045843332717986,clean_label_badnets,0.005,dhash16,256,spatial,pairwise,hamming_knn,mad,0.198,0.476
0.4860620301507537,0.4789996783919597,0.006229190916464064,0.032,0.076,0.032,0.005,0.46379831578947367,0.44672,0.0,0.0,0.5362016842105264,-1.0,0.0,0.148,0.13083417085427135,0.005652306752215093,0.148,0.01088875809299588,6546,0.004901735168223869,clean_label_badnets,0.005,dhash16,256,spatial,pairwise,hamming_ball,mad,0.198,0.467
0.48354058291457286,0.5114092060301507,0.005090446112697992,0.0,0.0,0.0,0.005,0.4936231578947368,0.46885936842105264,0.0,0.0,0.5063768421052632,-1.0,0.0,0.124,0.15585929648241206,0.003982016698779705,0.124,0.007716241443683883,7785,0.005187729480042639,clean_label_badnets,0.005,dhash16,256,spatial,pairwise,block_collision,mad,0.198,0.716
0.4866909748743719,0.47006625125628143,0.004871669466079151,0.004,0.056,0.004,0.005,0.4796698947368421,0.46956042105263157,0.004,0.004,0.5203301052631579,-1.0,0.008,0.004,0.00984924623115578,0.002036659877800407,0.004,0.002699055330634278,491,0.005029388596012846,clean_label_badnets,0.005,dhash16,256,spatial,pairwise,hash_spectral,mad,0.198,0.057
0.5451854070351758,0.46545760804020103,0.005632575220999411,0.004,0.044,0.004,0.005,0.5586846315789474,0.4659970526315789,0.012,0.004,0.5586846315789474,1.0,0.012,0.0,0.0029949748743718593,0.0,0.0,0.0,149,0.005014944534713446,clean_label_badnets,0.005,dhash16,256,spatial,pairwise,hash_stability,mad,0.198,0.03
0.48908353768844226,0.46037624120603016,0.004988778709328822,0.012,0.064,0.008,0.005,0.4767713684210526,0.45918315789473685,0.012,0.008,0.5232286315789474,-1.0,0.012,0.0,0.00034170854271356785,0.0,0.0,0.0,17,0.0050017005781965865,clean_label_badnets,0.005,blockhash,256,spatial,median,bit_llr,mad,0.372,0.091
0.4788822512562814,0.4335822311557789,0.0053926618687385065,0.0,0.0,0.0,0.005,0.4765995789473685,0.5050273684210527,0.0,0.0,0.5234004210526315,-1.0,0.0,0.0,0.29039195979899496,0.0,0.0,0.0,14447,0.007031755407419908,clean_label_badnets,0.005,blockhash,256,spatial,median,bit_em,mad,0.372,0.923
0.4600375879396984,0.4934989346733668,0.0047354162644126065,0.016,0.048,0.016,0.005,0.4622905263157895,0.49925936842105256,0.012,0.012,0.5377094736842105,-1.0,0.012,0.0,0.001507537688442211,0.0,0.0,0.0,75,0.005007511266900351,clean_label_badnets,0.005,blockhash,256,spatial,median,hamming_knn,mad,0.372,0.471
0.46267252261306535,0.4692625929648241,0.004503967281883337,0.0,0.008,0.0,0.005,0.46295410526315794,0.4888378947368421,0.004,0.004,0.537045894736842,-1.0,0.004,0.08,0.1459497487437186,0.0027468754291992857,0.08,0.005311379630859116,7281,0.005384021161544044,clean_label_badnets,0.005,blockhash,256,spatial,median,hamming_ball,mad,0.372,0.461
0.5316433768844221,0.47789459296482406,0.006535260035324504,0.0,0.0,0.0,0.005,0.49838652631578945,0.5116463157894737,0.0,0.012,0.5016134736842106,-1.0,0.012,0.0,0.02820100502512563,0.0,0.0,0.0,1403,0.0051443504743091135,clean_label_badnets,0.005,blockhash,256,spatial,median,block_collision,mad,0.372,0.716
0.5115458492462311,0.4917546934673367,0.0058705073677005944,0.028,0.084,0.028,0.005,0.5012101052631579,0.4861675789473684,0.0,0.0,0.5012101052631579,1.0,0.008,0.0,0.0011256281407035177,0.0,0.0,0.0,56,0.005005606279032517,clean_label_badnets,0.005,blockhash,256,spatial,median,hash_spectral,mad,0.372,0.054
0.543851095477387,0.4892130251256281,0.006028853347144553,0.016,0.068,0.004,0.005,0.543901052631579,0.4861671578947368,0.016,0.008,0.543901052631579,1.0,0.016,0.0,0.0019095477386934674,0.0,0.0,0.0,95,0.0050095180843602845,clean_label_badnets,0.005,blockhash,256,spatial,median,hash_stability,mad,0.372,0.03
0.6263099497487437,0.5238992964824121,0.008858261313450057,0.028,0.132,0.0,0.005,0.6227814736842104,0.5253292631578949,0.032,0.0,0.6227814736842104,1.0,0.032,0.0,0.00022110552763819096,0.0,0.0,0.0,11,0.005001100242053252,clean_label_badnets,0.005,phash,64,frequency,median,bit_llr,mad,0.579,0.057
0.3747705326633166,0.5424601809045226,0.003788455854284254,0.0,0.0,0.0,0.005,0.5017305263157895,0.4919713684210527,0.0,0.004,0.5017305263157895,1.0,0.004,0.0,0.03995979899497487,0.0,0.0,0.0,1988,0.005207031575439474,clean_label_badnets,0.005,phash,64,frequency,median,bit_em,mad,0.579,0.298
0.5587644221105529,0.4486583718592965,0.006076903966827811,0.008,0.076,0.008,0.005,0.5734955789473685,0.46720463157894737,0.012,0.012,0.5734955789473685,1.0,0.012,0.004,0.0070552763819095475,0.002840909090909091,0.004,0.0033222591362126247,352,0.005015307766677409,clean_label_badnets,0.005,phash,64,frequency,median,hamming_knn,mad,0.579,0.439
0.5494167638190954,0.4552904924623115,0.005380507329231558,0.004,0.036,0.004,0.005,0.5489953684210527,0.44111326315789473,0.008,0.008,0.5489953684210527,1.0,0.008,0.012,0.023417085427135678,0.0025684931506849314,0.012,0.004231311706629055,1168,0.0050581585845347315,clean_label_badnets,0.005,phash,64,frequency,median,hamming_ball,mad,0.579,0.437
0.4950335276381909,0.4623372462311558,0.004666537828370175,0.0,0.008,0.0,0.005,0.49440589473684216,0.4613869473684211,0.0,0.0,0.5055941052631578,-1.0,0.012,0.0,0.002814070351758794,0.0,0.0,0.0,140,0.005014039310068191,clean_label_badnets,0.005,phash,64,frequency,median,hash_spectral,mad,0.579,0.044
0.643966432160804,0.5482412060301507,0.009063551210124048,0.028,0.14,0.028,0.005,0.6181616842105263,0.519272,0.004,0.004,0.6181616842105263,1.0,0.004,0.028,0.008683417085427136,0.015945330296127564,0.028,0.020319303338171262,439,0.004903048768184661,clean_label_badnets,0.005,phash,64,frequency,median,hash_stability,mad,0.579,0.025
0.6263099497487438,0.5238992964824121,0.008858261313450057,0.028,0.132,0.0,0.005,0.6227814736842104,0.5253292631578949,0.032,0.0,0.6227814736842104,1.0,0.032,0.0,0.00022110552763819096,0.0,0.0,0.0,11,0.005001100242053252,clean_label_badnets,0.005,phash_nodc,63,frequency,median,bit_llr,mad,0.537,0.057
0.3747831959798995,0.5425887035175879,0.003788627234003945,0.0,0.0,0.0,0.005,0.5017296842105263,0.49196884210526315,0.0,0.004,0.5017296842105263,1.0,0.004,0.0,0.03995979899497487,0.0,0.0,0.0,1988,0.005207031575439474,clean_label_badnets,0.005,phash_nodc,63,frequency,median,bit_em,mad,0.537,0.293
0.5587644221105529,0.4486583718592965,0.006076903966827811,0.008,0.076,0.008,0.005,0.5734955789473685,0.46720463157894737,0.012,0.012,0.5734955789473685,1.0,0.012,0.004,0.0070552763819095475,0.002840909090909091,0.004,0.0033222591362126247,352,0.005015307766677409,clean_label_badnets,0.005,phash_nodc,63,frequency,median,hamming_knn,mad,0.537,0.435
0.5494167638190954,0.4552904924623115,0.005380507329231558,0.004,0.036,0.004,0.005,0.5489953684210527,0.44111326315789473,0.008,0.008,0.5489953684210527,1.0,0.008,0.012,0.023417085427135678,0.0025684931506849314,0.012,0.004231311706629055,1168,0.0050581585845347315,clean_label_badnets,0.005,phash_nodc,63,frequency,median,hamming_ball,mad,0.537,0.435
0.5157300904522613,0.5042410854271356,0.00523930893198293,0.004,0.056,0.004,0.005,0.5017869473684211,0.503376,0.0,0.0,0.5017869473684211,1.0,0.008,0.0,0.0026532663316582916,0.0,0.0,0.0,132,0.005013234940242239,clean_label_badnets,0.005,phash_nodc,63,frequency,median,hash_spectral,mad,0.537,0.044
0.643966432160804,0.5482412060301507,0.009063551210124048,0.028,0.14,0.028,0.005,0.6181616842105263,0.519272,0.004,0.004,0.6181616842105263,1.0,0.004,0.028,0.008683417085427136,0.015945330296127564,0.028,0.020319303338171262,439,0.004903048768184661,clean_label_badnets,0.005,phash_nodc,63,frequency,median,hash_stability,mad,0.537,0.025
0.5933677185929648,0.4908851055276382,0.006906509151982259,0.024,0.084,0.0,0.005,0.5962854736842105,0.4934012631578947,0.032,0.0,0.5962854736842105,1.0,0.032,0.0,0.00024120603015075377,0.0,0.0,0.0,12,0.005001200288069136,clean_label_badnets,0.005,phash_mean,64,frequency,mean,bit_llr,mad,0.507,0.056
0.39159533668341706,0.5567245829145728,0.0039303799798258085,0.0,0.0,0.0,0.005,0.49906105263157896,0.4936387368421053,0.008,0.004,0.500938947368421,-1.0,0.008,0.0,0.0,0.0,0.0,0.0,0,0.005,clean_label_badnets,0.005,phash_mean,64,frequency,mean,bit_em,mad,0.507,0.296
0.5368978894472362,0.472411175879397,0.0053828845975513896,0.0,0.032,0.0,0.005,0.5482526315789474,0.47708673684210523,0.008,0.008,0.5482526315789474,1.0,0.008,0.0,0.006271356783919598,0.0,0.0,0.0,312,0.005031395910481404,clean_label_badnets,0.005,phash_mean,64,frequency,mean,hamming_knn,mad,0.507,0.444
0.5069280804020101,0.457695959798995,0.004938640027311773,0.0,0.004,0.0,0.005,0.5361810526315789,0.4831052631578948,0.004,0.004,0.5361810526315789,1.0,0.004,0.004,0.048542713567839194,0.0004139072847682119,0.004,0.0007501875468867217,2416,0.005232851378614661,clean_label_badnets,0.005,phash_mean,64,frequency,mean,hamming_ball,mad,0.507,0.441
0.4808652060301507,0.4541099095477387,0.004576716821309869,0.012,0.024,0.012,0.005,0.474992,0.4538501052631579,0.008,0.008,0.5250079999999999,-1.0,0.008,0.0,0.0013869346733668341,0.0,0.0,0.0,69,0.0050069095351585186,clean_label_badnets,0.005,phash_mean,64,frequency,mean,hash_spectral,mad,0.507,0.055
0.5400914974874372,0.47505845226130655,0.005465246794851579,0.004,0.04,0.004,0.005,0.551122947368421,0.4470206315789474,0.004,0.004,0.551122947368421,1.0,0.004,0.0,0.0019095477386934674,0.0,0.0,0.0,95,0.0050095180843602845,clean_label_badnets,0.005,phash_mean,64,frequency,mean,hash_stability,mad,0.507,0.027
0.700471879396985,0.5688623919597989,0.01634713641741459,0.06,0.18,0.032,0.005,0.7088816842105263,0.5755183157894737,0.088,0.048,0.7088816842105263,1.0,0.088,0.0,0.0002613065326633166,0.0,0.0,0.0,13,0.0050013003380879025,clean_label_badnets,0.005,phash16,256,frequency,median,bit_llr,mad,0.632,0.093
0.44505949748743723,0.40487280402010045,0.0041558266888369845,0.0,0.0,0.0,0.005,0.49777263157894736,0.4928387368421053,0.008,0.008,0.5022273684210526,-1.0,0.008,0.0,0.1302110552763819,0.0,0.0,0.0,6478,0.005744221313358761,clean_label_badnets,0.005,phash16,256,frequency,median,bit_em,mad,0.632,0.893
0.6301095477386935,0.5332233165829147,0.008722919366831085,0.02,0.116,0.02,0.005,0.6335355789473684,0.5388766315789475,0.032,0.032,0.6335355789473684,1.0,0.032,0.02,0.009547738693467337,0.010416666666666666,0.02,0.0136986301369863,480,0.004947495961227787,clean_label_badnets,0.005,phash16,256,frequency,median,hamming_knn,mad,0.632,0.466
0.6578266130653266,0.5358174070351759,0.0082969596295326,0.012,0.092,0.012,0.005,0.6371351578947368,0.5738972631578947,0.02,0.02,0.6371351578947368,1.0,0.02,0.036,0.016060301507537688,0.011138613861386138,0.036,0.017013232514177693,808,0.004899170596845016,clean_label_badnets,0.005,phash16,256,frequency,median,hamming_ball,mad,0.632,0.464
0.5148034572864322,0.4543762010050252,0.0050545122978972725,0.012,0.036,0.012,0.005,0.5083048421052632,0.44861978947368414,0.0,0.0,0.5083048421052632,1.0,0.0,0.012,0.007839195979899497,0.007633587786259542,0.012,0.00933125972006221,393,0.004979136009030984,clean_label_badnets,0.005,phash16,256,frequency,median,hash_spectral,mad,0.632,0.054
0.6118740502512563,0.45138789949748737,0.007514847087431931,0.012,0.04,0.008,0.005,0.6354202105263158,0.4820581052631579,0.032,0.008,0.6354202105263158,1.0,0.032,0.004,0.001507537688442211,0.013157894736842105,0.004,0.006134969325153374,76,0.004987581123307427,clean_label_badnets,0.005,phash16,256,frequency,median,hash_stability,mad,0.632,0.027
0.7859824723618091,0.6823313366834171,0.06689928436963302,0.188,0.36,0.116,0.005,0.7990981052631579,0.6896715789473684,0.248,0.136,0.7990981052631579,1.0,0.248,0.012,6.030150753768844e-05,0.5,0.012,0.0234375,6,0.004940592871144537,clean_label_badnets,0.005,pdq,256,frequency,median,bit_llr,mad,2.276,0.093
0.784134351758794,0.6267094673366834,0.016673530978192207,0.0,0.0,0.0,0.005,0.9516715789473684,0.9438467368421052,0.792,0.792,0.9516715789473684,1.0,0.792,0.94,0.13091457286432162,0.034825133372851216,0.94,0.06716204629894255,6748,0.00034680477203366316,clean_label_badnets,0.005,pdq,256,frequency,median,bit_em,mad,2.276,0.973
0.6699953768844222,0.6054833768844222,0.01617408884140754,0.104,0.208,0.104,0.005,0.6677797894736841,0.6067014736842106,0.104,0.104,0.6677797894736841,1.0,0.104,0.076,0.006974874371859297,0.05191256830601093,0.076,0.06168831168831169,366,0.004654067776121207,clean_label_badnets,0.005,pdq,256,frequency,median,hamming_knn,mad,2.276,0.472
0.6768113768844221,0.606073447236181,0.012735673843507201,0.064,0.164,0.064,0.005,0.6703477894736842,0.6140324210526316,0.044,0.044,0.6703477894736842,1.0,0.044,0.064,0.009728643216080402,0.032,0.064,0.042666666666666665,500,0.0047272727272727275,clean_label_badnets,0.005,pdq,256,frequency,median,hamming_ball,mad,2.276,0.467
0.5041837989949749,0.5079163015075376,0.0055115395920659884,0.02,0.06,0.02,0.005,0.4888218947368421,0.5063663157894737,0.004,0.004,0.5111781052631579,-1.0,0.012,0.012,0.004783919597989949,0.012448132780082987,0.012,0.012219959266802444,241,0.004963926123917281,clean_label_badnets,0.005,pdq,256,frequency,median,hash_spectral,mad,2.276,0.054
0.6166764623115578,0.4659669949748743,0.007444892730300949,0.008,0.076,0.004,0.005,0.6300412631578948,0.4865654736842105,0.008,0.004,0.6300412631578948,1.0,0.008,0.004,0.0016482412060301508,0.012048192771084338,0.004,0.006006006006006006,83,0.0049882805457058714,clean_label_badnets,0.005,pdq,256,frequency,median,hash_stability,mad,2.276,0.027
0.4934906532663316,0.48730323618090454,0.004830834102667964,0.0,0.016,0.0,0.005,0.5009056842105264,0.48358021052631583,0.008,0.012,0.5009056842105264,1.0,0.012,0.0,0.001407035175879397,0.0,0.0,0.0,70,0.005007009813739235,clean_label_badnets,0.005,whash_haar,64,wavelet,median,bit_llr,mad,0.626,0.056
0.41132148743718594,0.5711762412060302,0.005043060676366154,0.0,0.0,0.0,0.005,0.4906703157894737,0.5109667368421053,0.0,0.0,0.5093296842105264,-1.0,0.0,0.496,0.3747537688442211,0.006606990622335891,0.496,0.01304027763171732,18768,0.004034323770491803,clean_label_badnets,0.005,whash_haar,64,wavelet,median,bit_em,mad,0.626,0.292
0.5152820100502513,0.502404864321608,0.00605291854933997,0.032,0.064,0.036,0.005,0.49213221052631584,0.48862526315789473,0.0,0.004,0.5078677894736842,-1.0,0.028,0.004,0.00036180904522613067,0.05263157894736842,0.004,0.007434944237918215,19,0.0049818931193853664,clean_label_badnets,0.005,whash_haar,64,wavelet,median,hamming_knn,mad,0.626,0.421
0.5299952160804021,0.20737805025125633,0.005855068317705543,0.0,0.0,0.0,0.005,0.486888,0.486888,0.0,0.0,0.513112,-1.0,0.0,0.032,0.16291457286432162,0.0009860717367188463,0.032,0.001913189046992706,8113,0.0057774488504786685,clean_label_badnets,0.005,whash_haar,64,wavelet,median,hamming_ball,mad,0.626,0.416
0.4985735075376885,0.5092679396984924,0.005647758550193829,0.0,0.056,0.0,0.005,0.48457431578947363,0.5120079999999999,0.0,0.0,0.5154256842105264,-1.0,0.012,0.172,0.10203015075376884,0.00840007814026177,0.172,0.016017880424660087,5119,0.004612196697934538,clean_label_badnets,0.005,whash_haar,64,wavelet,median,block_collision,mad,0.626,0.157
0.5041146934673367,0.4735115577889447,0.004987218385669571,0.004,0.056,0.004,0.005,0.5009343157894737,0.47802484210526314,0.016,0.016,0.5009343157894737,1.0,0.016,0.0,0.00034170854271356785,0.0,0.0,0.0,17,0.0050017005781965865,clean_label_badnets,0.005,whash_haar,64,wavelet,median,hash_spectral,mad,0.626,0.044
0.48953133668341714,0.48341567839195976,0.004847886561803327,0.004,0.04,0.004,0.005,0.5433557894736842,0.4750383157894737,0.032,0.004,0.5433557894736842,1.0,0.032,0.0,0.0020100502512562816,0.0,0.0,0.0,100,0.00501002004008016,clean_label_badnets,0.005,whash_haar,64,wavelet,median,hash_stability,mad,0.626,0.026
0.4739845628140703,0.4386885628140703,0.0043653998801297805,0.0,0.0,0.0,0.005,0.47146736842105263,0.4437562105263158,0.0,0.008,0.5285326315789474,-1.0,0.008,0.0,0.004160804020100503,0.0,0.0,0.0,207,0.0050207860542646554,clean_label_badnets,0.005,whash_db4,169,wavelet,median,bit_llr,mad,1.583,0.076
0.46256522613065326,0.2957117587939698,0.005859885880024688,0.0,0.0,0.0,0.005,0.5000437894736842,0.4999562105263158,0.0,0.0,0.5000437894736842,1.0,0.0,0.0,0.34651256281407034,0.0,0.0,0.0,17239,0.0076310246939959095,clean_label_badnets,0.005,whash_db4,169,wavelet,median,bit_em,mad,1.583,0.592
0.44972494472361807,0.46624840201005024,0.004222624632974943,0.0,0.0,0.0,0.005,0.4402623157894737,0.4723919999999999,0.0,0.008,0.5597376842105263,-1.0,0.012,0.0,0.0,0.0,0.0,0.0,0,0.005,clean_label_badnets,0.005,whash_db4,169,wavelet,median,hamming_knn,mad,1.583,0.446
0.49870448241206033,0.35638118592964824,0.004956886335655351,0.0,0.0,0.0,0.005,0.46192842105263154,0.46192842105263154,0.0,0.0,0.5380715789473685,-1.0,0.0,0.008,0.11280402010050251,0.0003562522265764161,0.008,0.0006821282401091405,5614,0.005587347361780742,clean_label_badnets,0.005,whash_db4,169,wavelet,median,hamming_ball,mad,1.583,0.438
0.4437650251256281,0.5066487236180904,0.004308936977919956,0.0,0.036,0.0,0.005,0.4471945263157895,0.5114934736842105,0.0,0.0,0.5528054736842105,-1.0,0.012,0.0,0.001949748743718593,0.0,0.0,0.0,97,0.005009718854577881,clean_label_badnets,0.005,whash_db4,169,wavelet,median,hash_spectral,mad,1.583,0.053
0.5737288040201004,0.5369842814070352,0.007616785536583197,0.036,0.112,0.032,0.005,0.5855313684210526,0.5072484210526316,0.012,0.004,0.5855313684210526,1.0,0.012,0.004,0.002954773869346734,0.006756756756756757,0.004,0.005025125628140704,148,0.004994784562304421,clean_label_badnets,0.005,whash_db4,169,wavelet,median,hash_stability,mad,1.583,0.029
0.5074412060301507,0.49017202010050254,0.0053378576531381275,0.008,0.052,0.004,0.005,0.5007957894736842,0.4940505263157895,0.016,0.008,0.5007957894736842,1.0,0.016,0.0,0.00048241206030150754,0.0,0.0,0.0,24,0.005002401152553225,clean_label_badnets,0.005,mh,64,frequency,mean,bit_llr,mad,0.989,0.064
0.3330148743718593,0.591960281407035,0.0035611433207816566,0.0,0.0,0.0,0.005,0.48365094736842107,0.5145595789473684,0.004,0.004,0.5163490526315789,-1.0,0.004,0.0,0.027979899497487436,0.0,0.0,0.0,1392,0.005143186306780777,clean_label_badnets,0.005,mh,64,frequency,mean,bit_em,mad,0.989,0.296
0.4488997788944724,0.4630543517587939,0.004276160288289791,0.0,0.02,0.0,0.005,0.4437035789473684,0.4736261052631579,0.004,0.004,0.5562964210526316,-1.0,0.012,0.0,0.008623115577889447,0.0,0.0,0.0,429,0.005043271267474935,clean_label_badnets,0.005,mh,64,frequency,mean,hamming_knn,mad,0.989,0.45
0.46230922613065323,0.47566170854271345,0.004842190866318004,0.016,0.036,0.016,0.005,0.444664,0.4697503157894736,0.016,0.016,0.555336,-1.0,0.016,0.036,0.04381909547738694,0.004111466423024212,0.036,0.007380073800738007,2189,0.005040681014829224,clean_label_badnets,0.005,mh,64,frequency,mean,hamming_ball,mad,0.989,0.448
0.5395893869346734,0.664215959798995,0.009180601785472104,0.052,0.164,0.052,0.005,0.49721347368421054,0.5136122105263158,0.008,0.008,0.5027865263157895,-1.0,0.008,0.18,0.06321608040201004,0.014106583072100314,0.18,0.02616279069767442,3190,0.0043794061098055975,clean_label_badnets,0.005,mh,64,frequency,mean,block_collision,mad,0.989,0.152
0.4931262311557788,0.47800036180904526,0.004665169821644439,0.0,0.012,0.0,0.005,0.5030635789473685,0.48204800000000003,0.004,0.004,0.5030635789473685,1.0,0.016,0.0,0.0038592964824120603,0.0,0.0,0.0,192,0.005019274012206874,clean_label_badnets,0.005,mh,64,frequency,mean,hash_spectral,mad,0.989,0.044
0.5096100904522614,0.43787919597989944,0.005128723196723447,0.0,0.02,0.0,0.005,0.4945061052631579,0.4929216842105263,0.008,0.008,0.5054938947368421,-1.0,0.008,0.0,0.0063115577889447235,0.0,0.0,0.0,314,0.005031598438191845,clean_label_badnets,0.005,mh,64,frequency,mean,hash_stability,mad,0.989,0.027
0.5611458492462311,0.4537044824120603,0.005973525757637264,0.0,0.0,0.0,0.005,0.5263418947368421,0.5224943157894736,0.008,0.012,0.5263418947368421,1.0,0.008,0.0,0.03672361809045226,0.0,0.0,0.0,1827,0.005189629045315841,clean_label_badnets,0.005,colorhash,42,colour,quantisation,bit_llr,mad,2.536,0.049
0.5847180703517588,0.5250418090452261,0.007212455254797445,0.0,0.0,0.0,0.005,0.518242947368421,0.5268770526315789,0.0,0.0,0.518242947368421,1.0,0.0,0.524,0.414713567839196,0.0063093001974666475,0.524,0.012468471898348642,20763,0.004070185039504737,clean_label_badnets,0.005,colorhash,42,colour,quantisation,bit_em,mad,2.536,0.239
0.5339512361809046,0.670514974874372,0.008855489258042587,0.0,0.0,0.06,0.005,0.5143595789473684,0.48846105263157896,0.0,0.008,0.5143595789473684,1.0,0.008,0.092,0.017849246231155778,0.025246981339187707,0.092,0.03962101636520241,911,0.004624253906170425,clean_label_badnets,0.005,colorhash,42,colour,quantisation,hamming_knn,mad,2.536,0.319
0.5049283216080402,0.5632466331658291,0.005753914661764993,0.0,0.0,0.0,0.005,0.5187987368421052,0.515530947368421,0.0,0.0,0.5187987368421052,1.0,0.0,0.356,0.2607638190954774,0.006813657939059868,0.356,0.01337139423076923,13062,0.0043586550435865505,clean_label_badnets,0.005,colorhash,42,colour,quantisation,hamming_ball,mad,2.536,0.32
0.47332180904522614,0.4223656683417085,0.0045818206523552596,0.0,0.0,0.0,0.005,0.5227334736842105,0.46180968421052626,0.008,0.004,0.5227334736842105,1.0,0.008,0.0,0.006432160804020101,0.0,0.0,0.0,320,0.005032206119162641,clean_label_badnets,0.005,colorhash,42,colour,quantisation,hash_spectral,mad,2.536,0.041
0.5084219899497487,0.4688316381909548,0.0051213187467677385,0.004,0.016,0.004,0.005,0.49815621052631587,0.4944383157894737,0.004,0.004,0.5018437894736841,-1.0,0.004,0.0,0.0008844221105527638,0.0,0.0,0.0,44,0.0050044038754103615,clean_label_badnets,0.005,colorhash,42,colour,quantisation,hash_stability,mad,2.536,0.024
0.5036978090452262,0.48628952763819094,0.005012694008469178,0.008,0.036,0.016,0.005,0.5017094736842106,0.48659199999999997,0.004,0.016,0.5017094736842106,1.0,0.032,0.0,0.00034170854271356785,0.0,0.0,0.0,17,0.0050017005781965865,clean_label_badnets,0.005,rhash8,64,residual,zero,bit_llr,mad,0.513,0.057
0.5465294070351758,0.5790083216080403,0.00716308293700464,0.0,0.0,0.0,0.005,0.5104046315789473,0.5123313684210525,0.004,0.004,0.5104046315789473,1.0,0.02,0.264,0.08669346733668341,0.015071934231559716,0.264,0.028515878159429683,4379,0.004033230310602574,clean_label_badnets,0.005,rhash8,64,residual,zero,bit_em,mad,0.513,0.297
0.4968618693467337,0.4503795778894472,0.005012335978032963,0.012,0.056,0.012,0.005,0.48919284210526315,0.4631381052631579,0.004,0.004,0.5108071578947369,-1.0,0.004,0.004,0.003979899497487437,0.005025125628140704,0.004,0.004454342984409799,199,0.00499989960040963,clean_label_badnets,0.005,rhash8,64,residual,zero,hamming_knn,mad,0.513,0.447
0.5281341507537689,0.4701210050251256,0.005547049054012204,0.016,0.056,0.016,0.005,0.4932046315789473,0.4800227368421053,0.008,0.008,0.5067953684210527,-1.0,0.008,0.024,0.019155778894472363,0.006256517205422315,0.024,0.009925558312655087,959,0.004975428722905324,clean_label_badnets,0.005,rhash8,64,residual,zero,hamming_ball,mad,0.513,0.443
0.5740322010050251,0.4679399798994975,0.0068761980518253045,0.032,0.06,0.032,0.005,0.48304336842105267,0.48773978947368424,0.012,0.012,0.5169566315789473,-1.0,0.012,0.048,0.01885427135678392,0.01263157894736842,0.048,0.02,950,0.004852191641182467,clean_label_badnets,0.005,rhash8,64,residual,zero,block_collision,mad,0.513,0.151
0.5003711758793971,0.500918472361809,0.005916640933100372,0.02,0.044,0.02,0.005,0.49591073684210524,0.49973642105263155,0.02,0.02,0.5040892631578948,-1.0,0.02,0.02,0.007798994974874372,0.01272264631043257,0.02,0.015552099533437015,393,0.004938819118269599,clean_label_badnets,0.005,rhash8,64,residual,zero,hash_spectral,mad,0.513,0.045
0.527347135678392,0.534548743718593,0.006056862003388385,0.012,0.068,0.012,0.005,0.520701052631579,0.503397052631579,0.004,0.004,0.520701052631579,1.0,0.004,0.004,0.0019296482412060301,0.010309278350515464,0.004,0.005763688760806916,97,0.00498967997915957,clean_label_badnets,0.005,rhash8,64,residual,zero,hash_stability,mad,0.513,0.026
0.5230198190954773,0.5126506532663316,0.007605135750572227,0.016,0.068,0.012,0.005,0.5130391578947369,0.507392,0.008,0.008,0.5130391578947369,1.0,0.008,0.008,0.002271356783919598,0.017391304347826087,0.008,0.010958904109589041,115,0.004971434298887441,clean_label_badnets,0.005,rhash16,256,residual,zero,bit_llr,mad,0.59,0.091
0.4587597587939698,0.5267499497487437,0.004487244536828472,0.0,0.0,0.0,0.005,0.4986677894736842,0.5119612631578948,0.0,0.0,0.5013322105263158,-1.0,0.0,0.0,0.11147738693467336,0.0,0.0,0.0,5546,0.005623790884959734,clean_label_badnets,0.005,rhash16,256,residual,zero,bit_em,mad,0.59,0.915
0.49994669346733667,0.4902773065326634,0.00496613775854825,0.0,0.044,0.0,0.005,0.494688,0.48640631578947374,0.008,0.008,0.505312,-1.0,0.02,0.0,0.014030150753768844,0.0,0.0,0.0,698,0.005070788203318324,clean_label_badnets,0.005,rhash16,256,residual,zero,hamming_knn,mad,0.59,0.487
0.50062408040201,0.5202210653266333,0.005498693039491246,0.012,0.072,0.012,0.005,0.4890757894736842,0.48871789473684213,0.008,0.008,0.5109242105263159,-1.0,0.008,0.056,0.03632160804020101,0.007688083470620538,0.056,0.013520038628681796,1821,0.004898399717719338,clean_label_badnets,0.005,rhash16,256,residual,zero,hamming_ball,mad,0.59,0.466
0.5128479195979899,0.5086987738693467,0.005538062414626969,0.0,0.072,0.0,0.005,0.4790644210526316,0.4619065263157895,0.004,0.004,0.5209355789473684,-1.0,0.004,0.116,0.08110552763819096,0.007135826771653544,0.116,0.013444598980064905,4064,0.004811041448972484,clean_label_badnets,0.005,rhash16,256,residual,zero,block_collision,mad,0.59,0.716
0.5046646030150754,0.4894952361809045,0.004965308380517934,0.0,0.036,0.0,0.005,0.503493052631579,0.4918366315789474,0.004,0.004,0.503493052631579,1.0,0.008,0.0,0.015798994974874372,0.0,0.0,0.0,786,0.005079855325720323,clean_label_badnets,0.005,rhash16,256,residual,zero,hash_spectral,mad,0.59,0.056
0.5105820301507538,0.49160683417085427,0.005341171329662351,0.012,0.048,0.0,0.005,0.5148576842105262,0.48121894736842097,0.012,0.0,0.5148576842105262,1.0,0.012,0.0,0.005407035175879397,0.0,0.0,0.0,269,0.0050270455048159095,clean_label_badnets,0.005,rhash16,256,residual,zero,hash_stability,mad,0.59,0.03
0.5803535276381909,0.49573684422110553,0.006860999132123028,0.032,0.092,0.008,0.005,0.5717532631578948,0.49610021052631575,0.032,0.032,0.5717532631578948,1.0,0.032,0.0,0.002914572864321608,0.0,0.0,0.0,145,0.005014542172299669,clean_label_badnets,0.005,rhash32,1024,residual,zero,bit_llr,mad,0.468,0.249
0.593516824120603,0.6420054271356783,0.01352289206588743,0.0,0.0,0.0,0.005,0.521597052631579,0.49646189473684205,0.0,0.0,0.521597052631579,1.0,0.0,0.508,0.3658291457286432,0.006929666612102363,0.508,0.013672821230553911,18327,0.00388343383954788,clean_label_badnets,0.005,rhash32,1024,residual,zero,bit_em,mad,0.468,4.065
0.5154278190954773,0.4856018492462311,0.00512832232606719,0.0,0.024,0.0,0.005,0.5164922105263158,0.4917528421052631,0.016,0.016,0.5164922105263158,1.0,0.016,0.02,0.03630150753768844,0.0027609055770292656,0.02,0.0048520135856380394,1811,0.005084147834568055,clean_label_badnets,0.005,rhash32,1024,residual,zero,hamming_knn,mad,0.468,0.555
0.5193206834170855,0.5111409447236182,0.007428065797642426,0.036,0.112,0.036,0.005,0.5102332631578947,0.4996593684210527,0.012,0.012,0.5102332631578947,1.0,0.012,0.184,0.09093467336683417,0.010065645514223195,0.184,0.019087136929460582,4570,0.00449042482940788,clean_label_badnets,0.005,rhash32,1024,residual,zero,hamming_ball,mad,0.468,0.55
0.8338178894472362,0.8312677788944725,0.13042276361854113,0.136,0.704,0.136,0.005,0.7641031578947368,0.7610374736842105,0.0,0.0,0.7641031578947368,1.0,0.0,0.704,0.024582914572864323,0.12580414581844174,0.704,0.21346270466949666,1399,0.0015226024155881566,clean_label_badnets,0.005,rhash32,1024,residual,zero,block_collision,mad,0.468,3.197
0.4796158391959799,0.5331960603015076,0.00471683301830202,0.0,0.012,0.0,0.005,0.4796690526315789,0.543824,0.004,0.004,0.5203309473684211,-1.0,0.016,0.0,0.028582914572864323,0.0,0.0,0.0,1422,0.005146362550948989,clean_label_badnets,0.005,rhash32,1024,residual,zero,hash_spectral,mad,0.468,0.188
0.5315750753768844,0.5047257085427137,0.005814297351643733,0.008,0.064,0.012,0.005,0.5265722105263158,0.5032416842105263,0.008,0.012,0.5265722105263158,1.0,0.008,0.008,0.005608040201005025,0.0071174377224199285,0.008,0.007532956685499058,281,0.0049880327440214,clean_label_badnets,0.005,rhash32,1024,residual,zero,hash_stability,mad,0.468,0.032
0.5349763216080402,0.504948824120603,0.006430545268478094,0.016,0.076,0.012,0.005,0.5289852631578946,0.5010913684210526,0.008,0.012,0.5289852631578946,1.0,0.008,0.008,0.002271356783919598,0.017391304347826087,0.008,0.010958904109589041,115,0.004971434298887441,clean_label_badnets,0.005,rhash_rgb,768,residual,zero,bit_llr,mad,1.658,0.19
0.3082136281407035,0.5635064522613065,0.004004421110228117,0.0,0.0,0.0,0.005,0.5038880000000001,0.4912370526315789,0.0,0.0,0.5038880000000001,1.0,0.0,0.464,0.30856281407035174,0.007499838365552467,0.464,0.014761086721384488,15467,0.0038803463353893376,clean_label_badnets,0.005,rhash_rgb,768,residual,zero,bit_em,mad,1.658,2.954
0.49775537688442206,0.4769531658291457,0.004856693933927913,0.0,0.048,0.0,0.005,0.49273684210526314,0.47908968421052633,0.008,0.008,0.5072631578947369,-1.0,0.016,0.004,0.015175879396984924,0.0013227513227513227,0.004,0.0019880715705765406,756,0.0050564535781008856,clean_label_badnets,0.005,rhash_rgb,768,residual,zero,hamming_knn,mad,1.658,0.525
0.5253620100502512,0.4911829547738693,0.005871336308174757,0.016,0.068,0.016,0.005,0.4869553684210526,0.4725941052631579,0.012,0.012,0.5130446315789474,-1.0,0.012,0.056,0.03628140703517588,0.007696536558548653,0.056,0.013533107781536975,1819,0.004898196384466906,clean_label_badnets,0.005,rhash_rgb,768,residual,zero,hamming_ball,mad,1.658,0.516
0.5280680201005026,0.4683025929648242,0.005067443160089554,0.0,0.0,0.0,0.005,0.47824547368421055,0.4852917894736841,0.0,0.0,0.5217545263157894,-1.0,0.0,0.0,0.05933668341708543,0.0,0.0,0.0,2952,0.005313722156095902,clean_label_badnets,0.005,rhash_rgb,768,residual,zero,block_collision,mad,1.658,2.1
0.4876636783919598,0.5079813065326633,0.004860198502868868,0.0,0.048,0.0,0.005,0.48855157894736845,0.5112783157894737,0.004,0.004,0.5114484210526316,-1.0,0.004,0.008,0.01829145728643216,0.0021929824561403508,0.008,0.0034423407917383822,912,0.005052151238591917,clean_label_badnets,0.005,rhash_rgb,768,residual,zero,hash_spectral,mad,1.658,0.113
0.5003845226130654,0.4603739899497487,0.004934599512086081,0.004,0.04,0.0,0.005,0.5027212631578947,0.4659347368421053,0.008,0.004,0.5027212631578947,1.0,0.008,0.0,0.006251256281407035,0.0,0.0,0.0,311,0.005031294652740043,clean_label_badnets,0.005,rhash_rgb,768,residual,zero,hash_stability,mad,1.658,0.033
0.5170411256281406,0.46920072361809045,0.004976694982231208,0.0,0.004,0.0,0.005,0.5244850526315789,0.4735208421052632,0.008,0.0,0.5244850526315789,1.0,0.008,0.0,0.0006834170854271357,0.0,0.0,0.0,34,0.0050034023135732296,clean_label_badnets,0.005,rhash_energy,256,residual,mean,bit_llr,mad,0.608,0.092
0.6002020904522614,0.5970341306532664,0.009464718574164855,0.0,0.0,0.0,0.005,0.49779452631578947,0.4995898947368421,0.0,0.0,0.5022054736842105,-1.0,0.0,0.488,0.1875175879396985,0.012908686911437943,0.488,0.025152046180806104,9451,0.0031566746405583368,clean_label_badnets,0.005,rhash_energy,256,residual,mean,bit_em,mad,0.608,0.888
0.476396703517588,0.47720164824120603,0.004490677398449145,0.0,0.0,0.0,0.005,0.48859957894736844,0.4813587368421053,0.004,0.008,0.5114004210526315,-1.0,0.008,0.0,0.0007437185929648241,0.0,0.0,0.0,37,0.00500370274002762,clean_label_badnets,0.005,rhash_energy,256,residual,mean,hamming_knn,mad,0.608,0.473
0.41681901507537694,0.530915175879397,0.00478419886656912,0.0,0.056,0.0,0.005,0.4867709473684211,0.4903696842105263,0.0,0.0,0.5132290526315789,-1.0,0.0,0.172,0.171678391959799,0.0050093196644920785,0.172,0.009735114330993888,8584,0.004998068379370292,clean_label_badnets,0.005,rhash_energy,256,residual,mean,hamming_ball,mad,0.608,0.478
0.4621025125628141,0.25069145728643216,0.005675666245952247,0.0,0.0,0.0,0.005,0.5178046315789473,0.48219536842105265,0.0,0.0,0.5178046315789473,1.0,0.0,0.048,0.14387939698492463,0.0016736401673640166,0.048,0.003234501347708895,7170,0.005556852673359794,clean_label_badnets,0.005,rhash_energy,256,residual,mean,block_collision,mad,0.608,0.707
0.48172032160804024,0.49476225125628137,0.005126470623135633,0.02,0.052,0.02,0.005,0.4819713684210526,0.4907848421052632,0.008,0.008,0.5180286315789474,-1.0,0.012,0.004,0.001829145728643216,0.010869565217391304,0.004,0.005847953216374269,92,0.004989180091368117,clean_label_badnets,0.005,rhash_energy,256,residual,mean,hash_spectral,mad,0.608,0.054
0.4878088442211055,0.4670631959798995,0.004700673441825247,0.004,0.02,0.032,0.005,0.5039545263157894,0.4627583157894737,0.008,0.004,0.5039545263157894,1.0,0.008,0.012,0.003557788944723618,0.016666666666666666,0.012,0.013953488372093023,180,0.004957848253713368,clean_label_badnets,0.005,rhash_energy,256,residual,mean,hash_stability,mad,0.608,0.032
0.5066819698492462,0.5098471557788945,0.005984311962453659,0.02,0.06,0.012,0.005,0.49420042105263157,0.5064917894736842,0.008,0.012,0.5057995789473684,-1.0,0.008,0.008,0.0024522613065326633,0.016129032258064516,0.008,0.0106951871657754,124,0.004972331381826931,clean_label_badnets,0.005,ahash_res,256,residual,mean,bit_llr,mad,0.599,0.092
0.499798311557789,0.5750471155778893,0.0053562227557856276,0.0,0.0,0.0,0.005,0.49290694736842106,0.5077347368421052,0.0,0.0,0.5070930526315789,-1.0,0.0,0.0,0.11230150753768844,0.0,0.0,0.0,5587,0.005628982505122374,clean_label_badnets,0.005,ahash_res,256,residual,mean,bit_em,mad,0.599,0.896
0.4911606432160804,0.48633009045226133,0.0048415495910793345,0.0,0.032,0.0,0.005,0.4859178947368421,0.48966315789473686,0.004,0.004,0.5140821052631579,-1.0,0.02,0.0,0.014010050251256281,0.0,0.0,0.0,697,0.005070685353832424,clean_label_badnets,0.005,ahash_res,256,residual,mean,hamming_knn,mad,0.599,0.464
0.5024426934673367,0.521916783919598,0.00566566607031332,0.016,0.068,0.016,0.005,0.4827557894736842,0.48177810526315784,0.012,0.012,0.5172442105263158,-1.0,0.012,0.064,0.03398994974874372,0.009373169302870533,0.064,0.016351558507920288,1707,0.004845422732072971,clean_label_badnets,0.005,ahash_res,256,residual,mean,hamming_ball,mad,0.599,0.459
0.5145400603015076,0.5137178291457287,0.005595310676806279,0.0,0.072,0.0,0.005,0.47902442105263154,0.4666475789473684,0.004,0.004,0.5209755789473685,-1.0,0.004,0.124,0.08285427135678392,0.00746448350589935,0.124,0.014081308198955257,4153,0.004776757475952625,clean_label_badnets,0.005,ahash_res,256,residual,mean,block_collision,mad,0.599,0.704
0.5090861909547739,0.47618062311557785,0.004967433597869393,0.0,0.036,0.0,0.005,0.5105515789473685,0.4806357894736842,0.004,0.004,0.5105515789473685,1.0,0.008,0.0,0.015738693467336685,0.0,0.0,0.0,783,0.005079545685433895,clean_label_badnets,0.005,ahash_res,256,residual,mean,hash_spectral,mad,0.599,0.055
0.520913608040201,0.4954724422110553,0.005533973216219637,0.012,0.048,0.0,0.005,0.5193393684210525,0.4869747368421053,0.012,0.0,0.5193393684210525,1.0,0.012,0.0,0.004964824120603015,0.0,0.0,0.0,247,0.005024822623761381,clean_label_badnets,0.005,ahash_res,256,residual,mean,hash_stability,mad,0.599,0.03
0.4735212121212121,0.511071595959596,0.009025234936467022,0.0,0.002,0.02,0.01,0.517438,0.4876602222222222,0.012,0.012,0.517438,1.0,0.012,0.0,0.0009696969696969697,0.0,0.0,0.0,48,0.010009609224855862,clean_label_badnets,0.01,ahash,64,spatial,mean,bit_llr,mad,0.147,0.057
0.7215366464646465,0.5904769292929293,0.06124553106501619,0.0,0.51,0.0,0.01,0.5168671111111112,0.5138822222222222,0.0,0.0,0.5168671111111112,1.0,0.0,0.514,0.37422222222222223,0.013684042383259678,0.514,0.02665836834189098,18781,0.007783721451680067,clean_label_badnets,0.01,ahash,64,spatial,mean,bit_em,mad,0.147,0.293
0.5265014747474748,0.5012729292929293,0.011023196277713185,0.0,0.072,0.0,0.01,0.5151111111111111,0.4938731111111111,0.0,0.0,0.5151111111111111,1.0,0.006,0.0,0.0,0.0,0.0,0.0,0,0.01,clean_label_badnets,0.01,ahash,64,spatial,mean,hamming_knn,mad,0.147,0.431
0.47103321212121213,0.5050565252525253,0.012760155860928032,0.022,0.116,0.022,0.01,0.5037217777777778,0.4945644444444444,0.0,0.0,0.5037217777777778,1.0,0.0,0.198,0.16583838383838384,0.011916225324987963,0.198,0.022479564032697547,8308,0.009618152163484602,clean_label_badnets,0.01,ahash,64,spatial,mean,hamming_ball,mad,0.147,0.424
0.5223866464646465,0.5027733131313131,0.012804964158310693,0.0,0.0,0.0,0.01,0.5121191111111111,0.5054573333333333,0.0,0.0,0.5121191111111111,1.0,0.006,0.212,0.10185858585858586,0.020590520590520592,0.212,0.037535410764872525,5148,0.008784446624453759,clean_label_badnets,0.01,ahash,64,spatial,mean,block_collision,mad,0.147,0.159
0.5160449090909092,0.48505858585858586,0.010483794256663152,0.008,0.064,0.008,0.01,0.49048644444444445,0.48805155555555557,0.01,0.01,0.5095135555555556,-1.0,0.012,0.0,0.0009292929292929292,0.0,0.0,0.0,46,0.01000920847179405,clean_label_badnets,0.01,ahash,64,spatial,mean,hash_spectral,mad,0.147,0.044
0.4832586868686867,0.5016614545454545,0.009455363357718497,0.002,0.012,0.002,0.01,0.5089906666666666,0.49810866666666664,0.004,0.002,0.5089906666666666,1.0,0.004,0.0,0.0005656565656565656,0.0,0.0,0.0,28,0.010005603137757144,clean_label_badnets,0.01,ahash,64,spatial,mean,hash_stability,mad,0.147,0.029
0.47037056565656565,0.5044679393939394,0.00911936765416551,0.0,0.0,0.008,0.01,0.5219966666666667,0.5049762222222223,0.012,0.008,0.5219966666666667,1.0,0.012,0.0,0.0013131313131313131,0.0,0.0,0.0,65,0.010013016921998599,clean_label_badnets,0.01,ahash4,16,spatial,mean,bit_llr,mad,0.137,0.047
0.6950483838383839,0.6254120404040404,0.056990532522722945,0.118,0.492,0.0,0.01,0.5087764444444445,0.5084248888888889,0.0,0.0,0.5087764444444445,1.0,0.0,0.458,0.15195959595959596,0.02954457489356212,0.458,0.055508423221427704,7751,0.006414353002437928,clean_label_badnets,0.01,ahash4,16,spatial,mean,bit_em,mad,0.137,0.148
0.509035393939394,0.5715197373737374,0.013102274812220201,0.0,0.096,0.022,0.01,0.5149806666666668,0.507394888888889,0.0,0.008,0.5149806666666668,1.0,0.008,0.002,2.0202020202020203e-05,0.5,0.002,0.00398406374501992,2,0.009980399215968638,clean_label_badnets,0.01,ahash4,16,spatial,mean,hamming_knn,mad,0.137,0.398
0.4921581414141414,0.5051868484848485,0.013244195802940447,0.0,0.076,0.0,0.01,0.5064551111111111,0.5120526666666667,0.0,0.0,0.5064551111111111,1.0,0.0,0.144,0.12036363636363637,0.011940298507462687,0.144,0.022052067381316997,6030,0.009733909483738912,clean_label_badnets,0.01,ahash4,16,spatial,mean,hamming_ball,mad,0.137,0.398
0.5276880202020202,0.535563393939394,0.017546806818141684,0.07,0.07,0.07,0.01,0.5155462222222222,0.505928,0.0,0.0,0.5155462222222222,1.0,0.0,0.266,0.19004040404040404,0.013941299790356394,0.266,0.02649402390438247,9540,0.009070687098368758,clean_label_badnets,0.01,ahash4,16,spatial,mean,block_collision,mad,0.137,0.04
0.5079293333333335,0.49210513131313127,0.010384473812522766,0.0,0.054,0.0,0.01,0.49683888888888883,0.4955344444444444,0.0,0.0,0.5031611111111112,-1.0,0.01,0.0,0.0022424242424242424,0.0,0.0,0.0,111,0.010022249393653912,clean_label_badnets,0.01,ahash4,16,spatial,mean,hash_spectral,mad,0.137,0.043
0.5208178181818182,0.37859094949494954,0.009875662046103859,0.0,0.004,0.0,0.01,0.5129377777777777,0.4941148888888889,0.01,0.01,0.5129377777777777,1.0,0.01,0.0,0.002565656565656566,0.0,0.0,0.0,127,0.010025464680287931,clean_label_badnets,0.01,ahash4,16,spatial,mean,hash_stability,mad,0.137,0.025
0.47100284848484847,0.5103428888888889,0.008965094684747106,0.0,0.0,0.032,0.01,0.5195573333333333,0.4868702222222222,0.01,0.01,0.5195573333333333,1.0,0.01,0.0,0.0006060606060606061,0.0,0.0,0.0,30,0.010006003602161296,clean_label_badnets,0.01,ahash16,256,spatial,mean,bit_llr,mad,0.189,0.09
0.4799356363636364,0.23285175757575755,0.01326259586231756,0.0,0.0,0.0,0.01,0.5200435555555556,0.47995644444444446,0.0,0.0,0.5200435555555556,1.0,0.0,0.0,0.29844444444444446,0.0,0.0,0.0,14773,0.014193658273483407,clean_label_badnets,0.01,ahash16,256,spatial,mean,bit_em,mad,0.189,0.89
0.5252543232323232,0.4869908484848485,0.010690558917834785,0.0,0.06,0.0,0.01,0.5224297777777778,0.4800266666666667,0.004,0.008,0.5224297777777778,1.0,0.008,0.0,0.0,0.0,0.0,0.0,0,0.01,clean_label_badnets,0.01,ahash16,256,spatial,mean,hamming_knn,mad,0.189,0.448
0.5262168282828282,0.30865561616161613,0.010543077942740977,0.0,0.0,0.0,0.01,0.5027691111111111,0.5027691111111111,0.002,0.002,0.5027691111111111,1.0,0.002,0.032,0.14452525252525253,0.0022315202231520223,0.032,0.0041720990873533245,7170,0.011300490310530003,clean_label_badnets,0.01,ahash16,256,spatial,mean,hamming_ball,mad,0.189,0.437
0.45332682828282833,0.6707378181818182,0.01381769507963234,0.0,0.0,0.076,0.01,0.5230253333333335,0.48614977777777774,0.0,0.004,0.5230253333333335,1.0,0.004,0.332,0.07919191919191919,0.040626529613313755,0.332,0.07239424334932403,4086,0.007274469660669948,clean_label_badnets,0.01,ahash16,256,spatial,mean,block_collision,mad,0.189,0.701
0.5228450909090909,0.49936694949494953,0.010875492785799462,0.012,0.064,0.012,0.01,0.4930008888888889,0.49916444444444447,0.01,0.01,0.5069991111111112,-1.0,0.016,0.0,0.0006666666666666666,0.0,0.0,0.0,33,0.01000660435887686,clean_label_badnets,0.01,ahash16,256,spatial,mean,hash_spectral,mad,0.189,0.055
0.515918202020202,0.49050367676767676,0.012911317777629317,0.022,0.084,0.018,0.01,0.5105377777777778,0.4848786666666667,0.016,0.014,0.5105377777777778,1.0,0.016,0.008,0.0012323232323232323,0.06153846153846154,0.008,0.01415929203539823,65,0.00993291278662261,clean_label_badnets,0.01,ahash16,256,spatial,mean,hash_stability,mad,0.189,0.032
0.4705723636363637,0.5070527676767678,0.008945787202395871,0.0,0.0,0.036,0.01,0.5186062222222222,0.4841244444444444,0.01,0.014,0.5186062222222222,1.0,0.014,0.0,0.0005252525252525252,0.0,0.0,0.0,26,0.010005202705406812,clean_label_badnets,0.01,ahash32,1024,spatial,mean,bit_llr,mad,0.359,0.25
0.4313889696969697,0.3661233131313131,0.011325664037923852,0.0,0.0,0.0,0.01,0.5173073333333333,0.48269266666666666,0.0,0.0,0.5173073333333333,1.0,0.0,0.0,0.2010909090909091,0.0,0.0,0.0,9954,0.0124856415122609,clean_label_badnets,0.01,ahash32,1024,spatial,mean,bit_em,mad,0.359,4.055
0.5322050101010101,0.4785156161616161,0.010687758785637831,0.0,0.058,0.0,0.01,0.5302755555555556,0.4748633333333333,0.006,0.008,0.5302755555555556,1.0,0.01,0.0,2.0202020202020203e-05,0.0,0.0,0.0,1,0.01000020000400008,clean_label_badnets,0.01,ahash32,1024,spatial,mean,hamming_knn,mad,0.359,0.537
0.522264606060606,0.3397240808080808,0.010329184864839249,0.0,0.0,0.0,0.01,0.5048728888888888,0.5048728888888888,0.006,0.006,0.5048728888888888,1.0,0.006,0.046,0.12937373737373736,0.003578652559514548,0.046,0.0066406813916558395,6427,0.010947146168498841,clean_label_badnets,0.01,ahash32,1024,spatial,mean,hamming_ball,mad,0.359,0.526
0.4468970505050505,0.30561761616161626,0.011083554669816444,0.0,0.0,0.0,0.01,0.5167466666666667,0.4832533333333333,0.0,0.014,0.5167466666666667,1.0,0.014,0.0,0.13054545454545455,0.0,0.0,0.0,6462,0.011484220680784602,clean_label_badnets,0.01,ahash32,1024,spatial,mean,block_collision,mad,0.359,2.937
0.5239974141414142,0.5079352121212122,0.011093311712873942,0.014,0.064,0.014,0.01,0.4928222222222222,0.5081211111111111,0.01,0.01,0.5071777777777777,-1.0,0.018,0.0,0.0005252525252525252,0.0,0.0,0.0,26,0.010005202705406812,clean_label_badnets,0.01,ahash32,1024,spatial,mean,hash_spectral,mad,0.359,0.19
0.5152780404040403,0.49739337373737375,0.013030977532282401,0.02,0.076,0.02,0.01,0.5045835555555556,0.49070844444444445,0.014,0.014,0.5045835555555556,1.0,0.014,0.014,0.0016767676767676769,0.07777777777777778,0.014,0.023728813559322035,90,0.009877780004007212,clean_label_badnets,0.01,ahash32,1024,spatial,mean,hash_stability,mad,0.359,0.036
0.5050897171717172,0.5001042828282829,0.009866717072651882,0.0,0.018,0.0,0.01,0.5132691111111112,0.4962917777777778,0.004,0.01,0.5132691111111112,1.0,0.01,0.0,0.0014141414141414141,0.0,0.0,0.0,70,0.01001401962747847,clean_label_badnets,0.01,mhash,64,spatial,median,bit_llr,mad,0.171,0.055
0.4374951515151515,0.5371716161616161,0.010488609916449775,0.0,0.0,0.0,0.01,0.5130797777777778,0.477356,0.0,0.0,0.5130797777777778,1.0,0.0,0.438,0.3748080808080808,0.011666311527807373,0.438,0.022727272727272728,18772,0.008998334827718713,clean_label_badnets,0.01,mhash,64,spatial,median,bit_em,mad,0.171,0.291
0.5291774343434343,0.5051547676767677,0.012220882679013109,0.028,0.078,0.028,0.01,0.5080764444444444,0.4912255555555556,0.002,0.002,0.5080764444444444,1.0,0.002,0.0,0.00038383838383838383,0.0,0.0,0.0,19,0.010003801444548929,clean_label_badnets,0.01,mhash,64,spatial,median,hamming_knn,mad,0.171,0.424
0.5320132121212121,0.2073423434343434,0.011638638210116743,0.0,0.0,0.0,0.01,0.4960555555555556,0.4960555555555556,0.002,0.002,0.5039444444444444,-1.0,0.002,0.032,0.16353535353535353,0.0019726297620515348,0.032,0.003716176982928812,8111,0.011554346009692282,clean_label_badnets,0.01,mhash,64,spatial,median,hamming_ball,mad,0.171,0.418
0.5252569494949495,0.5057501414141414,0.01279319017381739,0.0,0.124,0.0,0.01,0.5169382222222222,0.4991228888888889,0.0,0.0,0.5169382222222222,1.0,0.008,0.194,0.10141414141414141,0.018956419777213213,0.194,0.03453800961367278,5117,0.008978900697368715,clean_label_badnets,0.01,mhash,64,spatial,median,block_collision,mad,0.171,0.159
0.49652030303030303,0.49232002020202015,0.009716259456970106,0.01,0.04,0.01,0.01,0.4919966666666667,0.4995815555555556,0.012,0.012,0.5080033333333334,-1.0,0.016,0.0,0.00034343434343434346,0.0,0.0,0.0,17,0.010003401156393173,clean_label_badnets,0.01,mhash,64,spatial,median,hash_spectral,mad,0.171,0.045
0.4508952121212121,0.5054168686868687,0.008776947656588336,0.0,0.018,0.002,0.01,0.5016933333333333,0.49701955555555555,0.006,0.002,0.5016933333333333,1.0,0.006,0.0,0.00202020202020202,0.0,0.0,0.0,100,0.01002004008016032,clean_label_badnets,0.01,mhash,64,spatial,median,hash_stability,mad,0.171,0.026
0.48218331313131313,0.5025424646464646,0.009165297158303175,0.0,0.0,0.032,0.01,0.5164088888888889,0.4879622222222222,0.01,0.01,0.5164088888888889,1.0,0.01,0.0,0.001393939393939394,0.0,0.0,0.0,69,0.010013819070317037,clean_label_badnets,0.01,ahash_rgb,192,spatial,mean,bit_llr,mad,0.381,0.081
0.7128032323232324,0.6824889696969697,0.060754247430919124,0.0,0.508,0.0,0.01,0.511661111111111,0.5159886666666665,0.0,0.0,0.511661111111111,1.0,0.0,0.524,0.39084848484848483,0.013361211688510378,0.524,0.02605798398726938,19609,0.007831265835280182,clean_label_badnets,0.01,ahash_rgb,192,spatial,mean,bit_em,mad,0.381,0.658
0.5152426262626262,0.49433391919191916,0.010432888658733121,0.0,0.06,0.0,0.01,0.5099642222222223,0.489416,0.0,0.0,0.5099642222222223,1.0,0.016,0.0,0.0,0.0,0.0,0.0,0,0.01,clean_label_badnets,0.01,ahash_rgb,192,spatial,mean,hamming_knn,mad,0.381,0.446
0.5527803636363636,0.25953987878787876,0.011572574965499297,0.0,0.0,0.0,0.01,0.4998702222222222,0.4998702222222222,0.0,0.0,0.5001297777777778,-1.0,0.0,0.02,0.17971717171717172,0.0011228385358185494,0.02,0.00212630236019562,8906,0.0119238818318976,clean_label_badnets,0.01,ahash_rgb,192,spatial,mean,hamming_ball,mad,0.381,0.435
0.5471545454545454,0.49365757575757574,0.012653998618515714,0.0,0.0,0.0,0.01,0.5065495555555555,0.49905066666666664,0.0,0.0,0.5065495555555555,1.0,0.01,0.0,0.0418989898989899,0.0,0.0,0.0,2074,0.010432750490339274,clean_label_badnets,0.01,ahash_rgb,192,spatial,mean,block_collision,mad,0.381,0.408
0.504022303030303,0.483261292929293,0.009924863441564302,0.008,0.046,0.008,0.01,0.49374266666666666,0.4865546666666667,0.008,0.008,0.5062573333333333,-1.0,0.01,0.0,0.0010707070707070708,0.0,0.0,0.0,53,0.010010611247922798,clean_label_badnets,0.01,ahash_rgb,192,spatial,mean,hash_spectral,mad,0.381,0.051
0.4908768080808081,0.49815892929292943,0.009531642972085922,0.0,0.012,0.0,0.01,0.5042728888888889,0.5007986666666667,0.004,0.0,0.5042728888888889,1.0,0.004,0.0,0.0007070707070707071,0.0,0.0,0.0,35,0.010007004903432403,clean_label_badnets,0.01,ahash_rgb,192,spatial,mean,hash_stability,mad,0.381,0.032
0.48839624242424245,0.49939290909090905,0.010282362400065359,0.008,0.054,0.016,0.01,0.48151466666666665,0.49906533333333336,0.006,0.016,0.5184853333333334,-1.0,0.016,0.0,2.0202020202020203e-05,0.0,0.0,0.0,1,0.01000020000400008,clean_label_badnets,0.01,dhash,64,spatial,pairwise,bit_llr,mad,0.146,0.056
0.5642569090909091,0.5784887070707072,0.014446508593734352,0.0,0.0,0.0,0.01,0.49295755555555554,0.492038,0.0,0.0,0.5070424444444445,-1.0,0.0,0.0,0.07848484848484849,0.0,0.0,0.0,3885,0.010842459069717012,clean_label_badnets,0.01,dhash,64,spatial,pairwise,bit_em,mad,0.146,0.299
0.48122395959595965,0.46661604040404037,0.009330565804939432,0.004,0.03,0.004,0.01,0.4883484444444445,0.4624077777777778,0.004,0.004,0.5116515555555555,-1.0,0.008,0.004,0.012242424242424242,0.003289473684210526,0.004,0.0036101083032490976,608,0.010082604470359573,clean_label_badnets,0.01,dhash,64,spatial,pairwise,hamming_knn,mad,0.146,0.442
0.5325120202020202,0.513598606060606,0.012091418648827137,0.012,0.072,0.012,0.01,0.485618,0.46644355555555556,0.004,0.004,0.514382,-1.0,0.004,0.132,0.09117171717171717,0.014413627429569776,0.132,0.02598936798582398,4579,0.00955505162810154,clean_label_badnets,0.01,dhash,64,spatial,pairwise,hamming_ball,mad,0.146,0.437
0.5057910707070706,0.6112330303030303,0.019203563932399664,0.07,0.144,0.07,0.01,0.4974271111111111,0.5031106666666667,0.0,0.0,0.502572888888889,-1.0,0.0,0.202,0.10763636363636364,0.018603794437281267,0.202,0.03406982627761849,5429,0.008952009153934173,clean_label_badnets,0.01,dhash,64,spatial,pairwise,block_collision,mad,0.146,0.152
0.5009388282828283,0.5106936767676767,0.01004897302712916,0.008,0.048,0.008,0.01,0.4960422222222222,0.5095404444444445,0.006,0.006,0.5039577777777777,-1.0,0.008,0.0,0.0018585858585858585,0.0,0.0,0.0,92,0.010018433918409874,clean_label_badnets,0.01,dhash,64,spatial,pairwise,hash_spectral,mad,0.146,0.044
0.5586888282828283,0.5182476161616162,0.012698591199253637,0.016,0.052,0.016,0.01,0.5508557777777778,0.4945373333333333,0.016,0.008,0.5508557777777778,1.0,0.016,0.002,0.0005252525252525252,0.037037037037037035,0.002,0.003795066413662239,27,0.00998539211174034,clean_label_badnets,0.01,dhash,64,spatial,pairwise,hash_stability,mad,0.146,0.026
0.4904630303030303,0.5108976969696969,0.009652711336391647,0.004,0.038,0.006,0.01,0.48744800000000005,0.5099151111111111,0.004,0.012,0.5125519999999999,-1.0,0.012,0.0,0.0002626262626262626,0.0,0.0,0.0,13,0.010002600676175805,clean_label_badnets,0.01,dhash_v,64,spatial,pairwise,bit_llr,mad,0.138,0.057
0.6642003232323233,0.6490919191919192,0.0494524690232867,0.0,0.428,0.0,0.01,0.4875051111111111,0.5001397777777777,0.0,0.0,0.5124948888888889,-1.0,0.0,0.432,0.10402020202020203,0.040260950605778195,0.432,0.07365728900255754,5365,0.006362719838691609,clean_label_badnets,0.01,dhash_v,64,spatial,pairwise,bit_em,mad,0.138,0.299
0.4810346868686869,0.48289387878787887,0.009249175365580106,0.0,0.03,0.0,0.01,0.48076777777777774,0.4884024444444444,0.004,0.004,0.5192322222222223,-1.0,0.014,0.0,0.002909090909090909,0.0,0.0,0.0,144,0.010028883183568678,clean_label_badnets,0.01,dhash_v,64,spatial,pairwise,hamming_knn,mad,0.138,0.445
0.5085225454545454,0.5040507878787879,0.010577205158626188,0.0,0.038,0.0,0.01,0.4882404444444445,0.4809957777777778,0.012,0.012,0.5117595555555555,-1.0,0.012,0.112,0.10604040404040405,0.01055607917059378,0.112,0.01929371231696813,5305,0.009933997091397247,clean_label_badnets,0.01,dhash_v,64,spatial,pairwise,hamming_ball,mad,0.138,0.439
0.483901595959596,0.48378541414141407,0.009630081234261414,0.0,0.0,0.0,0.01,0.4762066666666666,0.49855777777777766,0.0,0.0,0.5237933333333333,-1.0,0.0,0.118,0.13828282828282829,0.008545770567786791,0.118,0.015937331172339277,6904,0.010232968256914795,clean_label_badnets,0.01,dhash_v,64,spatial,pairwise,block_collision,mad,0.138,0.155
0.4848927272727273,0.5082119191919192,0.009289864149587915,0.0,0.002,0.0,0.01,0.4988093333333334,0.5181666666666667,0.002,0.002,0.5011906666666666,-1.0,0.012,0.0,0.0005252525252525252,0.0,0.0,0.0,26,0.010005202705406812,clean_label_badnets,0.01,dhash_v,64,spatial,pairwise,hash_spectral,mad,0.138,0.044
0.5777659191919192,0.4165779393939394,0.012224290989784373,0.004,0.054,0.002,0.01,0.5702484444444444,0.4761851111111111,0.008,0.006,0.5702484444444444,1.0,0.008,0.0,0.00034343434343434346,0.0,0.0,0.0,17,0.010003401156393173,clean_label_badnets,0.01,dhash_v,64,spatial,pairwise,hash_stability,mad,0.138,0.027
0.5021747878787879,0.5016171919191919,0.01030321163276246,0.012,0.06,0.006,0.01,0.4906253333333333,0.5068946666666667,0.006,0.006,0.5093746666666668,-1.0,0.016,0.0,0.0009292929292929292,0.0,0.0,0.0,46,0.01000920847179405,clean_label_badnets,0.01,dhash16,256,spatial,pairwise,bit_llr,mad,0.199,0.092
0.6077568484848486,0.6324281212121212,0.047294885496158054,0.0,0.388,0.0,0.01,0.49326177777777774,0.50326,0.0,0.0,0.5067382222222223,-1.0,0.0,0.472,0.26735353535353534,0.017520415738678546,0.472,0.03378668575518969,13470,0.007226936764303312,clean_label_badnets,0.01,dhash16,256,spatial,pairwise,bit_em,mad,0.199,0.899
0.4982993333333333,0.47897731313131314,0.009688489870499164,0.004,0.032,0.004,0.01,0.48272466666666675,0.47556444444444446,0.004,0.004,0.5172753333333333,-1.0,0.012,0.01,0.025272727272727273,0.003980891719745223,0.01,0.0056947608200455585,1256,0.01015509601181684,clean_label_badnets,0.01,dhash16,256,spatial,pairwise,hamming_knn,mad,0.199,0.472
0.49937135353535356,0.5103973939393939,0.013596587617683092,0.03,0.114,0.03,0.01,0.47537533333333337,0.47488,0.0,0.0,0.5246246666666666,-1.0,0.0,0.212,0.13,0.01620547316924018,0.212,0.030109359465984944,6541,0.009066016245196621,clean_label_badnets,0.01,dhash16,256,spatial,pairwise,hamming_ball,mad,0.199,0.464
0.5022212727272728,0.5325925252525252,0.010755542133214873,0.0,0.0,0.0,0.01,0.5106953333333333,0.491318,0.0,0.0,0.5106953333333333,1.0,0.0,0.124,0.15602020202020203,0.00796403339755941,0.124,0.014966807483403741,7785,0.010375458960085278,clean_label_badnets,0.01,dhash16,256,spatial,pairwise,block_collision,mad,0.199,0.717
0.5023224848484849,0.5024333131313131,0.00979214518051774,0.006,0.032,0.006,0.01,0.49522177777777776,0.5016333333333333,0.006,0.006,0.5047782222222222,-1.0,0.01,0.006,0.00997979797979798,0.006036217303822937,0.006,0.006018054162487462,497,0.010039795567945377,clean_label_badnets,0.01,dhash16,256,spatial,pairwise,hash_spectral,mad,0.199,0.054
0.5291567676767677,0.46801804040404044,0.010613057378205577,0.006,0.036,0.0,0.01,0.541282,0.46835333333333345,0.008,0.0,0.541282,1.0,0.008,0.0,0.00301010101010101,0.0,0.0,0.0,149,0.010029889069426891,clean_label_badnets,0.01,dhash16,256,spatial,pairwise,hash_stability,mad,0.199,0.029
0.4954669090909091,0.49517660606060604,0.010081699166770867,0.014,0.048,0.01,0.01,0.4824426666666667,0.4960093333333333,0.01,0.01,0.5175573333333333,-1.0,0.01,0.0,0.00034343434343434346,0.0,0.0,0.0,17,0.010003401156393173,clean_label_badnets,0.01,blockhash,256,spatial,median,bit_llr,mad,0.374,0.092
0.4738343232323232,0.45238004040404034,0.010797503703467711,0.0,0.0,0.0,0.01,0.474676,0.5190173333333333,0.0,0.0,0.525324,-1.0,0.0,0.0,0.29183838383838384,0.0,0.0,0.0,14446,0.014063115261292681,clean_label_badnets,0.01,blockhash,256,spatial,median,bit_em,mad,0.374,0.885
0.4916288282828283,0.47578721212121217,0.01013375139622606,0.016,0.038,0.016,0.01,0.4947828888888888,0.4767524444444444,0.01,0.01,0.5052171111111112,-1.0,0.018,0.006,0.0014747474747474748,0.039473684210526314,0.006,0.010416666666666666,76,0.009955131800336511,clean_label_badnets,0.01,blockhash,256,spatial,median,hamming_knn,mad,0.374,0.471
0.49271832323232323,0.458643191919192,0.009371805721751407,0.0,0.008,0.0,0.01,0.496546,0.4803833333333334,0.006,0.006,0.5034540000000001,-1.0,0.006,0.072,0.1461010101010101,0.0049532195927352776,0.072,0.009268795056642637,7268,0.010858373116165871,clean_label_badnets,0.01,blockhash,256,spatial,median,hamming_ball,mad,0.374,0.463
0.5318564646464647,0.47030323232323235,0.013124860627438683,0.0,0.0,0.0,0.01,0.49868199999999996,0.5003204444444443,0.0,0.006,0.501318,-1.0,0.006,0.0,0.028343434343434344,0.0,0.0,0.0,1403,0.010288700948618227,clean_label_badnets,0.01,blockhash,256,spatial,median,block_collision,mad,0.374,0.712
0.5213003434343435,0.5167930303030304,0.011771886235230691,0.02,0.07,0.02,0.01,0.5097057777777777,0.5145004444444444,0.006,0.006,0.5097057777777777,1.0,0.01,0.004,0.0010707070707070708,0.03636363636363636,0.004,0.007207207207207207,55,0.009970968064871358,clean_label_badnets,0.01,blockhash,256,spatial,median,hash_spectral,mad,0.374,0.054
0.532656888888889,0.47327595959595953,0.010971061765563757,0.008,0.048,0.006,0.01,0.5316626666666667,0.46843955555555555,0.008,0.006,0.5316626666666667,1.0,0.008,0.0,0.0019191919191919192,0.0,0.0,0.0,95,0.010019036168720569,clean_label_badnets,0.01,blockhash,256,spatial,median,hash_stability,mad,0.374,0.03
0.6936809696969697,0.5380615353535353,0.03384628949759559,0.092,0.19,0.012,0.01,0.7084368888888889,0.542692,0.11,0.03,0.7084368888888889,1.0,0.11,0.0,0.00020202020202020202,0.0,0.0,0.0,10,0.010002000400080016,clean_label_badnets,0.01,phash,64,frequency,median,bit_llr,mad,0.546,0.055
0.32066062626262626,0.5814615959595959,0.0068135230400292145,0.0,0.0,0.0,0.01,0.43596888888888885,0.542724,0.002,0.016,0.5640311111111111,-1.0,0.016,0.0,0.04016161616161616,0.0,0.0,0.0,1988,0.010414063150878948,clean_label_badnets,0.01,phash,64,frequency,median,bit_em,mad,0.546,0.295
0.654225292929293,0.5789071919191919,0.029085733926089985,0.08,0.198,0.08,0.01,0.6701868888888889,0.5932653333333333,0.084,0.084,0.6701868888888889,1.0,0.084,0.062,0.00705050505050505,0.08157894736842106,0.062,0.07045454545454545,380,0.009451833937928254,clean_label_badnets,0.01,phash,64,frequency,median,hamming_knn,mad,0.546,0.435
0.654587292929293,0.5944759393939394,0.017061014649539824,0.004,0.104,0.004,0.01,0.6555246666666666,0.5817504444444443,0.006,0.006,0.6555246666666666,1.0,0.006,0.03,0.023595959595959597,0.01267962806424345,0.03,0.017825311942959002,1183,0.009935063604891738,clean_label_badnets,0.01,phash,64,frequency,median,hamming_ball,mad,0.546,0.433
0.5000507878787879,0.4925536161616162,0.009771474908208629,0.004,0.042,0.004,0.01,0.4980253333333333,0.49234133333333335,0.006,0.006,0.5019746666666667,-1.0,0.01,0.0,0.002808080808080808,0.0,0.0,0.0,139,0.010027877499448466,clean_label_badnets,0.01,phash,64,frequency,median,hash_spectral,mad,0.546,0.044
0.6165064444444444,0.38971579797979794,0.012525855007090548,0.0,0.008,0.0,0.01,0.6413086666666667,0.5510102222222222,0.024,0.008,0.6413086666666667,1.0,0.024,0.0,0.007434343434343434,0.0,0.0,0.0,368,0.010074145712443585,clean_label_badnets,0.01,phash,64,frequency,median,hash_stability,mad,0.546,0.025
0.6936809696969697,0.5380615353535353,0.03384628949759559,0.092,0.19,0.012,0.01,0.7084368888888889,0.542692,0.11,0.03,0.7084368888888889,1.0,0.11,0.0,0.00020202020202020202,0.0,0.0,0.0,10,0.010002000400080016,clean_label_badnets,0.01,phash_nodc,63,frequency,median,bit_llr,mad,0.535,0.058
0.32066181818181816,0.5817139797979798,0.006813915640099696,0.0,0.0,0.0,0.01,0.43597288888888885,0.5427257777777776,0.002,0.016,0.5640271111111111,-1.0,0.016,0.0,0.04016161616161616,0.0,0.0,0.0,1988,0.010414063150878948,clean_label_badnets,0.01,phash_nodc,63,frequency,median,bit_em,mad,0.535,0.295
0.654225292929293,0.5789071919191919,0.029085733926089985,0.08,0.198,0.08,0.01,0.6701868888888889,0.5932653333333333,0.084,0.084,0.6701868888888889,1.0,0.084,0.062,0.00705050505050505,0.08157894736842106,0.062,0.07045454545454545,380,0.009451833937928254,clean_label_badnets,0.01,phash_nodc,63,frequency,median,hamming_knn,mad,0.535,0.437
0.654587292929293,0.5944759393939394,0.017061014649539824,0.004,0.104,0.004,0.01,0.6555246666666666,0.5817504444444443,0.006,0.006,0.6555246666666666,1.0,0.006,0.03,0.023595959595959597,0.01267962806424345,0.03,0.017825311942959002,1183,0.009935063604891738,clean_label_badnets,0.01,phash_nodc,63,frequency,median,hamming_ball,mad,0.535,0.436
0.5017027272727272,0.496478606060606,0.00983891785054285,0.002,0.04,0.002,0.01,0.4950542222222222,0.5016782222222222,0.002,0.002,0.5049457777777778,-1.0,0.002,0.0,0.0017575757575757575,0.0,0.0,0.0,87,0.010017430328772064,clean_label_badnets,0.01,phash_nodc,63,frequency,median,hash_spectral,mad,0.535,0.045
0.6165064444444444,0.38971579797979794,0.012525855007090548,0.0,0.008,0.0,0.01,0.6413086666666667,0.5510102222222222,0.024,0.008,0.6413086666666667,1.0,0.024,0.0,0.007434343434343434,0.0,0.0,0.0,368,0.010074145712443585,clean_label_badnets,0.01,phash_nodc,63,frequency,median,hash_stability,mad,0.535,0.026
0.6580340606060606,0.500155898989899,0.02039684947423628,0.06,0.136,0.002,0.01,0.6746324444444445,0.5060553333333333,0.086,0.004,0.6746324444444445,1.0,0.086,0.0,0.0002626262626262626,0.0,0.0,0.0,13,0.010002600676175805,clean_label_badnets,0.01,phash_mean,64,frequency,mean,bit_llr,mad,0.516,0.056
0.33529864646464647,0.5935686666666666,0.007003912929731553,0.0,0.0,0.0,0.01,0.43726711111111116,0.5313324444444445,0.004,0.002,0.5627328888888888,-1.0,0.004,0.0,0.0,0.0,0.0,0.0,0,0.01,clean_label_badnets,0.01,phash_mean,64,frequency,mean,bit_em,mad,0.516,0.3
0.6229226868686869,0.5660271313131313,0.027291153689758915,0.06,0.164,0.06,0.01,0.6543017777777778,0.5710151111111111,0.088,0.088,0.6543017777777778,1.0,0.088,0.054,0.006202020202020202,0.08083832335329341,0.054,0.06474820143884892,334,0.009523617766681432,clean_label_badnets,0.01,phash_mean,64,frequency,mean,hamming_knn,mad,0.516,0.446
0.6098635353535353,0.5482331313131312,0.013920157401330296,0.0,0.048,0.0,0.01,0.6451444444444444,0.5769315555555555,0.024,0.024,0.6451444444444444,1.0,0.024,0.048,0.048585858585858586,0.009880609304240428,0.048,0.016387845681119836,2429,0.010006096151016376,clean_label_badnets,0.01,phash_mean,64,frequency,mean,hamming_ball,mad,0.516,0.44
0.4805295151515151,0.49494062626262625,0.009285107096330781,0.006,0.036,0.006,0.01,0.4744124444444444,0.4975433333333333,0.002,0.002,0.5255875555555556,-1.0,0.018,0.0,0.0013131313131313131,0.0,0.0,0.0,65,0.010013016921998599,clean_label_badnets,0.01,phash_mean,64,frequency,mean,hash_spectral,mad,0.516,0.044
0.5386762626262627,0.46880826262626263,0.01101506987080949,0.01,0.032,0.01,0.01,0.5499628888888889,0.4418546666666667,0.01,0.01,0.5499628888888889,1.0,0.01,0.002,0.0018585858585858585,0.010752688172043012,0.002,0.003372681281618887,93,0.009998597391147534,clean_label_badnets,0.01,phash_mean,64,frequency,mean,hash_stability,mad,0.516,0.028
0.8335383434343434,0.7114965454545455,0.17732420433169319,0.234,0.422,0.142,0.01,0.8572897777777778,0.7257004444444444,0.318,0.174,0.8572897777777778,1.0,0.318,0.014,0.00024242424242424242,0.3684210526315789,0.014,0.02697495183044316,19,0.009863748224325244,clean_label_badnets,0.01,phash16,256,frequency,median,bit_llr,mad,0.632,0.091
0.7512121414141414,0.5846985656565656,0.023836276265449933,0.0,0.0,0.0,0.01,0.9546171111111111,0.9530842222222222,0.826,0.826,0.9546171111111111,1.0,0.826,0.942,0.15755555555555556,0.05695284159613059,0.942,0.10741163055872292,8270,0.0006949436855978912,clean_label_badnets,0.01,phash16,256,frequency,median,bit_em,mad,0.632,0.888
0.7199092525252525,0.6145924848484849,0.03537954329500886,0.102,0.234,0.102,0.01,0.730796,0.6447033333333333,0.138,0.138,0.730796,1.0,0.138,0.096,0.009232323232323232,0.09504950495049505,0.096,0.0955223880597015,505,0.00913223557935145,clean_label_badnets,0.01,phash16,256,frequency,median,hamming_knn,mad,0.632,0.463
0.7476148686868687,0.6563283838383838,0.04634904715672982,0.102,0.294,0.102,0.01,0.7361577777777777,0.6856273333333334,0.142,0.142,0.7361577777777777,1.0,0.142,0.172,0.01614141414141414,0.09717514124293786,0.172,0.12418772563176896,885,0.008429196783060165,clean_label_badnets,0.01,phash16,256,frequency,median,hamming_ball,mad,0.632,0.464
0.6669082626262627,0.6382829696969696,0.03802888944329566,0.102,0.254,0.102,0.01,0.6744600000000001,0.6473137777777778,0.098,0.098,0.6744600000000001,1.0,0.098,0.082,0.006707070707070707,0.10991957104557641,0.082,0.09392898052691867,373,0.009248997521510469,clean_label_badnets,0.01,phash16,256,frequency,median,hash_spectral,mad,0.632,0.055
0.6240751717171718,0.4754959191919192,0.014142936946207406,0.002,0.05,0.0,0.01,0.6477657777777778,0.5033811111111112,0.012,0.0,0.6477657777777778,1.0,0.012,0.0,0.0015353535353535353,0.0,0.0,0.0,76,0.01001522313917154,clean_label_badnets,0.01,phash16,256,frequency,median,hash_stability,mad,0.632,0.028
0.9042405252525253,0.8444492121212122,0.4569839219699557,0.488,0.682,0.416,0.01,0.9224195555555555,0.8563591111111111,0.61,0.46,0.9224195555555555,1.0,0.61,0.146,8.080808080808081e-05,0.948051948051948,0.146,0.2530329289428076,77,0.008553171884702442,clean_label_badnets,0.01,pdq,256,frequency,median,bit_llr,mad,2.267,0.091
0.770334101010101,0.6078347676767677,0.030175378832408443,0.0,0.0,0.0,0.01,0.9575422222222221,0.957319111111111,0.84,0.84,0.9575422222222221,1.0,0.84,0.596,0.09973737373737374,0.056924546322827126,0.596,0.1039232781168265,5235,0.004512453926058304,clean_label_badnets,0.01,pdq,256,frequency,median,bit_em,mad,2.267,0.882
0.7664242424242425,0.691081696969697,0.09224455366127218,0.228,0.388,0.228,0.01,0.7695244444444445,0.704948,0.234,0.234,0.7695244444444445,1.0,0.234,0.204,0.006727272727272728,0.23448275862068965,0.204,0.21818181818181817,435,0.008029859780086754,clean_label_badnets,0.01,pdq,256,frequency,median,hamming_knn,mad,2.267,0.471
0.7814367474747475,0.7393413333333334,0.23135261621980655,0.308,0.414,0.308,0.01,0.7778284444444443,0.7471106666666667,0.3,0.3,0.7778284444444443,1.0,0.3,0.308,0.009737373737373737,0.24213836477987422,0.308,0.2711267605633803,636,0.007009156470302245,clean_label_badnets,0.01,pdq,256,frequency,median,hamming_ball,mad,2.267,0.467
0.9026716363636362,0.8885626262626262,0.6511253488981583,0.662,0.75,0.662,0.01,0.9099928888888889,0.8957182222222222,0.646,0.646,0.9099928888888889,1.0,0.646,0.622,0.003373737373737374,0.6506276150627615,0.622,0.6359918200408998,478,0.0038164856023585477,clean_label_badnets,0.01,pdq,256,frequency,median,hash_spectral,mad,2.267,0.054
0.6249319797979798,0.4891058383838385,0.014286666059578134,0.006,0.056,0.0,0.01,0.6382535555555555,0.5120862222222222,0.01,0.004,0.6382535555555555,1.0,0.01,0.0,0.0016767676767676769,0.0,0.0,0.0,83,0.01001662760181902,clean_label_badnets,0.01,pdq,256,frequency,median,hash_stability,mad,2.267,0.028
0.5048338585858586,0.5003035757575758,0.009860358348061902,0.0,0.018,0.0,0.01,0.5134515555555555,0.49634622222222224,0.004,0.01,0.5134515555555555,1.0,0.01,0.0,0.0014141414141414141,0.0,0.0,0.0,70,0.01001401962747847,clean_label_badnets,0.01,whash_haar,64,wavelet,median,bit_llr,mad,0.629,0.057
0.42939189898989893,0.5282697777777778,0.010493545147120902,0.0,0.0,0.0,0.01,0.5132708888888889,0.47759266666666667,0.0,0.0,0.5132708888888889,1.0,0.0,0.438,0.37472727272727274,0.011668797953964194,0.438,0.022731990865684035,18768,0.00899718237704918,clean_label_badnets,0.01,whash_haar,64,wavelet,median,bit_em,mad,0.629,0.321
0.529178404040404,0.5051882222222223,0.012220970389172574,0.028,0.078,0.028,0.01,0.5078873333333334,0.4916013333333333,0.002,0.002,0.5078873333333334,1.0,0.002,0.0,0.00038383838383838383,0.0,0.0,0.0,19,0.010003801444548929,clean_label_badnets,0.01,whash_haar,64,wavelet,median,hamming_knn,mad,0.629,0.422
0.5320118181818182,0.2073413535353535,0.01163862054482627,0.0,0.0,0.0,0.01,0.496066,0.496066,0.002,0.002,0.503934,-1.0,0.002,0.032,0.16353535353535353,0.0019726297620515348,0.032,0.003716176982928812,8111,0.011554346009692282,clean_label_badnets,0.01,whash_haar,64,wavelet,median,hamming_ball,mad,0.629,0.421
0.5253651313131313,0.5055590101010101,0.012795753471144724,0.0,0.124,0.0,0.01,0.516955111111111,0.4990497777777778,0.0,0.0,0.516955111111111,1.0,0.008,0.194,0.10141414141414141,0.018956419777213213,0.194,0.03453800961367278,5117,0.008978900697368715,clean_label_badnets,0.01,whash_haar,64,wavelet,median,block_collision,mad,0.629,0.16
0.4966133333333334,0.4922687676767677,0.00971650316534403,0.01,0.04,0.01,0.01,0.4918606666666666,0.49970600000000004,0.012,0.012,0.5081393333333334,-1.0,0.016,0.0,0.00034343434343434346,0.0,0.0,0.0,17,0.010003401156393173,clean_label_badnets,0.01,whash_haar,64,wavelet,median,hash_spectral,mad,0.629,0.045
0.45076010101010094,0.5054384242424242,0.00877587951531534,0.0,0.018,0.002,0.01,0.5014084444444444,0.4968904444444445,0.006,0.002,0.5014084444444444,1.0,0.006,0.0,0.00202020202020202,0.0,0.0,0.0,100,0.01002004008016032,clean_label_badnets,0.01,whash_haar,64,wavelet,median,hash_stability,mad,0.629,0.027
0.5014670909090909,0.47395197979797976,0.009493957907108781,0.0,0.0,0.0,0.01,0.5008011111111111,0.4794313333333333,0.0,0.012,0.5008011111111111,1.0,0.012,0.0,0.004161616161616161,0.0,0.0,0.0,206,0.010041370446238502,clean_label_badnets,0.01,whash_db4,169,wavelet,median,bit_llr,mad,1.573,0.077
0.46398505050505057,0.29408884848484845,0.011800723444020153,0.0,0.0,0.0,0.01,0.5098771111111111,0.4901228888888889,0.0,0.0,0.5098771111111111,1.0,0.0,0.0,0.3482626262626263,0.0,0.0,0.0,17239,0.015262049387991819,clean_label_badnets,0.01,whash_db4,169,wavelet,median,bit_em,mad,1.573,0.6
0.48983101010101004,0.4916131515151515,0.009370572842767471,0.0,0.0,0.0,0.01,0.48288133333333333,0.4985704444444444,0.0,0.002,0.5171186666666667,-1.0,0.008,0.0,0.0,0.0,0.0,0.0,0,0.01,clean_label_badnets,0.01,whash_db4,169,wavelet,median,hamming_knn,mad,1.573,0.447
0.5122657575757575,0.3685935151515152,0.010318398078681016,0.0,0.0,0.0,0.01,0.4918868888888889,0.4918868888888889,0.0,0.0,0.5081131111111111,-1.0,0.0,0.014,0.11337373737373738,0.0012457732692649937,0.014,0.0022879555482922045,5619,0.011108357179874271,clean_label_badnets,0.01,whash_db4,169,wavelet,median,hamming_ball,mad,1.573,0.438
0.484738,0.484284404040404,0.009479048467481068,0.0,0.054,0.0,0.01,0.4887242222222222,0.48782422222222227,0.008,0.008,0.5112757777777778,-1.0,0.014,0.0,0.0019595959595959597,0.0,0.0,0.0,97,0.010019437709155763,clean_label_badnets,0.01,whash_db4,169,wavelet,median,hash_spectral,mad,1.573,0.051
0.5501460606060605,0.516664888888889,0.01248276650165658,0.01,0.09,0.016,0.01,0.560613111111111,0.4857757777777778,0.004,0.006,0.560613111111111,1.0,0.006,0.006,0.0029494949494949497,0.020134228187919462,0.006,0.009244992295839754,149,0.00996970973501033,clean_label_badnets,0.01,whash_db4,169,wavelet,median,hash_stability,mad,1.573,0.029
0.5317487272727274,0.5052808282828283,0.010925702709748443,0.01,0.058,0.002,0.01,0.5277257777777777,0.5084528888888888,0.01,0.008,0.5277257777777777,1.0,0.01,0.0,0.00048484848484848484,0.0,0.0,0.0,24,0.01000480230510645,clean_label_badnets,0.01,mh,64,frequency,mean,bit_llr,mad,0.975,0.056
0.3571817171717172,0.5843767878787879,0.007489595512548507,0.0,0.0,0.0,0.01,0.5149331111111111,0.5070077777777778,0.006,0.0,0.5149331111111111,1.0,0.006,0.0,0.02822222222222222,0.0,0.0,0.0,1397,0.010287430817027755,clean_label_badnets,0.01,mh,64,frequency,mean,bit_em,mad,0.975,0.298
0.501559393939394,0.47710573737373735,0.009794504012313604,0.002,0.026,0.002,0.01,0.5031680000000001,0.49113444444444443,0.006,0.006,0.5031680000000001,1.0,0.008,0.002,0.008646464646464647,0.002331002331002331,0.002,0.002152852529601722,429,0.01006636944987997,clean_label_badnets,0.01,mh,64,frequency,mean,hamming_knn,mad,0.975,0.446
0.5160427878787878,0.4977304646464646,0.010931369070647007,0.002,0.05,0.002,0.01,0.5030175555555556,0.49583066666666675,0.002,0.002,0.5030175555555556,1.0,0.002,0.042,0.043515151515151514,0.009655172413793104,0.042,0.015700934579439253,2175,0.010015682174594876,clean_label_badnets,0.01,mh,64,frequency,mean,hamming_ball,mad,0.975,0.443
0.5629710303030303,0.6323714747474748,0.020729228805899575,0.074,0.16,0.074,0.01,0.5215495555555556,0.48694800000000005,0.006,0.006,0.5215495555555556,1.0,0.006,0.168,0.06234343434343435,0.026498422712933754,0.168,0.04577656675749319,3170,0.008883194533418749,clean_label_badnets,0.01,mh,64,frequency,mean,block_collision,mad,0.975,0.152
0.49150896969696967,0.46324098989898993,0.009224881610210827,0.0,0.01,0.0,0.01,0.5039511111111111,0.46493688888888884,0.002,0.002,0.5039511111111111,1.0,0.004,0.0,0.0038787878787878787,0.0,0.0,0.0,192,0.010038548024413748,clean_label_badnets,0.01,mh,64,frequency,mean,hash_spectral,mad,0.975,0.044
0.5048667878787878,0.44622808080808085,0.01014744058448434,0.004,0.02,0.004,0.01,0.4898991111111112,0.5068222222222223,0.01,0.01,0.5101008888888888,-1.0,0.01,0.002,0.0063232323232323235,0.0031847133757961785,0.002,0.002457002457002457,314,0.010043070482630923,clean_label_badnets,0.01,mh,64,frequency,mean,hash_stability,mad,0.975,0.027
0.5476773737373737,0.44218933333333327,0.011112460197950053,0.0,0.0,0.0,0.01,0.5067531111111111,0.5055277777777778,0.01,0.008,0.5067531111111111,1.0,0.01,0.0,0.03692929292929293,0.0,0.0,0.0,1828,0.010379473553101386,clean_label_badnets,0.01,colorhash,42,colour,quantisation,bit_llr,mad,2.518,0.049
0.5850312727272727,0.5189278383838384,0.01393063035878702,0.0,0.0,0.0,0.01,0.5060195555555556,0.5099773333333334,0.0,0.0,0.5060195555555556,1.0,0.0,0.51,0.4143232323232323,0.01228087073781545,0.51,0.023984198645598195,20764,0.008380079354220823,clean_label_badnets,0.01,colorhash,42,colour,quantisation,bit_em,mad,2.518,0.239
0.49015056565656573,0.687086303030303,0.015276887820146788,0.0,0.0,0.084,0.01,0.48075,0.5167653333333332,0.0,0.018,0.51925,-1.0,0.018,0.102,0.017373737373737375,0.05598243688254665,0.102,0.07228915662650602,911,0.009146651999429607,clean_label_badnets,0.01,colorhash,42,colour,quantisation,hamming_knn,mad,2.518,0.319
0.4787886464646465,0.5338044444444445,0.010548107423308205,0.0,0.0,0.0,0.01,0.4896204444444444,0.4786911111111112,0.0,0.0,0.5103795555555556,-1.0,0.0,0.322,0.2606464646464646,0.012324887085661793,0.322,0.023741060237410603,13063,0.009177789208652571,clean_label_badnets,0.01,colorhash,42,colour,quantisation,hamming_ball,mad,2.518,0.321
0.45281000000000005,0.45077529292929297,0.00874051007023275,0.0,0.0,0.0,0.01,0.49725044444444444,0.49074822222222225,0.002,0.01,0.5027495555555556,-1.0,0.01,0.0,0.006464646464646465,0.0,0.0,0.0,320,0.010064412238325281,clean_label_badnets,0.01,colorhash,42,colour,quantisation,hash_spectral,mad,2.518,0.041
0.5215093737373737,0.49480753535353533,0.010684899156832173,0.006,0.016,0.006,0.01,0.5120153333333334,0.5218975555555556,0.006,0.006,0.5120153333333334,1.0,0.006,0.0,0.0008888888888888889,0.0,0.0,0.0,44,0.010008807750820723,clean_label_badnets,0.01,colorhash,42,colour,quantisation,hash_stability,mad,2.518,0.024
0.49315157575757573,0.4811971111111112,0.009944674155827778,0.014,0.058,0.018,0.01,0.4899757777777778,0.4799108888888889,0.014,0.018,0.5100242222222222,-1.0,0.014,0.0,0.00034343434343434346,0.0,0.0,0.0,17,0.010003401156393173,clean_label_badnets,0.01,rhash8,64,residual,zero,bit_llr,mad,0.508,0.057
0.5136352727272727,0.5528634747474748,0.012798878274846905,0.0,0.0,0.0,0.01,0.48129044444444447,0.4829126666666667,0.012,0.012,0.5187095555555555,-1.0,0.02,0.25,0.0858989898989899,0.028558373315055976,0.25,0.0512610211195407,4377,0.008219538390723978,clean_label_badnets,0.01,rhash8,64,residual,zero,bit_em,mad,0.508,0.298
0.5211470707070707,0.5040135151515152,0.012498857117289647,0.028,0.088,0.028,0.01,0.5131675555555555,0.5219464444444444,0.018,0.018,0.5131675555555555,1.0,0.018,0.014,0.0038585858585858585,0.03535353535353535,0.014,0.02005730659025788,198,0.00989920083530782,clean_label_badnets,0.01,rhash8,64,residual,zero,hamming_knn,mad,0.508,0.46
0.5495813535353536,0.5192146868686869,0.014376467302528048,0.04,0.106,0.04,0.01,0.5152111111111111,0.5316717777777777,0.018,0.018,0.5152111111111111,1.0,0.018,0.058,0.018767676767676766,0.030271398747390398,0.058,0.039780521262002745,958,0.009604012886913258,clean_label_badnets,0.01,rhash8,64,residual,zero,hamming_ball,mad,0.508,0.44
0.5926385858585859,0.47403280808080805,0.014453223272417364,0.03,0.074,0.03,0.01,0.5044128888888889,0.49199311111111116,0.01,0.01,0.5044128888888889,1.0,0.01,0.058,0.018606060606060605,0.030526315789473683,0.058,0.04,950,0.009602446483180429,clean_label_badnets,0.01,rhash8,64,residual,zero,block_collision,mad,0.508,0.15
0.49709763636363635,0.5108805454545454,0.011450977639215792,0.022,0.072,0.022,0.01,0.492516,0.5099186666666666,0.018,0.018,0.507484,-1.0,0.018,0.016,0.0077777777777777776,0.020356234096692113,0.016,0.01791713325867861,393,0.009917955127300582,clean_label_badnets,0.01,rhash8,64,residual,zero,hash_spectral,mad,0.508,0.044
0.5372100202020201,0.533456202020202,0.012236510917246996,0.016,0.06,0.016,0.01,0.5303097777777779,0.5044124444444444,0.01,0.004,0.5303097777777779,1.0,0.01,0.004,0.0019191919191919192,0.020618556701030927,0.004,0.006700167504187605,97,0.00997935995831914,clean_label_badnets,0.01,rhash8,64,residual,zero,hash_stability,mad,0.508,0.026
0.5255189494949496,0.49108199999999996,0.012621676413365111,0.022,0.076,0.02,0.01,0.5166693333333333,0.4851671111111111,0.01,0.01,0.5166693333333333,1.0,0.012,0.008,0.0022222222222222222,0.03508771929824561,0.008,0.013029315960912053,114,0.009942669285972016,clean_label_badnets,0.01,rhash16,256,residual,zero,bit_llr,mad,0.59,0.091
0.44778777777777773,0.5242787676767677,0.008731452188596897,0.0,0.0,0.0,0.01,0.4775731111111111,0.5037957777777778,0.0,0.0,0.5224268888888889,-1.0,0.0,0.0,0.11202020202020202,0.0,0.0,0.0,5545,0.011247328759419637,clean_label_badnets,0.01,rhash16,256,residual,zero,bit_em,mad,0.59,0.894
0.5210714141414141,0.5164706868686868,0.0107680792544276,0.002,0.062,0.002,0.01,0.5169286666666667,0.5154095555555556,0.01,0.01,0.5169286666666667,1.0,0.01,0.002,0.01406060606060606,0.0014347202295552368,0.002,0.001670843776106934,697,0.010121087966249519,clean_label_badnets,0.01,rhash16,256,residual,zero,hamming_knn,mad,0.59,0.47
0.5276887676767676,0.5429610101010102,0.01242054927280958,0.012,0.094,0.012,0.01,0.5146711111111111,0.5120073333333333,0.012,0.012,0.5146711111111111,1.0,0.012,0.07,0.0361010101010101,0.019209659714599342,0.07,0.030146425495262703,1822,0.00965170824857819,clean_label_badnets,0.01,rhash16,256,residual,zero,hamming_ball,mad,0.59,0.465
0.555402505050505,0.5554214343434344,0.01302403312900557,0.0,0.09,0.0,0.01,0.5232166666666667,0.5138017777777778,0.004,0.004,0.5232166666666667,1.0,0.012,0.144,0.08068686868686868,0.017707820954254796,0.144,0.03153745072273324,4066,0.009317716723995298,clean_label_badnets,0.01,rhash16,256,residual,zero,block_collision,mad,0.59,0.711
0.5074567272727273,0.4873641616161617,0.009857577900693441,0.0,0.038,0.0,0.01,0.5067195555555556,0.4895044444444444,0.006,0.006,0.5067195555555556,1.0,0.008,0.004,0.015818181818181818,0.0025477707006369425,0.004,0.0031128404669260703,785,0.010118866199329472,clean_label_badnets,0.01,rhash16,256,residual,zero,hash_spectral,mad,0.59,0.053
0.5048724242424242,0.4992321414141414,0.010575021938916842,0.01,0.056,0.002,0.01,0.5102775555555555,0.48783066666666675,0.006,0.002,0.5102775555555555,1.0,0.006,0.002,0.005414141414141414,0.0037174721189591076,0.002,0.002600780234070221,269,0.010033982827612555,clean_label_badnets,0.01,rhash16,256,residual,zero,hash_stability,mad,0.59,0.03
0.5691128888888889,0.5039213333333333,0.013249374702468123,0.014,0.096,0.004,0.01,0.5618515555555555,0.5037053333333333,0.018,0.016,0.5618515555555555,1.0,0.018,0.0,0.0028686868686868686,0.0,0.0,0.0,142,0.010028480885715433,clean_label_badnets,0.01,rhash32,1024,residual,zero,bit_llr,mad,0.464,0.246
0.5368899595959595,0.6532435353535353,0.025133522899078848,0.0,0.0,0.0,0.01,0.49215,0.4922455555555555,0.0,0.0,0.50785,-1.0,0.0,0.468,0.3657171717171717,0.012761084146807003,0.468,0.024844720496894408,18337,0.008400972744212488,clean_label_badnets,0.01,rhash32,1024,residual,zero,bit_em,mad,0.464,4.085
0.5211606464646464,0.47207002020202016,0.010053022897993832,0.0,0.012,0.0,0.01,0.5224862222222222,0.4772462222222222,0.006,0.006,0.5224862222222222,1.0,0.006,0.008,0.03658585858585858,0.0022038567493112946,0.008,0.0034557235421166306,1815,0.01029365985265124,clean_label_badnets,0.01,rhash32,1024,residual,zero,hamming_knn,mad,0.464,0.56
0.5236806060606061,0.4966667474747474,0.012200849697409425,0.014,0.088,0.014,0.01,0.515398,0.48612666666666665,0.008,0.008,0.515398,1.0,0.008,0.15,0.09070707070707071,0.01642935377875137,0.15,0.029615004935834157,4565,0.00935402222955871,clean_label_badnets,0.01,rhash32,1024,residual,zero,hamming_ball,mad,0.464,0.55
0.8513249898989899,0.8482860202020202,0.7163757180739802,0.724,0.73,0.724,0.01,0.8496926666666665,0.8455188888888889,0.688,0.688,0.8496926666666665,1.0,0.688,0.73,0.024242424242424242,0.23322683706070288,0.73,0.35351089588377727,1565,0.002787240631774543,clean_label_badnets,0.01,rhash32,1024,residual,zero,block_collision,mad,0.464,3.19
0.5105118585858586,0.49698705050505054,0.009730359714420538,0.0,0.012,0.0,0.01,0.5126084444444445,0.5040964444444445,0.01,0.01,0.5126084444444445,1.0,0.01,0.002,0.02870707070707071,0.0007032348804500703,0.002,0.001040582726326743,1422,0.010272139651694183,clean_label_badnets,0.01,rhash32,1024,residual,zero,hash_spectral,mad,0.464,0.188
0.5085283838383838,0.4824581616161616,0.01039746218145227,0.012,0.058,0.002,0.01,0.503152,0.4794777777777778,0.012,0.0,0.503152,1.0,0.012,0.0,0.005676767676767677,0.0,0.0,0.0,281,0.010056517629075404,clean_label_badnets,0.01,rhash32,1024,residual,zero,hash_stability,mad,0.464,0.049
0.5453840606060606,0.48599967676767675,0.01192617088953582,0.014,0.06,0.014,0.01,0.5434199999999999,0.47988,0.01,0.012,0.5434199999999999,1.0,0.01,0.004,0.002303030303030303,0.017241379310344827,0.004,0.006493506493506494,116,0.009983160933365407,clean_label_badnets,0.01,rhash_rgb,768,residual,zero,bit_llr,mad,1.646,0.195
0.29499296969696975,0.5767515555555556,0.007847113509216158,0.0,0.0,0.0,0.01,0.4860633333333334,0.5049517777777778,0.0,0.0,0.5139366666666666,-1.0,0.0,0.478,0.3052525252525253,0.015571046973744217,0.478,0.030159631522493534,15349,0.007532250151510779,clean_label_badnets,0.01,rhash_rgb,768,residual,zero,bit_em,mad,1.646,2.951
0.5174472525252526,0.5077558181818183,0.010436130707198751,0.002,0.046,0.002,0.01,0.5127317777777778,0.5132804444444444,0.004,0.004,0.5127317777777778,1.0,0.012,0.002,0.015232323232323233,0.0013245033112582781,0.002,0.0015936254980079682,755,0.010133008427251497,clean_label_badnets,0.01,rhash_rgb,768,residual,zero,hamming_knn,mad,1.646,0.525
0.5500024242424242,0.5336628282828283,0.012875143695372912,0.012,0.096,0.012,0.01,0.5117106666666666,0.5156977777777778,0.004,0.004,0.5117106666666666,1.0,0.004,0.066,0.03597979797979798,0.018191841234840134,0.066,0.028522039757994815,1814,0.009691611671439837,clean_label_badnets,0.01,rhash_rgb,768,residual,zero,hamming_ball,mad,1.646,0.518
0.556991898989899,0.47166501010101003,0.010801286038843994,0.0,0.0,0.0,0.01,0.5176122222222223,0.4816331111111111,0.0,0.0,0.5176122222222223,1.0,0.0,0.0,0.05963636363636363,0.0,0.0,0.0,2952,0.010627444312191803,clean_label_badnets,0.01,rhash_rgb,768,residual,zero,block_collision,mad,1.646,2.067
0.49525428282828277,0.5004146868686868,0.00968533292515814,0.004,0.034,0.004,0.01,0.49569844444444444,0.5021668888888888,0.006,0.006,0.5043015555555556,-1.0,0.014,0.008,0.018343434343434342,0.0043859649122807015,0.008,0.0056657223796034,912,0.010104302477183833,clean_label_badnets,0.01,rhash_rgb,768,residual,zero,hash_spectral,mad,1.646,0.114
0.5001051919191919,0.491351393939394,0.010181959619002093,0.008,0.058,0.004,0.01,0.5028124444444444,0.4985248888888889,0.008,0.004,0.5028124444444444,1.0,0.008,0.002,0.006262626262626263,0.003215434083601286,0.002,0.002466091245376079,311,0.010042464126869126,clean_label_badnets,0.01,rhash_rgb,768,residual,zero,hash_stability,mad,1.646,0.033
0.5210924848484849,0.4957193939393939,0.01022322704774031,0.0,0.014,0.008,0.01,0.5297297777777779,0.5039355555555556,0.016,0.01,0.5297297777777779,1.0,0.016,0.0,0.0006868686868686869,0.0,0.0,0.0,34,0.010006804627146459,clean_label_badnets,0.01,rhash_energy,256,residual,mean,bit_llr,mad,0.606,0.091
0.5700784242424243,0.6311736767676768,0.018783553423004216,0.0,0.0,0.0,0.01,0.504248888888889,0.5043533333333333,0.0,0.0,0.504248888888889,1.0,0.0,0.492,0.18634343434343434,0.02597676874340021,0.492,0.04934804413239719,9470,0.006266962743646682,clean_label_badnets,0.01,rhash_energy,256,residual,mean,bit_em,mad,0.606,0.873
0.49177296969696976,0.4775603636363636,0.009262814008559748,0.0,0.0,0.0,0.01,0.5050686666666666,0.48024533333333336,0.002,0.004,0.5050686666666666,1.0,0.004,0.0,0.0007474747474747475,0.0,0.0,0.0,37,0.01000740548005524,clean_label_badnets,0.01,rhash_energy,256,residual,mean,hamming_knn,mad,0.606,0.476
0.4292918181818182,0.5241266666666666,0.009791761140474033,0.004,0.064,0.004,0.01,0.5023166666666666,0.4842368888888889,0.0,0.0,0.5023166666666666,1.0,0.0,0.18,0.17153535353535354,0.010488288078312551,0.18,0.019821605550049554,8581,0.009898838697216254,clean_label_badnets,0.01,rhash_energy,256,residual,mean,hamming_ball,mad,0.606,0.464
0.4626288484848484,0.25180440404040405,0.011519474888117392,0.0,0.0,0.0,0.01,0.5280897777777778,0.4719102222222222,0.0,0.004,0.5280897777777778,1.0,0.004,0.04,0.1444040404040404,0.0027901785714285715,0.04,0.005216484089723527,7168,0.011206574523720583,clean_label_badnets,0.01,rhash_energy,256,residual,mean,block_collision,mad,0.606,0.709
0.5056733333333333,0.496124,0.01137645974126455,0.03,0.06,0.03,0.01,0.5071488888888889,0.4921337777777777,0.02,0.02,0.5071488888888889,1.0,0.02,0.006,0.001797979797979798,0.03260869565217391,0.006,0.010135135135135136,92,0.009958323314899415,clean_label_badnets,0.01,rhash_energy,256,residual,mean,hash_spectral,mad,0.606,0.054
0.4508454949494949,0.49892171717171707,0.00873470489589355,0.002,0.03,0.034,0.01,0.46613,0.4940684444444444,0.004,0.006,0.5338700000000001,-1.0,0.006,0.012,0.003515151515151515,0.03333333333333333,0.012,0.01764705882352941,180,0.009915696507426736,clean_label_badnets,0.01,rhash_energy,256,residual,mean,hash_stability,mad,0.606,0.032
0.512566505050505,0.493226505050505,0.011394592159808727,0.022,0.068,0.02,0.01,0.5018555555555555,0.4880728888888889,0.008,0.01,0.5018555555555555,1.0,0.016,0.006,0.0024242424242424242,0.024390243902439025,0.006,0.009630818619582664,123,0.009964512701245062,clean_label_badnets,0.01,ahash_res,256,residual,mean,bit_llr,mad,0.597,0.096
0.493471797979798,0.569774303030303,0.010346509669291237,0.0,0.0,0.0,0.01,0.4771357777777778,0.5004219999999999,0.0,0.0,0.5228642222222222,-1.0,0.0,0.0,0.11286868686868687,0.0,0.0,0.0,5587,0.011257965010244748,clean_label_badnets,0.01,ahash_res,256,residual,mean,bit_em,mad,0.597,0.897
0.5116618181818182,0.5070084848484848,0.010303137944207492,0.002,0.048,0.002,0.01,0.5083077777777778,0.5132955555555555,0.004,0.004,0.5083077777777778,1.0,0.012,0.002,0.01404040404040404,0.0014367816091954023,0.002,0.0016722408026755853,696,0.010120882687003082,clean_label_badnets,0.01,ahash_res,256,residual,mean,hamming_knn,mad,0.597,0.481
0.5260101414141414,0.5473225454545455,0.012523129720106246,0.016,0.084,0.016,0.01,0.5052788888888889,0.5080291111111112,0.008,0.008,0.5052788888888889,1.0,0.008,0.07,0.03375757575757576,0.020515826494724502,0.07,0.03173164097914778,1706,0.009628525282643807,clean_label_badnets,0.01,ahash_res,256,residual,mean,hamming_ball,mad,0.597,0.463
0.55670098989899,0.5573350707070707,0.01307542670010709,0.0,0.086,0.0,0.01,0.5223064444444444,0.5163228888888889,0.004,0.004,0.5223064444444444,1.0,0.012,0.148,0.08242424242424243,0.01781415503129514,0.148,0.03180060163300387,4154,0.009291977489857349,clean_label_badnets,0.01,ahash_res,256,residual,mean,block_collision,mad,0.597,0.709
0.5028263232323232,0.4871192121212121,0.009722240947874845,0.0,0.034,0.0,0.01,0.5030615555555555,0.4899966666666667,0.006,0.006,0.5030615555555555,1.0,0.006,0.004,0.015797979797979797,0.002551020408163265,0.004,0.003115264797507788,784,0.010118660598179454,clean_label_badnets,0.01,ahash_res,256,residual,mean,hash_spectral,mad,0.597,0.054
0.5141540404040404,0.49865563636363636,0.010880730441648986,0.01,0.058,0.002,0.01,0.5136655555555555,0.48878111111111106,0.006,0.002,0.5136655555555555,1.0,0.006,0.002,0.004969696969696969,0.004048582995951417,0.002,0.002677376171352075,247,0.010029545957027717,clean_label_badnets,0.01,ahash_res,256,residual,mean,hash_stability,mad,0.597,0.029
0.46569563265306124,0.5213268265306122,0.017791074244647133,0.0,0.001,0.016,0.02,0.51601175,0.49795425000000004,0.013,0.008,0.51601175,1.0,0.013,0.0,0.0009795918367346938,0.0,0.0,0.0,48,0.020019218449711725,clean_label_badnets,0.02,ahash,64,spatial,mean,bit_llr,mad,0.148,0.056
0.7035237040816326,0.5652613979591837,0.10759445903290632,0.0,0.469,0.0,0.02,0.49597987499999996,0.491941,0.0,0.0,0.504020125,-1.0,0.0,0.474,0.3733061224489796,0.025258446125972504,0.474,0.04796114540119397,18766,0.01684062239866812,clean_label_badnets,0.02,ahash,64,spatial,mean,bit_em,mad,0.148,0.292
0.505109306122449,0.49671750000000003,0.02063119192911295,0.004,0.06,0.0,0.02,0.4927755,0.487762625,0.004,0.004,0.5072245,-1.0,0.005,0.0,0.0,0.0,0.0,0.0,0,0.02,clean_label_badnets,0.02,ahash,64,spatial,mean,hamming_knn,mad,0.148,0.427
0.4540668469387755,0.5002616836734693,0.02441047709381904,0.025,0.114,0.025,0.02,0.4873105,0.489515375,0.0,0.0,0.5126895,-1.0,0.0,0.179,0.16575510204081634,0.021563667028068906,0.179,0.038490484894097406,8301,0.01968872155207559,clean_label_badnets,0.02,ahash,64,spatial,mean,hamming_ball,mad,0.148,0.422
0.5094125714285714,0.47613169387755105,0.023648150497679554,0.0,0.0,0.0,0.02,0.500285625,0.4763800000000001,0.0,0.0,0.500285625,1.0,0.005,0.187,0.10136734693877551,0.036282499029879706,0.187,0.06077348066298342,5154,0.018128707131070777,clean_label_badnets,0.02,ahash,64,spatial,mean,block_collision,mad,0.148,0.157
0.5137651020408164,0.48448509183673466,0.020446177124352552,0.006,0.051,0.006,0.02,0.4871935,0.48745725000000006,0.008,0.008,0.5128064999999999,-1.0,0.014,0.0,0.0009387755102040817,0.0,0.0,0.0,46,0.0200184169435881,clean_label_badnets,0.02,ahash,64,spatial,mean,hash_spectral,mad,0.148,0.044
0.49250727551020407,0.5038411428571429,0.019295781640132792,0.002,0.014,0.006,0.02,0.5199378749999999,0.500975125,0.007,0.011,0.5199378749999999,1.0,0.009,0.0,0.0005714285714285715,0.0,0.0,0.0,28,0.02001120627551429,clean_label_badnets,0.02,ahash,64,spatial,mean,hash_stability,mad,0.148,0.028
0.45712884693877553,0.49210772448979595,0.01742526308855648,0.0,0.0,0.0,0.02,0.5118045,0.4971265,0.02,0.002,0.5118045,1.0,0.02,0.0,0.001346938775510204,0.0,0.0,0.0,66,0.02002643489406016,clean_label_badnets,0.02,ahash4,16,spatial,mean,bit_llr,mad,0.135,0.047
0.6810990102040816,0.6145594285714285,0.10145468479474465,0.109,0.465,0.0,0.02,0.486416125,0.493598625,0.0,0.0,0.513583875,-1.0,0.0,0.435,0.14922448979591837,0.056150768039240996,0.435,0.09946267291642849,7747,0.013371831585922892,clean_label_badnets,0.02,ahash4,16,spatial,mean,bit_em,mad,0.135,0.148
0.5093258265306122,0.5586475306122448,0.028150145355965626,0.0,0.106,0.022,0.02,0.487294875,0.491591375,0.0,0.011,0.512705125,-1.0,0.011,0.0,2.0408163265306123e-05,0.0,0.0,0.0,1,0.02000040000800016,clean_label_badnets,0.02,ahash4,16,spatial,mean,hamming_knn,mad,0.135,0.396
0.4714642959183673,0.47705829591836735,0.025005295413986793,0.0,0.073,0.0,0.02,0.48593624999999996,0.48618775000000003,0.0,0.0,0.51406375,-1.0,0.0,0.125,0.11965306122448979,0.020875083500334003,0.125,0.035775615340583856,5988,0.01988094156139235,clean_label_badnets,0.02,ahash4,16,spatial,mean,hamming_ball,mad,0.135,0.392
0.4936567448979592,0.514858306122449,0.03206630491122037,0.066,0.066,0.066,0.02,0.4809155,0.4832805,0.0,0.0,0.5190845,-1.0,0.0,0.214,0.18893877551020408,0.022592905405405407,0.214,0.040870893812070284,9472,0.019393999210422425,clean_label_badnets,0.02,ahash4,16,spatial,mean,block_collision,mad,0.135,0.039
0.5090443673469388,0.4832918163265306,0.02066410928531446,0.0,0.053,0.0,0.02,0.49631775,0.483072,0.0,0.0,0.50368225,-1.0,0.009,0.0,0.0022653061224489797,0.0,0.0,0.0,111,0.020044498787307824,clean_label_badnets,0.02,ahash4,16,spatial,mean,hash_spectral,mad,0.135,0.042
0.538903,0.3758592755102041,0.020584410925945373,0.0,0.003,0.0,0.02,0.540932625,0.493365125,0.009,0.009,0.540932625,1.0,0.009,0.0,0.0025918367346938775,0.0,0.0,0.0,127,0.020050929360575863,clean_label_badnets,0.02,ahash4,16,spatial,mean,hash_stability,mad,0.135,0.025
0.4602573367346938,0.5235119591836734,0.017530994722848324,0.0,0.0,0.023,0.02,0.515764375,0.49812087499999996,0.013,0.007,0.515764375,1.0,0.013,0.0,0.0006122448979591836,0.0,0.0,0.0,30,0.020012007204322592,clean_label_badnets,0.02,ahash16,256,spatial,mean,bit_llr,mad,0.196,0.094
0.4743453979591837,0.2455264795918367,0.02567479091448923,0.0,0.0,0.0,0.02,0.5022316250000001,0.49776837500000004,0.0,0.0,0.5022316250000001,1.0,0.0,0.0,0.30148979591836733,0.0,0.0,0.0,14773,0.028387316546966815,clean_label_badnets,0.02,ahash16,256,spatial,mean,bit_em,mad,0.196,0.895
0.504208806122449,0.48677760204081627,0.02017815084947991,0.002,0.057,0.0,0.02,0.5002502499999999,0.47856937499999996,0.004,0.004,0.5002502499999999,1.0,0.01,0.0,0.0,0.0,0.0,0.0,0,0.02,clean_label_badnets,0.02,ahash16,256,spatial,mean,hamming_knn,mad,0.196,0.445
0.5215470204081633,0.3029915918367347,0.02100784631442752,0.0,0.0,0.0,0.02,0.49148624999999996,0.49148624999999996,0.003,0.003,0.5085137500000001,-1.0,0.003,0.031,0.14561224489795918,0.004325983812447669,0.031,0.007592456527063434,7166,0.022622215996638186,clean_label_badnets,0.02,ahash16,256,spatial,mean,hamming_ball,mad,0.196,0.433
0.42527771428571426,0.6337323877551021,0.022992461731957133,0.0,0.0,0.1,0.02,0.506612625,0.496752875,0.0,0.011,0.506612625,1.0,0.011,0.35,0.07640816326530613,0.08549096238397655,0.35,0.13741656851197487,4094,0.014159369145645449,clean_label_badnets,0.02,ahash16,256,spatial,mean,block_collision,mad,0.196,0.684
0.5259472040816326,0.49054848979591836,0.021481928082956615,0.013,0.055,0.013,0.02,0.495040625,0.487827625,0.01,0.01,0.504959375,-1.0,0.01,0.0,0.000673469387755102,0.0,0.0,0.0,33,0.02001320871775372,clean_label_badnets,0.02,ahash16,256,spatial,mean,hash_spectral,mad,0.196,0.055
0.5222357755102041,0.4981524285714286,0.024566858848154086,0.023,0.101,0.02,0.02,0.515643125,0.491989,0.007,0.008,0.515643125,1.0,0.007,0.002,0.0012448979591836735,0.031746031746031744,0.002,0.0037629350893697085,63,0.019985181328473878,clean_label_badnets,0.02,ahash16,256,spatial,mean,hash_stability,mad,0.196,0.032
0.4599042755102041,0.5227702142857144,0.017501334772555832,0.0,0.0,0.025,0.02,0.513626875,0.49883687499999996,0.012,0.005,0.513626875,1.0,0.012,0.0,0.0005306122448979592,0.0,0.0,0.0,26,0.020010405410813625,clean_label_badnets,0.02,ahash32,1024,spatial,mean,bit_llr,mad,0.352,0.249
0.416104693877551,0.3839101224489795,0.021983974305325265,0.0,0.0,0.0,0.02,0.500292,0.49970799999999993,0.0,0.0,0.500292,1.0,0.0,0.0,0.20314285714285715,0.0,0.0,0.0,9954,0.0249712830245218,clean_label_badnets,0.02,ahash32,1024,spatial,mean,bit_em,mad,0.352,4.066
0.5084894285714286,0.485363806122449,0.020228393348928363,0.0,0.05,0.0,0.02,0.505266625,0.47904675,0.004,0.006,0.505266625,1.0,0.01,0.0,2.0408163265306123e-05,0.0,0.0,0.0,1,0.02000040000800016,clean_label_badnets,0.02,ahash32,1024,spatial,mean,hamming_knn,mad,0.352,0.538
0.5165309489795918,0.3345210306122449,0.02046116027308203,0.0,0.0,0.0,0.02,0.49277112500000003,0.49277112500000003,0.005,0.005,0.507228875,-1.0,0.005,0.036,0.13024489795918368,0.005609224057338735,0.036,0.009706120248045295,6418,0.022119223532651094,clean_label_badnets,0.02,ahash32,1024,spatial,mean,hamming_ball,mad,0.352,0.524
0.4414353571428571,0.3109393163265306,0.021605147298491157,0.0,0.0,0.0,0.02,0.509861125,0.49013887500000003,0.0,0.008,0.509861125,1.0,0.008,0.002,0.13185714285714287,0.00030945381401825775,0.002,0.0005359774889454643,6463,0.02292303098513908,clean_label_badnets,0.02,ahash32,1024,spatial,mean,block_collision,mad,0.352,2.91
0.5296868163265307,0.49220791836734695,0.021801255671460025,0.013,0.05,0.013,0.02,0.498607,0.49026250000000005,0.01,0.01,0.501393,-1.0,0.01,0.0,0.0005306122448979592,0.0,0.0,0.0,26,0.020010405410813625,clean_label_badnets,0.02,ahash32,1024,spatial,mean,hash_spectral,mad,0.352,0.192
0.5177069285714285,0.5008995612244898,0.024750589228239306,0.024,0.105,0.024,0.02,0.5087025000000001,0.49317425,0.006,0.007,0.5087025000000001,1.0,0.01,0.006,0.0016938775510204082,0.06741573033707865,0.006,0.011019283746556474,89,0.019915449500110195,clean_label_badnets,0.02,ahash32,1024,spatial,mean,hash_stability,mad,0.352,0.036
0.5056433673469387,0.506402,0.019983747419559224,0.0,0.023,0.0,0.02,0.5189771249999999,0.507411625,0.023,0.007,0.5189771249999999,1.0,0.023,0.0,0.0013673469387755102,0.0,0.0,0.0,67,0.02002683596018665,clean_label_badnets,0.02,mhash,64,spatial,median,bit_llr,mad,0.171,0.056
0.4233190102040817,0.5514633265306121,0.020390587047377284,0.0,0.0,0.0,0.02,0.499389125,0.495357125,0.0,0.0,0.500610875,-1.0,0.0,0.467,0.37320408163265306,0.024901354377732752,0.467,0.04728156322770072,18754,0.01705818344748128,clean_label_badnets,0.02,mhash,64,spatial,median,bit_em,mad,0.171,0.291
0.5244417040816327,0.5076519081632653,0.023894602830101367,0.024,0.083,0.024,0.02,0.50499925,0.4921225,0.01,0.01,0.50499925,1.0,0.01,0.0,0.0003877551020408163,0.0,0.0,0.0,19,0.020007602889097857,clean_label_badnets,0.02,mhash,64,spatial,median,hamming_knn,mad,0.171,0.424
0.5316691428571428,0.20461783673469391,0.023341356396616636,0.0,0.0,0.0,0.02,0.492035,0.492035,0.0,0.0,0.507965,-1.0,0.0,0.031,0.16479591836734694,0.0038243276585245498,0.031,0.006808697562047002,8106,0.02312980379051893,clean_label_badnets,0.02,mhash,64,spatial,median,hamming_ball,mad,0.171,0.418
0.5115137346938775,0.494587806122449,0.023682874436514186,0.0,0.113,0.0,0.02,0.499420125,0.49612787500000005,0.0,0.0,0.500579875,-1.0,0.007,0.167,0.09948979591836735,0.033121777072590244,0.167,0.05527970870572658,5042,0.018528404288446994,clean_label_badnets,0.02,mhash,64,spatial,median,block_collision,mad,0.171,0.157
0.4974609795918367,0.4819255816326531,0.01946967527981828,0.005,0.049,0.005,0.02,0.493478875,0.486180375,0.009,0.009,0.506521125,-1.0,0.012,0.0,0.0003469387755102041,0.0,0.0,0.0,17,0.020006802312786346,clean_label_badnets,0.02,mhash,64,spatial,median,hash_spectral,mad,0.171,0.045
0.468723693877551,0.508294275510204,0.01832145147391301,0.0,0.023,0.0,0.02,0.5230456250000002,0.500376875,0.015,0.001,0.5230456250000002,1.0,0.015,0.0,0.0020408163265306124,0.0,0.0,0.0,100,0.02004008016032064,clean_label_badnets,0.02,mhash,64,spatial,median,hash_stability,mad,0.171,0.027
0.4775186224489796,0.5137721836734693,0.018242515275398122,0.0,0.001,0.035,0.02,0.516066125,0.4998895,0.012,0.006,0.516066125,1.0,0.012,0.0,0.0013673469387755102,0.0,0.0,0.0,67,0.02002683596018665,clean_label_badnets,0.02,ahash_rgb,192,spatial,mean,bit_llr,mad,0.381,0.081
0.702433969387755,0.5861171530612245,0.10760415294508059,0.0,0.46,0.0,0.02,0.492955625,0.492322125,0.0,0.0,0.507044375,-1.0,0.0,0.481,0.3903469387755102,0.02453080375356997,0.481,0.046680900621118016,19608,0.01707686233219268,clean_label_badnets,0.02,ahash_rgb,192,spatial,mean,bit_em,mad,0.381,0.652
0.5041726020408163,0.4933996224489795,0.020279395092569034,0.003,0.059,0.003,0.02,0.498834875,0.4883925,0.004,0.006,0.501165125,-1.0,0.008,0.0,0.0,0.0,0.0,0.0,0,0.02,clean_label_badnets,0.02,ahash_rgb,192,spatial,mean,hamming_knn,mad,0.381,0.443
0.5491098979591837,0.2556529183673469,0.022648344975570382,0.0,0.0,0.0,0.02,0.49354775000000006,0.49354775000000006,0.002,0.002,0.5064522499999999,-1.0,0.002,0.027,0.1813469387755102,0.0030292830696735107,0.027,0.005447392313124181,8913,0.023681456421739237,clean_label_badnets,0.02,ahash_rgb,192,spatial,mean,hamming_ball,mad,0.381,0.434
0.5421609285714285,0.4731942959183673,0.023993501287160518,0.0,0.0,0.0,0.02,0.498760875,0.474018375,0.0,0.0,0.501239125,-1.0,0.011,0.0,0.042326530612244895,0.0,0.0,0.0,2074,0.020865500980678547,clean_label_badnets,0.02,ahash_rgb,192,spatial,mean,block_collision,mad,0.381,0.408
0.4999485918367347,0.4863181530612245,0.019662147081141765,0.011,0.045,0.011,0.02,0.486133375,0.4898056249999999,0.011,0.011,0.513866625,-1.0,0.011,0.0,0.0010816326530612246,0.0,0.0,0.0,53,0.020021222495845595,clean_label_badnets,0.02,ahash_rgb,192,spatial,mean,hash_spectral,mad,0.381,0.052
0.4970613979591837,0.49313659183673475,0.01920256138868342,0.001,0.01,0.005,0.02,0.5223411250000001,0.49561937500000003,0.009,0.017,0.5223411250000001,1.0,0.014,0.0,0.0006938775510204082,0.0,0.0,0.0,34,0.020013609254292918,clean_label_badnets,0.02,ahash_rgb,192,spatial,mean,hash_stability,mad,0.381,0.031
0.538067418367347,0.4991524489795918,0.025270044519037083,0.025,0.083,0.014,0.02,0.536913,0.496578375,0.018,0.014,0.536913,1.0,0.018,0.0,2.0408163265306123e-05,0.0,0.0,0.0,1,0.02000040000800016,clean_label_badnets,0.02,dhash,64,spatial,pairwise,bit_llr,mad,0.144,0.056
0.5636613469387755,0.5828430102040817,0.02866496626219907,0.0,0.0,0.0,0.02,0.491440375,0.49190325,0.0,0.0,0.508559625,-1.0,0.0,0.0,0.07928571428571428,0.0,0.0,0.0,3885,0.021684918139434024,clean_label_badnets,0.02,dhash,64,spatial,pairwise,bit_em,mad,0.144,0.295
0.4841881632653061,0.4828884591836735,0.018708024955024632,0.003,0.036,0.003,0.02,0.49272900000000003,0.48145024999999997,0.002,0.002,0.507271,-1.0,0.012,0.003,0.012285714285714285,0.0049586776859504135,0.003,0.003738317757009346,605,0.02018422917299322,clean_label_badnets,0.02,dhash,64,spatial,pairwise,hamming_knn,mad,0.144,0.44
0.5430461836734694,0.5338112551020409,0.02443083866076608,0.013,0.069,0.013,0.02,0.49634862500000004,0.486282625,0.002,0.002,0.503651375,-1.0,0.002,0.118,0.09055102040816326,0.025905598243688256,0.118,0.04248424842484248,4555,0.01940807569589614,clean_label_badnets,0.02,dhash,64,spatial,pairwise,hamming_ball,mad,0.144,0.437
0.495611612244898,0.5913983265306122,0.031576562114713214,0.053,0.114,0.053,0.02,0.488014625,0.478469375,0.0,0.0,0.5119853750000001,-1.0,0.0,0.192,0.10653061224489796,0.03547671840354767,0.192,0.05988771054273238,5412,0.018121467659459944,clean_label_badnets,0.02,dhash,64,spatial,pairwise,block_collision,mad,0.144,0.152
0.4951797142857143,0.4787725102040816,0.019196002255942056,0.007,0.033,0.007,0.02,0.489396375,0.47356037500000003,0.005,0.005,0.510603625,-1.0,0.008,0.001,0.001836734693877551,0.01098901098901099,0.001,0.0018331805682859762,91,0.02001642990242241,clean_label_badnets,0.02,dhash,64,spatial,pairwise,hash_spectral,mad,0.144,0.045
0.5678753775510205,0.5169078979591837,0.025249480401063097,0.011,0.059,0.012,0.02,0.560348875,0.49104962499999993,0.011,0.006,0.560348875,1.0,0.011,0.0,0.0005714285714285715,0.0,0.0,0.0,28,0.02001120627551429,clean_label_badnets,0.02,dhash,64,spatial,pairwise,hash_stability,mad,0.144,0.026
0.5277411836734693,0.4956378265306123,0.021880684000440992,0.012,0.069,0.002,0.02,0.53471525,0.494356625,0.017,0.008,0.53471525,1.0,0.017,0.0,0.0002653061224489796,0.0,0.0,0.0,13,0.02000520135235161,clean_label_badnets,0.02,dhash_v,64,spatial,pairwise,bit_llr,mad,0.136,0.056
0.6573533877551021,0.6351253571428572,0.09833721423114786,0.11,0.422,0.11,0.02,0.49087225,0.48645925,0.0,0.0,0.50912775,-1.0,0.0,0.424,0.10089795918367347,0.07898658718330849,0.424,0.13316582914572864,5368,0.012905538626994085,clean_label_badnets,0.02,dhash_v,64,spatial,pairwise,bit_em,mad,0.136,0.295
0.4966801632653061,0.5230949183673469,0.019989353188042142,0.004,0.046,0.004,0.02,0.50017025,0.51982,0.01,0.01,0.50017025,1.0,0.01,0.0,0.0029387755102040815,0.0,0.0,0.0,144,0.020057766367137356,clean_label_badnets,0.02,dhash_v,64,spatial,pairwise,hamming_knn,mad,0.136,0.443
0.5234968775510204,0.5346707040816326,0.02244632722197461,0.002,0.044,0.002,0.02,0.5063983750000001,0.5170771249999999,0.016,0.016,0.5063983750000001,1.0,0.016,0.125,0.10561224489795919,0.02358490566037736,0.125,0.03968253968253968,5300,0.019574944071588368,clean_label_badnets,0.02,dhash_v,64,spatial,pairwise,hamming_ball,mad,0.136,0.438
0.5004928979591836,0.4769210612244898,0.019684065496212152,0.0,0.0,0.0,0.02,0.49571850000000006,0.4912432500000001,0.0,0.0,0.5042814999999999,-1.0,0.0,0.118,0.13848979591836735,0.017091541135573582,0.118,0.0298582995951417,6904,0.02046593651382959,clean_label_badnets,0.02,dhash_v,64,spatial,pairwise,block_collision,mad,0.136,0.156
0.4850090204081633,0.49143782653061224,0.018396999823125048,0.0,0.006,0.0,0.02,0.49866374999999996,0.5002289999999999,0.012,0.012,0.50133625,-1.0,0.017,0.0,0.0005306122448979592,0.0,0.0,0.0,26,0.020010405410813625,clean_label_badnets,0.02,dhash_v,64,spatial,pairwise,hash_spectral,mad,0.136,0.045
0.5525782448979593,0.43054873469387756,0.022850866763629678,0.003,0.045,0.002,0.02,0.54110625,0.4933600000000001,0.006,0.006,0.54110625,1.0,0.006,0.0,0.0003469387755102041,0.0,0.0,0.0,17,0.020006802312786346,clean_label_badnets,0.02,dhash_v,64,spatial,pairwise,hash_stability,mad,0.136,0.027
0.5468768469387756,0.4936477346938775,0.024149354105768375,0.021,0.074,0.009,0.02,0.5433567499999999,0.496824375,0.015,0.011,0.5433567499999999,1.0,0.015,0.0,0.0009591836734693877,0.0,0.0,0.0,47,0.02001881768862731,clean_label_badnets,0.02,dhash16,256,spatial,pairwise,bit_llr,mad,0.197,0.091
0.5855653265306122,0.6381084897959183,0.08495429590514054,0.0,0.372,0.0,0.02,0.484004375,0.48244312500000003,0.0,0.0,0.515995625,-1.0,0.0,0.456,0.2658979591836735,0.033815350389321465,0.456,0.06296168450120815,13485,0.014897987128577298,clean_label_badnets,0.02,dhash16,256,spatial,pairwise,bit_em,mad,0.197,0.879
0.5052993673469388,0.4724518979591837,0.019410401948110476,0.003,0.032,0.003,0.02,0.48658624999999994,0.4644301249999999,0.002,0.002,0.51341375,-1.0,0.003,0.012,0.02557142857142857,0.009486166007905139,0.012,0.010596026490066225,1265,0.0202729044834308,clean_label_badnets,0.02,dhash16,256,spatial,pairwise,hamming_knn,mad,0.197,0.475
0.509600418367347,0.5162481734693878,0.026743580510628,0.031,0.096,0.031,0.02,0.48371125000000004,0.47989562499999994,0.002,0.002,0.51628875,-1.0,0.002,0.202,0.12908163265306122,0.03094836831622491,0.202,0.053673442274478546,6527,0.018356221102753433,clean_label_badnets,0.02,dhash16,256,spatial,pairwise,hamming_ball,mad,0.197,0.466
0.480614,0.5284043979591836,0.0202471359244165,0.0,0.0,0.0,0.02,0.485115125,0.48483,0.0,0.0,0.514884875,-1.0,0.0,0.114,0.15655102040816327,0.01464354527938343,0.114,0.025953329538986908,7785,0.020987800544830036,clean_label_badnets,0.02,dhash16,256,spatial,pairwise,block_collision,mad,0.197,0.718
0.4925454693877551,0.48559542857142857,0.01900778971421386,0.004,0.033,0.004,0.02,0.48450849999999995,0.4824845,0.003,0.003,0.5154915,-1.0,0.009,0.004,0.01,0.008097165991902834,0.004,0.00535475234270415,494,0.02011877348200218,clean_label_badnets,0.02,dhash16,256,spatial,pairwise,hash_spectral,mad,0.197,0.054
0.5311845918367347,0.4777318163265306,0.02187780785139721,0.009,0.051,0.003,0.02,0.544532,0.478628,0.015,0.003,0.544532,1.0,0.015,0.0,0.0030408163265306124,0.0,0.0,0.0,149,0.020059778138853783,clean_label_badnets,0.02,dhash16,256,spatial,pairwise,hash_stability,mad,0.197,0.03
0.5284003673469388,0.49547047959183677,0.023096713383935256,0.02,0.076,0.005,0.02,0.524346,0.49810050000000006,0.011,0.005,0.524346,1.0,0.011,0.0,0.0003469387755102041,0.0,0.0,0.0,17,0.020006802312786346,clean_label_badnets,0.02,blockhash,256,spatial,median,bit_llr,mad,0.377,0.092
0.4510081530612245,0.38260827551020415,0.019310593044309314,0.0,0.0,0.0,0.02,0.487766125,0.5009536250000001,0.0,0.0,0.512233875,-1.0,0.0,0.0,0.2953469387755102,0.0,0.0,0.0,14472,0.028146813780680027,clean_label_badnets,0.02,blockhash,256,spatial,median,bit_em,mad,0.377,0.889
0.4862699183673469,0.49125378571428574,0.019429219511140714,0.011,0.039,0.011,0.02,0.490908,0.49469,0.007,0.007,0.509092,-1.0,0.009,0.005,0.0014693877551020407,0.06493506493506493,0.005,0.009285051067780872,77,0.019930693267632152,clean_label_badnets,0.02,blockhash,256,spatial,median,hamming_knn,mad,0.377,0.468
0.4904133367346939,0.46074501020408165,0.018649990168628915,0.0,0.01,0.0,0.02,0.49664949999999997,0.485809,0.009,0.009,0.5033505,-1.0,0.009,0.07,0.1466734693877551,0.00964585917045611,0.07,0.016955310645512898,7257,0.021757948669957655,clean_label_badnets,0.02,blockhash,256,spatial,median,hamming_ball,mad,0.377,0.458
0.521895693877551,0.48533350000000003,0.025840853449316102,0.0,0.0,0.0,0.02,0.49471624999999997,0.5085129999999999,0.0,0.01,0.50528375,-1.0,0.01,0.0,0.028632653061224488,0.0,0.0,0.0,1403,0.020577401897236454,clean_label_badnets,0.02,blockhash,256,spatial,median,block_collision,mad,0.377,0.711
0.49513098979591835,0.5008038775510204,0.020993364128835686,0.015,0.063,0.015,0.02,0.47892524999999997,0.4995345,0.009,0.009,0.52107475,-1.0,0.01,0.003,0.0009795918367346938,0.058823529411764705,0.003,0.005708848715509039,51,0.019960359566758092,clean_label_badnets,0.02,blockhash,256,spatial,median,hash_spectral,mad,0.377,0.054
0.5264355510204082,0.48673614285714284,0.021398814619513956,0.005,0.04,0.004,0.02,0.524968625,0.481789375,0.005,0.005,0.524968625,1.0,0.007,0.0,0.0019387755102040817,0.0,0.0,0.0,95,0.020038072337441138,clean_label_badnets,0.02,blockhash,256,spatial,median,hash_stability,mad,0.377,0.029
0.792548724489796,0.6428713469387755,0.21249885547690228,0.221,0.355,0.096,0.02,0.8428039999999999,0.6666682500000001,0.33,0.118,0.8428039999999999,1.0,0.33,0.003,0.00020408163265306123,0.23076923076923078,0.003,0.005923000987166831,13,0.019945185748294555,clean_label_badnets,0.02,phash,64,frequency,median,bit_llr,mad,0.537,0.056
0.9354660102040817,0.9211581428571429,0.7528487150590663,0.681,0.859,0.681,0.02,0.922212875,0.9108356249999999,0.675,0.675,0.922212875,1.0,0.675,0.883,0.05836734693877551,0.23590702644937217,0.883,0.3723381825848619,3743,0.0025293469096569167,clean_label_badnets,0.02,phash,64,frequency,median,bit_em,mad,0.537,0.32
0.7024615816326532,0.6006202448979592,0.07360240041993635,0.094,0.225,0.094,0.02,0.734170625,0.61553575,0.12,0.12,0.734170625,1.0,0.12,0.083,0.006979591836734694,0.1952941176470588,0.083,0.11649122807017544,425,0.01849722642460918,clean_label_badnets,0.02,phash,64,frequency,median,hamming_knn,mad,0.537,0.436
0.7241825918367346,0.6594322142857144,0.09646188872208655,0.11,0.272,0.11,0.02,0.763413,0.677514625,0.183,0.183,0.763413,1.0,0.183,0.172,0.022040816326530613,0.13738019169329074,0.172,0.152753108348135,1252,0.016985312217937146,clean_label_badnets,0.02,phash,64,frequency,median,hamming_ball,mad,0.537,0.435
0.5203705918367346,0.5118773979591837,0.021407081416162606,0.007,0.059,0.007,0.02,0.519369375,0.524515125,0.021,0.021,0.519369375,1.0,0.021,0.003,0.002775510204081633,0.02158273381294964,0.003,0.0052677787532923615,139,0.01999558773390024,clean_label_badnets,0.02,phash,64,frequency,median,hash_spectral,mad,0.537,0.045
0.642417081632653,0.5596876530612245,0.03644238743742609,0.03,0.137,0.03,0.02,0.612907375,0.5316776249999999,0.011,0.011,0.612907375,1.0,0.011,0.03,0.00863265306122449,0.06622516556291391,0.03,0.04129387474191328,453,0.019577370981088662,clean_label_badnets,0.02,phash,64,frequency,median,hash_stability,mad,0.537,0.025
0.7925487653061225,0.6428713775510204,0.212498933041149,0.221,0.355,0.096,0.02,0.842804125,0.6666682500000001,0.33,0.118,0.842804125,1.0,0.33,0.003,0.00020408163265306123,0.23076923076923078,0.003,0.005923000987166831,13,0.019945185748294555,clean_label_badnets,0.02,phash_nodc,63,frequency,median,bit_llr,mad,0.544,0.058
0.9354706734693877,0.921167693877551,0.7528719448497466,0.681,0.859,0.681,0.02,0.9222152499999999,0.91083825,0.675,0.675,0.9222152499999999,1.0,0.675,0.883,0.05836734693877551,0.23590702644937217,0.883,0.3723381825848619,3743,0.0025293469096569167,clean_label_badnets,0.02,phash_nodc,63,frequency,median,bit_em,mad,0.544,0.296
0.7024615816326532,0.6006202448979592,0.07360240041993635,0.094,0.225,0.094,0.02,0.734170625,0.61553575,0.12,0.12,0.734170625,1.0,0.12,0.083,0.006979591836734694,0.1952941176470588,0.083,0.11649122807017544,425,0.01849722642460918,clean_label_badnets,0.02,phash_nodc,63,frequency,median,hamming_knn,mad,0.544,0.438
0.7241825918367346,0.6594322142857144,0.09646188872208655,0.11,0.272,0.11,0.02,0.763413,0.677514625,0.183,0.183,0.763413,1.0,0.183,0.172,0.022040816326530613,0.13738019169329074,0.172,0.152753108348135,1252,0.016985312217937146,clean_label_badnets,0.02,phash_nodc,63,frequency,median,hamming_ball,mad,0.544,0.438
0.5305334489795919,0.5244313571428572,0.023473854286903226,0.019,0.072,0.019,0.02,0.527547125,0.5332321250000001,0.033,0.033,0.527547125,1.0,0.033,0.003,0.0016530612244897958,0.03571428571428571,0.003,0.005535055350553505,84,0.01997355557336325,clean_label_badnets,0.02,phash_nodc,63,frequency,median,hash_spectral,mad,0.544,0.044
0.642417081632653,0.5596876530612245,0.03644238743742609,0.03,0.137,0.03,0.02,0.612907375,0.5316776249999999,0.011,0.011,0.612907375,1.0,0.011,0.03,0.00863265306122449,0.06622516556291391,0.03,0.04129387474191328,453,0.019577370981088662,clean_label_badnets,0.02,phash_nodc,63,frequency,median,hash_stability,mad,0.544,0.025
0.7781117959183674,0.6263502755102042,0.14516654864303263,0.165,0.321,0.053,0.02,0.82442775,0.650056625,0.308,0.073,0.82442775,1.0,0.308,0.0,0.0002653061224489796,0.0,0.0,0.0,13,0.02000520135235161,clean_label_badnets,0.02,phash_mean,64,frequency,mean,bit_llr,mad,0.516,0.056
0.9465238775510204,0.9237305102040817,0.8357508588307208,0.841,0.888,0.841,0.02,0.92142975,0.91099675,0.661,0.661,0.92142975,1.0,0.661,0.878,0.01753061224489796,0.5054691997697179,0.878,0.6415783704786262,1737,0.002527816339639061,clean_label_badnets,0.02,phash_mean,64,frequency,mean,bit_em,mad,0.516,0.297
0.675939448979592,0.5773319285714286,0.058270402658332734,0.074,0.16,0.069,0.02,0.726683375,0.606452625,0.125,0.126,0.726683375,1.0,0.125,0.059,0.006183673469387755,0.16298342541436464,0.059,0.08663729809104258,362,0.018957250493573472,clean_label_badnets,0.02,phash_mean,64,frequency,mean,hamming_knn,mad,0.516,0.441
0.6875942244897958,0.6351512448979592,0.05552318902777565,0.074,0.197,0.074,0.02,0.73206075,0.665164625,0.175,0.175,0.73206075,1.0,0.175,0.197,0.0486530612244898,0.07632700503680744,0.197,0.1100251326445127,2581,0.01693414032349902,clean_label_badnets,0.02,phash_mean,64,frequency,mean,hamming_ball,mad,0.516,0.437
0.5061545510204082,0.5277729795918367,0.022363978853329792,0.023,0.078,0.023,0.02,0.5020782500000001,0.53669375,0.021,0.021,0.5020782500000001,1.0,0.021,0.001,0.0013061224489795918,0.015384615384615385,0.001,0.0018779342723004694,65,0.0200060078101532,clean_label_badnets,0.02,phash_mean,64,frequency,mean,hash_spectral,mad,0.516,0.044
0.5312389897959184,0.49268791836734693,0.021679926171814322,0.005,0.039,0.002,0.02,0.5440858749999999,0.46783612500000005,0.002,0.002,0.5440858749999999,1.0,0.002,0.001,0.001836734693877551,0.01098901098901099,0.001,0.0018331805682859762,91,0.02001642990242241,clean_label_badnets,0.02,phash_mean,64,frequency,mean,hash_stability,mad,0.516,0.027
0.897823275510204,0.8137046734693878,0.49567302369773486,0.468,0.626,0.356,0.02,0.936947,0.8441045,0.649,0.436,0.936947,1.0,0.649,0.109,0.00024489795918367346,0.9008264462809917,0.109,0.19446922390722568,121,0.0178632290142144,clean_label_badnets,0.02,phash16,256,frequency,median,bit_llr,mad,0.618,0.091
0.9545605102040815,0.944374693877551,0.835877816170913,0.77,0.906,0.77,0.02,0.9520004999999998,0.9401387500000001,0.806,0.806,0.9520004999999998,1.0,0.806,0.927,0.15226530612244898,0.11051502145922747,0.927,0.19748615253515125,8388,0.0017543016437566088,clean_label_badnets,0.02,phash16,256,frequency,median,bit_em,mad,0.618,0.906
0.7559850306122449,0.6612879489795919,0.09633026039921008,0.138,0.313,0.138,0.02,0.787244875,0.688166625,0.206,0.206,0.787244875,1.0,0.206,0.131,0.009244897959183674,0.2243150684931507,0.131,0.16540404040404041,584,0.017585397442124007,clean_label_badnets,0.02,phash16,256,frequency,median,hamming_knn,mad,0.618,0.467
0.7719954795918368,0.7207176122448979,0.2433131772797621,0.258,0.41,0.258,0.02,0.801310375,0.739723125,0.335,0.335,0.801310375,1.0,0.335,0.319,0.01583673469387755,0.291324200913242,0.319,0.3045346062052506,1095,0.013924956548410182,clean_label_badnets,0.02,phash16,256,frequency,median,hamming_ball,mad,0.618,0.463
0.8099165408163265,0.7953293163265306,0.42107754053030516,0.43,0.566,0.43,0.02,0.8419752500000001,0.8240577499999999,0.539,0.539,0.8419752500000001,1.0,0.539,0.392,0.00626530612244898,0.5608011444921316,0.392,0.4614479105356092,699,0.012332407050566926,clean_label_badnets,0.02,phash16,256,frequency,median,hash_spectral,mad,0.618,0.054
0.6048125102040817,0.47572356122448983,0.02719273740978962,0.005,0.058,0.003,0.02,0.6252927500000001,0.504130875,0.025,0.003,0.6252927500000001,1.0,0.025,0.001,0.001530612244897959,0.013157894736842105,0.001,0.0018587360594795538,76,0.020010415832064737,clean_label_badnets,0.02,phash16,256,frequency,median,hash_stability,mad,0.618,0.028
0.9329984591836735,0.8911592959183673,0.6930317204078145,0.67,0.773,0.595,0.02,0.9550357499999999,0.9109965,0.775,0.672,0.9550357499999999,1.0,0.775,0.352,8.163265306122449e-05,0.9887640449438202,0.352,0.5191740412979351,356,0.01305293691080493,clean_label_badnets,0.02,pdq,256,frequency,median,bit_llr,mad,2.249,0.091
0.9619603469387756,0.9563924183673469,0.8732191147982546,0.824,0.918,0.824,0.02,0.95952975,0.95033425,0.824,0.824,0.95952975,1.0,0.824,0.941,0.12081632653061225,0.13715201865617258,0.941,0.23940974430734002,6861,0.00136767194418044,clean_label_badnets,0.02,pdq,256,frequency,median,bit_em,mad,2.249,0.91
0.7814934285714285,0.7144714693877551,0.18909505015490297,0.268,0.428,0.268,0.02,0.816817875,0.7343333750000001,0.34,0.34,0.816817875,1.0,0.34,0.237,0.0066326530612244895,0.42170818505338076,0.237,0.3034571062740077,562,0.015433472227840932,clean_label_badnets,0.02,pdq,256,frequency,median,hamming_knn,mad,2.249,0.47
0.8171248571428571,0.7733125816326532,0.4813036121806342,0.467,0.578,0.467,0.02,0.819233625,0.783053875,0.439,0.439,0.819233625,1.0,0.439,0.467,0.009857142857142858,0.49157894736842106,0.467,0.47897435897435897,950,0.010866462793068297,clean_label_badnets,0.02,pdq,256,frequency,median,hamming_ball,mad,2.249,0.464
0.825898836734694,0.8166242448979592,0.5063359694098832,0.492,0.589,0.492,0.02,0.8540142500000001,0.8433327500000001,0.57,0.57,0.8540142500000001,1.0,0.57,0.412,0.0029387755102040815,0.7410071942446043,0.412,0.5295629820051414,556,0.011892241728015533,clean_label_badnets,0.02,pdq,256,frequency,median,hash_spectral,mad,2.249,0.054
0.5741709897959184,0.46259042857142857,0.02429930223559061,0.008,0.043,0.002,0.02,0.61997375,0.48233937499999996,0.02,0.002,0.61997375,1.0,0.02,0.001,0.0016530612244897958,0.012195121951219513,0.001,0.0018484288354898336,82,0.020012821026483434,clean_label_badnets,0.02,pdq,256,frequency,median,hash_stability,mad,2.249,0.028
0.5057810816326531,0.5061523265306123,0.019982314108399478,0.0,0.023,0.0,0.02,0.5192025,0.50755425,0.023,0.007,0.5192025,1.0,0.023,0.0,0.0013673469387755102,0.0,0.0,0.0,67,0.02002683596018665,clean_label_badnets,0.02,whash_haar,64,wavelet,median,bit_llr,mad,0.621,0.055
0.46763190816326533,0.5718244183673469,0.02374487662624441,0.0,0.0,0.0,0.02,0.499768125,0.49502112500000006,0.0,0.0,0.500231875,-1.0,0.0,0.468,0.3731632653061224,0.02495600703887378,0.468,0.04738520731028198,18753,0.017025634460908247,clean_label_badnets,0.02,whash_haar,64,wavelet,median,bit_em,mad,0.621,0.289
0.5244606224489796,0.5076993265306122,0.02389647394513296,0.024,0.083,0.024,0.02,0.50482325,0.49252150000000006,0.01,0.01,0.50482325,1.0,0.01,0.0,0.0003877551020408163,0.0,0.0,0.0,19,0.020007602889097857,clean_label_badnets,0.02,whash_haar,64,wavelet,median,hamming_knn,mad,0.621,0.42
0.5316675714285715,0.20461653061224494,0.02334132204674036,0.0,0.0,0.0,0.02,0.492047,0.492047,0.0,0.0,0.507953,-1.0,0.0,0.031,0.16479591836734694,0.0038243276585245498,0.031,0.006808697562047002,8106,0.02312980379051893,clean_label_badnets,0.02,whash_haar,64,wavelet,median,hamming_ball,mad,0.621,0.418
0.511617693877551,0.4944488367346939,0.02368677756345786,0.0,0.113,0.0,0.02,0.49947962500000004,0.49606500000000003,0.0,0.0,0.500520375,-1.0,0.007,0.167,0.09948979591836735,0.033121777072590244,0.167,0.05527970870572658,5042,0.018528404288446994,clean_label_badnets,0.02,whash_haar,64,wavelet,median,block_collision,mad,0.621,0.159
0.4971588877551021,0.48215739795918366,0.019455165210894965,0.005,0.049,0.005,0.02,0.493353625,0.48632462499999995,0.009,0.009,0.506646375,-1.0,0.012,0.0,0.0003469387755102041,0.0,0.0,0.0,17,0.020006802312786346,clean_label_badnets,0.02,whash_haar,64,wavelet,median,hash_spectral,mad,0.621,0.045
0.46876445918367343,0.5083763265306123,0.018325617696120962,0.0,0.023,0.0,0.02,0.5229037500000001,0.500290125,0.015,0.001,0.5229037500000001,1.0,0.015,0.0,0.0020408163265306124,0.0,0.0,0.0,100,0.02004008016032064,clean_label_badnets,0.02,whash_haar,64,wavelet,median,hash_stability,mad,0.621,0.027
0.5120469693877552,0.4824591020408163,0.01966775764549164,0.0,0.0,0.0,0.02,0.516749375,0.48797875,0.005,0.012,0.516749375,1.0,0.012,0.0,0.004163265306122449,0.0,0.0,0.0,204,0.020081934291910998,clean_label_badnets,0.02,whash_db4,169,wavelet,median,bit_llr,mad,1.592,0.076
0.46106480612244893,0.2958110306122449,0.023355125463393522,0.0,0.0,0.0,0.02,0.499796625,0.500203375,0.0,0.0,0.500203375,-1.0,0.0,0.0,0.35181632653061223,0.0,0.0,0.0,17239,0.030524098775983638,clean_label_badnets,0.02,whash_db4,169,wavelet,median,bit_em,mad,1.592,0.597
0.4882167142857143,0.4846083163265306,0.01863669375172546,0.0,0.001,0.0,0.02,0.47908337500000003,0.48528812499999996,0.0,0.004,0.5209166249999999,-1.0,0.006,0.0,0.0,0.0,0.0,0.0,0,0.02,clean_label_badnets,0.02,whash_db4,169,wavelet,median,hamming_knn,mad,1.592,0.442
0.508998387755102,0.3676795306122449,0.01984507912020548,0.0,0.0,0.0,0.02,0.47791624999999993,0.47791624999999993,0.001,0.001,0.5220837500000001,-1.0,0.001,0.016,0.11438775510204081,0.0028464685998932575,0.016,0.004833106781452953,5621,0.022172649225985264,clean_label_badnets,0.02,whash_db4,169,wavelet,median,hamming_ball,mad,1.592,0.436
0.47864625510204084,0.479577306122449,0.0185414814257844,0.0,0.053,0.0,0.02,0.48097887500000003,0.479303,0.01,0.01,0.519021125,-1.0,0.01,0.0,0.001979591836734694,0.0,0.0,0.0,97,0.020038875418311525,clean_label_badnets,0.02,whash_db4,169,wavelet,median,hash_spectral,mad,1.592,0.052
0.5433417551020409,0.5321210204081633,0.024936869021436693,0.021,0.083,0.024,0.02,0.5540437500000001,0.5037969999999999,0.007,0.003,0.5540437500000001,1.0,0.012,0.003,0.0029387755102040815,0.02040816326530612,0.003,0.0052310374891020054,147,0.019998796461597097,clean_label_badnets,0.02,whash_db4,169,wavelet,median,hash_stability,mad,1.592,0.029
0.5815620306122449,0.5143818877551021,0.02717929885709149,0.024,0.087,0.006,0.02,0.5963001250000001,0.516528125,0.03,0.014,0.5963001250000001,1.0,0.03,0.0,0.00042857142857142855,0.0,0.0,0.0,21,0.020008403529482383,clean_label_badnets,0.02,mh,64,frequency,mean,bit_llr,mad,0.951,0.055
0.3527247857142858,0.5773634081632653,0.014826646833510683,0.0,0.0,0.0,0.02,0.50180175,0.5041015,0.006,0.009,0.50180175,1.0,0.009,0.0,0.02748979591836735,0.0,0.0,0.0,1347,0.020553717139744722,clean_label_badnets,0.02,mh,64,frequency,mean,bit_em,mad,0.951,0.311
0.5181149693877551,0.47942804081632656,0.020558936860282713,0.001,0.043,0.001,0.02,0.5242671250000001,0.46865700000000005,0.006,0.006,0.5242671250000001,1.0,0.006,0.001,0.008775510204081632,0.002320185614849188,0.001,0.001397624039133473,431,0.020153725110452096,clean_label_badnets,0.02,mh,64,frequency,mean,hamming_knn,mad,0.951,0.45
0.5304710612244897,0.49461093877551016,0.022514995737170425,0.005,0.062,0.005,0.02,0.5235293750000001,0.49400499999999997,0.005,0.005,0.5235293750000001,1.0,0.005,0.057,0.04297959183673469,0.026352288488210817,0.057,0.036041732532405946,2163,0.019712774630516128,clean_label_badnets,0.02,mh,64,frequency,mean,hamming_ball,mad,0.951,0.445
0.5557490306122449,0.6563810714285714,0.04573189401049409,0.077,0.185,0.077,0.02,0.519730625,0.513656125,0.011,0.011,0.519730625,1.0,0.011,0.195,0.06051020408163265,0.061708860759493674,0.195,0.09375,3160,0.017186165670367206,clean_label_badnets,0.02,mh,64,frequency,mean,block_collision,mad,0.951,0.151
0.4900436020408163,0.4897513775510204,0.01865180545301351,0.0,0.026,0.0,0.02,0.502488625,0.495648875,0.009,0.009,0.502488625,1.0,0.009,0.0,0.003918367346938775,0.0,0.0,0.0,192,0.020077096048827497,clean_label_badnets,0.02,mh,64,frequency,mean,hash_spectral,mad,0.951,0.045
0.4962945612244898,0.4572994285714286,0.019939358633004264,0.002,0.023,0.002,0.02,0.480671375,0.520155375,0.011,0.011,0.519328625,-1.0,0.013,0.001,0.00636734693877551,0.003194888178913738,0.001,0.0015232292460015233,313,0.020105862700505163,clean_label_badnets,0.02,mh,64,frequency,mean,hash_stability,mad,0.951,0.027
0.5359995102040817,0.436827775510204,0.021478550924894653,0.0,0.0,0.0,0.02,0.49553112499999996,0.500257125,0.011,0.018,0.504468875,-1.0,0.017,0.0,0.03728571428571428,0.0,0.0,0.0,1827,0.020758516181263363,clean_label_badnets,0.02,colorhash,42,colour,quantisation,bit_llr,mad,2.52,0.049
0.5645030612244898,0.5047702244897959,0.02596077672866328,0.0,0.0,0.0,0.02,0.48938887499999995,0.48659662499999995,0.0,0.0,0.510611125,-1.0,0.0,0.473,0.41412244897959183,0.022778714182518662,0.473,0.04346427750976338,20765,0.01802633829314178,clean_label_badnets,0.02,colorhash,42,colour,quantisation,bit_em,mad,2.52,0.24
0.49729822448979594,0.6899047040816327,0.03140348050668827,0.0,0.0,0.077,0.02,0.48494675000000004,0.516915375,0.0,0.007,0.51505325,-1.0,0.007,0.095,0.01657142857142857,0.10474090407938258,0.095,0.09963293130571578,907,0.018434400016295604,clean_label_badnets,0.02,colorhash,42,colour,quantisation,hamming_knn,mad,2.52,0.323
0.4771124591836735,0.5508237857142857,0.02104791323815801,0.0,0.0,0.0,0.02,0.4866745,0.494082625,0.0,0.0,0.5133255,-1.0,0.0,0.335,0.25981632653061226,0.025639063217511096,0.335,0.04763258922223802,13066,0.018005090160827422,clean_label_badnets,0.02,colorhash,42,colour,quantisation,hamming_ball,mad,2.52,0.321
0.4523782959183673,0.45711604081632656,0.017524893609925776,0.0,0.0,0.0,0.02,0.49777387500000003,0.5017088749999999,0.023,0.011,0.502226125,-1.0,0.023,0.0,0.006530612244897959,0.0,0.0,0.0,320,0.020128824476650563,clean_label_badnets,0.02,colorhash,42,colour,quantisation,hash_spectral,mad,2.52,0.04
0.5225603775510205,0.48287374489795915,0.021511602252931503,0.007,0.017,0.007,0.02,0.51279,0.5096805,0.007,0.007,0.51279,1.0,0.007,0.001,0.0008775510204081633,0.022727272727272728,0.001,0.0019157088122605363,44,0.019997597886139803,clean_label_badnets,0.02,colorhash,42,colour,quantisation,hash_stability,mad,2.52,0.023
0.5036902346938775,0.4960597142857143,0.021145861028139774,0.014,0.05,0.01,0.02,0.501314,0.49653,0.012,0.01,0.501314,1.0,0.012,0.001,0.00032653061224489796,0.058823529411764705,0.001,0.0019665683382497543,17,0.01998679551047356,clean_label_badnets,0.02,rhash8,64,residual,zero,bit_llr,mad,0.512,0.056
0.5308293571428572,0.5669492551020408,0.027100012087287007,0.0,0.0,0.0,0.02,0.49853650000000005,0.49825225000000006,0.009,0.009,0.5014635,-1.0,0.009,0.261,0.08397959183673469,0.059643510054844605,0.261,0.09709821428571429,4376,0.016197615290198142,clean_label_badnets,0.02,rhash8,64,residual,zero,bit_em,mad,0.512,0.295
0.5238732448979592,0.48854926530612247,0.02226702898307862,0.015,0.061,0.015,0.02,0.519141125,0.5062335,0.006,0.006,0.519141125,1.0,0.006,0.004,0.003959183673469388,0.020202020202020204,0.004,0.00667779632721202,198,0.019999196819404843,clean_label_badnets,0.02,rhash8,64,residual,zero,hamming_knn,mad,0.512,0.444
0.5476967653061224,0.4946758163265307,0.025955701787994688,0.024,0.09,0.024,0.02,0.51594175,0.5048177500000001,0.007,0.007,0.51594175,1.0,0.007,0.045,0.01863265306122449,0.04697286012526096,0.045,0.045965270684371805,958,0.019473104685779535,clean_label_badnets,0.02,rhash8,64,residual,zero,hamming_ball,mad,0.512,0.444
0.5950351836734694,0.4875481632653061,0.029783090658749393,0.037,0.086,0.037,0.02,0.50696675,0.514011,0.006,0.006,0.50696675,1.0,0.006,0.068,0.018,0.07157894736842105,0.068,0.06974358974358974,950,0.019001019367991846,clean_label_badnets,0.02,rhash8,64,residual,zero,block_collision,mad,0.512,0.151
0.5040239285714285,0.5055031224489795,0.020783935531295924,0.014,0.053,0.014,0.02,0.49989725,0.50468025,0.011,0.011,0.5001027499999999,-1.0,0.011,0.011,0.007795918367346939,0.027989821882951654,0.011,0.015793251974156496,393,0.019936702481504625,clean_label_badnets,0.02,rhash8,64,residual,zero,hash_spectral,mad,0.512,0.045
0.5329617142857143,0.5169115918367346,0.02466657676431754,0.029,0.077,0.017,0.02,0.526585875,0.4872806250000001,0.008,0.004,0.526585875,1.0,0.008,0.001,0.0019591836734693877,0.010309278350515464,0.001,0.0018231540565177757,97,0.02001883654289321,clean_label_badnets,0.02,rhash8,64,residual,zero,hash_stability,mad,0.512,0.026
0.5367988979591837,0.4922892551020408,0.023895752480400413,0.025,0.07,0.017,0.02,0.5330792499999999,0.48703799999999997,0.013,0.009,0.5330792499999999,1.0,0.013,0.006,0.0021224489795918368,0.05454545454545454,0.006,0.010810810810810811,110,0.01992383243134897,clean_label_badnets,0.02,rhash16,256,residual,zero,bit_llr,mad,0.59,0.092
0.4727483571428571,0.5223362857142857,0.01844620852324523,0.0,0.0,0.0,0.02,0.5159806250000001,0.5099115,0.0,0.0,0.5159806250000001,1.0,0.0,0.0,0.11316326530612245,0.0,0.0,0.0,5545,0.022494657518839275,clean_label_badnets,0.02,rhash16,256,residual,zero,bit_em,mad,0.59,0.906
0.5179903469387754,0.5068766224489796,0.020988019759868106,0.002,0.043,0.002,0.02,0.51522925,0.5060871250000001,0.01,0.01,0.51522925,1.0,0.01,0.005,0.014081632653061225,0.007194244604316547,0.005,0.0058997050147492625,695,0.020180509076158603,clean_label_badnets,0.02,rhash16,256,residual,zero,hamming_knn,mad,0.59,0.467
0.526046887755102,0.5336214081632653,0.024525737921363117,0.015,0.084,0.015,0.02,0.5154004999999999,0.5053973749999999,0.011,0.011,0.5154004999999999,1.0,0.011,0.063,0.03573469387755102,0.034729878721058434,0.063,0.04477611940298507,1814,0.019445482090233678,clean_label_badnets,0.02,rhash16,256,residual,zero,hamming_ball,mad,0.59,0.475
0.5565492244897959,0.5565217448979592,0.024889939757715432,0.0,0.063,0.0,0.02,0.52535375,0.515273125,0.011,0.011,0.52535375,1.0,0.011,0.12,0.08044897959183674,0.029542097488921712,0.12,0.047412090082971155,4062,0.019156254081588227,clean_label_badnets,0.02,rhash16,256,residual,zero,block_collision,mad,0.59,0.708
0.49800313265306123,0.5026048163265306,0.01948287346210586,0.0,0.034,0.0,0.02,0.49666674999999993,0.505513125,0.007,0.007,0.5033332500000001,-1.0,0.014,0.003,0.015938775510204083,0.003826530612244898,0.003,0.0033632286995515697,784,0.020257639791937582,clean_label_badnets,0.02,rhash16,256,residual,zero,hash_spectral,mad,0.59,0.054
0.4863308367346939,0.5210700816326531,0.020084083420009936,0.01,0.045,0.011,0.02,0.489541,0.5121724999999999,0.007,0.011,0.510459,-1.0,0.011,0.007,0.005346938775510204,0.026022304832713755,0.007,0.01103230890464933,269,0.019967424745128793,clean_label_badnets,0.02,rhash16,256,residual,zero,hash_stability,mad,0.59,0.03
0.5826415408163266,0.4830803469387755,0.02758384966949784,0.025,0.105,0.011,0.02,0.5900245,0.48271449999999994,0.041,0.03,0.5900245,1.0,0.041,0.0,0.0028979591836734695,0.0,0.0,0.0,142,0.020056961771430865,clean_label_badnets,0.02,rhash32,1024,residual,zero,bit_llr,mad,0.463,0.251
0.5306473673469387,0.6326724489795919,0.04541843126096138,0.0,0.0,0.0,0.02,0.47255400000000003,0.47919575,0.0,0.0,0.527446,-1.0,0.0,0.444,0.3649591836734694,0.024226550990342117,0.444,0.04594608578672324,18327,0.01755438386007009,clean_label_badnets,0.02,rhash32,1024,residual,zero,bit_em,mad,0.463,4.086
0.5212108367346939,0.47704879591836735,0.02002170897492248,0.0,0.016,0.0,0.02,0.5267885,0.47741574999999997,0.005,0.005,0.5267885,1.0,0.005,0.01,0.03675510204081633,0.005521811154058531,0.01,0.007114905727499111,1811,0.020544107576417853,clean_label_badnets,0.02,rhash32,1024,residual,zero,hamming_knn,mad,0.463,0.558
0.5456464387755101,0.5140062448979592,0.026820095007372438,0.025,0.093,0.025,0.02,0.520615625,0.4966649999999999,0.008,0.008,0.520615625,1.0,0.008,0.152,0.09126530612244899,0.0328719723183391,0.152,0.05405405405405406,4624,0.01868829337094499,clean_label_badnets,0.02,rhash32,1024,residual,zero,hamming_ball,mad,0.463,0.548
0.8433185714285714,0.8234138571428571,0.7294546727667646,0.725,0.729,0.725,0.02,0.8516414999999999,0.8297080000000001,0.701,0.701,0.8516414999999999,1.0,0.701,0.729,0.0233265306122449,0.3894230769230769,0.729,0.5076601671309192,1872,0.005630817819148936,clean_label_badnets,0.02,rhash32,1024,residual,zero,block_collision,mad,0.463,3.217
0.501716693877551,0.49661443877551026,0.01911265417738965,0.0,0.008,0.0,0.02,0.50458525,0.503763375,0.006,0.006,0.50458525,1.0,0.011,0.0,0.028959183673469387,0.0,0.0,0.0,1419,0.020584179000020585,clean_label_badnets,0.02,rhash32,1024,residual,zero,hash_spectral,mad,0.463,0.183
0.501394193877551,0.496772918367347,0.020127031884255152,0.007,0.047,0.01,0.02,0.494675625,0.495331875,0.007,0.01,0.505324375,-1.0,0.018,0.008,0.005571428571428572,0.028469750889679714,0.008,0.01249024199843872,281,0.0199521309760856,clean_label_badnets,0.02,rhash32,1024,residual,zero,hash_stability,mad,0.463,0.031
0.558707918367347,0.4921073265306123,0.02429456192215087,0.018,0.064,0.012,0.02,0.565885,0.48876,0.014,0.011,0.565885,1.0,0.014,0.004,0.002183673469387755,0.036036036036036036,0.004,0.0072007200720072,111,0.019964320792158593,clean_label_badnets,0.02,rhash_rgb,768,residual,zero,bit_llr,mad,1.651,0.191
0.3131670612244898,0.5684759489795919,0.016614218401220134,0.0,0.0,0.0,0.02,0.517177875,0.491120375,0.0,0.0,0.517177875,1.0,0.0,0.454,0.305469387755102,0.02943846453118921,0.454,0.05529168189014736,15422,0.015790386951240673,clean_label_badnets,0.02,rhash_rgb,768,residual,zero,bit_em,mad,1.651,2.945
0.5233487857142858,0.48818214285714284,0.021048973176566486,0.002,0.054,0.002,0.02,0.524252375,0.4899505,0.011,0.011,0.524252375,1.0,0.011,0.006,0.015306122448979591,0.007936507936507936,0.006,0.00683371298405467,756,0.020185200227438877,clean_label_badnets,0.02,rhash_rgb,768,residual,zero,hamming_knn,mad,1.651,0.543
0.5608161428571428,0.5156886632653062,0.02758542832975054,0.021,0.107,0.021,0.02,0.52584775,0.49823000000000006,0.012,0.012,0.52584775,1.0,0.012,0.078,0.035489795918367345,0.04292790313703908,0.078,0.055378061767838126,1817,0.019135379698233815,clean_label_badnets,0.02,rhash_rgb,768,residual,zero,hamming_ball,mad,1.651,0.518
0.5655629693877552,0.48870601020408166,0.022063071593397376,0.0,0.0,0.0,0.02,0.528953375,0.5080473750000001,0.0,0.0,0.528953375,1.0,0.0,0.0,0.060244897959183676,0.0,0.0,0.0,2952,0.021254888624383607,clean_label_badnets,0.02,rhash_rgb,768,residual,zero,block_collision,mad,1.651,2.064
0.5055881836734694,0.49341498979591836,0.019815311000098954,0.002,0.047,0.002,0.02,0.50785675,0.493383,0.004,0.004,0.50785675,1.0,0.007,0.011,0.018408163265306123,0.012048192771084338,0.011,0.01150026136957658,913,0.02014790066616416,clean_label_badnets,0.02,rhash_rgb,768,residual,zero,hash_spectral,mad,1.651,0.117
0.48711235714285717,0.4964720816326531,0.019203478047136922,0.008,0.04,0.01,0.02,0.48831425,0.5051454999999999,0.008,0.015,0.51168575,-1.0,0.016,0.006,0.006224489795918367,0.01929260450160772,0.006,0.009153318077803204,311,0.020004427539294413,clean_label_badnets,0.02,rhash_rgb,768,residual,zero,hash_stability,mad,1.651,0.033
0.5198241530612245,0.49142863265306125,0.020342061113261138,0.0,0.016,0.006,0.02,0.5324096250000001,0.49914512499999997,0.029,0.011,0.5324096250000001,1.0,0.029,0.0,0.0006938775510204082,0.0,0.0,0.0,34,0.020013609254292918,clean_label_badnets,0.02,rhash_energy,256,residual,mean,bit_llr,mad,0.598,0.092
0.5949330816326531,0.5654402040816326,0.03699739194293199,0.0,0.0,0.0,0.02,0.49725125,0.48885675,0.0,0.0,0.5027487500000001,-1.0,0.0,0.472,0.1833265306122449,0.04992067689053411,0.472,0.09029172644667623,9455,0.013022567517573067,clean_label_badnets,0.02,rhash_energy,256,residual,mean,bit_em,mad,0.598,0.895
0.4852127244897959,0.48715865306122447,0.01838386137745077,0.0,0.001,0.0,0.02,0.497079375,0.4897872499999999,0.005,0.005,0.502920625,-1.0,0.005,0.0,0.0007551020408163266,0.0,0.0,0.0,37,0.02001481096011048,clean_label_badnets,0.02,rhash_energy,256,residual,mean,hamming_knn,mad,0.598,0.475
0.43185232653061223,0.542146387755102,0.02106563870996154,0.017,0.084,0.017,0.02,0.492308875,0.49660675,0.009,0.009,0.507691125,-1.0,0.009,0.194,0.17230612244897958,0.02246150283663309,0.194,0.04026149216561171,8637,0.01948601407054614,clean_label_badnets,0.02,rhash_energy,256,residual,mean,hamming_ball,mad,0.598,0.474
0.45842142857142854,0.25748924489795916,0.022566885037149938,0.0,0.0,0.0,0.02,0.5170695000000001,0.4829305,0.0,0.005,0.5170695000000001,1.0,0.005,0.033,0.1455918367346939,0.0046044370029300966,0.033,0.008081302803967185,7167,0.022576051175495528,clean_label_badnets,0.02,rhash_energy,256,residual,mean,block_collision,mad,0.598,0.703
0.49239498979591834,0.49794967346938773,0.019525004096054156,0.01,0.043,0.01,0.02,0.492326,0.49338887499999995,0.006,0.006,0.507674,-1.0,0.006,0.002,0.001816326530612245,0.02197802197802198,0.002,0.0036663611365719525,91,0.019996393436053618,clean_label_badnets,0.02,rhash_energy,256,residual,mean,hash_spectral,mad,0.598,0.054
0.4619766734693877,0.49022983673469384,0.01781626995101443,0.001,0.026,0.038,0.02,0.478847,0.48425562499999997,0.005,0.011,0.521153,-1.0,0.011,0.017,0.0032653061224489797,0.096045197740113,0.017,0.02888700084961767,177,0.019729843646508642,clean_label_badnets,0.02,rhash_energy,256,residual,mean,hash_stability,mad,0.598,0.031
0.514539551020408,0.5065033979591838,0.02303472998107008,0.025,0.071,0.018,0.02,0.5041877499999999,0.500172125,0.012,0.01,0.5041877499999999,1.0,0.012,0.007,0.0023877551020408164,0.056451612903225805,0.007,0.012455516014234875,124,0.01990937525062154,clean_label_badnets,0.02,ahash_res,256,residual,mean,bit_llr,mad,0.59,0.091
0.5157100714285714,0.5722055510204082,0.022075435867943288,0.0,0.0,0.0,0.02,0.511204875,0.507178375,0.0,0.0,0.511204875,1.0,0.0,0.0,0.11414285714285714,0.0,0.0,0.0,5593,0.022518972234107235,clean_label_badnets,0.02,ahash_res,256,residual,mean,bit_em,mad,0.59,0.897
0.5096390000000001,0.5005968163265306,0.020238685355761,0.001,0.035,0.001,0.02,0.507807,0.5081344999999999,0.008,0.008,0.507807,1.0,0.008,0.004,0.014122448979591837,0.005747126436781609,0.004,0.0047169811320754715,696,0.02020120071393802,clean_label_badnets,0.02,ahash_res,256,residual,mean,hamming_knn,mad,0.59,0.487
0.5298689285714285,0.5421529489795919,0.02485337134152702,0.019,0.079,0.019,0.02,0.5102443750000001,0.505715,0.01,0.01,0.5102443750000001,1.0,0.01,0.059,0.03348979591836735,0.03470588235294118,0.059,0.0437037037037037,1700,0.0194824016563147,clean_label_badnets,0.02,ahash_res,256,residual,mean,hamming_ball,mad,0.59,0.462
0.5573949897959184,0.5614355816326531,0.025114590031498043,0.0,0.063,0.0,0.02,0.52340275,0.52010625,0.011,0.011,0.52340275,1.0,0.011,0.125,0.08216326530612245,0.030113225728740062,0.125,0.04853426519122501,4151,0.019084385700887697,clean_label_badnets,0.02,ahash_res,256,residual,mean,block_collision,mad,0.59,0.706
0.496160081632653,0.4955720306122449,0.019256365733440688,0.0,0.032,0.0,0.02,0.49690900000000005,0.5001915,0.005,0.005,0.503091,-1.0,0.012,0.002,0.015877551020408165,0.002564102564102564,0.002,0.0022471910112359553,780,0.020276310442909385,clean_label_badnets,0.02,ahash_res,256,residual,mean,hash_spectral,mad,0.59,0.054
0.49978844897959185,0.5170146020408164,0.02083873256913895,0.01,0.049,0.008,0.02,0.497932125,0.508963875,0.007,0.008,0.502067875,-1.0,0.007,0.005,0.0049387755102040815,0.020242914979757085,0.005,0.00801924619085806,247,0.0199987940425703,clean_label_badnets,0.02,ahash_res,256,residual,mean,hash_stability,mad,0.59,0.03
0.45532061777777777,0.5175760911111111,0.08693270732204281,0.0,0.0002,0.0044,0.1,,,,,,,,0.0,0.0010444444444444444,0.0,0.0,0.0,47,0.10009408844313655,clean_label_badnets,0.1,ahash,64,spatial,mean,bit_llr,mad,0.145,0.052
0.7270131288888888,0.5849241533333334,0.5553975051445259,0.4754,0.4764,0.0,0.1,,,,,,,,0.4788,0.36395555555555553,0.12753036437246965,0.4788,0.20141342756183744,18772,0.08345074932752658,clean_label_badnets,0.1,ahash,64,spatial,mean,bit_em,mad,0.145,0.282
0.5125151933333334,0.5095616533333334,0.11209225918362065,0.014,0.0868,0.0086,0.1,,,,,,,,0.0,0.0,0.0,0.0,0.0,0,0.1,clean_label_badnets,0.1,ahash,64,spatial,mean,hamming_knn,mad,0.145,0.427
0.5639995622222221,0.2207965977777778,0.1178297421225708,0.0,0.0,0.0,0.1,,,,,,,,0.0422,0.16275555555555554,0.028002654280026542,0.0422,0.033665735939369765,7535,0.11277522665724714,clean_label_badnets,0.1,ahash,64,spatial,mean,hamming_ball,mad,0.145,0.417
0.5038593155555555,0.5112226,0.12293225909131514,0.0,0.0,0.0,0.1,,,,,,,,0.2422,0.0926,0.2251766455931573,0.2422,0.23337830025052997,5378,0.08491327148043566,clean_label_badnets,0.1,ahash,64,spatial,mean,block_collision,mad,0.145,0.155
0.5275781511111112,0.4964078177777778,0.10885873232936213,0.009,0.0678,0.009,0.1,,,,,,,,0.0,0.0010222222222222223,0.0,0.0,0.0,46,0.10009208471794051,clean_label_badnets,0.1,ahash,64,spatial,mean,hash_spectral,mad,0.145,0.041
0.4851932244444444,0.49738465555555555,0.09467330617689866,0.002,0.0152,0.0042,0.1,,,,,,,,0.0002,0.0006,0.03571428571428571,0.0002,0.0003977724741447892,28,0.10003602017129593,clean_label_badnets,0.1,ahash,64,spatial,mean,hash_stability,mad,0.145,0.025
0.45723994,0.5323197266666666,0.08918664158519204,0.0,0.0208,0.0108,0.1,,,,,,,,0.0,0.0015333333333333334,0.0,0.0,0.0,69,0.10013819070317037,clean_label_badnets,0.1,ahash4,16,spatial,mean,bit_llr,mad,0.134,0.042
0.70630746,0.6237246399999999,0.5437672225299252,0.4748,0.4804,0.0,0.1,,,,,,,,0.4502,0.12331111111111111,0.2885897435897436,0.4502,0.35171875,7800,0.06514218009478673,clean_label_badnets,0.1,ahash4,16,spatial,mean,bit_em,mad,0.134,0.141
0.5243580355555555,0.5616533577777777,0.1474848518757487,0.0734,0.105,0.014,0.1,,,,,,,,0.0002,2.2222222222222223e-05,0.5,0.0002,0.00039984006397441024,2,0.0999839993599744,clean_label_badnets,0.1,ahash4,16,spatial,mean,hamming_knn,mad,0.134,0.39
0.47832744222222223,0.48449574666666667,0.1260644448499712,0.0,0.0734,0.0,0.1,,,,,,,,0.1326,0.11795555555555555,0.11103667727348852,0.1326,0.1208640962537599,5971,0.09850325921551704,clean_label_badnets,0.1,ahash4,16,spatial,mean,hamming_ball,mad,0.134,0.388
0.5132696244444445,0.5241324577777777,0.14302270998601777,0.0634,0.0634,0.0634,0.1,,,,,,,,0.2288,0.18393333333333334,0.12143084598237978,0.2288,0.15865751334858885,9421,0.0950245200719584,clean_label_badnets,0.1,ahash4,16,spatial,mean,block_collision,mad,0.134,0.036
0.5218211733333333,0.4901113044444444,0.10814269525434501,0.0,0.0622,0.0,0.1,,,,,,,,0.0,0.0024666666666666665,0.0,0.0,0.0,111,0.10022249393653912,clean_label_badnets,0.1,ahash4,16,spatial,mean,hash_spectral,mad,0.134,0.039
0.5242346333333333,0.36707918444444443,0.09919344198998509,0.0002,0.0034,0.0002,0.1,,,,,,,,0.0002,0.0028,0.007874015748031496,0.0002,0.0003900916715428126,127,0.10023459587351874,clean_label_badnets,0.1,ahash4,16,spatial,mean,hash_stability,mad,0.134,0.022
0.44950032444444443,0.5232097844444444,0.0859913650215696,0.0,0.0,0.0248,0.1,,,,,,,,0.0,0.0006666666666666666,0.0,0.0,0.0,30,0.10006003602161297,clean_label_badnets,0.1,ahash16,256,spatial,mean,bit_llr,mad,0.197,0.087
0.6862277911111112,0.2575486622222223,0.2742834146224203,0.0,0.0,0.0,0.1,,,,,,,,0.0,0.3282888888888889,0.0,0.0,0.0,14773,0.1419365827348341,clean_label_badnets,0.1,ahash16,256,spatial,mean,bit_em,mad,0.197,0.868
0.5068773622222222,0.5086966711111112,0.10542443209162156,0.0068,0.071,0.0056,0.1,,,,,,,,0.0,0.0,0.0,0.0,0.0,0,0.1,clean_label_badnets,0.1,ahash16,256,spatial,mean,hamming_knn,mad,0.197,0.439
0.5290742533333334,0.29157084,0.10524059444453769,0.0,0.0,0.0,0.1,,,,,,,,0.0418,0.15468888888888888,0.02914923291492329,0.0418,0.034346754313886604,7170,0.11186084520196124,clean_label_badnets,0.1,ahash16,256,spatial,mean,hamming_ball,mad,0.197,0.431
0.3966572,0.65994128,0.10889959137424579,0.0,0.0,0.364,0.1,,,,,,,,0.364,0.051555555555555556,0.4396135265700483,0.364,0.3982494529540481,4140,0.06934147405146097,clean_label_badnets,0.1,ahash16,256,spatial,mean,block_collision,mad,0.197,0.693
0.5300207244444445,0.5016498555555555,0.1108751735607451,0.0158,0.064,0.0158,0.1,,,,,,,,0.0,0.0007333333333333333,0.0,0.0,0.0,33,0.10006604358876858,clean_label_badnets,0.1,ahash16,256,spatial,mean,hash_spectral,mad,0.197,0.05
0.5072497377777778,0.5031795577777777,0.11378800509792852,0.0234,0.0842,0.0244,0.1,,,,,,,,0.0042,0.0010666666666666667,0.30434782608695654,0.0042,0.008285657920694417,69,0.09971761030221706,clean_label_badnets,0.1,ahash16,256,spatial,mean,hash_stability,mad,0.197,0.028
0.4466281377777778,0.5235366533333333,0.08551631870672056,0.0,0.0,0.039,0.1,,,,,,,,0.0,0.0005777777777777778,0.0,0.0,0.0,26,0.10005202705406811,clean_label_badnets,0.1,ahash32,1024,spatial,mean,bit_llr,mad,0.354,0.235
0.6435600622222222,0.4802612133333333,0.21349809148544985,0.0,0.0,0.0,0.1,,,,,,,,0.0,0.2212,0.0,0.0,0.0,9954,0.124856415122609,clean_label_badnets,0.1,ahash32,1024,spatial,mean,bit_em,mad,0.354,4.07
0.50398422,0.5025012333333334,0.10167999032995056,0.0004,0.0566,0.0002,0.1,,,,,,,,0.0,2.2222222222222223e-05,0.0,0.0,0.0,1,0.1000020000400008,clean_label_badnets,0.1,ahash32,1024,spatial,mean,hamming_knn,mad,0.354,0.532
0.5208105333333333,0.3215228088888889,0.10261694379755902,0.0,0.0,0.0,0.1,,,,,,,,0.0418,0.13815555555555556,0.032524120759414875,0.0418,0.03658323122702608,6426,0.10995088814430624,clean_label_badnets,0.1,ahash32,1024,spatial,mean,hamming_ball,mad,0.354,0.518
0.4293809866666667,0.30600256444444446,0.10513881325413275,0.0,0.0,0.0,0.1,,,,,,,,0.0014,0.14351111111111112,0.001082753286929621,0.0014,0.0012211077191452246,6465,0.11468933042379695,clean_label_badnets,0.1,ahash32,1024,spatial,mean,block_collision,mad,0.354,2.947
0.5289413044444444,0.5072956577777777,0.11194221454299154,0.0186,0.0624,0.0186,0.1,,,,,,,,0.0,0.0005777777777777778,0.0,0.0,0.0,26,0.10005202705406811,clean_label_badnets,0.1,ahash32,1024,spatial,mean,hash_spectral,mad,0.354,0.189
0.5169204888888889,0.5053556533333333,0.11964609110519128,0.0304,0.0912,0.0274,0.1,,,,,,,,0.0066,0.001288888888888889,0.3626373626373626,0.0066,0.01296405421331762,91,0.09952112845378588,clean_label_badnets,0.1,ahash32,1024,spatial,mean,hash_stability,mad,0.354,0.031
0.4926398644444444,0.49953266222222226,0.09593534915541804,0.0,0.0196,0.0004,0.1,,,,,,,,0.0,0.001511111111111111,0.0,0.0,0.0,68,0.10013618521188816,clean_label_badnets,0.1,mhash,64,spatial,median,bit_llr,mad,0.173,0.052
0.41292882888888893,0.5722928355555555,0.10117525626083845,0.0,0.0,0.0,0.1,,,,,,,,0.4772,0.36417777777777777,0.1270906572919996,0.4772,0.20072347943131152,18774,0.08371229103951836,clean_label_badnets,0.1,mhash,64,spatial,median,bit_em,mad,0.173,0.283
0.5235141755555555,0.5143215155555555,0.12047441803668732,0.0262,0.0868,0.0264,0.1,,,,,,,,0.0002,0.0004,0.05263157894736842,0.0002,0.0003984857541342897,19,0.10001800684260019,clean_label_badnets,0.1,mhash,64,spatial,median,hamming_knn,mad,0.173,0.417
0.5404598088888888,0.1889402488888889,0.11603170980997893,0.0,0.0,0.0,0.1,,,,,,,,0.042,0.17577777777777778,0.02586206896551724,0.042,0.03201219512195122,8120,0.11437440305635148,clean_label_badnets,0.1,mhash,64,spatial,median,hamming_ball,mad,0.173,0.415
0.5152251422222222,0.5070801555555556,0.13194210390097444,0.0,0.1462,0.0,0.1,,,,,,,,0.1694,0.09217777777777778,0.16956956956956956,0.1694,0.1694847423711856,4995,0.09227863570714365,clean_label_badnets,0.1,mhash,64,spatial,median,block_collision,mad,0.173,0.154
0.5053152288888889,0.48968923777777773,0.09995347175924858,0.0042,0.0544,0.0042,0.1,,,,,,,,0.0,0.00037777777777777777,0.0,0.0,0.0,17,0.10003401156393174,clean_label_badnets,0.1,mhash,64,spatial,median,hash_spectral,mad,0.173,0.04
0.4567817755555556,0.5053019044444444,0.08935926257882154,0.0018,0.019,0.0022,0.1,,,,,,,,0.0,0.0022222222222222222,0.0,0.0,0.0,100,0.10020040080160321,clean_label_badnets,0.1,mhash,64,spatial,median,hash_stability,mad,0.173,0.024
0.46408115111111115,0.5150587933333333,0.0885780564333856,0.0,0.0004,0.0336,0.1,,,,,,,,0.0,0.001511111111111111,0.0,0.0,0.0,68,0.10013618521188816,clean_label_badnets,0.1,ahash_rgb,192,spatial,mean,bit_llr,mad,0.381,0.075
0.7172179244444444,0.6825955222222222,0.5636465212416218,0.475,0.475,0.4702,0.1,,,,,,,,0.494,0.38106666666666666,0.12590478132327454,0.494,0.20066617921845803,19618,0.0832729905865315,clean_label_badnets,0.1,ahash_rgb,192,spatial,mean,bit_em,mad,0.381,0.649
0.5069665844444445,0.5071288977777778,0.10676473363179376,0.01,0.0778,0.009,0.1,,,,,,,,0.0,0.0,0.0,0.0,0.0,0,0.1,clean_label_badnets,0.1,ahash_rgb,192,spatial,mean,hamming_knn,mad,0.381,0.438
0.5556008022222222,0.23771293555555556,0.11375114329080935,0.0,0.0,0.0,0.1,,,,,,,,0.0376,0.1938,0.02110225614547087,0.0376,0.027032856423898195,8909,0.11710593560633716,clean_label_badnets,0.1,ahash_rgb,192,spatial,mean,hamming_ball,mad,0.381,0.429
0.5433509333333334,0.4923940955555556,0.11833752775531141,0.0,0.0,0.0,0.1,,,,,,,,0.0,0.04608888888888889,0.0,0.0,0.0,2074,0.10432750490339274,clean_label_badnets,0.1,ahash_rgb,192,spatial,mean,block_collision,mad,0.381,0.406
0.5124700288888889,0.49576752222222226,0.10372677851750882,0.0098,0.0532,0.0098,0.1,,,,,,,,0.0,0.0011777777777777778,0.0,0.0,0.0,53,0.10010611247922799,clean_label_badnets,0.1,ahash_rgb,192,spatial,mean,hash_spectral,mad,0.381,0.048
0.47760595777777776,0.4894341688888889,0.09142579566319163,0.001,0.0098,0.0026,0.1,,,,,,,,0.0002,0.0007333333333333333,0.029411764705882353,0.0002,0.0003972983710766786,34,0.10004803266221031,clean_label_badnets,0.1,ahash_rgb,192,spatial,mean,hash_stability,mad,0.381,0.027
0.5061131222222222,0.5016143977777777,0.10803039740843365,0.0212,0.0626,0.0196,0.1,,,,,,,,0.0046,2.2222222222222223e-05,0.9583333333333334,0.0046,0.009156050955414012,24,0.09958780214502962,clean_label_badnets,0.1,dhash,64,spatial,pairwise,bit_llr,mad,0.144,0.052
0.6074295177777778,0.6087476733333334,0.1986997453042198,0.0,0.3958,0.0,0.1,,,,,,,,0.0,0.043222222222222224,0.0,0.0,0.0,1945,0.10404744563520965,clean_label_badnets,0.1,dhash,64,spatial,pairwise,bit_em,mad,0.144,0.292
0.49803657777777777,0.49444518666666676,0.10070851276017938,0.0098,0.0506,0.0098,0.1,,,,,,,,0.0114,0.012066666666666667,0.095,0.0114,0.02035714285714286,600,0.10006072874493926,clean_label_badnets,0.1,dhash,64,spatial,pairwise,hamming_knn,mad,0.144,0.451
0.5396120888888889,0.5163567511111111,0.11459517185456117,0.0106,0.0716,0.0106,0.1,,,,,,,,0.1184,0.08404444444444445,0.13534522176497485,0.1184,0.126306806059313,4374,0.09661158111603034,clean_label_badnets,0.1,dhash,64,spatial,pairwise,hamming_ball,mad,0.144,0.432
0.5223419733333333,0.6173371866666666,0.18225713276509808,0.089,0.1518,0.089,0.1,,,,,,,,0.2216,0.09691111111111111,0.2025964527335893,0.2216,0.21167255707326393,5469,0.08739978891109564,clean_label_badnets,0.1,dhash,64,spatial,pairwise,block_collision,mad,0.144,0.149
0.5029989644444444,0.5041139977777778,0.10295992213601515,0.0132,0.0604,0.0132,0.1,,,,,,,,0.0024,0.0017555555555555556,0.13186813186813187,0.0024,0.004714201532115498,91,0.0999418942475305,clean_label_badnets,0.1,dhash,64,spatial,pairwise,hash_spectral,mad,0.144,0.041
0.5058931577777779,0.5052230511111111,0.10148121594352279,0.0066,0.0336,0.0086,0.1,,,,,,,,0.0008,0.00046666666666666666,0.16,0.0008,0.0015920398009950248,25,0.09996998499249625,clean_label_badnets,0.1,dhash,64,spatial,pairwise,hash_stability,mad,0.144,0.023
0.501291948888889,0.5012034666666666,0.09915163512326243,0.0064,0.0464,0.0092,0.1,,,,,,,,0.0006,0.0002666666666666667,0.2,0.0006,0.0011964107676969093,15,0.0999699909972992,clean_label_badnets,0.1,dhash_v,64,spatial,pairwise,bit_llr,mad,0.137,0.052
0.6832353444444444,0.6624464355555556,0.5235173574828382,0.4402,0.4722,0.4402,0.1,,,,,,,,0.4422,0.07006666666666667,0.4121923937360179,0.4422,0.42666923967580084,5364,0.06248319741912358,clean_label_badnets,0.1,dhash_v,64,spatial,pairwise,bit_em,mad,0.137,0.293
0.4892958933333333,0.4884378777777777,0.09486444664691443,0.0008,0.0266,0.0008,0.1,,,,,,,,0.0,0.0032,0.0,0.0,0.0,144,0.10028883183568678,clean_label_badnets,0.1,dhash_v,64,spatial,pairwise,hamming_knn,mad,0.137,0.44
0.5154578911111111,0.47924327111111115,0.10002076584060644,0.0,0.0234,0.0,0.1,,,,,,,,0.0912,0.1043111111111111,0.08854368932038835,0.0912,0.08985221674876848,5150,0.1013154960981048,clean_label_badnets,0.1,dhash_v,64,spatial,pairwise,hamming_ball,mad,0.137,0.435
0.5111236533333334,0.48519719111111104,0.10011210993367185,0.0,0.0,0.0,0.1,,,,,,,,0.116,0.14053333333333334,0.08400926998841252,0.116,0.09744623655913978,6904,0.10256172266567663,clean_label_badnets,0.1,dhash_v,64,spatial,pairwise,block_collision,mad,0.137,0.153
0.4849514688888889,0.49117605555555555,0.09212802504577919,0.0,0.0034,0.0,0.1,,,,,,,,0.0,0.0005777777777777778,0.0,0.0,0.0,26,0.10005202705406811,clean_label_badnets,0.1,dhash_v,64,spatial,pairwise,hash_spectral,mad,0.137,0.041
0.5086947822222222,0.5272509244444444,0.10869295476835157,0.0126,0.0684,0.0086,0.1,,,,,,,,0.0022,0.00035555555555555557,0.4074074074074074,0.0022,0.00437636761487965,27,0.09983391031156824,clean_label_badnets,0.1,dhash_v,64,spatial,pairwise,hash_stability,mad,0.137,0.023
0.510124708888889,0.4986807933333333,0.10447661092721251,0.0128,0.062,0.0182,0.1,,,,,,,,0.008,0.0010222222222222223,0.46511627906976744,0.008,0.015729453401494297,86,0.09937091797892375,clean_label_badnets,0.1,dhash16,256,spatial,pairwise,bit_llr,mad,0.196,0.088
0.6248881577777778,0.6383245177777778,0.4822894018000688,0.3946,0.4322,0.3946,0.1,,,,,,,,0.4718,0.247,0.17507792786106577,0.4718,0.2553859478185558,13474,0.07230465969446422,clean_label_badnets,0.1,dhash16,256,spatial,pairwise,bit_em,mad,0.196,0.89
0.5172801066666667,0.49878154222222226,0.10512292098662014,0.0078,0.0582,0.0078,0.1,,,,,,,,0.0262,0.02497777777777778,0.10438247011952191,0.0262,0.04188649080735412,1255,0.09988716791465792,clean_label_badnets,0.1,dhash16,256,spatial,pairwise,hamming_knn,mad,0.196,0.467
0.5333697177777779,0.5404134666666668,0.17837381076799208,0.0748,0.1548,0.0748,0.1,,,,,,,,0.2344,0.11964444444444444,0.17876754118364857,0.2344,0.20283835237106265,6556,0.08811343338550778,clean_label_badnets,0.1,dhash16,256,spatial,pairwise,hamming_ball,mad,0.196,0.462
0.48574531777777785,0.5384963288888889,0.10495207897682157,0.0,0.0,0.0,0.1,,,,,,,,0.1382,0.15764444444444445,0.08876043673731535,0.1382,0.1080954243253813,7785,0.10207272296577045,clean_label_badnets,0.1,dhash16,256,spatial,pairwise,block_collision,mad,0.196,0.709
0.5086102088888889,0.49865085111111107,0.102087286124565,0.0094,0.0538,0.0094,0.1,,,,,,,,0.009,0.009866666666666666,0.09202453987730061,0.009,0.016396429222080525,489,0.10007877037426026,clean_label_badnets,0.1,dhash16,256,spatial,pairwise,hash_spectral,mad,0.196,0.05
0.5035500955555555,0.47996913111111106,0.09975026121305901,0.0048,0.0378,0.0056,0.1,,,,,,,,0.0008,0.003111111111111111,0.027777777777777776,0.0008,0.0015552099533437014,144,0.10020860077021823,clean_label_badnets,0.1,dhash16,256,spatial,pairwise,hash_stability,mad,0.196,0.026
0.5124711333333334,0.4998274422222222,0.10844435849384927,0.0198,0.0706,0.0104,0.1,,,,,,,,0.0,0.00037777777777777777,0.0,0.0,0.0,17,0.10003401156393174,clean_label_badnets,0.1,blockhash,256,spatial,median,bit_llr,mad,0.392,0.088
0.47603942000000005,0.3689796844444445,0.10336622528782838,0.0,0.0,0.0,0.1,,,,,,,,0.0,0.3206888888888889,0.0,0.0,0.0,14431,0.1405718462706289,clean_label_badnets,0.1,blockhash,256,spatial,median,bit_em,mad,0.392,0.88
0.4943612288888889,0.5007379888888889,0.10528174771763495,0.0172,0.0512,0.018,0.1,,,,,,,,0.0066,0.0010222222222222223,0.4177215189873418,0.0066,0.01299468399291199,79,0.09949720558482403,clean_label_badnets,0.1,blockhash,256,spatial,median,hamming_knn,mad,0.392,0.463
0.44163629777777774,0.5239058355555556,0.08809996574869415,0.0,0.01,0.0,0.1,,,,,,,,0.0944,0.15142222222222224,0.06478177326379357,0.0944,0.07683542243203646,7286,0.10600739804279627,clean_label_badnets,0.1,blockhash,256,spatial,median,hamming_ball,mad,0.392,0.453
0.5152027488888888,0.4633575333333333,0.11385250812688961,0.0,0.0,0.0,0.1,,,,,,,,0.0,0.031177777777777776,0.0,0.0,0.0,1403,0.10288700948618228,clean_label_badnets,0.1,blockhash,256,spatial,median,block_collision,mad,0.392,0.733
0.51240248,0.5024470044444445,0.11308596432343421,0.0248,0.0702,0.0248,0.1,,,,,,,,0.0044,0.0006,0.4489795918367347,0.0044,0.008714596949891068,49,0.099657664511221,clean_label_badnets,0.1,blockhash,256,spatial,median,hash_spectral,mad,0.392,0.051
0.4970243266666667,0.49151268444444446,0.09937340961732742,0.007,0.0348,0.0024,0.1,,,,,,,,0.0,0.002111111111111111,0.0,0.0,0.0,95,0.10019036168720569,clean_label_badnets,0.1,blockhash,256,spatial,median,hash_stability,mad,0.392,0.025
0.5134559622222222,0.4992516066666667,0.11262429631835075,0.0268,0.0786,0.003,0.1,,,,,,,,0.0,0.0002,0.0,0.0,0.0,9,0.10001800324058331,clean_label_badnets,0.1,phash,64,frequency,median,bit_llr,mad,0.543,0.052
0.5783042488888889,0.5946713933333334,0.14587305618382052,0.0,0.0,0.0,0.1,,,,,,,,0.0,0.05648888888888889,0.0,0.0,0.0,2542,0.10535631505752455,clean_label_badnets,0.1,phash,64,frequency,median,bit_em,mad,0.543,0.294
0.5311422133333333,0.49479804888888884,0.11352450547109325,0.0074,0.0716,0.0074,0.1,,,,,,,,0.0016,0.007377777777777777,0.023529411764705882,0.0016,0.00299625468164794,340,0.10052356020942409,clean_label_badnets,0.1,phash,64,frequency,median,hamming_knn,mad,0.543,0.432
0.5597464244444443,0.5242320133333334,0.2982538285833817,0.1864,0.2232,0.1864,0.1,,,,,,,,0.205,0.023533333333333333,0.4918426103646833,0.205,0.2893845285149633,2084,0.08295767593288254,clean_label_badnets,0.1,phash,64,frequency,median,hamming_ball,mad,0.543,0.431
0.48356120666666663,0.4969707288888889,0.09237588383837211,0.0,0.017,0.0,0.1,,,,,,,,0.0,0.002977777777777778,0.0,0.0,0.0,134,0.10026872017005575,clean_label_badnets,0.1,phash,64,frequency,median,hash_spectral,mad,0.543,0.041
0.5282713066666668,0.5256155688888888,0.11223623682367818,0.0072,0.0732,0.0088,0.1,,,,,,,,0.0088,0.008177777777777779,0.10679611650485436,0.0088,0.016260162601626018,412,0.09994353472614342,clean_label_badnets,0.1,phash,64,frequency,median,hash_stability,mad,0.543,0.022
0.5134559466666666,0.49925165111111103,0.11262429612932212,0.0268,0.0786,0.003,0.1,,,,,,,,0.0,0.0002,0.0,0.0,0.0,9,0.10001800324058331,clean_label_badnets,0.1,phash_nodc,63,frequency,median,bit_llr,mad,0.545,0.054
0.5784440577777779,0.5947386977777778,0.14604046857684053,0.0,0.0,0.0,0.1,,,,,,,,0.0,0.056133333333333334,0.0,0.0,0.0,2526,0.10532080717866622,clean_label_badnets,0.1,phash_nodc,63,frequency,median,bit_em,mad,0.545,0.292
0.5311422133333333,0.49479804888888884,0.11352450547109325,0.0074,0.0716,0.0074,0.1,,,,,,,,0.0016,0.007377777777777777,0.023529411764705882,0.0016,0.00299625468164794,340,0.10052356020942409,clean_label_badnets,0.1,phash_nodc,63,frequency,median,hamming_knn,mad,0.545,0.431
0.5597464244444443,0.5242320133333334,0.2982538285833817,0.1864,0.2232,0.1864,0.1,,,,,,,,0.205,0.023533333333333333,0.4918426103646833,0.205,0.2893845285149633,2084,0.08295767593288254,clean_label_badnets,0.1,phash_nodc,63,frequency,median,hamming_ball,mad,0.545,0.442
0.4887145044444444,0.49675739333333335,0.09391126468412855,0.0002,0.0254,0.0002,0.1,,,,,,,,0.0,0.0018,0.0,0.0,0.0,81,0.10016226286584266,clean_label_badnets,0.1,phash_nodc,63,frequency,median,hash_spectral,mad,0.545,0.041
0.5282713066666668,0.5256155688888888,0.11223623682367818,0.0072,0.0732,0.0088,0.1,,,,,,,,0.0088,0.008177777777777779,0.10679611650485436,0.0088,0.016260162601626018,412,0.09994353472614342,clean_label_badnets,0.1,phash_nodc,63,frequency,median,hash_stability,mad,0.545,0.021
0.5128499311111111,0.50192946,0.11443134490282242,0.0302,0.0804,0.0036,0.1,,,,,,,,0.0,0.0002666666666666667,0.0,0.0,0.0,12,0.10002400576138273,clean_label_badnets,0.1,phash_mean,64,frequency,mean,bit_llr,mad,0.505,0.052
0.6580302044444444,0.5836047822222222,0.2131544047520362,0.0,0.448,0.0,0.1,,,,,,,,0.0,0.0,0.0,0.0,0.0,0,0.1,clean_label_badnets,0.1,phash_mean,64,frequency,mean,bit_em,mad,0.505,0.292
0.5057719266666666,0.5003755222222221,0.10415146998919561,0.0102,0.0618,0.0102,0.1,,,,,,,,0.004,0.006622222222222222,0.06289308176100629,0.004,0.00752162467092892,318,0.10023751056720744,clean_label_badnets,0.1,phash_mean,64,frequency,mean,hamming_knn,mad,0.505,0.436
0.523247431111111,0.48320139777777776,0.2362427156954852,0.128,0.1636,0.128,0.1,,,,,,,,0.1636,0.05168888888888889,0.26017811704834604,0.1636,0.20088408644400785,3144,0.08925217688236299,clean_label_badnets,0.1,phash_mean,64,frequency,mean,hamming_ball,mad,0.505,0.434
0.4998262155555555,0.49961276666666665,0.09791332499635524,0.0034,0.041,0.0034,0.1,,,,,,,,0.0,0.0013111111111111112,0.0,0.0,0.0,59,0.1001181394044973,clean_label_badnets,0.1,phash_mean,64,frequency,mean,hash_spectral,mad,0.505,0.041
0.47701075333333337,0.4825182755555556,0.09334511310630826,0.0034,0.0226,0.0026,0.1,,,,,,,,0.0008,0.001911111111111111,0.044444444444444446,0.0008,0.0015717092337917485,90,0.10010018032458425,clean_label_badnets,0.1,phash_mean,64,frequency,mean,hash_stability,mad,0.505,0.024
0.5069592933333333,0.4933502244444445,0.10589096026293018,0.0198,0.0606,0.0068,0.1,,,,,,,,0.0,0.0004222222222222222,0.0,0.0,0.0,19,0.10003801444548929,clean_label_badnets,0.1,phash16,256,frequency,median,bit_llr,mad,0.62,0.091
0.5472082777777778,0.6332551133333333,0.13995480722866482,0.0,0.0,0.0,0.1,,,,,,,,0.4238,0.1454,0.24463172477487877,0.4238,0.3102034841165276,8662,0.06969374425468092,clean_label_badnets,0.1,phash16,256,frequency,median,bit_em,mad,0.62,0.886
0.51810444,0.4804726711111111,0.10313998891043089,0.004,0.052,0.004,0.1,,,,,,,,0.0034,0.009777777777777778,0.037199124726477024,0.0034,0.006230529595015576,457,0.10057929475405203,clean_label_badnets,0.1,phash16,256,frequency,median,hamming_knn,mad,0.62,0.461
0.5937217066666667,0.5268259444444444,0.3141611508951835,0.19,0.2508,0.19,0.1,,,,,,,,0.2068,0.016666666666666666,0.5795964125560538,0.2068,0.30483490566037735,1784,0.0822548531607765,clean_label_badnets,0.1,phash16,256,frequency,median,hamming_ball,mad,0.62,0.456
0.4997997733333333,0.4971754977777778,0.09682255437257409,0.0024,0.0274,0.0024,0.1,,,,,,,,0.0014,0.0067555555555555554,0.022508038585209004,0.0014,0.0026360384108454153,311,0.10048501680452414,clean_label_badnets,0.1,phash16,256,frequency,median,hash_spectral,mad,0.62,0.05
0.49497099555555557,0.5086708355555556,0.09904500416753369,0.0044,0.0404,0.0082,0.1,,,,,,,,0.001,0.0016222222222222222,0.0641025641025641,0.001,0.0019692792437967705,78,0.10005608749649453,clean_label_badnets,0.1,phash16,256,frequency,median,hash_stability,mad,0.62,0.023
0.5006268044444444,0.4946780244444444,0.0998231814934914,0.0086,0.0484,0.0044,0.1,,,,,,,,0.0,0.0004,0.0,0.0,0.0,18,0.10003601296466728,clean_label_badnets,0.1,pdq,256,frequency,median,bit_llr,mad,2.252,0.088
0.5661115333333333,0.6710661622222223,0.21306864296543318,0.0,0.4,0.0,0.1,,,,,,,,0.4352,0.0954,0.3363734734889473,0.4352,0.3794576684976894,6469,0.06487330867657531,clean_label_badnets,0.1,pdq,256,frequency,median,bit_em,mad,2.252,0.897
0.5115217822222222,0.49286182666666667,0.10291579742064352,0.0056,0.0544,0.0056,0.1,,,,,,,,0.003,0.007044444444444444,0.045180722891566265,0.003,0.005626406601650412,332,0.10036643311588951,clean_label_badnets,0.1,pdq,256,frequency,median,hamming_knn,mad,2.252,0.463
0.6018222688888889,0.5477221622222223,0.35867398132691286,0.2442,0.2842,0.2442,0.1,,,,,,,,0.2442,0.009622222222222223,0.7382103990326482,0.2442,0.36699729486023447,1654,0.07816572208662557,clean_label_badnets,0.1,pdq,256,frequency,median,hamming_ball,mad,2.252,0.46
0.5013255444444444,0.4993795200000001,0.09855731851637985,0.006,0.0388,0.006,0.1,,,,,,,,0.0022,0.0030444444444444442,0.07432432432432433,0.0022,0.004273504273504274,148,0.10007622562785846,clean_label_badnets,0.1,pdq,256,frequency,median,hash_spectral,mad,2.252,0.05
0.5029912622222221,0.5128111822222222,0.10195038148472052,0.0068,0.0474,0.0048,0.1,,,,,,,,0.001,0.0017333333333333333,0.060240963855421686,0.001,0.0019673421207948064,83,0.100066109742172,clean_label_badnets,0.1,pdq,256,frequency,median,hash_stability,mad,2.252,0.023
0.49227086888888894,0.49913960888888886,0.09579174927705783,0.0,0.0188,0.0004,0.1,,,,,,,,0.0,0.001511111111111111,0.0,0.0,0.0,68,0.10013618521188816,clean_label_badnets,0.1,whash_haar,64,wavelet,median,bit_llr,mad,0.623,0.052
0.4433682911111111,0.6123067333333334,0.1227265116002999,0.0,0.0,0.0,0.1,,,,,,,,0.4774,0.36417777777777777,0.12713715046604526,0.4774,0.20079915878023133,18775,0.08368294635708567,clean_label_badnets,0.1,whash_haar,64,wavelet,median,bit_em,mad,0.623,0.289
0.5236625644444445,0.5140182,0.12049484886056795,0.0262,0.0868,0.0264,0.1,,,,,,,,0.0002,0.0004,0.05263157894736842,0.0002,0.0003984857541342897,19,0.10001800684260019,clean_label_badnets,0.1,whash_haar,64,wavelet,median,hamming_knn,mad,0.623,0.418
0.5404542622222223,0.18893400888888892,0.11603242117397036,0.0,0.0,0.0,0.1,,,,,,,,0.042,0.17577777777777778,0.02586206896551724,0.042,0.03201219512195122,8120,0.11437440305635148,clean_label_badnets,0.1,whash_haar,64,wavelet,median,hamming_ball,mad,0.623,0.413
0.5153029577777777,0.5070959244444444,0.13195723992853498,0.0,0.1462,0.0,0.1,,,,,,,,0.1694,0.09217777777777778,0.16956956956956956,0.1694,0.1694847423711856,4995,0.09227863570714365,clean_label_badnets,0.1,whash_haar,64,wavelet,median,block_collision,mad,0.623,0.156
0.5053262444444444,0.48973918222222224,0.0999459496072691,0.0042,0.0544,0.0042,0.1,,,,,,,,0.0,0.00037777777777777777,0.0,0.0,0.0,17,0.10003401156393174,clean_label_badnets,0.1,whash_haar,64,wavelet,median,hash_spectral,mad,0.623,0.041
0.4569387777777778,0.5055024777777779,0.08939452800746622,0.0018,0.019,0.0022,0.1,,,,,,,,0.0,0.0022222222222222222,0.0,0.0,0.0,100,0.10020040080160321,clean_label_badnets,0.1,whash_haar,64,wavelet,median,hash_stability,mad,0.623,0.023
0.4887538511111111,0.5019589711111111,0.09423641841986033,0.0,0.0018,0.0,0.1,,,,,,,,0.0,0.004577777777777778,0.0,0.0,0.0,206,0.10041370446238503,clean_label_badnets,0.1,whash_db4,169,wavelet,median,bit_llr,mad,1.563,0.072
0.38814673555555557,0.668892142222222,0.11212448938539382,0.0,0.0,0.465,0.1,,,,,,,,0.4936,0.38308888888888887,0.1252346881818643,0.4936,0.1997814384587364,19707,0.08358366619351006,clean_label_badnets,0.1,whash_db4,169,wavelet,median,bit_em,mad,1.563,0.596
0.5042104000000001,0.4984592444444445,0.09884856431532231,0.0,0.0234,0.0,0.1,,,,,,,,0.0,0.0,0.0,0.0,0.0,0,0.1,clean_label_badnets,0.1,whash_db4,169,wavelet,median,hamming_knn,mad,1.563,0.441
0.5239974777777778,0.37531561111111106,0.10079259223010317,0.0,0.0,0.0,0.1,,,,,,,,0.0388,0.12077777777777778,0.03446438088470421,0.0388,0.03650390441245649,5629,0.10831398886660205,clean_label_badnets,0.1,whash_db4,169,wavelet,median,hamming_ball,mad,1.563,0.432
0.49542914222222223,0.4937107622222222,0.09792199552041173,0.0,0.0582,0.0,0.1,,,,,,,,0.0,0.0021555555555555555,0.0,0.0,0.0,97,0.10019437709155762,clean_label_badnets,0.1,whash_db4,169,wavelet,median,hash_spectral,mad,1.563,0.048
0.5012951644444444,0.4766189222222223,0.09887341840517802,0.0048,0.0314,0.0064,0.1,,,,,,,,0.0018,0.0024666666666666665,0.075,0.0018,0.003515625,120,0.10006014434643143,clean_label_badnets,0.1,whash_db4,169,wavelet,median,hash_stability,mad,1.563,0.026
0.4899018911111111,0.5014966244444444,0.0955371990597891,0.0048,0.0376,0.0166,0.1,,,,,,,,0.0032,0.00024444444444444443,0.5925925925925926,0.0032,0.006365625621643127,27,0.0997338562823925,clean_label_badnets,0.1,mh,64,frequency,mean,bit_llr,mad,0.957,0.052
0.5678427377777778,0.6267356955555555,0.17430237396649506,0.0,0.2396,0.0,0.1,,,,,,,,0.0,0.0,0.0,0.0,0.0,0,0.1,clean_label_badnets,0.1,mh,64,frequency,mean,bit_em,mad,0.957,0.29
0.49478769999999994,0.4940251111111111,0.09766537476479667,0.0014,0.0362,0.0014,0.1,,,,,,,,0.0014,0.009466666666666667,0.016166281755196306,0.0014,0.0025768452052273147,433,0.10073234208243388,clean_label_badnets,0.1,mh,64,frequency,mean,hamming_knn,mad,0.957,0.441
0.5301280333333332,0.45529408666666665,0.10716095316884944,0.003,0.0456,0.003,0.1,,,,,,,,0.0412,0.04215555555555556,0.09795530194959581,0.0412,0.058003660425172465,2103,0.10008977597761864,clean_label_badnets,0.1,mh,64,frequency,mean,hamming_ball,mad,0.957,0.438
0.5135658844444444,0.5828298955555555,0.12741827381467058,0.0152,0.1314,0.0152,0.1,,,,,,,,0.1314,0.050333333333333334,0.22484599589322382,0.1314,0.1658672052511992,2922,0.0922511576532563,clean_label_badnets,0.1,mh,64,frequency,mean,block_collision,mad,0.957,0.149
0.47659405999999993,0.4929402488888889,0.09038240335199009,0.0,0.011,0.0,0.1,,,,,,,,0.0,0.004266666666666667,0.0,0.0,0.0,192,0.10038548024413749,clean_label_badnets,0.1,mh,64,frequency,mean,hash_spectral,mad,0.957,0.041
0.49524204000000005,0.43425693555555556,0.09798389338226549,0.0016,0.0192,0.0016,0.1,,,,,,,,0.0006,0.006822222222222223,0.00967741935483871,0.0006,0.0011299435028248588,310,0.10056349366069632,clean_label_badnets,0.1,mh,64,frequency,mean,hash_stability,mad,0.957,0.024
0.544232928888889,0.43334366222222226,0.10876557261249606,0.0,0.0,0.0,0.1,,,,,,,,0.0,0.04013333333333333,0.0,0.0,0.0,1806,0.10374735444246172,clean_label_badnets,0.1,colorhash,42,colour,quantisation,bit_llr,mad,2.56,0.045
0.5803564244444445,0.5121291577777778,0.13350371046336712,0.0,0.0,0.0,0.1,,,,,,,,0.4918,0.40671111111111113,0.11844323491161313,0.4918,0.1909087380148286,20761,0.0869044768972947,clean_label_badnets,0.1,colorhash,42,colour,quantisation,bit_em,mad,2.56,0.236
0.5159636711111112,0.6961534866666668,0.16532685225147867,0.0,0.0,0.0912,0.1,,,,,,,,0.0912,0.009911111111111112,0.5055432372505543,0.0912,0.1545238902067096,902,0.09254959468817467,clean_label_badnets,0.1,colorhash,42,colour,quantisation,hamming_knn,mad,2.56,0.316
0.4892448088888889,0.5587817155555556,0.1079628823558041,0.0,0.0,0.0,0.1,,,,,,,,0.3444,0.25224444444444444,0.13172186950202708,0.3444,0.19056050462015162,13073,0.08876973488233542,clean_label_badnets,0.1,colorhash,42,colour,quantisation,hamming_ball,mad,2.56,0.317
0.44946211111111106,0.4558659377777778,0.08837041026587295,0.0,0.0,0.0,0.1,,,,,,,,0.0,0.0071111111111111115,0.0,0.0,0.0,320,0.10064412238325282,clean_label_badnets,0.1,colorhash,42,colour,quantisation,hash_spectral,mad,2.56,0.037
0.5122811044444444,0.4704276844444443,0.10338007378311354,0.0056,0.0628,0.0056,0.1,,,,,,,,0.001,0.0008666666666666666,0.11363636363636363,0.001,0.0019825535289452814,44,0.09998798943069902,clean_label_badnets,0.1,colorhash,42,colour,quantisation,hash_stability,mad,2.56,0.021
0.5027532266666667,0.4990911177777778,0.10255182537929156,0.0136,0.0576,0.0114,0.1,,,,,,,,0.0002,0.00035555555555555557,0.058823529411764705,0.0002,0.00039864460833167234,17,0.10001400476161895,clean_label_badnets,0.1,rhash8,64,residual,zero,bit_llr,mad,0.512,0.052
0.5372636333333334,0.5752490355555555,0.13644590420320193,0.0,0.0,0.0,0.1,,,,,,,,0.263,0.0682,0.2999543795620438,0.263,0.2802642796248934,4384,0.08078305857593827,clean_label_badnets,0.1,rhash8,64,residual,zero,bit_em,mad,0.512,0.29
0.5095000399999999,0.48297242000000007,0.1077743102067454,0.0166,0.0716,0.014,0.1,,,,,,,,0.0056,0.003777777777777778,0.1414141414141414,0.0056,0.010773374374759523,198,0.09983534797799286,clean_label_badnets,0.1,rhash8,64,residual,zero,hamming_knn,mad,0.512,0.437
0.5381128466666667,0.48975992888888886,0.11945529864494232,0.0216,0.0858,0.0216,0.1,,,,,,,,0.0406,0.016777777777777777,0.21189979123173278,0.0406,0.06814367237327962,958,0.09781411851066432,clean_label_badnets,0.1,rhash8,64,residual,zero,hamming_ball,mad,0.512,0.434
0.5977518177777776,0.47559061555555554,0.13951081314970953,0.0358,0.1038,0.0358,0.1,,,,,,,,0.0532,0.0152,0.28,0.0532,0.08941176470588236,950,0.09651376146788991,clean_label_badnets,0.1,rhash8,64,residual,zero,block_collision,mad,0.512,0.146
0.5043783022222222,0.5017001288888889,0.10359290701213308,0.014,0.0572,0.014,0.1,,,,,,,,0.0102,0.0076,0.1297709923664122,0.0102,0.018913406267383647,393,0.0997641461890459,clean_label_badnets,0.1,rhash8,64,residual,zero,hash_spectral,mad,0.512,0.054
0.5269623666666666,0.52546968,0.11567624507223946,0.0216,0.0616,0.0164,0.1,,,,,,,,0.0036,0.0016888888888888889,0.19148936170212766,0.0036,0.007067137809187279,94,0.09982767603093816,clean_label_badnets,0.1,rhash8,64,residual,zero,hash_stability,mad,0.512,0.023
0.5052840466666666,0.5023761866666667,0.10446849608851355,0.016,0.0594,0.0156,0.1,,,,,,,,0.0036,0.0017777777777777779,0.1836734693877551,0.0036,0.007061592781482934,98,0.09983567792874033,clean_label_badnets,0.1,rhash16,256,residual,zero,bit_llr,mad,0.599,0.089
0.45570393333333337,0.5176301355555555,0.08924497126935758,0.0,0.0,0.0,0.1,,,,,,,,0.0,0.12317777777777777,0.0,0.0,0.0,5543,0.1124682277256675,clean_label_badnets,0.1,rhash16,256,residual,zero,bit_em,mad,0.599,0.878
0.5032105177777778,0.5004012355555556,0.10048925904776702,0.0018,0.0486,0.0018,0.1,,,,,,,,0.0044,0.014866666666666667,0.03183791606367583,0.0044,0.007731505886487436,691,0.1009552008761078,clean_label_badnets,0.1,rhash16,256,residual,zero,hamming_knn,mad,0.599,0.465
0.5262811955555554,0.5337300022222222,0.12098241647792222,0.0192,0.0866,0.0192,0.1,,,,,,,,0.0678,0.03342222222222222,0.18393922951709168,0.0678,0.09907935116177115,1843,0.09678759058911476,clean_label_badnets,0.1,rhash16,256,residual,zero,hamming_ball,mad,0.599,0.464
0.5397176155555556,0.5464405622222223,0.11737500174797347,0.0,0.0746,0.0,0.1,,,,,,,,0.1176,0.07697777777777778,0.14511352418558737,0.1176,0.12991604065399912,4052,0.09602158962305214,clean_label_badnets,0.1,rhash16,256,residual,zero,block_collision,mad,0.599,0.706
0.49787381999999997,0.49446361333333333,0.0963412179229444,0.0,0.0334,0.0,0.1,,,,,,,,0.0036,0.016777777777777777,0.02328589909443726,0.0036,0.00623592586177031,773,0.10120462347898511,clean_label_badnets,0.1,rhash16,256,residual,zero,hash_spectral,mad,0.599,0.05
0.4896124244444445,0.51074718,0.10100477982611436,0.0114,0.0552,0.0092,0.1,,,,,,,,0.0048,0.0054,0.0898876404494382,0.0048,0.009113347256502752,267,0.1000542899081093,clean_label_badnets,0.1,rhash16,256,residual,zero,hash_stability,mad,0.599,0.026
0.50645992,0.5084931577777778,0.10504452036038517,0.011,0.0694,0.0162,0.1,,,,,,,,0.0062,0.0028666666666666667,0.19375,0.0062,0.012015503875968992,160,0.09969903691813804,clean_label_badnets,0.1,rhash32,1024,residual,zero,bit_llr,mad,0.468,0.237
0.5436995644444444,0.6885551222222221,0.255015161448446,0.0,0.384,0.0,0.1,,,,,,,,0.4838,0.35288888888888886,0.13219301601180392,0.4838,0.20764839692690673,18299,0.08141699000031545,clean_label_badnets,0.1,rhash32,1024,residual,zero,bit_em,mad,0.468,4.069
0.5004357222222222,0.49607735999999997,0.09672043898365956,0.0,0.0206,0.0,0.1,,,,,,,,0.0126,0.0388,0.03482587064676617,0.0126,0.018504919958877954,1809,0.10244651490942291,clean_label_badnets,0.1,rhash32,1024,residual,zero,hamming_knn,mad,0.468,0.552
0.5241051822222222,0.5135603111111111,0.12590506351527533,0.0272,0.0956,0.0272,0.1,,,,,,,,0.1434,0.08624444444444444,0.15593736407133538,0.1434,0.14940612627630756,4598,0.09433505131932514,clean_label_badnets,0.1,rhash32,1024,residual,zero,hamming_ball,mad,0.468,0.546
0.3435025199999999,0.3124961911111111,0.1148877123183725,0.0,0.0,0.0,0.1,,,,,,,,0.0,0.013977777777777778,0.0,0.0,0.0,629,0.10127402726296814,clean_label_badnets,0.1,rhash32,1024,residual,zero,block_collision,mad,0.468,3.228
0.4947569266666667,0.4942242066666667,0.09409825460643853,0.0,0.0058,0.0,0.1,,,,,,,,0.0004,0.031466666666666664,0.0014104372355430183,0.0004,0.0006232471174820816,1418,0.10287760899098432,clean_label_badnets,0.1,rhash32,1024,residual,zero,hash_spectral,mad,0.468,0.192
0.5094979377777779,0.49558839333333327,0.10372072608862772,0.0092,0.0536,0.0092,0.1,,,,,,,,0.0064,0.005555555555555556,0.11347517730496454,0.0064,0.0121166224914805,282,0.0999235689287582,clean_label_badnets,0.1,rhash32,1024,residual,zero,hash_stability,mad,0.468,0.029
0.5098409066666667,0.5039816355555555,0.10624115227330018,0.0148,0.061,0.0138,0.1,,,,,,,,0.0042,0.002022222222222222,0.1875,0.0042,0.008215962441314555,112,0.09980355997434252,clean_label_badnets,0.1,rhash_rgb,768,residual,zero,bit_llr,mad,1.663,0.188
0.30120011555555554,0.5714069377777777,0.08273541116230494,0.0,0.0,0.0,0.1,,,,,,,,0.4694,0.2935111111111111,0.15088396014143363,0.4694,0.22836292872780345,15555,0.07702133836551023,clean_label_badnets,0.1,rhash_rgb,768,residual,zero,bit_em,mad,1.663,3.059
0.5049041444444444,0.4976485488888889,0.10072472840170767,0.0022,0.0536,0.0022,0.1,,,,,,,,0.0064,0.016044444444444445,0.042440318302387266,0.0064,0.011122697254084116,754,0.10088128985095236,clean_label_badnets,0.1,rhash_rgb,768,residual,zero,hamming_knn,mad,1.663,0.539
0.5507845422222222,0.5202671866666667,0.1288411710772502,0.0232,0.093,0.0232,0.1,,,,,,,,0.0748,0.032466666666666665,0.20381471389645778,0.0748,0.10943672275054865,1835,0.0960448458424167,clean_label_badnets,0.1,rhash_rgb,768,residual,zero,hamming_ball,mad,1.663,0.529
0.5179522266666666,0.5018890511111112,0.10015268421022006,0.0,0.0,0.0,0.1,,,,,,,,0.0,0.0656,0.0,0.0,0.0,2952,0.10627444312191804,clean_label_badnets,0.1,rhash_rgb,768,residual,zero,block_collision,mad,1.663,2.117
0.4990503822222222,0.49865494444444447,0.09788496358053425,0.0042,0.0422,0.0042,0.1,,,,,,,,0.0132,0.018822222222222223,0.07228915662650602,0.0132,0.022323693556570268,913,0.10051541141239025,clean_label_badnets,0.1,rhash_rgb,768,residual,zero,hash_spectral,mad,1.663,0.126
0.5023669822222222,0.5019095666666666,0.10184379491657711,0.0096,0.0496,0.0078,0.1,,,,,,,,0.005,0.006422222222222222,0.07961783439490445,0.005,0.00940910801656003,314,0.10012880892001771,clean_label_badnets,0.1,rhash_rgb,768,residual,zero,hash_stability,mad,1.663,0.03
0.4945255333333333,0.48951248,0.0942739641494997,0.0,0.0022,0.005,0.1,,,,,,,,0.0004,0.0007777777777777777,0.05405405405405406,0.0004,0.0007941234862021044,37,0.10003402517863219,clean_label_badnets,0.1,rhash_energy,256,residual,mean,bit_llr,mad,0.609,0.087
0.6171480844444444,0.5799719222222222,0.19416330190704945,0.0,0.0,0.0,0.1,,,,,,,,0.481,0.15775555555555557,0.2530513468013468,0.481,0.33163265306122447,9504,0.0640804030027657,clean_label_badnets,0.1,rhash_energy,256,residual,mean,bit_em,mad,0.609,0.885
0.48937168888888893,0.49632476444444446,0.0933865960046232,0.0,0.0008,0.0,0.1,,,,,,,,0.0,0.0008222222222222222,0.0,0.0,0.0,37,0.10007405480055241,clean_label_badnets,0.1,rhash_energy,256,residual,mean,hamming_knn,mad,0.609,0.472
0.42669919777777776,0.5448687333333334,0.10560503734855281,0.0188,0.09,0.0188,0.1,,,,,,,,0.1934,0.1696888888888889,0.11240265023828896,0.1934,0.1421745203263986,8603,0.09742251853999082,clean_label_badnets,0.1,rhash_energy,256,residual,mean,hamming_ball,mad,0.609,0.462
0.45081632444444447,0.23976020888888888,0.11138403403534723,0.0,0.0,0.0,0.1,,,,,,,,0.0426,0.1544222222222222,0.029740296006702038,0.0426,0.03502713369511593,7162,0.11174658013912882,clean_label_badnets,0.1,rhash_energy,256,residual,mean,block_collision,mad,0.609,0.73
0.49832510444444444,0.5052656511111111,0.10255633689153688,0.0148,0.0558,0.0148,0.1,,,,,,,,0.004,0.001488888888888889,0.22988505747126436,0.004,0.007863180656575585,87,0.09977360607456975,clean_label_badnets,0.1,rhash_energy,256,residual,mean,hash_spectral,mad,0.609,0.051
0.47893424444444443,0.5211351155555555,0.09689408480558538,0.0052,0.0406,0.0444,0.1,,,,,,,,0.021,0.001977777777777778,0.5412371134020618,0.021,0.04043126684636118,194,0.09828133156647793,clean_label_badnets,0.1,rhash_energy,256,residual,mean,hash_stability,mad,0.609,0.028
0.5103665244444444,0.5040494933333334,0.11065394994952993,0.0238,0.07,0.019,0.1,,,,,,,,0.0052,0.002022222222222222,0.2222222222222222,0.0052,0.010162204416650382,117,0.09971332919030532,clean_label_badnets,0.1,ahash_res,256,residual,mean,bit_llr,mad,0.599,0.088
0.5090703288888889,0.5751642133333333,0.10821512179522334,0.0,0.0,0.0,0.1,,,,,,,,0.0,0.12431111111111111,0.0,0.0,0.0,5594,0.11259739674818718,clean_label_badnets,0.1,ahash_res,256,residual,mean,bit_em,mad,0.599,0.894
0.509381991111111,0.4903888955555556,0.10061473336033902,0.0008,0.0446,0.0008,0.1,,,,,,,,0.0038,0.015,0.027377521613832854,0.0038,0.0066736916051984545,694,0.10102218796900986,clean_label_badnets,0.1,ahash_res,256,residual,mean,hamming_knn,mad,0.599,0.463
0.5210178044444445,0.5400126222222221,0.1201325628601776,0.0214,0.0888,0.0214,0.1,,,,,,,,0.0622,0.030555555555555555,0.18446026097271648,0.0622,0.09303021238408615,1686,0.09705261414910792,clean_label_badnets,0.1,ahash_res,256,residual,mean,hamming_ball,mad,0.599,0.458
0.53930416,0.5458861288888889,0.11736228198801489,0.0,0.0746,0.0,0.1,,,,,,,,0.1202,0.0782888888888889,0.14573229873908827,0.1202,0.1317404647084612,4124,0.09588891795274218,clean_label_badnets,0.1,ahash_res,256,residual,mean,block_collision,mad,0.599,0.704
0.49627550666666664,0.4930934177777777,0.09568484316972649,0.0,0.0304,0.0,0.1,,,,,,,,0.003,0.01691111111111111,0.019329896907216496,0.003,0.005193905817174515,776,0.10127173736388753,clean_label_badnets,0.1,ahash_res,256,residual,mean,hash_spectral,mad,0.599,0.051
0.5023980622222222,0.5091839466666667,0.10449684382223891,0.0114,0.059,0.0086,0.1,,,,,,,,0.0042,0.004977777777777778,0.08571428571428572,0.0042,0.008007626310772164,245,0.10007034468897598,clean_label_badnets,0.1,ahash_res,256,residual,mean,hash_stability,mad,0.599,0.026
0.3315644623115578,0.5771068944723617,0.003371774764240044,0.0,0.0,0.02,0.005,0.3751063744218781,0.5499625980293585,0.016,0.016,0.6248936255781219,-1.0,0.016,0.0,0.0009648241206030151,0.0,0.0,0.0,48,0.005004804612427931,phash_adaptive,0.005,ahash,64,spatial,mean,bit_llr,mad,0.146,0.057
0.655347175879397,0.5200315175879396,0.01686650216346446,0.0,0.384,0.0,0.005,0.4324637040016087,0.4428960386084858,0.0,0.0,0.5675362959983913,-1.0,0.0,0.392,0.37489447236180906,0.005226945437089978,0.392,0.010316332438549397,18749,0.004863844356980577,phash_adaptive,0.005,ahash,64,spatial,mean,bit_em,mad,0.146,0.292
0.3644090854271357,0.5506829748743718,0.0037769589484273973,0.0,0.04,0.004,0.005,0.34511803740197067,0.5440152825256385,0.0,0.016,0.6548819625980293,-1.0,0.024,0.0,0.0,0.0,0.0,0.0,0,0.005,phash_adaptive,0.005,ahash,64,spatial,mean,hamming_knn,mad,0.146,0.449
0.3502280201005025,0.45142014070351766,0.00494402716123099,0.024,0.052,0.024,0.005,0.40833862859440984,0.4401950532877539,0.004,0.004,0.5916613714055902,-1.0,0.004,0.104,0.1702713567839196,0.0030599034953513004,0.104,0.00594489539270607,8497,0.0053972002023950074,phash_adaptive,0.005,ahash,64,spatial,mean,hamming_ball,mad,0.146,0.443
0.3785404623115578,0.48424840201005026,0.004190304588324295,0.0,0.0,0.0,0.005,0.36614840136738386,0.4863844761713252,0.0,0.0,0.6338515986326161,-1.0,0.024,0.124,0.10570854271356783,0.0058601134215500944,0.124,0.011191335740072202,5290,0.004898233057481547,phash_adaptive,0.005,ahash,64,spatial,mean,block_collision,mad,0.146,0.158
0.49533543718592965,0.4870407638190955,0.004916029343053232,0.004,0.056,0.004,0.005,0.47015282525638447,0.4901246732354716,0.004,0.004,0.5298471747436155,-1.0,0.012,0.0,0.0009045226130653266,0.0,0.0,0.0,45,0.005004504053648284,phash_adaptive,0.005,ahash,64,spatial,mean,hash_spectral,mad,0.146,0.044
0.3707747135678392,0.5645739497487439,0.0037562765445379497,0.0,0.012,0.008,0.005,0.39727166700180977,0.561047255177961,0.004,0.016,0.6027283329981903,-1.0,0.016,0.0,0.0005628140703517588,0.0,0.0,0.0,28,0.005002801568878572,phash_adaptive,0.005,ahash,64,spatial,mean,hash_stability,mad,0.146,0.03
0.356940904522613,0.5572309949748744,0.003535343803692563,0.0,0.0,0.012,0.005,0.3986965614317313,0.5505984315302634,0.004,0.016,0.6013034385682687,-1.0,0.016,0.0,0.0013266331658291458,0.0,0.0,0.0,66,0.00500660872351504,phash_adaptive,0.005,ahash4,16,spatial,mean,bit_llr,mad,0.137,0.047
0.6312572864321608,0.5497709748743719,0.015351113926468641,0.044,0.384,0.0,0.005,0.43561029559621955,0.4345260406193445,0.0,0.0,0.5643897044037804,-1.0,0.0,0.328,0.15300502512562814,0.010657655315830517,0.328,0.020644511581067473,7694,0.003971067933626436,phash_adaptive,0.005,ahash4,16,spatial,mean,bit_em,mad,0.137,0.149
0.38652196984924625,0.5730820100502513,0.004316408595938301,0.0,0.052,0.036,0.005,0.37402694550573096,0.508331389503318,0.0,0.012,0.625973054494269,-1.0,0.012,0.0,0.0,0.0,0.0,0.0,0,0.005,phash_adaptive,0.005,ahash4,16,spatial,mean,hamming_knn,mad,0.137,0.414
0.397662472361809,0.3799202010050251,0.004979677409148986,0.0,0.036,0.0,0.005,0.41361673034385676,0.4074992961994772,0.0,0.0,0.5863832696561433,-1.0,0.0,0.052,0.11597989949748744,0.0022479681826041847,0.052,0.004309630366318581,5783,0.005359929438903589,phash_adaptive,0.005,ahash4,16,spatial,mean,hamming_ball,mad,0.137,0.404
0.39386279396984925,0.46627754773869345,0.004630878964924148,0.028,0.028,0.028,0.005,0.3806929418861854,0.4356919364568671,0.0,0.0,0.6193070581138146,-1.0,0.0,0.1,0.19089447236180904,0.002625498844780508,0.1,0.005116659844453541,9522,0.005558575028410495,phash_adaptive,0.005,ahash4,16,spatial,mean,block_collision,mad,0.137,0.04
0.4764585728643216,0.5140763417085427,0.004831137445468677,0.0,0.056,0.0,0.005,0.46464950733963406,0.5183555198069576,0.0,0.0,0.5353504926603659,-1.0,0.008,0.0,0.0023316582914572866,0.0,0.0,0.0,116,0.005011626974581028,phash_adaptive,0.005,ahash4,16,spatial,mean,hash_spectral,mad,0.137,0.043
0.41413105527638194,0.382542432160804,0.004153807475402372,0.0,0.0,0.0,0.005,0.4000639453046451,0.503834305248341,0.004,0.004,0.5999360546953549,-1.0,0.004,0.0,0.0031758793969849245,0.0,0.0,0.0,158,0.0050158500862726215,phash_adaptive,0.005,ahash4,16,spatial,mean,hash_stability,mad,0.137,0.025
0.32535115577889445,0.5785480201005024,0.0033295185318423077,0.0,0.0,0.008,0.005,0.3728429519404786,0.5514232857430122,0.012,0.004,0.6271570480595214,-1.0,0.012,0.0,0.0006030150753768845,0.0,0.0,0.0,30,0.005003001801080648,phash_adaptive,0.005,ahash16,256,spatial,mean,bit_llr,mad,0.192,0.09
0.4409692060301508,0.3497179095477387,0.005640179690501952,0.0,0.0,0.0,0.005,0.3995451437763925,0.6004548562236074,0.0,0.0,0.6004548562236075,-1.0,0.0,0.0,0.3433969849246231,0.0,0.0,0.0,17084,0.007595090533479159,phash_adaptive,0.005,ahash16,256,spatial,mean,bit_em,mad,0.192,0.893
0.3319507939698492,0.5494933869346733,0.0034569406547453143,0.0,0.032,0.008,0.005,0.3185964206716268,0.5428196259802935,0.0,0.012,0.6814035793283733,-1.0,0.052,0.0,2.0100502512562815e-05,0.0,0.0,0.0,1,0.00500010000200004,phash_adaptive,0.005,ahash16,256,spatial,mean,hamming_knn,mad,0.192,0.473
0.4733579497487438,0.2502105326633166,0.005328790042115739,0.0,0.0,0.0,0.005,0.41010456464910516,0.41010456464910516,0.004,0.004,0.5898954353508948,-1.0,0.004,0.02,0.1504321608040201,0.0006676458806249165,0.02,0.001292156609381057,7489,0.0057632142269059775,phash_adaptive,0.005,ahash16,256,spatial,mean,hamming_ball,mad,0.192,0.461
0.2643172663316583,0.7543619296482412,0.00354161190931168,0.0,0.0,0.192,0.005,0.37112366780615325,0.6000329780816409,0.0,0.024,0.6288763321938468,-1.0,0.024,0.512,0.0821105527638191,0.03038215048658913,0.512,0.05736051982971096,4213,0.002664511760980191,phash_adaptive,0.005,ahash16,256,spatial,mean,block_collision,mad,0.192,0.683
0.4881337085427136,0.467942432160804,0.004721220855968798,0.004,0.032,0.004,0.005,0.4576899255982304,0.4675849587773979,0.004,0.004,0.5423100744017696,-1.0,0.004,0.0,0.0006633165829145729,0.0,0.0,0.0,33,0.00500330217943843,phash_adaptive,0.005,ahash16,256,spatial,mean,hash_spectral,mad,0.192,0.054
0.4464036984924623,0.5410005628140703,0.004612590386946613,0.016,0.044,0.024,0.005,0.44345948119847167,0.5335704805952142,0.004,0.008,0.5565405188015283,-1.0,0.016,0.0,0.0012663316582914572,0.0,0.0,0.0,63,0.005006307948014498,phash_adaptive,0.005,ahash16,256,spatial,mean,hash_stability,mad,0.192,0.032
0.31378440201005026,0.5464323618090452,0.003264962050177795,0.0,0.0,0.004,0.005,0.3566000402171728,0.5211807761914337,0.0,0.0,0.6433999597828273,-1.0,0.0,0.0,0.0005628140703517588,0.0,0.0,0.0,28,0.005002801568878572,phash_adaptive,0.005,ahash32,1024,spatial,mean,bit_llr,mad,0.352,0.248
0.31482018090452263,0.520966271356784,0.004589439154272021,0.0,0.0,0.0,0.005,0.3864532475366982,0.6135467524633018,0.0,0.0,0.6135467524633018,-1.0,0.0,0.0,0.19895477386934673,0.0,0.0,0.0,9898,0.006234103037255,phash_adaptive,0.005,ahash32,1024,spatial,mean,bit_em,mad,0.352,4.063
0.24572217085427134,0.626531055276382,0.0029980339043511996,0.0,0.008,0.0,0.005,0.23508747235069377,0.625254775789262,0.0,0.004,0.7649125276493063,-1.0,0.048,0.0,6.030150753768844e-05,0.0,0.0,0.0,3,0.00500030001800108,phash_adaptive,0.005,ahash32,1024,spatial,mean,hamming_knn,mad,0.352,0.56
0.4789661105527639,0.23531007035175883,0.005576854299004032,0.0,0.0,0.0,0.005,0.3872720691735371,0.3872720691735371,0.0,0.0,0.6127279308264628,-1.0,0.0,0.004,0.14315577889447237,0.00014039028499227853,0.004,0.0002712600027126,7123,0.005807309280033584,phash_adaptive,0.005,ahash32,1024,spatial,mean,hamming_ball,mad,0.352,0.549
0.3596821306532663,0.45224518592964824,0.003939550399620594,0.0,0.0,0.0,0.005,0.3631502111401569,0.6368497888598432,0.0,0.08,0.6368497888598431,-1.0,0.08,0.044,0.1321005025125628,0.0016709706820598512,0.044,0.0032196692521586417,6583,0.005504756201487896,phash_adaptive,0.005,ahash32,1024,spatial,mean,block_collision,mad,0.352,2.916
0.4570635577889447,0.44103276381909545,0.004293307714681631,0.004,0.028,0.004,0.005,0.42558133923185193,0.438535290569073,0.004,0.004,0.5744186607681481,-1.0,0.02,0.0,0.0005226130653266332,0.0,0.0,0.0,26,0.005002601352703406,phash_adaptive,0.005,ahash32,1024,spatial,mean,hash_spectral,mad,0.352,0.194
0.5148022914572864,0.5380761809045227,0.005431234413120616,0.004,0.04,0.012,0.005,0.5038347074200684,0.5268984516388499,0.004,0.004,0.5038347074200684,1.0,0.008,0.0,0.001829145728643216,0.0,0.0,0.0,91,0.0050091165921978,phash_adaptive,0.005,ahash32,1024,spatial,mean,hash_stability,mad,0.352,0.035
0.40006307537688446,0.5141755577889447,0.003811269558916641,0.0,0.016,0.0,0.005,0.4038540116629801,0.5109169515383067,0.008,0.008,0.5961459883370199,-1.0,0.008,0.0,0.0013668341708542714,0.0,0.0,0.0,68,0.005006809260594408,phash_adaptive,0.005,mhash,64,spatial,median,bit_llr,mad,0.169,0.056
0.3842061909547739,0.5563290050251257,0.004289821566329138,0.0,0.0,0.0,0.005,0.42166539312286344,0.5564612909712449,0.0,0.0,0.5783346068771366,-1.0,0.0,0.608,0.37396984924623117,0.008103641307245295,0.608,0.015994107434103226,18757,0.0031367026213871907,phash_adaptive,0.005,mhash,64,spatial,median,bit_em,mad,0.169,0.292
0.3945828743718593,0.5218892864321608,0.003990954453470084,0.004,0.048,0.004,0.005,0.3719420872712648,0.5200703800522823,0.0,0.0,0.6280579127287351,-1.0,0.016,0.0,4.020100502512563e-05,0.0,0.0,0.0,2,0.00500020000800032,phash_adaptive,0.005,mhash,64,spatial,median,hamming_knn,mad,0.169,0.439
0.3865657889447236,0.45925945728643214,0.005364099575028742,0.032,0.068,0.032,0.005,0.41306736376432734,0.43823044439975867,0.0,0.0,0.5869326362356726,-1.0,0.0,0.116,0.17780904522613064,0.003267605633802817,0.116,0.0063561643835616435,8875,0.005373860182370821,phash_adaptive,0.005,mhash,64,spatial,median,hamming_ball,mad,0.169,0.432
0.4088474773869347,0.46785728643216085,0.004225998152786592,0.0,0.02,0.0,0.005,0.39146752463301826,0.465654936657953,0.0,0.0,0.6085324753669817,-1.0,0.024,0.136,0.10237185929648242,0.006631558416227814,0.136,0.012646457132229868,5127,0.004813585006574109,phash_adaptive,0.005,mhash,64,spatial,median,block_collision,mad,0.169,0.158
0.44636936683417083,0.47668446231155776,0.004251896117080949,0.0,0.024,0.0,0.005,0.4383716066760507,0.48458596420671635,0.004,0.004,0.5616283933239493,-1.0,0.012,0.0,0.00034170854271356785,0.0,0.0,0.0,17,0.0050017005781965865,phash_adaptive,0.005,mhash,64,spatial,median,hash_spectral,mad,0.169,0.046
0.39691300502512566,0.5665948542713568,0.004037080461529903,0.004,0.032,0.004,0.005,0.3969020711843957,0.5559750653529058,0.008,0.008,0.6030979288156043,-1.0,0.02,0.0,0.0020301507537688443,0.0,0.0,0.0,101,0.005010120443295457,phash_adaptive,0.005,mhash,64,spatial,median,hash_stability,mad,0.169,0.027
0.3148681809045226,0.5982874371859297,0.0032909963191057926,0.0,0.0,0.056,0.005,0.3444713452644279,0.5837844359541524,0.008,0.024,0.6555286547355721,-1.0,0.024,0.0,0.0014271356783919597,0.0,0.0,0.0,71,0.005007110096336798,phash_adaptive,0.005,ahash_rgb,192,spatial,mean,bit_llr,mad,0.381,0.081
0.6615626130653266,0.5477916783919599,0.018704574161686395,0.0,0.396,0.0,0.005,0.4449334405791273,0.4472346672028957,0.0,0.0,0.5550665594208727,-1.0,0.0,0.42,0.39240201005025127,0.005349773271513731,0.42,0.010564974593751572,19627,0.00477397688736707,phash_adaptive,0.005,ahash_rgb,192,spatial,mean,bit_em,mad,0.381,0.652
0.36531469346733664,0.5271689246231156,0.003693028086512713,0.0,0.036,0.0,0.005,0.3519432937864468,0.527511361351297,0.0,0.0,0.6480567062135532,-1.0,0.016,0.0,0.0,0.0,0.0,0.0,0,0.005,phash_adaptive,0.005,ahash_rgb,192,spatial,mean,hamming_knn,mad,0.381,0.463
0.5255155778894472,0.2087678391959799,0.006044997735305608,0.0,0.0,0.0,0.005,0.4201278906092901,0.4201278906092901,0.004,0.004,0.5798721093907099,-1.0,0.004,0.02,0.1709145728643216,0.0005876821814762576,0.02,0.0011418131993605847,8508,0.005904752723416562,phash_adaptive,0.005,ahash_rgb,192,spatial,mean,hamming_ball,mad,0.381,0.449
0.41465270351758793,0.4762211055276382,0.004195885660144764,0.0,0.0,0.0,0.005,0.3501604665192037,0.47742690528855813,0.0,0.0,0.6498395334807963,-1.0,0.04,0.0,0.04146733668341709,0.0,0.0,0.0,2063,0.0052151782547927485,phash_adaptive,0.005,ahash_rgb,192,spatial,mean,block_collision,mad,0.381,0.408
0.47601302512562815,0.4983006231155779,0.0047781169140098095,0.004,0.056,0.004,0.005,0.4614992961994772,0.5042461290971245,0.004,0.004,0.5385007038005227,-1.0,0.008,0.0,0.0010452261306532664,0.0,0.0,0.0,52,0.005005205413630176,phash_adaptive,0.005,ahash_rgb,192,spatial,mean,hash_spectral,mad,0.381,0.052
0.3636259296482412,0.5588035376884422,0.003667346310953369,0.0,0.024,0.004,0.005,0.37678141966619744,0.562347476372411,0.008,0.02,0.6232185803338026,-1.0,0.024,0.0,0.0006633165829145729,0.0,0.0,0.0,33,0.00500330217943843,phash_adaptive,0.005,ahash_rgb,192,spatial,mean,hash_stability,mad,0.381,0.031
0.36721334673366834,0.4960018894472362,0.00355589953126151,0.0,0.004,0.004,0.005,0.351696762517595,0.4951634828071586,0.0,0.004,0.6483032374824049,-1.0,0.012,0.0,2.0100502512562815e-05,0.0,0.0,0.0,1,0.00500010000200004,phash_adaptive,0.005,dhash,64,spatial,pairwise,bit_llr,mad,0.146,0.056
0.5720924623115577,0.5778843015075377,0.00733728249623772,0.0,0.0,0.0,0.005,0.4944315302634225,0.4848349085059321,0.0,0.0,0.5055684697365774,-1.0,0.0,0.276,0.10795979899497488,0.012683823529411765,0.276,0.024253075571177504,5440,0.004061938958707361,phash_adaptive,0.005,dhash,64,spatial,pairwise,bit_em,mad,0.146,0.297
0.4180590552763819,0.46936434170854274,0.004026010804439302,0.0,0.016,0.0,0.005,0.40884777800120653,0.47368188216368384,0.0,0.0,0.5911522219987935,-1.0,0.016,0.0,0.012804020100502512,0.0,0.0,0.0,637,0.005064522010412657,phash_adaptive,0.005,dhash,64,spatial,pairwise,hamming_knn,mad,0.146,0.449
0.45692305527638194,0.4758488442211055,0.004864296092031883,0.008,0.044,0.008,0.005,0.4222714659159461,0.4291630806354314,0.008,0.008,0.5777285340840539,-1.0,0.008,0.096,0.09155778894472362,0.0052413190652981,0.096,0.009939946158624974,4579,0.004975672045969926,phash_adaptive,0.005,dhash,64,spatial,pairwise,hamming_ball,mad,0.146,0.444
0.4641029547738693,0.5876875175879397,0.006397972039108463,0.036,0.096,0.036,0.005,0.4527890609290166,0.4701516187412025,0.0,0.0,0.5472109390709834,-1.0,0.0,0.148,0.10850251256281407,0.0068077276908923645,0.148,0.013016710642040458,5435,0.004779535509929316,phash_adaptive,0.005,dhash,64,spatial,pairwise,block_collision,mad,0.146,0.152
0.48058404020100504,0.5009873366834171,0.004889422364269819,0.012,0.052,0.012,0.005,0.47403418459682284,0.5002043032374823,0.004,0.004,0.5259658154031772,-1.0,0.02,0.0,0.0017889447236180904,0.0,0.0,0.0,89,0.005008915870249043,phash_adaptive,0.005,dhash,64,spatial,pairwise,hash_spectral,mad,0.146,0.044
0.5507628944723618,0.5319371658291456,0.006774925303468015,0.028,0.088,0.032,0.005,0.5449463100744018,0.5080434345465514,0.028,0.004,0.5449463100744018,1.0,0.028,0.0,0.0005628140703517588,0.0,0.0,0.0,28,0.005002801568878572,phash_adaptive,0.005,dhash,64,spatial,pairwise,hash_stability,mad,0.146,0.026
0.38696176884422107,0.5072579296482411,0.0037083060971505187,0.0,0.004,0.008,0.005,0.37945706816810776,0.5056038608485823,0.0,0.012,0.6205429318318922,-1.0,0.02,0.0,0.00030150753768844223,0.0,0.0,0.0,15,0.00500150045013504,phash_adaptive,0.005,dhash_v,64,spatial,pairwise,bit_llr,mad,0.138,0.056
0.6478453467336682,0.6262954773869347,0.018414129469667674,0.0,0.416,0.0,0.005,0.4689241906293987,0.46292700583149005,0.0,0.0,0.5310758093706013,-1.0,0.0,0.42,0.09927638190954774,0.020816812053925455,0.42,0.039667548167737064,5044,0.003225375923124833,phash_adaptive,0.005,dhash_v,64,spatial,pairwise,bit_em,mad,0.138,0.296
0.35483344723618093,0.5313426733668343,0.0035681262815506353,0.0,0.012,0.0,0.005,0.35187050070380055,0.5339593806555398,0.0,0.0,0.6481294992961995,-1.0,0.052,0.0,0.0031557788944723618,0.0,0.0,0.0,157,0.005015749453283309,phash_adaptive,0.005,dhash_v,64,spatial,pairwise,hamming_knn,mad,0.138,0.441
0.36718436180904523,0.49445137688442214,0.004208749900159919,0.0,0.032,0.0,0.005,0.35202010858636645,0.44997265232254174,0.004,0.004,0.6479798914136335,-1.0,0.004,0.068,0.10601005025125629,0.003213003213003213,0.068,0.006136076520483667,5291,0.00521147867319779,phash_adaptive,0.005,dhash_v,64,spatial,pairwise,hamming_ball,mad,0.138,0.453
0.4015014673366834,0.4347355577889447,0.003989607140178855,0.0,0.0,0.0,0.005,0.38449346470943097,0.4473488839734567,0.0,0.0,0.6155065352905691,-1.0,0.0,0.064,0.13744723618090451,0.0023344032681645753,0.064,0.0045045045045045045,6854,0.005423445974134335,phash_adaptive,0.005,dhash_v,64,spatial,pairwise,block_collision,mad,0.138,0.163
0.4393915175879397,0.4480562010050251,0.004073126262159073,0.0,0.0,0.0,0.005,0.4484029760707822,0.45054976875125685,0.0,0.0,0.5515970239292178,-1.0,0.012,0.0,0.0005226130653266332,0.0,0.0,0.0,26,0.005002601352703406,phash_adaptive,0.005,dhash_v,64,spatial,pairwise,hash_spectral,mad,0.138,0.045
0.6219894673366835,0.4729409447236181,0.0074330794123817125,0.008,0.072,0.008,0.005,0.6182666398552181,0.5341025537904686,0.016,0.016,0.6182666398552181,1.0,0.016,0.0,0.00034170854271356785,0.0,0.0,0.0,17,0.0050017005781965865,phash_adaptive,0.005,dhash_v,64,spatial,pairwise,hash_stability,mad,0.138,0.027
0.3794846231155779,0.46789563819095475,0.0036247570052970386,0.0,0.012,0.0,0.005,0.3629028755278504,0.4670187009853207,0.0,0.0,0.6370971244721496,-1.0,0.008,0.0,0.0008844221105527638,0.0,0.0,0.0,44,0.0050044038754103615,phash_adaptive,0.005,dhash16,256,spatial,pairwise,bit_llr,mad,0.197,0.091
0.5712878391959799,0.5989490251256281,0.015389537441145984,0.0,0.332,0.0,0.005,0.46245405188015287,0.4603796501105973,0.0,0.0,0.5375459481198471,-1.0,0.0,0.44,0.26990954773869347,0.00812527699807948,0.44,0.015955903684363216,13538,0.0038396138445504907,phash_adaptive,0.005,dhash16,256,spatial,pairwise,bit_em,mad,0.197,0.889
0.38517716582914574,0.45269029145728645,0.0037093917185648576,0.0,0.012,0.0,0.005,0.36403539111200484,0.4556665996380454,0.004,0.004,0.6359646088879951,-1.0,0.02,0.008,0.026371859296482413,0.0015220700152207,0.008,0.0025575447570332483,1314,0.0050938668200303985,phash_adaptive,0.005,dhash16,256,spatial,pairwise,hamming_knn,mad,0.197,0.464
0.4025169849246231,0.4319192763819096,0.004812133952039744,0.012,0.048,0.012,0.005,0.39585481600643474,0.4091164287150613,0.004,0.004,0.6041451839935652,-1.0,0.004,0.104,0.13835175879396985,0.003763207410623824,0.104,0.007263584299483168,6909,0.0051983012694066045,phash_adaptive,0.005,dhash16,256,spatial,pairwise,hamming_ball,mad,0.197,0.456
0.388473567839196,0.46465354773869344,0.0039068153783030565,0.0,0.0,0.0,0.005,0.3984484214759702,0.40663060526844963,0.0,0.0,0.6015515785240297,-1.0,0.0,0.096,0.16168844221105527,0.002974714923153198,0.096,0.005770617937004088,8068,0.005389678527139178,phash_adaptive,0.005,dhash16,256,spatial,pairwise,block_collision,mad,0.197,0.718
0.46269837185929646,0.46239477386934674,0.004418282539921313,0.004,0.024,0.004,0.005,0.45469374622964,0.4607520611301025,0.004,0.004,0.54530625377036,-1.0,0.012,0.004,0.00984924623115578,0.002036659877800407,0.004,0.002699055330634278,491,0.005029388596012846,phash_adaptive,0.005,dhash16,256,spatial,pairwise,hash_spectral,mad,0.197,0.054
0.600529809045226,0.4821462512562814,0.006778200283471844,0.004,0.084,0.004,0.005,0.6133657751860044,0.4844882364769757,0.024,0.004,0.6133657751860044,1.0,0.024,0.0,0.002954773869346734,0.0,0.0,0.0,147,0.005014743345435581,phash_adaptive,0.005,dhash16,256,spatial,pairwise,hash_stability,mad,0.197,0.029
0.36920192964824117,0.5005554974874372,0.0035663924686619728,0.0,0.004,0.02,0.005,0.35135572089282124,0.5010625377035994,0.0,0.02,0.6486442791071787,-1.0,0.024,0.0,0.00034170854271356785,0.0,0.0,0.0,17,0.0050017005781965865,phash_adaptive,0.005,blockhash,256,spatial,median,bit_llr,mad,0.377,0.092
0.4967928442211055,0.4025050050251256,0.005276789673103895,0.0,0.0,0.0,0.005,0.49200201085863665,0.5136653931228635,0.0,0.0,0.5079979891413633,-1.0,0.0,0.0,0.2893668341708543,0.0,0.0,0.0,14396,0.007021682956971127,phash_adaptive,0.005,blockhash,256,spatial,median,bit_em,mad,0.377,0.892
0.38436924623115576,0.5292018090452262,0.0039015047194324304,0.016,0.024,0.024,0.005,0.3834699376633822,0.5309342449225819,0.004,0.008,0.6165300623366178,-1.0,0.032,0.004,0.0021105527638190956,0.009433962264150943,0.004,0.0056179775280898875,106,0.0049905800296628855,phash_adaptive,0.005,blockhash,256,spatial,median,hamming_knn,mad,0.377,0.469
0.42407401005025125,0.38973825125628137,0.00417176405235673,0.0,0.0,0.0,0.005,0.393926402573899,0.46544942690528857,0.012,0.012,0.606073597426101,-1.0,0.012,0.04,0.1415678391959799,0.001417836381681554,0.04,0.0027386005751061206,7053,0.00558828323282185,phash_adaptive,0.005,blockhash,256,spatial,median,hamming_ball,mad,0.377,0.459
0.4702703115577889,0.4524201809045227,0.005023282966913338,0.0,0.0,0.0,0.005,0.440720691735371,0.48987210939070974,0.0,0.032,0.559279308264629,-1.0,0.032,0.0,0.02749748743718593,0.0,0.0,0.0,1368,0.005140648132916598,phash_adaptive,0.005,blockhash,256,spatial,median,block_collision,mad,0.377,0.712
0.5253491859296482,0.4382094472361809,0.005777107051211745,0.02,0.068,0.02,0.005,0.5154948723104765,0.43074602855419264,0.008,0.008,0.5154948723104765,1.0,0.012,0.004,0.0012462311557788945,0.015873015873015872,0.004,0.006389776357827476,63,0.004986282716222441,phash_adaptive,0.005,blockhash,256,spatial,median,hash_spectral,mad,0.377,0.055
0.5815378492462313,0.5289760804020102,0.007124589594436362,0.012,0.072,0.004,0.005,0.5809093102754876,0.5250806354313292,0.016,0.008,0.5809093102754876,1.0,0.016,0.0,0.0019095477386934674,0.0,0.0,0.0,95,0.0050095180843602845,phash_adaptive,0.005,blockhash,256,spatial,median,hash_stability,mad,0.377,0.029
0.40258572864321607,0.45484808040201,0.00378141549755029,0.004,0.008,0.0,0.005,0.39015242308465714,0.451276895234265,0.004,0.012,0.6098475769153429,-1.0,0.012,0.0,0.00020100502512562814,0.0,0.0,0.0,10,0.005001000200040008,phash_adaptive,0.005,phash,64,frequency,median,bit_llr,mad,0.554,0.056
0.30245427135678393,0.5200387135678392,0.0032539653274201194,0.0,0.0,0.0,0.005,0.40640659561632814,0.5006973657751861,0.0,0.0,0.5935934043836719,-1.0,0.0,0.0,0.03971859296482412,0.0,0.0,0.0,1976,0.005205730468099284,phash_adaptive,0.005,phash,64,frequency,median,bit_em,mad,0.554,0.296
0.31289865326633165,0.5173444020100503,0.003420487572913797,0.0,0.004,0.0,0.005,0.28508586366378447,0.5469837120450431,0.0,0.0,0.7149141363362155,-1.0,0.012,0.0,0.007095477386934674,0.0,0.0,0.0,353,0.005035550989989325,phash_adaptive,0.005,phash,64,frequency,median,hamming_knn,mad,0.554,0.437
0.28463473366834174,0.5209376482412059,0.003289686056700277,0.0,0.0,0.0,0.005,0.27934807963000197,0.5230569072994169,0.0,0.0,0.720651920369998,-1.0,0.02,0.0,0.021045226130653266,0.0,0.0,0.0,1047,0.005106939309133251,phash_adaptive,0.005,phash,64,frequency,median,hamming_ball,mad,0.554,0.436
0.4164932663316583,0.47109969849246236,0.0039031357540318936,0.0,0.008,0.0,0.005,0.41138065553991554,0.46581299014679267,0.0,0.0,0.5886193444600845,-1.0,0.008,0.0,0.0025326633165829145,0.0,0.0,0.0,126,0.0050126318322171876,phash_adaptive,0.005,phash,64,frequency,median,hash_spectral,mad,0.554,0.045
0.6011956180904522,0.5593071356783919,0.008559192568317787,0.02,0.14,0.02,0.005,0.5773408405389101,0.5304484214759702,0.004,0.004,0.5773408405389101,1.0,0.004,0.02,0.008723618090452261,0.011389521640091117,0.02,0.01451378809869376,439,0.004943403079033918,phash_adaptive,0.005,phash,64,frequency,median,hash_stability,mad,0.554,0.025
0.402585728643216,0.4548480804020101,0.00378141549755029,0.004,0.008,0.0,0.005,0.39015242308465714,0.451276895234265,0.004,0.012,0.6098475769153429,-1.0,0.012,0.0,0.00020100502512562814,0.0,0.0,0.0,10,0.005001000200040008,phash_adaptive,0.005,phash_nodc,63,frequency,median,bit_llr,mad,0.543,0.058
0.30206002010050254,0.5211069346733669,0.0032521897141801286,0.0,0.0,0.0,0.005,0.4064122260205108,0.5007520611301026,0.0,0.0,0.5935877739794893,-1.0,0.0,0.0,0.03971859296482412,0.0,0.0,0.0,1976,0.005205730468099284,phash_adaptive,0.005,phash_nodc,63,frequency,median,bit_em,mad,0.543,0.298
0.31289865326633165,0.5173444020100503,0.003420487572913797,0.0,0.004,0.0,0.005,0.28508586366378447,0.5469837120450431,0.0,0.0,0.7149141363362155,-1.0,0.012,0.0,0.007095477386934674,0.0,0.0,0.0,353,0.005035550989989325,phash_adaptive,0.005,phash_nodc,63,frequency,median,hamming_knn,mad,0.543,0.438
0.28463473366834174,0.5209376482412059,0.003289686056700277,0.0,0.0,0.0,0.005,0.27934807963000197,0.5230569072994169,0.0,0.0,0.720651920369998,-1.0,0.02,0.0,0.021045226130653266,0.0,0.0,0.0,1047,0.005106939309133251,phash_adaptive,0.005,phash_nodc,63,frequency,median,hamming_ball,mad,0.543,0.434
0.4358396381909548,0.47348088442211056,0.004101294413631047,0.0,0.02,0.0,0.005,0.42272511562437165,0.4695129700382063,0.0,0.0,0.5772748843756283,-1.0,0.012,0.0,0.002693467336683417,0.0,0.0,0.0,134,0.0050134360085027875,phash_adaptive,0.005,phash_nodc,63,frequency,median,hash_spectral,mad,0.543,0.044
0.6011956180904522,0.5593071356783919,0.008559192568317787,0.02,0.14,0.02,0.005,0.5773408405389101,0.5304484214759702,0.004,0.004,0.5773408405389101,1.0,0.004,0.02,0.008723618090452261,0.011389521640091117,0.02,0.01451378809869376,439,0.004943403079033918,phash_adaptive,0.005,phash_nodc,63,frequency,median,hash_stability,mad,0.543,0.025
0.395248,0.46046982914572865,0.0037235575208394776,0.0,0.012,0.004,0.005,0.38610014076010457,0.46132073195254375,0.0,0.012,0.6138998592398954,-1.0,0.012,0.0,0.00024120603015075377,0.0,0.0,0.0,12,0.005001200288069136,phash_adaptive,0.005,phash_mean,64,frequency,mean,bit_llr,mad,0.511,0.056
0.29894902512562815,0.6106092462311558,0.003256789887536084,0.0,0.0,0.0,0.005,0.40849266036597626,0.5364226824854212,0.004,0.004,0.5915073396340238,-1.0,0.004,0.0,0.0,0.0,0.0,0.0,0,0.005,phash_adaptive,0.005,phash_mean,64,frequency,mean,bit_em,mad,0.511,0.297
0.3147541306532663,0.4915162211055277,0.0033507245386100244,0.0,0.004,0.0,0.005,0.30351055700784235,0.5106483008244521,0.0,0.0,0.6964894429921576,-1.0,0.02,0.0,0.007195979899497488,0.0,0.0,0.0,358,0.005036058176544056,phash_adaptive,0.005,phash_mean,64,frequency,mean,hamming_knn,mad,0.511,0.446
0.3208873567839196,0.4945429145728643,0.003531735642200537,0.0,0.012,0.0,0.005,0.30939312286346266,0.46742569877337625,0.0,0.0,0.6906068771365373,-1.0,0.0,0.012,0.051437185929648244,0.00117096018735363,0.012,0.0021337126600284497,2562,0.005206796239301825,phash_adaptive,0.005,phash_mean,64,frequency,mean,hamming_ball,mad,0.511,0.441
0.48901193969849244,0.4922095276381909,0.005277655627512721,0.012,0.072,0.012,0.005,0.4819344460084456,0.49041705208123865,0.004,0.004,0.5180655539915544,-1.0,0.004,0.004,0.0014271356783919597,0.013888888888888888,0.004,0.006211180124223602,72,0.004987181541419645,phash_adaptive,0.005,phash_mean,64,frequency,mean,hash_spectral,mad,0.511,0.045
0.4180504522613065,0.5081800603015075,0.0041728094135627435,0.008,0.028,0.004,0.005,0.4344158455660567,0.4807251156243717,0.004,0.004,0.5655841544339433,-1.0,0.004,0.0,0.0019095477386934674,0.0,0.0,0.0,95,0.0050095180843602845,phash_adaptive,0.005,phash_mean,64,frequency,mean,hash_stability,mad,0.511,0.028
0.40281386934673363,0.4504232763819096,0.0037817612722294697,0.0,0.012,0.0,0.005,0.3936649909511361,0.4528075608284738,0.0,0.012,0.606335009048864,-1.0,0.012,0.0,0.00024120603015075377,0.0,0.0,0.0,12,0.005001200288069136,phash_adaptive,0.005,phash16,256,frequency,median,bit_llr,mad,0.622,0.098
0.42877772864321606,0.3723766432160804,0.00393712427218238,0.0,0.0,0.0,0.005,0.41283370199075003,0.36405429318318927,0.0,0.0,0.58716629800925,-1.0,0.0,0.0,0.13103517587939698,0.0,0.0,0.0,6519,0.005749637772820312,phash_adaptive,0.005,phash16,256,frequency,median,bit_em,mad,0.622,0.934
0.27985503517587945,0.5326871155778895,0.0032306966574893597,0.004,0.008,0.004,0.005,0.2583772370802333,0.5270307661371405,0.004,0.004,0.7416227629197667,-1.0,0.052,0.004,0.010452261306532663,0.0019193857965451055,0.004,0.0025940337224383916,521,0.005032438004001698,phash_adaptive,0.005,phash16,256,frequency,median,hamming_knn,mad,0.622,0.472
0.2981923216080402,0.46747762814070354,0.003461276233981294,0.0,0.008,0.0,0.005,0.26290770158857835,0.5182384878343052,0.0,0.0,0.7370922984114217,-1.0,0.032,0.0,0.016402010050251256,0.0,0.0,0.0,816,0.00508295380611581,phash_adaptive,0.005,phash16,256,frequency,median,hamming_ball,mad,0.622,0.467
0.4225606030150754,0.43583859296482413,0.003930370422459004,0.0,0.004,0.0,0.005,0.4114353508948321,0.43268610496682086,0.0,0.0,0.5885646491051679,-1.0,0.012,0.0,0.007658291457286432,0.0,0.0,0.0,381,0.005038392551240453,phash_adaptive,0.005,phash16,256,frequency,median,hash_spectral,mad,0.622,0.054
0.6750154773869347,0.5260596582914573,0.009230370085781871,0.024,0.1,0.008,0.005,0.7007721697164689,0.5567106374421879,0.052,0.016,0.7007721697164689,1.0,0.052,0.0,0.0018090452261306533,0.0,0.0,0.0,90,0.005009016229212583,phash_adaptive,0.005,phash16,256,frequency,median,hash_stability,mad,0.622,0.027
0.4220215477386935,0.46891481407035174,0.0039934710829760516,0.0,0.016,0.0,0.005,0.4172901669012668,0.47083209330384074,0.008,0.004,0.5827098330987333,-1.0,0.008,0.0,6.030150753768844e-05,0.0,0.0,0.0,3,0.00500030001800108,phash_adaptive,0.005,pdq,256,frequency,median,bit_llr,mad,2.254,0.098
0.5036666934673366,0.4270727638190954,0.005131410198376849,0.0,0.012,0.0,0.005,0.44094751658958375,0.3845895837522622,0.0,0.0,0.5590524834104162,-1.0,0.0,0.184,0.1324824120603015,0.006930842248003616,0.184,0.013358501524611587,6637,0.004704471554089892,phash_adaptive,0.005,pdq,256,frequency,median,bit_em,mad,2.254,0.91
0.29385933668341707,0.5471251457286431,0.0033019102815616385,0.004,0.004,0.004,0.005,0.2769696360345868,0.5559919565654534,0.004,0.004,0.7230303639654132,-1.0,0.032,0.004,0.007336683417085427,0.00273224043715847,0.004,0.003246753246753247,366,0.005016722408026756,phash_adaptive,0.005,pdq,256,frequency,median,hamming_knn,mad,2.254,0.477
0.28984406030150756,0.5005721407035176,0.0035002947919690044,0.0,0.008,0.0,0.005,0.2802135531872109,0.5226579529459079,0.0,0.0,0.719786446812789,-1.0,0.032,0.0,0.010934673366834171,0.0,0.0,0.0,544,0.005054998382400517,phash_adaptive,0.005,pdq,256,frequency,median,hamming_ball,mad,2.254,0.464
0.4191868944723618,0.46614311557788946,0.003936904459336586,0.0,0.012,0.0,0.005,0.3999887391916348,0.4647601045646491,0.0,0.0,0.6000112608083652,-1.0,0.012,0.0,0.005105527638190954,0.0,0.0,0.0,254,0.005025529690829414,phash_adaptive,0.005,pdq,256,frequency,median,hash_spectral,mad,2.254,0.054
0.6857873366834171,0.5368034572864321,0.00996929605066097,0.028,0.116,0.016,0.005,0.7005167906696159,0.5569374622964006,0.036,0.028,0.7005167906696159,1.0,0.036,0.0,0.0016683417085427135,0.0,0.0,0.0,83,0.00500831380090951,phash_adaptive,0.005,pdq,256,frequency,median,hash_stability,mad,2.254,0.027
0.40026637185929653,0.5141158994974874,0.0038126531903163105,0.0,0.016,0.0,0.005,0.40396501105972255,0.5108638648702996,0.008,0.008,0.5960349889402774,-1.0,0.008,0.0,0.0013869346733668341,0.0,0.0,0.0,69,0.0050069095351585186,phash_adaptive,0.005,whash_haar,64,wavelet,median,bit_llr,mad,0.623,0.056
0.38380667336683416,0.5506934271356783,0.004297262775550765,0.0,0.0,0.0,0.005,0.42185119646088876,0.5562143575306656,0.0,0.0,0.5781488035391112,-1.0,0.0,0.608,0.3739899497487437,0.008103209297366456,0.608,0.015993265993265993,18758,0.003136803021573523,phash_adaptive,0.005,whash_haar,64,wavelet,median,bit_em,mad,0.623,0.29
0.3923673969849247,0.5320353366834171,0.004025011075902568,0.008,0.048,0.008,0.005,0.3716183390307662,0.5203309873315906,0.0,0.0,0.6283816609692339,-1.0,0.016,0.0,4.020100502512563e-05,0.0,0.0,0.0,2,0.00500020000800032,phash_adaptive,0.005,whash_haar,64,wavelet,median,hamming_knn,mad,0.623,0.437
0.38652261306532665,0.45924787939698497,0.005363894229790469,0.032,0.068,0.032,0.005,0.41280715865674644,0.4380739995978283,0.0,0.0,0.5871928413432536,-1.0,0.0,0.116,0.17780904522613064,0.003267605633802817,0.116,0.0063561643835616435,8875,0.005373860182370821,phash_adaptive,0.005,whash_haar,64,wavelet,median,hamming_ball,mad,0.623,0.432
0.4088796783919598,0.4677990753768844,0.004226790962601686,0.0,0.02,0.0,0.005,0.39141886185401176,0.46563965413231456,0.0,0.0,0.6085811381459882,-1.0,0.024,0.136,0.10237185929648242,0.006631558416227814,0.136,0.012646457132229868,5127,0.004813585006574109,phash_adaptive,0.005,whash_haar,64,wavelet,median,block_collision,mad,0.623,0.159
0.44609841206030154,0.4768117386934674,0.004249270303843125,0.0,0.024,0.0,0.005,0.4381363362155641,0.48471184395736977,0.004,0.004,0.5618636637844359,-1.0,0.012,0.0,0.00030150753768844223,0.0,0.0,0.0,15,0.00500150045013504,phash_adaptive,0.005,whash_haar,64,wavelet,median,hash_spectral,mad,0.623,0.045
0.39691798994974875,0.5665971859296483,0.004037174173637676,0.004,0.032,0.004,0.005,0.39680112608083645,0.5558021315101549,0.008,0.008,0.6031988739191636,-1.0,0.02,0.0,0.0020301507537688443,0.0,0.0,0.0,101,0.005010120443295457,phash_adaptive,0.005,whash_haar,64,wavelet,median,hash_stability,mad,0.623,0.027
0.42236747738693464,0.47720100502512564,0.003947587207260515,0.0,0.0,0.0,0.005,0.41695435350894827,0.48722742811180375,0.008,0.004,0.5830456464910517,-1.0,0.008,0.0,0.004221105527638191,0.0,0.0,0.0,210,0.00502108857200241,phash_adaptive,0.005,whash_db4,169,wavelet,median,bit_llr,mad,1.588,0.076
0.43756980904522613,0.3510525025125628,0.00553407844986513,0.0,0.0,0.0,0.005,0.4443563241504123,0.5556436758495878,0.0,0.0,0.5556436758495877,-1.0,0.0,0.0,0.3448241206030151,0.0,0.0,0.0,17155,0.007611508601004719,phash_adaptive,0.005,whash_db4,169,wavelet,median,bit_em,mad,1.588,0.599
0.4212281407035176,0.4776839798994975,0.00402278243682091,0.0,0.008,0.0,0.005,0.4094059923587372,0.48465594208727125,0.008,0.016,0.5905940076412628,-1.0,0.028,0.0,0.0,0.0,0.0,0.0,0,0.005,phash_adaptive,0.005,whash_db4,169,wavelet,median,hamming_knn,mad,1.588,0.455
0.5012033366834171,0.3575340301507537,0.005259265852116804,0.0,0.0,0.0,0.005,0.46088839734566656,0.46088839734566656,0.004,0.004,0.5391116026543334,-1.0,0.004,0.02,0.11290452261306533,0.0008893632159373888,0.02,0.0017029972752043597,5622,0.00552075352652215,phash_adaptive,0.005,whash_db4,169,wavelet,median,hamming_ball,mad,1.588,0.448
0.45395766834170853,0.5179381306532663,0.004444613808746542,0.0,0.048,0.0,0.005,0.4579416850995375,0.5244343454655138,0.004,0.004,0.5420583149004625,-1.0,0.008,0.0,0.0018894472361809045,0.0,0.0,0.0,94,0.005009417705285938,phash_adaptive,0.005,whash_db4,169,wavelet,median,hash_spectral,mad,1.588,0.052
0.42419079396984927,0.6018601005025126,0.0047184087205359975,0.008,0.04,0.024,0.005,0.4362726724311281,0.5778230444399759,0.008,0.004,0.5637273275688719,-1.0,0.02,0.004,0.003819095477386935,0.005235602094240838,0.004,0.0045351473922902496,191,0.004999096548816479,phash_adaptive,0.005,whash_db4,169,wavelet,median,hash_stability,mad,1.588,0.03
0.3820338492462312,0.4425113165829146,0.0036262371711045646,0.0,0.004,0.0,0.005,0.37025216167303443,0.44077377840337817,0.0,0.0,0.6297478383269656,-1.0,0.008,0.0,0.00048241206030150754,0.0,0.0,0.0,24,0.005002401152553225,phash_adaptive,0.005,mh,64,frequency,mean,bit_llr,mad,0.954,0.056
0.35592196984924623,0.5354286231155778,0.003665591409257194,0.0,0.0,0.0,0.005,0.5057321536295998,0.4568401367383873,0.004,0.0,0.5057321536295998,1.0,0.004,0.0,0.027919597989949748,0.0,0.0,0.0,1389,0.005142868897986053,phash_adaptive,0.005,mh,64,frequency,mean,bit_em,mad,0.954,0.299
0.32670536683417084,0.5318685829145728,0.003396652633143643,0.0,0.004,0.0,0.005,0.3233082646289966,0.5287705610295597,0.0,0.0,0.6766917353710034,-1.0,0.02,0.0,0.008763819095477387,0.0,0.0,0.0,436,0.005043983536437737,phash_adaptive,0.005,mh,64,frequency,mean,hamming_knn,mad,0.954,0.44
0.35321853266331654,0.46746231155778895,0.0038019836915831034,0.0,0.012,0.0,0.005,0.3353601447818218,0.4672567866478986,0.0,0.0,0.6646398552181783,-1.0,0.0,0.012,0.04008040201005025,0.0015022533800701052,0.012,0.0026702269692923898,1997,0.005145511738849655,phash_adaptive,0.005,mh,64,frequency,mean,hamming_ball,mad,0.954,0.451
0.39193933668341707,0.6135294070351759,0.006950205759696817,0.044,0.1,0.044,0.005,0.3781230645485623,0.45130705811381455,0.012,0.012,0.6218769354514377,-1.0,0.012,0.104,0.06369849246231156,0.008137715179968702,0.104,0.01509433962264151,3195,0.004785813481465655,phash_adaptive,0.005,mh,64,frequency,mean,block_collision,mad,0.954,0.153
0.442945567839196,0.44862452261306535,0.004133192254382348,0.0,0.016,0.0,0.005,0.45329257993163086,0.4498403378242509,0.004,0.004,0.5467074200683691,-1.0,0.004,0.0,0.003879396984924623,0.0,0.0,0.0,193,0.005019374786676571,phash_adaptive,0.005,mh,64,frequency,mean,hash_spectral,mad,0.954,0.045
0.4822018894472362,0.40217579899497485,0.004703384994904511,0.0,0.02,0.0,0.005,0.4704753669817012,0.4527601045646491,0.004,0.004,0.5295246330182988,-1.0,0.004,0.0,0.005668341708542714,0.0,0.0,0.0,282,0.005028359950118669,phash_adaptive,0.005,mh,64,frequency,mean,hash_stability,mad,0.954,0.027
0.383888040201005,0.4646237185929648,0.003703521987148557,0.0,0.0,0.0,0.005,0.2841005429318319,0.5186897245123667,0.004,0.032,0.715899457068168,-1.0,0.048,0.0,0.03684422110552764,0.0,0.0,0.0,1833,0.005190275499823531,phash_adaptive,0.005,colorhash,42,colour,quantisation,bit_llr,mad,2.513,0.049
0.42388570854271357,0.4908196180904523,0.004196523418976954,0.0,0.0,0.0,0.005,0.3136010456464911,0.37679107178765336,0.0,0.0,0.686398954353509,-1.0,0.0,0.236,0.4176281407035176,0.0028316375503935494,0.236,0.005596130133738025,20836,0.006549170209847757,phash_adaptive,0.005,colorhash,42,colour,quantisation,bit_em,mad,2.513,0.241
0.3368449849246231,0.6167067336683417,0.003659872002376162,0.0,0.0,0.04,0.005,0.3367818218379248,0.5828160064347477,0.0,0.032,0.6632181781620752,-1.0,0.032,0.052,0.012180904522613065,0.0210016155088853,0.052,0.02991944764096663,619,0.004799416779733096,phash_adaptive,0.005,colorhash,42,colour,quantisation,hamming_knn,mad,2.513,0.324
0.3774155577889447,0.41457700502512573,0.0040773078079312354,0.0,0.0,0.0,0.005,0.3474832093303841,0.373651317112407,0.0,0.0,0.6525167906696159,-1.0,0.0,0.196,0.27250251256281405,0.0036013523445538732,0.196,0.007072748267898383,13606,0.005522888388195857,phash_adaptive,0.005,colorhash,42,colour,quantisation,hamming_ball,mad,2.513,0.32
0.45812771859296486,0.5022059497487437,0.004529898815212574,0.0,0.0,0.0,0.005,0.5268626583551177,0.5278680876734365,0.004,0.012,0.5268626583551177,1.0,0.012,0.0,0.0063115577889447235,0.0,0.0,0.0,314,0.005031598438191845,phash_adaptive,0.005,colorhash,42,colour,quantisation,hash_spectral,mad,2.513,0.04
0.6368452663316583,0.5664375075376884,0.010002286176295307,0.024,0.068,0.024,0.005,0.6299843153026342,0.587502915745023,0.024,0.024,0.6299843153026342,1.0,0.024,0.008,0.0008844221105527638,0.043478260869565216,0.008,0.013513513513513514,46,0.0049645674020098495,phash_adaptive,0.005,colorhash,42,colour,quantisation,hash_stability,mad,2.513,0.024
0.4018285829145729,0.4693371256281407,0.0037781884194659633,0.0,0.008,0.004,0.005,0.39313412427106376,0.470418660768148,0.0,0.004,0.6068658757289362,-1.0,0.02,0.0,0.00036180904522613067,0.0,0.0,0.0,18,0.005001800648233364,phash_adaptive,0.005,rhash8,64,residual,zero,bit_llr,mad,0.508,0.056
0.43935425125628136,0.47867171859296487,0.00448331694286558,0.0,0.0,0.0,0.005,0.4118198270661572,0.40071988739191633,0.004,0.004,0.5881801729338427,-1.0,0.008,0.12,0.09063316582914573,0.006609385327164574,0.12,0.01252871163082063,4539,0.004839312817579904,phash_adaptive,0.005,rhash8,64,residual,zero,bit_em,mad,0.508,0.294
0.38073298492462315,0.4493060502512562,0.0037776071392176596,0.0,0.02,0.0,0.005,0.34472109390709826,0.4659722501508144,0.0,0.0,0.6552789060929017,-1.0,0.02,0.0,0.0052261306532663315,0.0,0.0,0.0,260,0.005026135906714918,phash_adaptive,0.005,rhash8,64,residual,zero,hamming_knn,mad,0.508,0.444
0.38578520603015076,0.43768180904522613,0.0038872319033456657,0.0,0.02,0.0,0.005,0.3461214558616529,0.4436235672632214,0.0,0.0,0.6538785441383471,-1.0,0.012,0.012,0.016964824120603014,0.0035419126328217238,0.012,0.0054694621695533276,847,0.005025125628140704,phash_adaptive,0.005,rhash8,64,residual,zero,hamming_ball,mad,0.508,0.44
0.5173022311557789,0.46660554773869345,0.005919547523472399,0.028,0.06,0.028,0.005,0.41185642469334405,0.49443032374824053,0.004,0.004,0.588143575306656,-1.0,0.004,0.048,0.018733668341708542,0.012711864406779662,0.048,0.020100502512562814,944,0.0048515981735159815,phash_adaptive,0.005,rhash8,64,residual,zero,block_collision,mad,0.508,0.151
0.4581095477386935,0.475897608040201,0.004339483119632373,0.0,0.024,0.0,0.005,0.45308184194651113,0.4726225618339031,0.0,0.0,0.5469181580534889,-1.0,0.02,0.0,0.007979899497487437,0.0,0.0,0.0,397,0.005040017740862448,phash_adaptive,0.005,rhash8,64,residual,zero,hash_spectral,mad,0.508,0.045
0.6496577286432161,0.5350685829145729,0.009121467443333392,0.024,0.104,0.024,0.005,0.6425738990548965,0.5049157450231249,0.02,0.012,0.6425738990548965,1.0,0.02,0.004,0.0020301507537688443,0.00980392156862745,0.004,0.005681818181818182,102,0.004990179967132951,phash_adaptive,0.005,rhash8,64,residual,zero,hash_stability,mad,0.508,0.027
0.4054493266331658,0.4797049246231156,0.00385396568641334,0.008,0.016,0.0,0.005,0.3916219585763121,0.4719581741403579,0.0,0.0,0.6083780414236879,-1.0,0.0,0.0,0.0022914572864321608,0.0,0.0,0.0,114,0.005011426051397185,phash_adaptive,0.005,rhash16,256,residual,zero,bit_llr,mad,0.592,0.092
0.44755642211055274,0.4861911959798995,0.004244254122896605,0.0,0.0,0.0,0.005,0.4691908304846169,0.43033138950331795,0.0,0.0,0.5308091695153832,-1.0,0.0,0.0,0.11107537688442211,0.0,0.0,0.0,5526,0.005621261860862526,phash_adaptive,0.005,rhash16,256,residual,zero,bit_em,mad,0.592,0.907
0.32885258291457287,0.5095513165829146,0.0033844437407498725,0.0,0.0,0.0,0.005,0.3130098532073195,0.513447416046652,0.0,0.0,0.6869901467926804,-1.0,0.036,0.0,0.013688442211055276,0.0,0.0,0.0,681,0.00506904032928486,phash_adaptive,0.005,rhash16,256,residual,zero,hamming_knn,mad,0.592,0.468
0.33298926633165826,0.5113948140703518,0.003772919658053856,0.0,0.008,0.0,0.005,0.3287042026945506,0.4783269656143173,0.0,0.0,0.6712957973054494,-1.0,0.0,0.0,0.03218090452261307,0.0,0.0,0.0,1601,0.00516539597925577,phash_adaptive,0.005,rhash16,256,residual,zero,hamming_ball,mad,0.592,0.46
0.4146592562814071,0.48074617085427135,0.004343618232828207,0.0,0.04,0.0,0.005,0.3742047054092097,0.44755117635230246,0.008,0.008,0.6257952945907903,-1.0,0.008,0.068,0.08096482412060302,0.004202719406674907,0.068,0.007916181606519208,4045,0.00507017734740507,phash_adaptive,0.005,rhash16,256,residual,zero,block_collision,mad,0.592,0.748
0.42516249246231164,0.43716040201005024,0.003964598133376894,0.0,0.02,0.0,0.005,0.41959058918158054,0.4351586567464307,0.0,0.0,0.5804094108184195,-1.0,0.012,0.0,0.016020100502512562,0.0,0.0,0.0,797,0.005080990996483954,phash_adaptive,0.005,rhash16,256,residual,zero,hash_spectral,mad,0.592,0.058
0.612305688442211,0.5030366633165828,0.007103034269446052,0.008,0.056,0.0,0.005,0.6136891212547757,0.4924484214759702,0.004,0.0,0.6136891212547757,1.0,0.004,0.0,0.005407035175879397,0.0,0.0,0.0,269,0.0050270455048159095,phash_adaptive,0.005,rhash16,256,residual,zero,hash_stability,mad,0.592,0.03
0.9987635778894473,0.9974266532663317,0.7948012411857045,0.976,1.0,0.956,0.005,0.9996388497888599,0.999463502915745,0.984,0.984,0.9996388497888599,1.0,0.984,0.8,0.0026532663316582916,0.6024096385542169,0.8,0.6872852233676976,332,0.0010066843843118305,phash_adaptive,0.005,rhash32,1024,residual,zero,bit_llr,mad,0.464,0.248
0.7746934673366834,0.7329246231155779,0.021816912470547168,0.0,0.0,0.0,0.005,1.0,1.0,1.0,1.0,1.0,1.0,1.0,1.0,0.3185929648241206,0.015527950310559006,1.0,0.03058103975535168,16100,0.0,phash_adaptive,0.005,rhash32,1024,residual,zero,bit_em,mad,0.464,4.076
0.9999195979899498,0.9999195979899497,0.9847872742513466,1.0,1.0,1.0,0.005,1.0,1.0,1.0,1.0,1.0,1.0,1.0,1.0,0.03437185929648241,0.12755102040816327,1.0,0.22624434389140272,1960,0.0,phash_adaptive,0.005,rhash32,1024,residual,zero,hamming_knn,mad,0.464,0.552
0.9998492462311558,0.9998492462311558,0.9689922480620154,1.0,1.0,1.0,0.005,0.9984918560225216,0.9984918560225217,1.0,1.0,0.9984918560225216,1.0,1.0,1.0,0.09376884422110553,0.0508646998982706,1.0,0.0968054211035818,4915,0.0,phash_adaptive,0.005,rhash32,1024,residual,zero,hamming_ball,mad,0.464,0.544
0.9865039195979899,0.9865037185929648,0.2443264487679323,0.0,1.0,0.0,0.005,0.8731067765936055,0.8731067765936055,0.0,0.0,0.8731067765936055,1.0,0.0,0.996,0.02528643216080402,0.16522893165228933,0.996,0.28343767785998863,1507,2.0621533004763574e-05,phash_adaptive,0.005,rhash32,1024,residual,zero,block_collision,mad,0.464,3.207
1.0,1.0,1.0,1.0,1.0,1.0,0.005,1.0,1.0,1.0,1.0,1.0,1.0,1.0,1.0,0.028422110552763818,0.1502403846153846,1.0,0.2612330198537095,1664,0.0,phash_adaptive,0.005,rhash32,1024,residual,zero,hash_spectral,mad,0.464,0.188
0.8985271959798995,0.7861591557788945,0.026897388438765147,0.012,0.336,0.0,0.005,0.9125956163281721,0.8095873718077619,0.052,0.004,0.9125956163281721,1.0,0.052,0.0,0.005467336683417086,0.0,0.0,0.0,272,0.005027348777348777,phash_adaptive,0.005,rhash32,1024,residual,zero,hash_stability,mad,0.464,0.032
0.3718739296482412,0.49031835175879396,0.0036077166725039587,0.004,0.016,0.0,0.005,0.36134084053891014,0.4873734164488236,0.0,0.0,0.6386591594610899,-1.0,0.0,0.0,0.0023115577889447235,0.0,0.0,0.0,115,0.005011526510975243,phash_adaptive,0.005,rhash_rgb,768,residual,zero,bit_llr,mad,1.643,0.194
0.2618240804020101,0.5822534271356784,0.0034438532024445513,0.0,0.0,0.0,0.005,0.4524327367786045,0.5095467524633017,0.0,0.0,0.5475672632213955,-1.0,0.0,0.552,0.30856281407035174,0.008909548711989153,0.552,0.01753605692864858,15489,0.003245342064848889,phash_adaptive,0.005,rhash_rgb,768,residual,zero,bit_em,mad,1.643,2.953
0.37584928643216087,0.45503790954773865,0.0036150719611861455,0.0,0.004,0.0,0.005,0.3609213754273075,0.45802292378845766,0.0,0.0,0.6390786245726925,-1.0,0.008,0.0,0.014653266331658291,0.0,0.0,0.0,729,0.0050739786081061885,phash_adaptive,0.005,rhash_rgb,768,residual,zero,hamming_knn,mad,1.643,0.53
0.33745073366834166,0.4915834371859297,0.0037349161057505355,0.0,0.02,0.0,0.005,0.36364689322340643,0.446030565051277,0.0,0.0,0.6363531067765935,-1.0,0.0,0.02,0.040623115577889446,0.0024679170779861796,0.02,0.004393673110720563,2026,0.005106932921999417,phash_adaptive,0.005,rhash_rgb,768,residual,zero,hamming_ball,mad,1.643,0.528
0.4039331055276382,0.49319835175879395,0.00403068812109568,0.0,0.0,0.0,0.005,0.37235994369595815,0.4421303036396541,0.004,0.004,0.6276400563040418,-1.0,0.004,0.0,0.05796984924623116,0.0,0.0,0.0,2884,0.005306053145428305,phash_adaptive,0.005,rhash_rgb,768,residual,zero,block_collision,mad,1.643,2.069
0.4398408844221105,0.42970930653266326,0.00409161761179664,0.0,0.024,0.0,0.005,0.4395873718077619,0.42801447818218386,0.0,0.0,0.5604126281922381,-1.0,0.008,0.0,0.018532663316582914,0.0,0.0,0.0,922,0.005093932108072864,phash_adaptive,0.005,rhash_rgb,768,residual,zero,hash_spectral,mad,1.643,0.115
0.6119198391959799,0.47984840201005036,0.006801759741189395,0.008,0.056,0.0,0.005,0.621630404182586,0.4869495274482204,0.008,0.008,0.621630404182586,1.0,0.008,0.0,0.006251256281407035,0.0,0.0,0.0,311,0.005031294652740043,phash_adaptive,0.005,rhash_rgb,768,residual,zero,hash_stability,mad,1.643,0.034
0.18755971859296483,0.6688508140703517,0.002830335939919816,0.0,0.0,0.0,0.005,0.17024492258194251,0.6967142569877337,0.0,0.02,0.8297550774180575,-1.0,0.02,0.0,0.0007035175879396985,0.0,0.0,0.0,35,0.005003502451716202,phash_adaptive,0.005,rhash_energy,256,residual,mean,bit_llr,mad,0.608,0.097
0.2504266532663316,0.4630787135678392,0.005040421824112301,0.0,0.0,0.0,0.005,0.21645928011260807,0.3234417856424694,0.0,0.0,0.7835407198873919,-1.0,0.0,0.072,0.1923819095477387,0.0018771509020752946,0.072,0.0036589084256530135,9589,0.005741011110836159,phash_adaptive,0.005,rhash_energy,256,residual,mean,bit_em,mad,0.608,0.892
0.13893451256281406,0.7033050854271357,0.002695910813970751,0.0,0.0,0.0,0.005,0.1315535893826664,0.7305743012266238,0.0,0.152,0.8684464106173336,-1.0,0.2,0.0,0.0010251256281407035,0.0,0.0,0.0,51,0.005005105207311458,phash_adaptive,0.005,rhash_energy,256,residual,mean,hamming_knn,mad,0.608,0.461
0.5303118391959799,0.14438219095477384,0.006879133022562497,0.0,0.0,0.0,0.005,0.342325356927408,0.342325356927408,0.0,0.0,0.6576746430725919,-1.0,0.0,0.0,0.18645226130653267,0.0,0.0,0.0,9276,0.00613888616049504,phash_adaptive,0.005,rhash_energy,256,residual,mean,hamming_ball,mad,0.608,0.448
0.25483714572864324,0.6536005628140703,0.003224608656405349,0.0,0.0,0.0,0.005,0.1694719485220189,0.830528051477981,0.0,0.264,0.8305280514779811,-1.0,0.264,0.348,0.13879396984924622,0.01244279176201373,0.348,0.024026512013256007,6992,0.0037899925595238095,phash_adaptive,0.005,rhash_energy,256,residual,mean,block_collision,mad,0.608,0.715
0.3861476180904523,0.44908844221105526,0.0036699545059003507,0.0,0.004,0.0,0.005,0.3848075608284738,0.44539231852000805,0.0,0.0,0.6151924391715262,-1.0,0.016,0.0,0.001829145728643216,0.0,0.0,0.0,91,0.0050091165921978,phash_adaptive,0.005,rhash_energy,256,residual,mean,hash_spectral,mad,0.608,0.055
0.21399682412060303,0.6716350150753768,0.003074146877719564,0.012,0.012,0.02,0.005,0.23033903076613718,0.6586157249145383,0.012,0.004,0.7696609692338628,-1.0,0.012,0.012,0.003457286432160804,0.017142857142857144,0.012,0.01411764705882353,175,0.004957350727546412,phash_adaptive,0.005,rhash_energy,256,residual,mean,hash_stability,mad,0.608,0.031
0.40231750753768847,0.47625961809045225,0.0038184481080956517,0.004,0.02,0.0,0.005,0.3880353911120048,0.469793685903881,0.0,0.0,0.6119646088879952,-1.0,0.0,0.0,0.002472361809045226,0.0,0.0,0.0,123,0.005012330332618241,phash_adaptive,0.005,ahash_res,256,residual,mean,bit_llr,mad,0.589,0.092
0.4881065326633166,0.5219237788944723,0.004875833197589218,0.0,0.0,0.0,0.005,0.47011099939674245,0.4224809973858838,0.0,0.0,0.5298890006032575,-1.0,0.0,0.0,0.11179899497487437,0.0,0.0,0.0,5562,0.005625815743282776,phash_adaptive,0.005,ahash_res,256,residual,mean,bit_em,mad,0.589,0.894
0.3232417688442211,0.5256217889447237,0.0033620953126404264,0.0,0.004,0.0,0.005,0.31069213754273073,0.5211984717474363,0.0,0.0,0.6893078624572693,-1.0,0.052,0.0,0.013628140703517588,0.0,0.0,0.0,678,0.0050687320060013785,phash_adaptive,0.005,ahash_res,256,residual,mean,hamming_knn,mad,0.589,0.468
0.33294990954773873,0.5128266532663317,0.003787660923821772,0.0,0.016,0.0,0.005,0.32574864267042025,0.47727005831490044,0.0,0.0,0.6742513573295797,-1.0,0.0,0.004,0.034170854271356785,0.0005878894767783657,0.004,0.0010251153254741158,1701,0.0051553862398807425,phash_adaptive,0.005,ahash_res,256,residual,mean,hamming_ball,mad,0.589,0.462
0.4161127236180905,0.47832317587939693,0.004332636080557343,0.0,0.04,0.0,0.005,0.37515905891815804,0.4444705409209732,0.008,0.008,0.624840941081842,-1.0,0.008,0.068,0.08279396984924624,0.004110251450676982,0.068,0.007751937984496124,4136,0.005080237223094366,phash_adaptive,0.005,ahash_res,256,residual,mean,block_collision,mad,0.589,0.705
0.4232237185929648,0.4330070351758794,0.003943207917567464,0.0,0.02,0.0,0.005,0.41524230846571486,0.4324745626382465,0.0,0.0,0.5847576915342851,-1.0,0.008,0.0,0.015979899497487435,0.0,0.0,0.0,795,0.00508078447312265,phash_adaptive,0.005,ahash_res,256,residual,mean,hash_spectral,mad,0.589,0.053
0.618193688442211,0.49842339698492466,0.007196413481567232,0.008,0.056,0.0,0.005,0.6142175749044841,0.48915101548361156,0.004,0.0,0.6142175749044841,1.0,0.004,0.0,0.004964824120603015,0.0,0.0,0.0,247,0.005024822623761381,phash_adaptive,0.005,ahash_res,256,residual,mean,hash_stability,mad,0.589,0.029
0.36557648484848493,0.5601128080808081,0.0071444073774219585,0.0,0.0,0.016,0.01,0.40779047234557936,0.5356685506661283,0.006,0.016,0.5922095276544206,-1.0,0.016,0.0,0.00098989898989899,0.0,0.0,0.0,49,0.010009809613421152,phash_adaptive,0.01,ahash,64,spatial,mean,bit_llr,mad,0.145,0.056
0.6900094141414141,0.5635177777777778,0.040345419002801926,0.0,0.446,0.0,0.01,0.466839523617279,0.46782014533710137,0.0,0.0,0.533160476382721,-1.0,0.0,0.452,0.37597979797979797,0.011997664171577216,0.452,0.023374877178466154,18837,0.008792478259474377,phash_adaptive,0.01,ahash,64,spatial,mean,bit_em,mad,0.145,0.288
0.3828596767676768,0.5528317373737374,0.007882752599261252,0.006,0.056,0.0,0.01,0.3638732337505047,0.5477789664917239,0.01,0.014,0.6361267662494954,-1.0,0.022,0.0,0.0,0.0,0.0,0.0,0,0.01,phash_adaptive,0.01,ahash,64,spatial,mean,hamming_knn,mad,0.145,0.431
0.35716604040404043,0.49162846464646465,0.010814107634803503,0.03,0.072,0.03,0.01,0.4179697214372225,0.44632539362131607,0.004,0.004,0.5820302785627776,-1.0,0.004,0.104,0.15767676767676767,0.006618302150948199,0.104,0.012444657173626899,7857,0.010630472439076478,phash_adaptive,0.01,ahash,64,spatial,mean,hamming_ball,mad,0.145,0.424
0.3911838585858586,0.47550971717171714,0.008247270668817032,0.0,0.0,0.0,0.01,0.37494469115865964,0.48742289059345983,0.0,0.0,0.6250553088413404,-1.0,0.016,0.108,0.1078989898989899,0.010009267840593142,0.108,0.0183206106870229,5395,0.00999887904943392,phash_adaptive,0.01,ahash,64,spatial,mean,block_collision,mad,0.145,0.158
0.4889185050505051,0.4873676767676767,0.009728893876650829,0.004,0.054,0.004,0.01,0.4596927735163504,0.4892559547840129,0.004,0.004,0.5403072264836496,-1.0,0.012,0.0,0.0009292929292929292,0.0,0.0,0.0,46,0.01000920847179405,phash_adaptive,0.01,ahash,64,spatial,mean,hash_spectral,mad,0.145,0.045
0.3860111515151516,0.5063345252525253,0.007612201229944103,0.0,0.014,0.0,0.01,0.3789281388776745,0.5476501816713767,0.01,0.006,0.6210718611223255,-1.0,0.01,0.0,0.0005454545454545455,0.0,0.0,0.0,27,0.010005402917575491,phash_adaptive,0.01,ahash,64,spatial,mean,hash_stability,mad,0.145,0.028
0.3836150101010101,0.5735260404040403,0.007572703340548953,0.0,0.0,0.022,0.01,0.42691824788050065,0.5585234154218813,0.0,0.012,0.5730817521194993,-1.0,0.012,0.0,0.0013131313131313131,0.0,0.0,0.0,65,0.010013016921998599,phash_adaptive,0.01,ahash4,16,spatial,mean,bit_llr,mad,0.134,0.046
0.6662160808080808,0.5874031717171717,0.0386179963645463,0.062,0.448,0.0,0.01,0.46751352442470734,0.46315906338312474,0.0,0.0,0.5324864755752927,-1.0,0.0,0.4,0.15363636363636363,0.025624599615631006,0.4,0.048163756773028296,7805,0.007109847138286527,phash_adaptive,0.01,ahash4,16,spatial,mean,bit_em,mad,0.134,0.146
0.40552395959595955,0.5787649090909092,0.009173251940613941,0.0,0.076,0.02,0.01,0.3928526443278159,0.5551170771094065,0.0,0.022,0.607147355672184,-1.0,0.022,0.0,2.0202020202020203e-05,0.0,0.0,0.0,1,0.01000020000400008,phash_adaptive,0.01,ahash4,16,spatial,mean,hamming_knn,mad,0.134,0.386
0.4185530909090909,0.48139563636363625,0.010894463794488298,0.0,0.076,0.0,0.01,0.442891199031086,0.4663324586192975,0.0,0.0,0.557108800968914,-1.0,0.0,0.112,0.12301010101010101,0.009113100081366964,0.112,0.016854778028592927,6145,0.010124273172956333,phash_adaptive,0.01,ahash4,16,spatial,mean,hamming_ball,mad,0.134,0.389
0.43933391919191916,0.4946129898989899,0.011897621903654794,0.046,0.046,0.046,0.01,0.4217141703673799,0.46208639483245856,0.0,0.0,0.5782858296326201,-1.0,0.0,0.186,0.1907070707070707,0.009755585859645442,0.186,0.018538821887770358,9533,0.01005757777942521,phash_adaptive,0.01,ahash4,16,spatial,mean,block_collision,mad,0.134,0.041
0.47598325252525253,0.4992739191919192,0.009779808141325383,0.0,0.056,0.0,0.01,0.4594422688736375,0.49908215583366977,0.0,0.0,0.5405577311263625,-1.0,0.012,0.0,0.0020808080808080807,0.0,0.0,0.0,103,0.010020642523598614,phash_adaptive,0.01,ahash4,16,spatial,mean,hash_spectral,mad,0.134,0.042
0.4344781616161616,0.38769642424242434,0.008455654165028442,0.0,0.0,0.0,0.01,0.4009210738796931,0.5111594670972952,0.002,0.002,0.5990789261203069,-1.0,0.002,0.0,0.0025252525252525255,0.0,0.0,0.0,125,0.010025062656641603,phash_adaptive,0.01,ahash4,16,spatial,mean,hash_stability,mad,0.134,0.024
0.35481036363636365,0.5482361818181818,0.006974251485708367,0.0,0.0,0.012,0.01,0.398094469115866,0.5226205086798548,0.01,0.01,0.601905530884134,-1.0,0.01,0.0,0.0006060606060606061,0.0,0.0,0.0,30,0.010006003602161296,phash_adaptive,0.01,ahash16,256,spatial,mean,bit_llr,mad,0.191,0.096
0.6457724848484848,0.2577240202020202,0.022175716142909453,0.0,0.0,0.0,0.01,0.47637585789261205,0.48164654824384345,0.0,0.0,0.523624142107388,-1.0,0.0,0.0,0.344,0.0,0.0,0.0,17028,0.015164381899793765,phash_adaptive,0.01,ahash16,256,spatial,mean,bit_em,mad,0.191,0.906
0.35604757575757573,0.5659293333333334,0.00731284090970902,0.002,0.042,0.002,0.01,0.3430014129995963,0.5635918449737587,0.004,0.006,0.6569985870004037,-1.0,0.04,0.0,0.0,0.0,0.0,0.0,0,0.01,phash_adaptive,0.01,ahash16,256,spatial,mean,hamming_knn,mad,0.191,0.455
0.5157081212121212,0.23374690909090912,0.011472994235138586,0.0,0.0,0.0,0.01,0.4240985062575696,0.4240985062575696,0.006,0.006,0.5759014937424304,-1.0,0.006,0.022,0.15335353535353535,0.0014469876348329387,0.022,0.0027153789187854853,7602,0.011533562903910562,phash_adaptive,0.01,ahash16,256,spatial,mean,hamming_ball,mad,0.191,0.448
0.2953765252525252,0.749324606060606,0.008055245573658549,0.0,0.0,0.188,0.01,0.40185950746871213,0.5990979006863141,0.0,0.03,0.5981404925312879,-1.0,0.03,0.492,0.0811111111111111,0.05773292654306501,0.492,0.1033396345305608,4261,0.005553247775421413,phash_adaptive,0.01,ahash16,256,spatial,mean,block_collision,mad,0.191,0.689
0.4872966464646465,0.4800091111111111,0.009580550644983307,0.006,0.05,0.006,0.01,0.45248930157448525,0.477671376665321,0.002,0.002,0.5475106984255147,-1.0,0.012,0.0,0.0006868686868686869,0.0,0.0,0.0,34,0.010006804627146459,phash_adaptive,0.01,ahash16,256,spatial,mean,hash_spectral,mad,0.191,0.055
0.4647370909090909,0.500831696969697,0.00926157346951862,0.01,0.052,0.01,0.01,0.46193035930561166,0.49553916027452566,0.0,0.0,0.5380696406943883,-1.0,0.006,0.0,0.0012727272727272728,0.0,0.0,0.0,63,0.010012615896028997,phash_adaptive,0.01,ahash16,256,spatial,mean,hash_stability,mad,0.191,0.032
0.36466234343434345,0.502807393939394,0.007042226812671481,0.0,0.0,0.006,0.01,0.39948889786031483,0.4821421073879693,0.004,0.0,0.6005111021396852,-1.0,0.004,0.0,0.0005454545454545455,0.0,0.0,0.0,27,0.010005402917575491,phash_adaptive,0.01,ahash32,1024,spatial,mean,bit_llr,mad,0.358,0.241
0.3245939797979799,0.5363449292929293,0.009422460609316995,0.0,0.0,0.0,0.01,0.4008078320549051,0.5991921679450949,0.0,0.0,0.5991921679450949,-1.0,0.0,0.0,0.1991919191919192,0.0,0.0,0.0,9860,0.01245640259093174,phash_adaptive,0.01,ahash32,1024,spatial,mean,bit_em,mad,0.358,4.067
0.2875437575757576,0.5795632525252525,0.006345399404387889,0.002,0.018,0.002,0.01,0.26763625353249904,0.5809418651594671,0.004,0.004,0.732363746467501,-1.0,0.034,0.0,0.0,0.0,0.0,0.0,0,0.01,phash_adaptive,0.01,ahash32,1024,spatial,mean,hamming_knn,mad,0.358,0.543
0.479930303030303,0.23864791919191922,0.011107462398974451,0.0,0.0,0.0,0.01,0.3904283407347598,0.3904283407347598,0.004,0.004,0.6095716592652403,-1.0,0.004,0.012,0.14395959595959595,0.0008412787436904094,0.012,0.0015723270440251573,7132,0.011523747317346272,phash_adaptive,0.01,ahash32,1024,spatial,mean,hamming_ball,mad,0.358,0.529
0.36880872727272723,0.433027191919192,0.008011169676997491,0.0,0.0,0.0,0.01,0.36654339927331453,0.6334566007266855,0.0,0.09,0.6334566007266855,-1.0,0.09,0.042,0.14593939393939395,0.002898550724637681,0.042,0.005422853453841188,7245,0.01120336802713133,phash_adaptive,0.01,ahash32,1024,spatial,mean,block_collision,mad,0.358,2.915
0.4560205454545455,0.44901658585858584,0.008611142452434587,0.002,0.032,0.002,0.01,0.41989786031489706,0.44335567218409366,0.0,0.0,0.5801021396851029,-1.0,0.018,0.0,0.0005252525252525252,0.0,0.0,0.0,26,0.010005202705406812,phash_adaptive,0.01,ahash32,1024,spatial,mean,hash_spectral,mad,0.358,0.192
0.5237373131313131,0.49917981818181817,0.010618326346408913,0.0,0.054,0.0,0.01,0.5155393621316109,0.49142228502220425,0.0,0.0,0.5155393621316109,1.0,0.0,0.0,0.001797979797979798,0.0,0.0,0.0,89,0.010017831740498086,phash_adaptive,0.01,ahash32,1024,spatial,mean,hash_stability,mad,0.358,0.036
0.4266095151515152,0.5070225252525252,0.00804604199882229,0.0,0.018,0.0,0.01,0.42986980218005655,0.5054283407347597,0.008,0.014,0.5701301978199435,-1.0,0.014,0.0,0.0013333333333333333,0.0,0.0,0.0,66,0.01001321744703008,phash_adaptive,0.01,mhash,64,spatial,median,bit_llr,mad,0.17,0.056
0.39579159595959595,0.5401806262626263,0.008757835025667154,0.0,0.0,0.0,0.01,0.4510211949939443,0.5117644327815906,0.0,0.0,0.5489788050060558,-1.0,0.0,0.54,0.37476767676767675,0.014345677700440996,0.54,0.027948863930438383,18821,0.007376759998717085,phash_adaptive,0.01,mhash,64,spatial,median,bit_em,mad,0.17,0.291
0.4187497575757576,0.521833797979798,0.008679639950803278,0.006,0.048,0.006,0.01,0.3941808639483246,0.5159093661687525,0.0,0.0,0.6058191360516754,-1.0,0.026,0.0,4.0404040404040405e-05,0.0,0.0,0.0,2,0.01000040001600064,phash_adaptive,0.01,mhash,64,spatial,median,hamming_knn,mad,0.17,0.43
0.5108646464646465,0.17966133333333334,0.012020731096804474,0.0,0.0,0.0,0.01,0.43942430359305606,0.43942430359305606,0.0,0.0,0.5605756964069439,-1.0,0.0,0.02,0.15838383838383838,0.0012738853503184713,0.02,0.0023952095808383233,7850,0.01162514827995255,phash_adaptive,0.01,mhash,64,spatial,median,hamming_ball,mad,0.17,0.424
0.42370915151515154,0.4746606868686869,0.00884568238430605,0.0,0.034,0.0,0.01,0.4023918046023416,0.4814313685910376,0.0,0.0,0.5976081953976584,-1.0,0.018,0.14,0.10351515151515152,0.013477088948787063,0.14,0.024587284861257466,5194,0.009596928982725527,phash_adaptive,0.01,mhash,64,spatial,median,block_collision,mad,0.17,0.159
0.4522998787878788,0.4926681212121212,0.008783698051629716,0.002,0.046,0.002,0.01,0.4391913605167541,0.5001481631005249,0.004,0.004,0.5608086394832459,-1.0,0.014,0.0,0.00034343434343434346,0.0,0.0,0.0,17,0.010003401156393173,phash_adaptive,0.01,mhash,64,spatial,median,hash_spectral,mad,0.17,0.045
0.3910668686868687,0.5563537171717172,0.007893815750158906,0.0,0.02,0.0,0.01,0.3915962858296326,0.5449422688736375,0.002,0.002,0.6084037141703674,-1.0,0.014,0.0,0.0020606060606060605,0.0,0.0,0.0,102,0.010020441701070183,phash_adaptive,0.01,mhash,64,spatial,median,hash_stability,mad,0.17,0.027
0.34652884848484855,0.5860206868686868,0.006939289293570103,0.0,0.0,0.028,0.01,0.37482761404925313,0.5745926524020992,0.008,0.018,0.6251723859507469,-1.0,0.018,0.0,0.0014343434343434343,0.0,0.0,0.0,71,0.010014220192673597,phash_adaptive,0.01,ahash_rgb,192,spatial,mean,bit_llr,mad,0.376,0.08
0.6842565252525253,0.5620948282828283,0.042263722919878115,0.0,0.434,0.0,0.01,0.47624687121517967,0.4616844973758579,0.0,0.0,0.5237531287848203,-1.0,0.0,0.46,0.3924242424242424,0.01170185703383363,0.46,0.02282312081369387,19655,0.008897676717745922,phash_adaptive,0.01,ahash_rgb,192,spatial,mean,bit_em,mad,0.376,0.648
0.37371234343434345,0.5506833131313131,0.007631989182850518,0.004,0.05,0.002,0.01,0.35969721437222446,0.5494238998788856,0.006,0.004,0.6403027856277755,-1.0,0.022,0.0,0.0,0.0,0.0,0.0,0,0.01,phash_adaptive,0.01,ahash_rgb,192,spatial,mean,hamming_knn,mad,0.376,0.441
0.5303364848484847,0.21084602020202023,0.012074519685598483,0.0,0.0,0.0,0.01,0.4330464271295923,0.4330464271295923,0.004,0.004,0.5669535728704077,-1.0,0.004,0.026,0.16143434343434343,0.0016241879060469764,0.026,0.0030573847601128882,8004,0.011596342508810363,phash_adaptive,0.01,ahash_rgb,192,spatial,mean,hamming_ball,mad,0.376,0.432
0.43136830303030305,0.4692960606060606,0.008760608954983512,0.0,0.0,0.0,0.01,0.36747133629390394,0.4751352442470731,0.0,0.0,0.6325286637060961,-1.0,0.03,0.0,0.041555555555555554,0.0,0.0,0.0,2057,0.010429051164925015,phash_adaptive,0.01,ahash_rgb,192,spatial,mean,block_collision,mad,0.376,0.413
0.4703932525252525,0.49834533333333336,0.00940036297957797,0.004,0.044,0.004,0.01,0.4532341542188131,0.5031094065401696,0.004,0.004,0.5467658457811869,-1.0,0.008,0.0,0.0010505050505050504,0.0,0.0,0.0,52,0.010010410827260351,phash_adaptive,0.01,ahash_rgb,192,spatial,mean,hash_spectral,mad,0.376,0.052
0.3715293131313131,0.5244544848484849,0.007304272849751745,0.0,0.004,0.0,0.01,0.3732533306419055,0.5431534113847396,0.004,0.01,0.6267466693580945,-1.0,0.014,0.0,0.0006868686868686869,0.0,0.0,0.0,34,0.010006804627146459,phash_adaptive,0.01,ahash_rgb,192,spatial,mean,hash_stability,mad,0.376,0.032
0.38653808080808083,0.5106364646464646,0.007542291736614391,0.004,0.02,0.012,0.01,0.36632943076301977,0.5092260799354058,0.002,0.012,0.6336705692369802,-1.0,0.018,0.0,2.0202020202020203e-05,0.0,0.0,0.0,1,0.01000020000400008,phash_adaptive,0.01,dhash,64,spatial,pairwise,bit_llr,mad,0.147,0.056
0.5655681212121213,0.5633212525252526,0.014126775544986337,0.0,0.0,0.0,0.01,0.4906935809446912,0.4751618893823173,0.0,0.0,0.5093064190553088,-1.0,0.0,0.29,0.1093131313131313,0.026097912167026636,0.29,0.04788639365918098,5556,0.007987579875798758,phash_adaptive,0.01,dhash,64,spatial,pairwise,bit_em,mad,0.147,0.299
0.4120769696969698,0.480933090909091,0.007937865939906497,0.0,0.016,0.0,0.01,0.4082809850625757,0.47741764230924505,0.0,0.0,0.5917190149374243,-1.0,0.008,0.0,0.012505050505050505,0.0,0.0,0.0,619,0.010125351855976995,phash_adaptive,0.01,dhash,64,spatial,pairwise,hamming_knn,mad,0.147,0.449
0.43849694949494944,0.5163755757575759,0.009463426073945198,0.006,0.046,0.006,0.01,0.4138877674606379,0.45221114251110217,0.0,0.0,0.5861122325393622,-1.0,0.0,0.084,0.08977777777777778,0.009362460989745877,0.084,0.01684717208182912,4486,0.010062837808146943,phash_adaptive,0.01,dhash,64,spatial,pairwise,hamming_ball,mad,0.147,0.46
0.42391587878787873,0.5495085858585858,0.010057169047299211,0.016,0.07,0.016,0.01,0.4235645942672588,0.43261142511102135,0.0,0.0,0.5764354057327412,-1.0,0.0,0.128,0.10977777777777778,0.011640596580574755,0.128,0.0213404468156052,5498,0.009797312480337963,phash_adaptive,0.01,dhash,64,spatial,pairwise,block_collision,mad,0.147,0.153
0.48096315151515157,0.50223,0.00945728451338116,0.006,0.044,0.006,0.01,0.4745470327008478,0.4994281388776746,0.002,0.002,0.5254529672991521,-1.0,0.012,0.0,0.0018585858585858585,0.0,0.0,0.0,92,0.010018433918409874,phash_adaptive,0.01,dhash,64,spatial,pairwise,hash_spectral,mad,0.147,0.044
0.559018404040404,0.5187228080808081,0.012156295303240527,0.006,0.05,0.006,0.01,0.5521043601130399,0.49335385547032706,0.006,0.002,0.5521043601130399,1.0,0.006,0.0,0.0005656565656565656,0.0,0.0,0.0,28,0.010005603137757144,phash_adaptive,0.01,dhash,64,spatial,pairwise,hash_stability,mad,0.147,0.026
0.40175890909090906,0.4924643030303031,0.007647605874796263,0.002,0.018,0.006,0.01,0.3890419862737182,0.4907268873637464,0.002,0.01,0.6109580137262818,-1.0,0.016,0.0,0.00030303030303030303,0.0,0.0,0.0,15,0.01000300090027008,phash_adaptive,0.01,dhash_v,64,spatial,pairwise,bit_llr,mad,0.137,0.057
0.655421393939394,0.6177374545454546,0.0347364133488756,0.0,0.398,0.0,0.01,0.4739446911586596,0.45359103754541785,0.0,0.0,0.5260553088413404,-1.0,0.0,0.388,0.10880808080808081,0.03476702508960573,0.388,0.06381578947368421,5580,0.006888788833858623,phash_adaptive,0.01,dhash_v,64,spatial,pairwise,bit_em,mad,0.137,0.298
0.343562808080808,0.5495223838383839,0.007029405703773242,0.004,0.012,0.004,0.01,0.33864513524424705,0.558308841340331,0.006,0.006,0.661354864755753,-1.0,0.04,0.0,0.0027474747474747476,0.0,0.0,0.0,136,0.010027274185785336,phash_adaptive,0.01,dhash_v,64,spatial,pairwise,hamming_knn,mad,0.137,0.45
0.3650251919191919,0.48935169696969694,0.008357530900705595,0.002,0.024,0.002,0.01,0.3517383932176019,0.4486001211142511,0.004,0.004,0.6482616067823981,-1.0,0.004,0.062,0.10098989898989899,0.006163021868787276,0.062,0.011211573236889693,5030,0.010429175005559262,phash_adaptive,0.01,dhash_v,64,spatial,pairwise,hamming_ball,mad,0.137,0.454
0.3822986060606061,0.445459393939394,0.00764904904527896,0.0,0.0,0.0,0.01,0.3625720629794106,0.46108255954784017,0.0,0.0,0.6374279370205894,-1.0,0.0,0.06,0.1411111111111111,0.0042765502494654314,0.06,0.007984031936127744,7015,0.010934046760497848,phash_adaptive,0.01,dhash_v,64,spatial,pairwise,block_collision,mad,0.137,0.156
0.42026486868686874,0.46042355555555553,0.007843951804177497,0.0,0.004,0.0,0.01,0.4231657246669358,0.46349091643116674,0.004,0.004,0.5768342753330642,-1.0,0.02,0.0,0.000505050505050505,0.0,0.0,0.0,25,0.010005002501250625,phash_adaptive,0.01,dhash_v,64,spatial,pairwise,hash_spectral,mad,0.137,0.044
0.6176603838383838,0.4375591919191919,0.013829963274961879,0.0,0.054,0.0,0.01,0.6141996366572466,0.4981925716592652,0.01,0.01,0.6141996366572466,1.0,0.01,0.0,0.00034343434343434346,0.0,0.0,0.0,17,0.010003401156393173,phash_adaptive,0.01,dhash_v,64,spatial,pairwise,hash_stability,mad,0.137,0.026
0.4009491515151515,0.4496729696969697,0.0075079191606634045,0.002,0.006,0.002,0.01,0.3798445700444085,0.4470999192571659,0.0,0.002,0.6201554299555915,-1.0,0.004,0.002,0.0009696969696969697,0.02040816326530612,0.002,0.0036429872495446266,49,0.00998978999419431,phash_adaptive,0.01,dhash16,256,spatial,pairwise,bit_llr,mad,0.201,0.094
0.5773029696969697,0.5796554141414142,0.03030022321325449,0.0,0.34,0.0,0.01,0.4639899071457408,0.4411069842551474,0.0,0.0,0.5360100928542593,-1.0,0.0,0.418,0.2701818181818182,0.01538688065964809,0.418,0.029681175885819783,13583,0.0079907735398303,phash_adaptive,0.01,dhash16,256,spatial,pairwise,bit_em,mad,0.201,0.898
0.3881770505050505,0.45808975757575754,0.007454572421507048,0.0,0.018,0.0,0.01,0.35699717400080744,0.4524281388776747,0.0,0.0,0.6430028259991926,-1.0,0.032,0.004,0.026707070707070707,0.0015105740181268882,0.004,0.0021929824561403508,1324,0.010230914619114143,phash_adaptive,0.01,dhash16,256,spatial,pairwise,hamming_knn,mad,0.201,0.47
0.3924314545454546,0.4386757171717172,0.009652244518329028,0.01,0.05,0.01,0.01,0.3829840532902705,0.40549576100121115,0.0,0.0,0.6170159467097295,-1.0,0.0,0.09,0.13357575757575757,0.0067598017124831005,0.09,0.012575101299427134,6657,0.010497658214705951,phash_adaptive,0.01,dhash16,256,spatial,pairwise,hamming_ball,mad,0.201,0.461
0.38014698989898993,0.4780416161616161,0.007690867106641109,0.0,0.0,0.0,0.01,0.3775038352846185,0.42179975777149775,0.0,0.0,0.6224961647153815,-1.0,0.014,0.09,0.16234343434343435,0.0055686177453285485,0.09,0.010488288078312551,8081,0.01085426656170233,phash_adaptive,0.01,dhash16,256,spatial,pairwise,block_collision,mad,0.201,0.714
0.452153898989899,0.45261793939393935,0.008456495539624033,0.002,0.016,0.002,0.01,0.4422983447719015,0.448398869600323,0.002,0.002,0.5577016552280984,-1.0,0.01,0.002,0.01002020202020202,0.002012072434607646,0.002,0.0020060180541624875,497,0.010080197159768095,phash_adaptive,0.01,dhash16,256,spatial,pairwise,hash_spectral,mad,0.201,0.054
0.6037443232323232,0.48376705050505053,0.013813326106563188,0.01,0.076,0.0,0.01,0.6166041582559547,0.48645962858296327,0.022,0.0,0.6166041582559547,1.0,0.022,0.0,0.00296969696969697,0.0,0.0,0.0,147,0.010029486690871161,phash_adaptive,0.01,dhash16,256,spatial,pairwise,hash_stability,mad,0.201,0.029
0.39009721212121207,0.49732987878787877,0.0074333624618435675,0.004,0.012,0.01,0.01,0.36764392410173596,0.49786596689543805,0.0,0.01,0.632356075898264,-1.0,0.012,0.0,0.00034343434343434346,0.0,0.0,0.0,17,0.010003401156393173,phash_adaptive,0.01,blockhash,256,spatial,median,bit_llr,mad,0.375,0.091
0.4974005858585858,0.3992170505050506,0.010154990317342264,0.0,0.0,0.0,0.01,0.49019499394428745,0.49628259991925716,0.0,0.0,0.5098050060557126,-1.0,0.0,0.0,0.3317979797979798,0.0,0.0,0.0,16424,0.01489158923040267,phash_adaptive,0.01,blockhash,256,spatial,median,bit_em,mad,0.375,0.901
0.37797933333333333,0.5446347878787878,0.0077358469699704445,0.01,0.026,0.01,0.01,0.371210940654017,0.5439479208720226,0.004,0.004,0.6287890593459831,-1.0,0.03,0.004,0.001797979797979798,0.02197802197802198,0.004,0.00676818950930626,91,0.009978160251658017,phash_adaptive,0.01,blockhash,256,spatial,median,hamming_knn,mad,0.375,0.472
0.42142189898989896,0.4104064848484848,0.008355487300677098,0.0,0.004,0.0,0.01,0.3753471941865159,0.4810765038352846,0.004,0.004,0.6246528058134841,-1.0,0.004,0.04,0.132989898989899,0.0030289262456459185,0.04,0.005631423342249754,6603,0.01106067239670945,phash_adaptive,0.01,blockhash,256,spatial,median,hamming_ball,mad,0.375,0.464
0.480720202020202,0.4860263434343434,0.011116049746216031,0.0,0.0,0.0,0.01,0.44609345983044,0.5201013322567622,0.0,0.032,0.55390654016956,-1.0,0.032,0.0,0.02688888888888889,0.0,0.0,0.0,1331,0.010273480038628284,phash_adaptive,0.01,blockhash,256,spatial,median,block_collision,mad,0.375,0.715
0.49195632323232324,0.5007614747474748,0.010721026605460201,0.02,0.064,0.02,0.01,0.47564069438837303,0.496663706096084,0.008,0.008,0.5243593056116269,-1.0,0.024,0.006,0.0012727272727272728,0.045454545454545456,0.006,0.01060070671378092,66,0.0099531381423479,phash_adaptive,0.01,blockhash,256,spatial,median,hash_spectral,mad,0.375,0.055
0.5850253939393939,0.502894707070707,0.013281492907155808,0.01,0.068,0.004,0.01,0.5852210335082761,0.49972184093661687,0.014,0.006,0.5852210335082761,1.0,0.014,0.0,0.001898989898989899,0.0,0.0,0.0,94,0.010018835410571875,phash_adaptive,0.01,blockhash,256,spatial,median,hash_stability,mad,0.375,0.029
0.41051195959595965,0.4688183434343434,0.0077005051788399895,0.0,0.02,0.0,0.01,0.3932410173597093,0.4661626968106581,0.0,0.006,0.6067589826402907,-1.0,0.006,0.0,0.00020202020202020202,0.0,0.0,0.0,10,0.010002000400080016,phash_adaptive,0.01,phash,64,frequency,median,bit_llr,mad,0.553,0.057
0.3400478787878788,0.5067261212121212,0.0068850357981295966,0.0,0.0,0.0,0.01,0.4222335486475575,0.5200886152603956,0.002,0.002,0.5777664513524425,-1.0,0.002,0.0,0.039696969696969696,0.0,0.0,0.0,1965,0.01040907671489539,phash_adaptive,0.01,phash,64,frequency,median,bit_em,mad,0.553,0.3
0.3051312121212121,0.5090471919191919,0.006779458849537432,0.0,0.004,0.0,0.01,0.29049939442874445,0.5151247476786436,0.0,0.0,0.7095006055712556,-1.0,0.012,0.0,0.006545454545454545,0.0,0.0,0.0,324,0.010065222642724856,phash_adaptive,0.01,phash,64,frequency,median,hamming_knn,mad,0.553,0.431
0.334424202020202,0.4762200606060606,0.0070028339191993945,0.0,0.012,0.0,0.01,0.2967426322163908,0.47229289463060153,0.0,0.0,0.7032573677836091,-1.0,0.028,0.002,0.023797979797979797,0.0008481764206955047,0.002,0.0011911852293031567,1179,0.010221011449990783,phash_adaptive,0.01,phash,64,frequency,median,hamming_ball,mad,0.553,0.428
0.4247054747474748,0.4665644242424243,0.007977334756593393,0.0,0.02,0.0,0.01,0.41643560758982645,0.4589265240209931,0.0,0.0,0.5835643924101735,-1.0,0.008,0.0,0.00296969696969697,0.0,0.0,0.0,147,0.010029486690871161,phash_adaptive,0.01,phash,64,frequency,median,hash_spectral,mad,0.553,0.044
0.6129250303030302,0.5667698181818183,0.016214072872222717,0.014,0.136,0.014,0.01,0.5872248687928946,0.5379786031489706,0.002,0.002,0.5872248687928946,1.0,0.002,0.014,0.008747474747474747,0.015909090909090907,0.014,0.014893617021276596,440,0.009947538337368845,phash_adaptive,0.01,phash,64,frequency,median,hash_stability,mad,0.553,0.026
0.41051195959595965,0.4688183434343435,0.0077005051788399895,0.0,0.02,0.0,0.01,0.3932410173597093,0.4661626968106581,0.0,0.006,0.6067589826402907,-1.0,0.006,0.0,0.00020202020202020202,0.0,0.0,0.0,10,0.010002000400080016,phash_adaptive,0.01,phash_nodc,63,frequency,median,bit_llr,mad,0.545,0.059
0.33944739393939394,0.5077466060606061,0.006878732340621817,0.0,0.0,0.0,0.01,0.4222430359305612,0.5201740008074284,0.002,0.002,0.5777569640694389,-1.0,0.002,0.0,0.039696969696969696,0.0,0.0,0.0,1965,0.01040907671489539,phash_adaptive,0.01,phash_nodc,63,frequency,median,bit_em,mad,0.545,0.296
0.3051312121212121,0.5090471919191919,0.006779458849537432,0.0,0.004,0.0,0.01,0.29049939442874445,0.5151247476786436,0.0,0.0,0.7095006055712556,-1.0,0.012,0.0,0.006545454545454545,0.0,0.0,0.0,324,0.010065222642724856,phash_adaptive,0.01,phash_nodc,63,frequency,median,hamming_knn,mad,0.545,0.429
0.334424202020202,0.4762200606060606,0.0070028339191993945,0.0,0.012,0.0,0.01,0.2967426322163908,0.47229289463060153,0.0,0.0,0.7032573677836091,-1.0,0.028,0.002,0.023797979797979797,0.0008481764206955047,0.002,0.0011911852293031567,1179,0.010221011449990783,phash_adaptive,0.01,phash_nodc,63,frequency,median,hamming_ball,mad,0.545,0.438
0.45503931313131313,0.46103347474747475,0.008602198428801904,0.006,0.026,0.006,0.01,0.43776382721033513,0.45584477190149375,0.0,0.0,0.5622361727896649,-1.0,0.016,0.0,0.0027272727272727275,0.0,0.0,0.0,135,0.010027073097362879,phash_adaptive,0.01,phash_nodc,63,frequency,median,hash_spectral,mad,0.545,0.046
0.6129250303030302,0.5667698181818183,0.016214072872222717,0.014,0.136,0.014,0.01,0.5872248687928946,0.5379786031489706,0.002,0.002,0.5872248687928946,1.0,0.002,0.014,0.008747474747474747,0.015909090909090907,0.014,0.014893617021276596,440,0.009947538337368845,phash_adaptive,0.01,phash_nodc,63,frequency,median,hash_stability,mad,0.545,0.026
0.4021635151515152,0.4795022222222222,0.007579820547478383,0.004,0.014,0.0,0.01,0.3901612838110618,0.4791096083972547,0.004,0.01,0.6098387161889383,-1.0,0.008,0.0,0.0002626262626262626,0.0,0.0,0.0,13,0.010002600676175805,phash_adaptive,0.01,phash_mean,64,frequency,mean,bit_llr,mad,0.505,0.057
0.3211101818181818,0.6102307070707071,0.006810834292781747,0.0,0.0,0.0,0.01,0.4266699636657247,0.5425666128381107,0.008,0.002,0.5733300363342753,-1.0,0.008,0.0,0.0,0.0,0.0,0.0,0,0.01,phash_adaptive,0.01,phash_mean,64,frequency,mean,bit_em,mad,0.505,0.299
0.3154291111111111,0.5259630909090909,0.006701784097914853,0.0,0.004,0.0,0.01,0.30449192571659267,0.5365028259991926,0.002,0.002,0.6955080742834073,-1.0,0.04,0.0,0.006767676767676768,0.0,0.0,0.0,335,0.010067451927917043,phash_adaptive,0.01,phash_mean,64,frequency,mean,hamming_knn,mad,0.505,0.445
0.32093832323232324,0.5190737575757576,0.006982319016906823,0.0,0.006,0.0,0.01,0.31771740008074284,0.47912151796528063,0.002,0.002,0.6822825999192572,-1.0,0.002,0.008,0.05733333333333333,0.0014074595355383533,0.008,0.0023937761819269898,2842,0.010517833665549854,phash_adaptive,0.01,phash_mean,64,frequency,mean,hamming_ball,mad,0.505,0.438
0.5070174141414142,0.49545309090909095,0.010193518880354774,0.008,0.05,0.008,0.01,0.4999006863140897,0.49451271699636656,0.004,0.004,0.5000993136859103,-1.0,0.008,0.0,0.0014141414141414141,0.0,0.0,0.0,70,0.01001401962747847,phash_adaptive,0.01,phash_mean,64,frequency,mean,hash_spectral,mad,0.505,0.046
0.4529437777777778,0.5276607474747474,0.00915911623914507,0.01,0.034,0.006,0.01,0.46667541380702465,0.4994751715785224,0.006,0.004,0.5333245861929754,-1.0,0.006,0.002,0.001898989898989899,0.010526315789473684,0.002,0.0033613445378151263,95,0.009998998096383127,phash_adaptive,0.01,phash_mean,64,frequency,mean,hash_stability,mad,0.505,0.028
0.4063357373737374,0.4792348888888889,0.007636505243945955,0.002,0.012,0.004,0.01,0.39073354864755755,0.4814703270084779,0.004,0.008,0.6092664513524424,-1.0,0.008,0.0,0.00022222222222222223,0.0,0.0,0.0,11,0.010002200484106504,phash_adaptive,0.01,phash16,256,frequency,median,bit_llr,mad,0.632,0.092
0.44962832323232327,0.4163972929292929,0.008309144854997409,0.0,0.0,0.0,0.01,0.4154259184497376,0.38406984255147353,0.002,0.002,0.5845740815502625,-1.0,0.004,0.0,0.1302222222222222,0.0,0.0,0.0,6446,0.011480001836800294,phash_adaptive,0.01,phash16,256,frequency,median,bit_em,mad,0.632,0.897
0.29176135353535354,0.5177616565656565,0.006517197729265116,0.0,0.004,0.0,0.01,0.2584392410173597,0.5338825191764232,0.0,0.0,0.7415607589826403,-1.0,0.044,0.0,0.009939393939393939,0.0,0.0,0.0,492,0.010099377878322695,phash_adaptive,0.01,phash16,256,frequency,median,hamming_knn,mad,0.632,0.467
0.32913616161616166,0.45909846464646464,0.0073753768859909944,0.002,0.006,0.002,0.01,0.2765234154218813,0.5030298748486072,0.002,0.002,0.7234765845781187,-1.0,0.002,0.002,0.012626262626262626,0.001597444089456869,0.002,0.0017761989342806395,626,0.010106533803216267,phash_adaptive,0.01,phash16,256,frequency,median,hamming_ball,mad,0.632,0.46
0.4242535757575757,0.45153923232323234,0.007931720783962717,0.004,0.02,0.004,0.01,0.408190149374243,0.44911142511102137,0.0,0.0,0.591809850625757,-1.0,0.012,0.002,0.007434343434343434,0.0027100271002710027,0.002,0.0023014959723820483,369,0.010054199995970261,phash_adaptive,0.01,phash16,256,frequency,median,hash_spectral,mad,0.632,0.054
0.6679357171717172,0.5306835151515151,0.018377607542806273,0.018,0.118,0.008,0.01,0.691652805813484,0.5600956802583771,0.058,0.012,0.691652805813484,1.0,0.058,0.0,0.001797979797979798,0.0,0.0,0.0,89,0.010017831740498086,phash_adaptive,0.01,phash16,256,frequency,median,hash_stability,mad,0.632,0.028
0.4248181616161616,0.4786230909090909,0.008081716338735744,0.002,0.028,0.006,0.01,0.41632539362131615,0.48178805006055714,0.008,0.012,0.5836746063786838,-1.0,0.01,0.0,6.0606060606060605e-05,0.0,0.0,0.0,3,0.01000060003600216,phash_adaptive,0.01,pdq,256,frequency,median,bit_llr,mad,2.247,0.092
0.5394607272727273,0.4784399191919192,0.011845111431782022,0.0,0.016,0.0,0.01,0.4690777149777957,0.4267018570851837,0.0,0.0,0.5309222850222043,-1.0,0.004,0.238,0.13058585858585858,0.018076864651374754,0.238,0.0336015812508824,6583,0.008775364488564388,phash_adaptive,0.01,pdq,256,frequency,median,bit_em,mad,2.247,0.889
0.290741696969697,0.5409380404040404,0.0065302272372587174,0.002,0.004,0.002,0.01,0.27070064594267257,0.5365500605571256,0.002,0.002,0.7292993540573274,-1.0,0.022,0.002,0.007696969696969697,0.002617801047120419,0.002,0.0022675736961451248,382,0.010056834213390303,phash_adaptive,0.01,pdq,256,frequency,median,hamming_knn,mad,2.247,0.464
0.3066741616161616,0.4994546464646465,0.007033536463630583,0.002,0.004,0.002,0.01,0.288537343560759,0.5099921275736778,0.002,0.002,0.711462656439241,-1.0,0.024,0.002,0.010686868686868687,0.0018867924528301887,0.002,0.001941747572815534,530,0.010086921366484739,phash_adaptive,0.01,pdq,256,frequency,median,hamming_ball,mad,2.247,0.462
0.4505071515151515,0.439862404040404,0.008378523254746535,0.002,0.026,0.002,0.01,0.43436374646750103,0.4322214372224465,0.0,0.0,0.565636253532499,-1.0,0.01,0.0,0.005191919191919192,0.0,0.0,0.0,257,0.010051665560983455,phash_adaptive,0.01,pdq,256,frequency,median,hash_spectral,mad,2.247,0.055
0.6718444444444444,0.5471029090909092,0.01888960259852087,0.018,0.12,0.004,0.01,0.68521417036738,0.566770286637061,0.03,0.014,0.68521417036738,1.0,0.03,0.002,0.0016767676767676769,0.011904761904761904,0.002,0.003424657534246575,84,0.009996794614953121,phash_adaptive,0.01,pdq,256,frequency,median,hash_stability,mad,2.247,0.028
0.42669173737373745,0.5069788484848485,0.008046360169626428,0.0,0.018,0.0,0.01,0.4299860718611223,0.5056421073879693,0.008,0.014,0.5700139281388776,-1.0,0.014,0.0,0.0013333333333333333,0.0,0.0,0.0,66,0.01001321744703008,phash_adaptive,0.01,whash_haar,64,wavelet,median,bit_llr,mad,0.625,0.057
0.39523274747474746,0.5376532323232324,0.008783399388655987,0.0,0.0,0.0,0.01,0.4519561970125151,0.5109666935809447,0.0,0.0,0.5480438029874849,-1.0,0.0,0.54,0.3747474747474748,0.014346439957492029,0.54,0.027950310559006212,18820,0.0073765234124438745,phash_adaptive,0.01,whash_haar,64,wavelet,median,bit_em,mad,0.625,0.295
0.4187666868686869,0.5219100404040403,0.008679415355156761,0.006,0.048,0.006,0.01,0.39384093661687525,0.5163956398869601,0.0,0.0,0.6061590633831248,-1.0,0.026,0.0,4.0404040404040405e-05,0.0,0.0,0.0,2,0.01000040001600064,phash_adaptive,0.01,whash_haar,64,wavelet,median,hamming_knn,mad,0.625,0.435
0.5108457777777777,0.1796610909090909,0.012020329309262907,0.0,0.0,0.0,0.01,0.43931368591037545,0.43931368591037545,0.0,0.0,0.5606863140896245,-1.0,0.0,0.02,0.1584040404040404,0.0012737230925996689,0.02,0.0023949227637408694,7851,0.011625424090725759,phash_adaptive,0.01,whash_haar,64,wavelet,median,hamming_ball,mad,0.625,0.424
0.4237562828282828,0.47458826262626264,0.008846300605791597,0.0,0.034,0.0,0.01,0.40237101332256764,0.4814446911586597,0.0,0.0,0.5976289866774324,-1.0,0.018,0.14,0.10351515151515152,0.013477088948787063,0.14,0.024587284861257466,5194,0.009596928982725527,phash_adaptive,0.01,whash_haar,64,wavelet,median,block_collision,mad,0.625,0.158
0.45209046464646463,0.4929279595959596,0.008780224079690787,0.002,0.046,0.002,0.01,0.4390181671376666,0.5002781590633831,0.004,0.004,0.5609818328623334,-1.0,0.016,0.0,0.00034343434343434346,0.0,0.0,0.0,17,0.010003401156393173,phash_adaptive,0.01,whash_haar,64,wavelet,median,hash_spectral,mad,0.625,0.044
0.39105666666666666,0.5563316363636364,0.007894857569372252,0.0,0.02,0.0,0.01,0.39148284214775936,0.5447210335082762,0.002,0.002,0.6085171578522406,-1.0,0.014,0.0,0.0020606060606060605,0.0,0.0,0.0,102,0.010020441701070183,phash_adaptive,0.01,whash_haar,64,wavelet,median,hash_stability,mad,0.625,0.026
0.44790056565656566,0.47060941414141416,0.008316637580813645,0.0,0.0,0.0,0.01,0.44084335890189746,0.47852200242228504,0.014,0.002,0.5591566410981026,-1.0,0.014,0.0,0.004080808080808081,0.0,0.0,0.0,202,0.010040563878067392,phash_adaptive,0.01,whash_db4,169,wavelet,median,bit_llr,mad,1.57,0.077
0.3344370505050505,0.6595009292929292,0.01024435133854298,0.0,0.0,0.0,0.01,0.46685143318530475,0.5327920872022609,0.0,0.0,0.5331485668146952,-1.0,0.0,0.552,0.39335353535353534,0.013976806603534715,0.552,0.027263298266409837,19747,0.007404224374442204,phash_adaptive,0.01,whash_db4,169,wavelet,median,bit_em,mad,1.57,0.6
0.4142871515151515,0.4869101212121212,0.007898801958033578,0.0,0.014,0.0,0.01,0.3983859507468712,0.4922466693580944,0.01,0.012,0.6016140492531288,-1.0,0.034,0.0,0.0,0.0,0.0,0.0,0,0.01,phash_adaptive,0.01,whash_db4,169,wavelet,median,hamming_knn,mad,1.57,0.443
0.4656533939393939,0.32123480808080807,0.00993492772118496,0.0,0.0,0.0,0.01,0.43697840129188537,0.43697840129188537,0.012,0.012,0.5630215987081146,-1.0,0.012,0.032,0.11226262626262626,0.002870985106764759,0.032,0.005269224436028322,5573,0.010894276003331307,phash_adaptive,0.01,whash_db4,169,wavelet,median,hamming_ball,mad,1.57,0.435
0.45509280808080804,0.4754115353535353,0.008584516535537396,0.0,0.034,0.0,0.01,0.45652906742026644,0.480757165926524,0.002,0.002,0.5434709325797336,-1.0,0.004,0.0,0.0019393939393939393,0.0,0.0,0.0,96,0.010019236934915037,phash_adaptive,0.01,whash_db4,169,wavelet,median,hash_spectral,mad,1.57,0.052
0.44764991919191915,0.5515091515151516,0.009348858074419968,0.002,0.052,0.012,0.01,0.46050484457004437,0.5217634234961648,0.002,0.004,0.5394951554299556,-1.0,0.01,0.004,0.00301010101010101,0.013245033112582781,0.004,0.006144393241167435,151,0.009990170314349334,phash_adaptive,0.01,whash_db4,169,wavelet,median,hash_stability,mad,1.57,0.029
0.3951912323232323,0.4713824646464647,0.007469348286292334,0.0,0.012,0.0,0.01,0.37637182075090836,0.4696669358094469,0.0,0.004,0.6236281792490916,-1.0,0.006,0.0,0.0004646464646464646,0.0,0.0,0.0,23,0.010004602116973809,phash_adaptive,0.01,mh,64,frequency,mean,bit_llr,mad,0.959,0.057
0.35547169696969694,0.5241230909090908,0.0073187218166549176,0.0,0.0,0.0,0.01,0.49497153815098915,0.4451257569640694,0.002,0.004,0.5050284618490108,-1.0,0.004,0.0,0.028808080808080807,0.0,0.0,0.0,1426,0.01029357269321036,phash_adaptive,0.01,mh,64,frequency,mean,bit_em,mad,0.959,0.299
0.31712561616161616,0.5373380404040404,0.00671216255127325,0.0,0.004,0.0,0.01,0.2988728300363343,0.5573078320549052,0.002,0.002,0.7011271699636656,-1.0,0.048,0.0,0.008828282828282828,0.0,0.0,0.0,437,0.010088170611141376,phash_adaptive,0.01,mh,64,frequency,mean,hamming_knn,mad,0.959,0.45
0.3245140202020202,0.5242198383838383,0.007450204371740639,0.002,0.016,0.002,0.01,0.31043520387565604,0.4781352442470731,0.002,0.002,0.689564796124344,-1.0,0.002,0.008,0.042484848484848486,0.0018984337921214998,0.008,0.0030686612965093976,2107,0.010356419518510011,phash_adaptive,0.01,mh,64,frequency,mean,hamming_ball,mad,0.959,0.443
0.3504605252525253,0.6412825656565657,0.009936034172707834,0.026,0.084,0.026,0.01,0.33990109002826,0.4712008477997578,0.002,0.002,0.66009890997174,-1.0,0.002,0.1,0.06406060606060605,0.01552312946289972,0.1,0.026874496103198066,3221,0.009619701147951003,phash_adaptive,0.01,mh,64,frequency,mean,block_collision,mad,0.959,0.151
0.4440119797979798,0.44255323232323235,0.008198523695387238,0.0,0.01,0.0,0.01,0.4510811465482439,0.4419773920064594,0.0,0.0,0.5489188534517562,-1.0,0.012,0.0,0.003797979797979798,0.0,0.0,0.0,188,0.010037741909580022,phash_adaptive,0.01,mh,64,frequency,mean,hash_spectral,mad,0.959,0.045
0.49177551515151513,0.41633894949494954,0.009649336547293184,0.002,0.02,0.002,0.01,0.47726766249495356,0.4681168752523214,0.008,0.008,0.5227323375050464,-1.0,0.008,0.0,0.005636363636363636,0.0,0.0,0.0,279,0.010056113111160274,phash_adaptive,0.01,mh,64,frequency,mean,hash_stability,mad,0.959,0.027
0.4050832929292929,0.4607613939393939,0.007714816786704272,0.0,0.0,0.0,0.01,0.3139763827210335,0.5082270892208316,0.002,0.01,0.6860236172789664,-1.0,0.028,0.0,0.03703030303030303,0.0,0.0,0.0,1833,0.010380550999647062,phash_adaptive,0.01,colorhash,42,colour,quantisation,bit_llr,mad,2.532,0.049
0.4489474343434343,0.5057771717171717,0.00897393944432628,0.0,0.0,0.0,0.01,0.34097799757771496,0.40449596285829625,0.0,0.0,0.659022002422285,-1.0,0.014,0.286,0.41149494949494947,0.006971528861154446,0.286,0.013611269750618694,20512,0.012106619641888226,phash_adaptive,0.01,colorhash,42,colour,quantisation,bit_em,mad,2.532,0.24
0.35257731313131313,0.5775032525252526,0.007773276619628242,0.0,0.0,0.026,0.01,0.3652139685102947,0.5405886152603956,0.0,0.01,0.6347860314897054,-1.0,0.01,0.03,0.011191919191919192,0.026362038664323375,0.03,0.02806361085126286,569,0.009811656652707815,phash_adaptive,0.01,colorhash,42,colour,quantisation,hamming_knn,mad,2.532,0.315
0.3900619393939394,0.4315535555555555,0.008303258152012254,0.0,0.0,0.0,0.01,0.3538677836092047,0.39633245861929756,0.0,0.0,0.6461322163907953,-1.0,0.0,0.21,0.26864646464646463,0.00783406699992539,0.21,0.01510465367186938,13403,0.010793234418121704,phash_adaptive,0.01,colorhash,42,colour,quantisation,hamming_ball,mad,2.532,0.314
0.4351642626262626,0.485052303030303,0.008337914907538449,0.0,0.0,0.0,0.01,0.5145230117077109,0.5289816310052482,0.006,0.008,0.5145230117077109,1.0,0.008,0.0,0.00698989898989899,0.0,0.0,0.0,346,0.010069682200829742,phash_adaptive,0.01,colorhash,42,colour,quantisation,hash_spectral,mad,2.532,0.041
0.6299179393939395,0.5640380404040404,0.015727350061304164,0.01,0.028,0.01,0.01,0.6227002422285023,0.5855658054097699,0.01,0.01,0.6227002422285023,1.0,0.01,0.002,0.0008888888888888889,0.022222222222222223,0.002,0.003669724770642202,45,0.009988990091081973,phash_adaptive,0.01,colorhash,42,colour,quantisation,hash_stability,mad,2.532,0.024
0.4332454747474747,0.4457858383838384,0.008010222690717272,0.0,0.016,0.006,0.01,0.4246435203875656,0.44391441259588216,0.0,0.002,0.5753564796124344,-1.0,0.01,0.0,0.00034343434343434346,0.0,0.0,0.0,17,0.010003401156393173,phash_adaptive,0.01,rhash8,64,residual,zero,bit_llr,mad,0.514,0.057
0.4761151313131313,0.48203761616161617,0.00972382640692019,0.0,0.002,0.0,0.01,0.4388167137666532,0.40709830440048445,0.0,0.0,0.5611832862333468,-1.0,0.008,0.142,0.09452525252525253,0.014947368421052631,0.142,0.027047619047619046,4750,0.009480662983425415,phash_adaptive,0.01,rhash8,64,residual,zero,bit_em,mad,0.514,0.303
0.3761725858585858,0.4818554747474747,0.007481907144721607,0.0,0.016,0.0,0.01,0.36163322567622125,0.4660393621316108,0.0,0.0,0.6383667743237788,-1.0,0.022,0.0,0.005313131313131313,0.0,0.0,0.0,263,0.0100528781390112,phash_adaptive,0.01,rhash8,64,residual,zero,hamming_knn,mad,0.514,0.448
0.39875420202020206,0.44564973737373736,0.007858776669573254,0.0,0.018,0.0,0.01,0.3656366572466693,0.45714997981429145,0.0,0.0,0.6343633427533306,-1.0,0.004,0.0,0.01731313131313131,0.0,0.0,0.0,857,0.010174389027938872,phash_adaptive,0.01,rhash8,64,residual,zero,hamming_ball,mad,0.514,0.443
0.5325228686868687,0.44504016161616156,0.011291124231790794,0.016,0.04,0.016,0.01,0.42374989907145744,0.46806681469519573,0.008,0.008,0.5762501009285426,-1.0,0.008,0.024,0.019333333333333334,0.01238390092879257,0.024,0.016337644656228726,969,0.009952886949073035,phash_adaptive,0.01,rhash8,64,residual,zero,block_collision,mad,0.514,0.151
0.4494826464646464,0.46714410101010106,0.008431928600641332,0.004,0.024,0.004,0.01,0.4429733548647558,0.4647662494953573,0.004,0.004,0.5570266451352441,-1.0,0.01,0.004,0.00804040404040404,0.005,0.004,0.0044444444444444444,400,0.010040322580645161,phash_adaptive,0.01,rhash8,64,residual,zero,hash_spectral,mad,0.514,0.044
0.6221252727272727,0.461322101010101,0.013871947720937125,0.006,0.038,0.0,0.01,0.6344206701655227,0.5223155026241422,0.006,0.006,0.6344206701655227,1.0,0.006,0.0,0.0016363636363636363,0.0,0.0,0.0,81,0.010016226286584266,phash_adaptive,0.01,rhash8,64,residual,zero,hash_stability,mad,0.514,0.027
0.4368711515151515,0.4462590101010101,0.00805768175740242,0.002,0.014,0.002,0.01,0.4234226887363747,0.4354446911586597,0.0,0.0,0.5765773112636253,-1.0,0.01,0.0,0.002383838383838384,0.0,0.0,0.0,118,0.010023655827753499,phash_adaptive,0.01,rhash16,256,residual,zero,bit_llr,mad,0.592,0.091
0.4513115555555556,0.4622614141414142,0.008456398971584796,0.0,0.0,0.0,0.01,0.4725427937020589,0.41639947517157855,0.0,0.0,0.527457206297941,-1.0,0.0,0.0,0.11098989898989899,0.0,0.0,0.0,5494,0.011234440300184246,phash_adaptive,0.01,rhash16,256,residual,zero,bit_em,mad,0.592,0.919
0.35245119191919194,0.4869765454545455,0.007020615780146237,0.0,0.006,0.0,0.01,0.32493157044812265,0.4904319741622931,0.0,0.0,0.6750684295518774,-1.0,0.03,0.0,0.0141010101010101,0.0,0.0,0.0,698,0.010141576406636647,phash_adaptive,0.01,rhash16,256,residual,zero,hamming_knn,mad,0.592,0.468
0.41050179797979797,0.42504620202020205,0.00842831305482784,0.002,0.028,0.002,0.01,0.33698889786031483,0.41460516754138066,0.002,0.002,0.6630111021396852,-1.0,0.002,0.02,0.03298989898989899,0.006086427267194157,0.02,0.009332711152589827,1643,0.010132969373617056,phash_adaptive,0.01,rhash16,256,residual,zero,hamming_ball,mad,0.592,0.462
0.41988329292929294,0.499167595959596,0.008840481528689985,0.0,0.038,0.0,0.01,0.37004541784416634,0.466965886152604,0.004,0.004,0.6299545821558337,-1.0,0.006,0.066,0.07991919191919192,0.008272750062672349,0.066,0.014702606371129428,3989,0.010149746799678339,phash_adaptive,0.01,rhash16,256,residual,zero,block_collision,mad,0.592,0.709
0.4186342424242424,0.4506879797979798,0.007852157917583303,0.0,0.022,0.0,0.01,0.4073899878885749,0.4485974969721437,0.0,0.0,0.592610012111425,-1.0,0.014,0.0,0.01575757575757576,0.0,0.0,0.0,780,0.010158472165786265,phash_adaptive,0.01,rhash16,256,residual,zero,hash_spectral,mad,0.592,0.055
0.6376057373737374,0.4998607474747475,0.01564916170656753,0.026,0.074,0.01,0.01,0.6379600322971336,0.48867803794913206,0.018,0.006,0.6379600322971336,1.0,0.018,0.004,0.005353535353535353,0.00749063670411985,0.004,0.005215123859191656,267,0.010013471940160458,phash_adaptive,0.01,rhash16,256,residual,zero,hash_stability,mad,0.592,0.03
0.9999988282828283,0.9999930505050505,0.9998851091041037,1.0,1.0,1.0,0.01,1.0,1.0,1.0,1.0,1.0,1.0,1.0,1.0,0.0026262626262626263,0.7936507936507936,1.0,0.8849557522123894,630,0.0,phash_adaptive,0.01,rhash32,1024,residual,zero,bit_llr,mad,0.466,0.248
0.763979797979798,0.720929292929293,0.04104079454978248,0.0,0.0,0.0,0.01,1.0,1.0,1.0,1.0,1.0,1.0,1.0,0.0,0.27894949494949495,0.0,0.0,0.0,13808,0.013815207780725022,phash_adaptive,0.01,rhash32,1024,residual,zero,bit_em,mad,0.466,4.102
0.9998852121212122,0.9998852121212121,0.9882462506940011,1.0,1.0,1.0,0.01,1.0,1.0,1.0,1.0,1.0,1.0,1.0,1.0,0.03345454545454545,0.23191094619666047,1.0,0.37650602409638556,2156,0.0,phash_adaptive,0.01,rhash32,1024,residual,zero,hamming_knn,mad,0.466,0.556
0.8798125858585858,0.8443370707070706,0.04482972139818629,0.0,0.0,0.0,0.01,0.9808883730318934,0.9808883730318934,0.954,0.954,0.9808883730318934,1.0,0.954,0.484,0.07723232323232324,0.05953259532595326,0.484,0.10602409638554217,4065,0.005616632197670622,phash_adaptive,0.01,rhash32,1024,residual,zero,hamming_ball,mad,0.466,0.548
0.9980318989898991,0.9998149696969698,0.9980203148806501,0.998,0.998,0.998,0.01,0.9980833669761808,0.9996570448122729,0.998,0.998,0.9980833669761808,1.0,0.998,0.998,0.023373737373737373,0.30132850241545894,0.998,0.46289424860853434,1656,2.0685090186993215e-05,phash_adaptive,0.01,rhash32,1024,residual,zero,block_collision,mad,0.466,3.185
1.0,1.0,1.0,1.0,1.0,1.0,0.01,1.0,1.0,1.0,1.0,1.0,1.0,1.0,1.0,0.028303030303030302,0.2630194634402946,1.0,0.41649312786339027,1901,0.0,phash_adaptive,0.01,rhash32,1024,residual,zero,hash_spectral,mad,0.466,0.189
0.8812559595959596,0.7519364444444445,0.04394372747308855,0.016,0.248,0.002,0.01,0.91323637464675,0.7870876059749697,0.062,0.002,0.91323637464675,1.0,0.062,0.0,0.005393939393939394,0.0,0.0,0.0,267,0.010053686686908089,phash_adaptive,0.01,rhash32,1024,residual,zero,hash_stability,mad,0.466,0.033
0.40188985858585863,0.44730345454545456,0.00751797413071424,0.0,0.01,0.002,0.01,0.38994590230117077,0.43677916834880903,0.0,0.002,0.6100540976988292,-1.0,0.012,0.0,0.002505050505050505,0.0,0.0,0.0,124,0.010024861656909134,phash_adaptive,0.01,rhash_rgb,768,residual,zero,bit_llr,mad,1.676,0.192
0.26601541414141416,0.5842707272727272,0.006780498602452984,0.0,0.0,0.0,0.01,0.4517656439241017,0.493359305611627,0.0,0.0,0.5482343560758983,-1.0,0.0,0.53,0.2727272727272727,0.01925172539048311,0.53,0.03715387311601823,13765,0.006485442251966331,phash_adaptive,0.01,rhash_rgb,768,residual,zero,bit_em,mad,1.676,2.978
0.3740874343434343,0.4826688080808081,0.007236663880322466,0.0,0.012,0.0,0.01,0.3499666935809447,0.48971901493742437,0.0,0.0,0.6500333064190553,-1.0,0.002,0.0,0.01509090909090909,0.0,0.0,0.0,747,0.010151665888372283,phash_adaptive,0.01,rhash_rgb,768,residual,zero,hamming_knn,mad,1.676,0.53
0.386486,0.45396260606060607,0.008069795163283208,0.002,0.014,0.002,0.01,0.3624396447315301,0.4454434800161486,0.002,0.002,0.6375603552684699,-1.0,0.002,0.014,0.041717171717171715,0.0033783783783783786,0.014,0.005443234836702955,2072,0.01028626272742447,phash_adaptive,0.01,rhash_rgb,768,residual,zero,hamming_ball,mad,1.676,0.519
0.44608563636363635,0.4388904444444444,0.008526114578607302,0.0,0.0,0.0,0.01,0.3651976180863949,0.4603373031893419,0.004,0.004,0.634802381913605,-1.0,0.004,0.0,0.05690909090909091,0.0,0.0,0.0,2817,0.010597037068435665,phash_adaptive,0.01,rhash_rgb,768,residual,zero,block_collision,mad,1.676,2.083
0.4196021818181818,0.45093466666666665,0.007894331831908684,0.0,0.028,0.0,0.01,0.41363504238998783,0.4497343560758983,0.0,0.0,0.5863649576100122,-1.0,0.008,0.002,0.018202020202020202,0.0011086474501108647,0.002,0.0014265335235378032,902,0.010163346775836083,phash_adaptive,0.01,rhash_rgb,768,residual,zero,hash_spectral,mad,1.676,0.115
0.6352629696969696,0.481114707070707,0.014864328381918607,0.014,0.082,0.008,0.01,0.652527452563585,0.4876106176826807,0.022,0.008,0.652527452563585,1.0,0.022,0.004,0.0061818181818181816,0.006493506493506494,0.004,0.0049504950495049506,308,0.010021733880705144,phash_adaptive,0.01,rhash_rgb,768,residual,zero,hash_stability,mad,1.676,0.034
0.2155621414141414,0.6304133737373738,0.005827087883269687,0.0,0.0,0.0,0.01,0.1814529672991522,0.6650177634234962,0.0,0.016,0.8185470327008478,-1.0,0.016,0.0,0.0007070707070707071,0.0,0.0,0.0,35,0.010007004903432403,phash_adaptive,0.01,rhash_energy,256,residual,mean,bit_llr,mad,0.604,0.092
0.3233695959595959,0.3812496565656565,0.011080735689059887,0.0,0.0,0.0,0.01,0.2015579329834477,0.3238328623334679,0.0,0.0,0.7984420670165523,-1.0,0.0,0.07,0.1942222222222222,0.003627318893149549,0.07,0.00689723125431077,9649,0.011523877970806175,phash_adaptive,0.01,rhash_energy,256,residual,mean,bit_em,mad,0.604,0.884
0.14673206060606062,0.6939340808080807,0.0054199356608416235,0.0,0.0,0.0,0.01,0.12693601130399676,0.7252517157852241,0.0,0.098,0.8730639886960032,-1.0,0.226,0.0,0.0006666666666666666,0.0,0.0,0.0,33,0.01000660435887686,phash_adaptive,0.01,rhash_energy,256,residual,mean,hamming_knn,mad,0.604,0.457
0.5287757171717171,0.124303797979798,0.014127847381643938,0.0,0.0,0.0,0.01,0.34290068631408965,0.34290068631408965,0.0,0.0,0.6570993136859103,-1.0,0.0,0.0,0.1816969696969697,0.0,0.0,0.0,8994,0.012193337560357021,phash_adaptive,0.01,rhash_energy,256,residual,mean,hamming_ball,mad,0.604,0.446
0.1716680202020202,0.8433369696969697,0.0059112174828153926,0.0,0.0,0.0,0.01,0.1534501412999596,0.8387343560758983,0.0,0.292,0.8465498587000404,-1.0,0.292,0.824,0.16787878787878788,0.047236872277000685,0.824,0.08935155063977446,8722,0.0021318862347981977,phash_adaptive,0.01,rhash_energy,256,residual,mean,block_collision,mad,0.604,0.707
0.42004486868686863,0.4302344444444445,0.007775184376115093,0.0,0.01,0.0,0.01,0.4069818328623334,0.4237803794913202,0.0,0.0,0.5930181671376666,-1.0,0.006,0.0,0.0015353535353535353,0.0,0.0,0.0,76,0.01001522313917154,phash_adaptive,0.01,rhash_energy,256,residual,mean,hash_spectral,mad,0.604,0.054
0.23291444444444448,0.6190786060606059,0.006147245721671312,0.002,0.004,0.008,0.01,0.2352192167945095,0.6146116269681067,0.002,0.0,0.7647807832054905,-1.0,0.002,0.0,0.003111111111111111,0.0,0.0,0.0,154,0.010030895157083818,phash_adaptive,0.01,rhash_energy,256,residual,mean,hash_stability,mad,0.604,0.032
0.4380818585858586,0.4470756161616161,0.008079996771023255,0.002,0.012,0.004,0.01,0.42487888574888977,0.43757448526443277,0.0,0.0,0.5751211142511102,-1.0,0.01,0.0,0.002505050505050505,0.0,0.0,0.0,124,0.010024861656909134,phash_adaptive,0.01,ahash_res,256,residual,mean,bit_llr,mad,0.595,0.091
0.4947654141414142,0.5096150303030302,0.009666553112341688,0.0,0.0,0.0,0.01,0.4775121114251111,0.4220728704077513,0.0,0.0,0.5224878885748889,-1.0,0.0,0.0,0.11167676767676768,0.0,0.0,0.0,5528,0.011243029321820471,phash_adaptive,0.01,ahash_res,256,residual,mean,bit_em,mad,0.595,0.896
0.3517789898989899,0.4823709494949495,0.00700610237782514,0.0,0.006,0.0,0.01,0.323869196608801,0.492114251110214,0.0,0.0,0.676130803391199,-1.0,0.026,0.0,0.015151515151515152,0.0,0.0,0.0,750,0.01015228426395939,phash_adaptive,0.01,ahash_res,256,residual,mean,hamming_knn,mad,0.595,0.47
0.34314856565656565,0.49789301010101006,0.007575030298410711,0.002,0.022,0.002,0.01,0.33500080742834076,0.45727250706499795,0.002,0.002,0.6649991925716592,-1.0,0.002,0.012,0.03418181818181818,0.0035335689045936395,0.012,0.00545950864422202,1698,0.010227319779719267,phash_adaptive,0.01,ahash_res,256,residual,mean,hamming_ball,mad,0.595,0.464
0.41760286868686863,0.4977386262626262,0.008793048733008057,0.0,0.038,0.0,0.01,0.36819115865966895,0.46475898264029064,0.004,0.004,0.6318088413403311,-1.0,0.006,0.072,0.08195959595959595,0.008795504519912045,0.072,0.015676028739386023,4093,0.01010739102969046,phash_adaptive,0.01,ahash_res,256,residual,mean,block_collision,mad,0.595,0.722
0.41643002020202025,0.4491273535353535,0.007804493266767696,0.0,0.022,0.0,0.01,0.4052737182075091,0.449121921679451,0.0,0.0,0.5947262817924909,-1.0,0.008,0.0,0.01583838383838384,0.0,0.0,0.0,784,0.0101592977893368,phash_adaptive,0.01,ahash_res,256,residual,mean,hash_spectral,mad,0.595,0.055
0.6211174747474748,0.48588030303030294,0.014649409422151583,0.022,0.074,0.006,0.01,0.6354711344368188,0.4762369802180056,0.018,0.006,0.6354711344368188,1.0,0.018,0.002,0.004929292929292929,0.004081632653061225,0.002,0.0026845637583892616,245,0.01002914279971862,phash_adaptive,0.01,ahash_res,256,residual,mean,hash_stability,mad,0.595,0.029
0.35837090816326533,0.5563469285714286,0.01408706616001808,0.0,0.0,0.007,0.02,0.3833402125051083,0.5388518594196976,0.006,0.018,0.6166597874948917,-1.0,0.018,0.0,0.0009795918367346938,0.0,0.0,0.0,48,0.020019218449711725,phash_adaptive,0.02,ahash,64,spatial,mean,bit_llr,mad,0.147,0.057
0.670809418367347,0.5470387551020408,0.07220607376599622,0.0,0.42,0.0,0.02,0.4424821209644463,0.4663977319166325,0.0,0.0,0.5575178790355537,-1.0,0.0,0.423,0.37579591836734694,0.022455805064500716,0.423,0.04264757775873368,18837,0.01851554728363765,phash_adaptive,0.02,ahash,64,spatial,mean,bit_em,mad,0.147,0.293
0.39356774489795915,0.524395112244898,0.015866086626000767,0.005,0.048,0.006,0.02,0.3620508786268901,0.5197442787086227,0.004,0.008,0.6379491213731099,-1.0,0.041,0.0,0.0,0.0,0.0,0.0,0,0.02,phash_adaptive,0.02,ahash,64,spatial,mean,hamming_knn,mad,0.147,0.431
0.5326382653061225,0.19761228571428574,0.023989009775323696,0.0,0.0,0.0,0.02,0.41464017163874134,0.41464017163874134,0.002,0.002,0.5853598283612587,-1.0,0.002,0.016,0.1430612244897959,0.002277255906632508,0.016,0.00398704211313232,7026,0.022897565970121467,phash_adaptive,0.02,ahash,64,spatial,mean,hamming_ball,mad,0.147,0.425
0.39465286734693883,0.48291518367346936,0.017357130656690624,0.0,0.0,0.0,0.02,0.3626521250510829,0.49069094809971386,0.0,0.0,0.6373478749489171,-1.0,0.013,0.167,0.10975510204081633,0.03011722272317403,0.167,0.05103132161955691,5545,0.018738049713193115,phash_adaptive,0.02,ahash,64,spatial,mean,block_collision,mad,0.147,0.158
0.5131613775510204,0.47495613265306125,0.02028547910652293,0.001,0.054,0.001,0.02,0.4892110747854516,0.47245341234164284,0.004,0.004,0.5107889252145483,-1.0,0.012,0.0,0.0009387755102040817,0.0,0.0,0.0,46,0.0200184169435881,phash_adaptive,0.02,ahash,64,spatial,mean,hash_spectral,mad,0.147,0.044
0.3891881734693878,0.5263632857142857,0.015382619301832424,0.002,0.012,0.003,0.02,0.3882708418471599,0.5194183694319575,0.005,0.007,0.6117291581528401,-1.0,0.016,0.0,0.0005714285714285715,0.0,0.0,0.0,28,0.02001120627551429,phash_adaptive,0.02,ahash,64,spatial,mean,hash_stability,mad,0.147,0.029
0.3690350204081633,0.5485155204081633,0.014523004293185995,0.0,0.0,0.0,0.02,0.3979176542705354,0.5519694523906825,0.004,0.019,0.6020823457294646,-1.0,0.019,0.0,0.001530612244897959,0.0,0.0,0.0,75,0.020030045067601403,phash_adaptive,0.02,ahash4,16,spatial,mean,bit_llr,mad,0.136,0.048
0.6557855408163265,0.5953814081632653,0.06964332267519252,0.051,0.434,0.0,0.02,0.4434812014711892,0.4701095218635063,0.0,0.0,0.5565187985288108,-1.0,0.0,0.401,0.15340816326530612,0.0506441020459712,0.401,0.08993047768557973,7918,0.014234114348177368,phash_adaptive,0.02,ahash4,16,spatial,mean,bit_em,mad,0.136,0.149
0.42457682653061224,0.5300996224489796,0.019015465645985438,0.0,0.078,0.009,0.02,0.3873456272987332,0.5034685328974254,0.0,0.017,0.6126543727012668,-1.0,0.017,0.0,0.0,0.0,0.0,0.0,0,0.02,phash_adaptive,0.02,ahash4,16,spatial,mean,hamming_knn,mad,0.136,0.4
0.3848177244897959,0.46007856122448987,0.023296759203836302,0.042,0.046,0.042,0.02,0.41815948099713934,0.45081548835308544,0.0,0.0,0.5818405190028606,-1.0,0.0,0.086,0.11479591836734694,0.015058658728769042,0.086,0.025629563403367604,5711,0.020637178531915375,phash_adaptive,0.02,ahash4,16,spatial,mean,hamming_ball,mad,0.136,0.418
0.42352702040816326,0.4664321224489796,0.021488689588120415,0.042,0.05,0.042,0.02,0.40129229668982425,0.43312985288107886,0.0,0.0,0.5987077033101758,-1.0,0.0,0.144,0.18844897959183673,0.015355086372360844,0.144,0.027751011755636924,9378,0.021072325340948255,phash_adaptive,0.02,ahash4,16,spatial,mean,block_collision,mad,0.136,0.04
0.5112849795918367,0.4750309285714286,0.02049678093665786,0.0,0.052,0.0,0.02,0.4967069881487536,0.48440662035145077,0.0,0.0,0.5032930118512464,-1.0,0.01,0.0,0.002326530612244898,0.0,0.0,0.0,114,0.02004570420558874,phash_adaptive,0.02,ahash4,16,spatial,mean,hash_spectral,mad,0.136,0.043
0.4291037040816327,0.3611585204081632,0.016975873152532107,0.0,0.001,0.0,0.02,0.41974417654270535,0.4735596648957907,0.001,0.001,0.5802558234572947,-1.0,0.001,0.0,0.003204081632653061,0.0,0.0,0.0,157,0.020062997813133237,phash_adaptive,0.02,ahash4,16,spatial,mean,hash_stability,mad,0.136,0.025
0.35108671428571425,0.5420416836734694,0.013850345413430212,0.0,0.0,0.012,0.02,0.3744391091131998,0.5261211687780956,0.004,0.014,0.6255608908868002,-1.0,0.014,0.0,0.0006122448979591836,0.0,0.0,0.0,30,0.020012007204322592,phash_adaptive,0.02,ahash16,256,spatial,mean,bit_llr,mad,0.192,0.099
0.43928237755102045,0.341239581632653,0.022829018320894394,0.0,0.0,0.0,0.02,0.41403351042092357,0.5859664895790764,0.0,0.0,0.5859664895790764,-1.0,0.0,0.0,0.3430612244897959,0.0,0.0,0.0,16810,0.030129557095510694,phash_adaptive,0.02,ahash16,256,spatial,mean,bit_em,mad,0.192,0.895
0.3630202448979592,0.5439600102040816,0.014697499889170277,0.007,0.032,0.011,0.02,0.33358561503882306,0.5403313240702902,0.008,0.015,0.666414384961177,-1.0,0.044,0.0,0.0,0.0,0.0,0.0,0,0.02,phash_adaptive,0.02,ahash16,256,spatial,mean,hamming_knn,mad,0.192,0.458
0.4952957755102041,0.24904518367346934,0.022177783810420827,0.0,0.0,0.0,0.02,0.42463312219043725,0.42463312219043725,0.006,0.006,0.5753668778095627,-1.0,0.006,0.015,0.1306122448979592,0.002338269680436477,0.015,0.004045853000674309,6415,0.022599518182861076,phash_adaptive,0.02,ahash16,256,spatial,mean,hamming_ball,mad,0.192,0.445
0.2756692142857143,0.7227365204081634,0.01529833802759862,0.0,0.0,0.216,0.02,0.3706166734777278,0.6100950143032284,0.0,0.039,0.6293833265222721,-1.0,0.039,0.546,0.08118367346938775,0.1206896551724138,0.546,0.19768283852280955,4524,0.00998328788811681,phash_adaptive,0.02,ahash16,256,spatial,mean,block_collision,mad,0.192,0.688
0.5080953163265306,0.46528764285714286,0.019771921788606248,0.004,0.041,0.004,0.02,0.4836399673069064,0.45909501430322847,0.004,0.004,0.5163600326930936,-1.0,0.004,0.0,0.0007142857142857143,0.0,0.0,0.0,35,0.020014009806864807,phash_adaptive,0.02,ahash16,256,spatial,mean,hash_spectral,mad,0.192,0.054
0.46900219387755104,0.5244201122448979,0.018873291216652033,0.009,0.038,0.016,0.02,0.4658294850837761,0.5181234164282795,0.004,0.004,0.5341705149162239,-1.0,0.017,0.001,0.0012448979591836735,0.016129032258064516,0.001,0.0018832391713747645,62,0.020004805959389645,phash_adaptive,0.02,ahash16,256,spatial,mean,hash_stability,mad,0.192,0.033
0.3858724081632653,0.48316420408163263,0.014615283343663226,0.0,0.001,0.009,0.02,0.4090559869227625,0.46007315079689415,0.006,0.005,0.5909440130772374,-1.0,0.006,0.0,0.0005510204081632653,0.0,0.0,0.0,27,0.020010805835150983,phash_adaptive,0.02,ahash32,1024,spatial,mean,bit_llr,mad,0.353,0.248
0.36458241836734695,0.4917553163265307,0.019848670703239712,0.0,0.0,0.0,0.02,0.39667010625255417,0.6033298937474459,0.0,0.0,0.6033298937474458,-1.0,0.0,0.0,0.19883673469387755,0.0,0.0,0.0,9743,0.024840400427254886,phash_adaptive,0.02,ahash32,1024,spatial,mean,bit_em,mad,0.353,4.076
0.30644811224489793,0.5466627959183673,0.013062618851713542,0.0,0.015,0.0,0.02,0.26675429096853287,0.5513128320392318,0.004,0.005,0.7332457090314671,-1.0,0.024,0.0,4.0816326530612245e-05,0.0,0.0,0.0,2,0.02000080003200128,phash_adaptive,0.02,ahash32,1024,spatial,mean,hamming_knn,mad,0.353,0.547
0.48301029591836736,0.2349630714285714,0.022343833618532174,0.0,0.0,0.0,0.02,0.4005519002860646,0.4005519002860646,0.004,0.004,0.5994480997139354,-1.0,0.004,0.013,0.1413265306122449,0.0018737388296339002,0.013,0.00327538422776518,6938,0.022920440295388044,phash_adaptive,0.02,ahash32,1024,spatial,mean,hamming_ball,mad,0.353,0.534
0.3582160510204082,0.462281806122449,0.01572947795467045,0.0,0.0,0.0,0.02,0.353480690641602,0.6465193093583981,0.0,0.08,0.6465193093583981,-1.0,0.08,0.019,0.1313469387755102,0.002943454686289698,0.019,0.005097250167672703,6455,0.022528418877023768,phash_adaptive,0.02,ahash32,1024,spatial,mean,block_collision,mad,0.353,2.921
0.4843644081632653,0.4554899081632653,0.018397263161376964,0.003,0.032,0.003,0.02,0.45304137719656723,0.4370004086636698,0.001,0.001,0.5469586228034328,-1.0,0.004,0.0,0.0005306122448979592,0.0,0.0,0.0,26,0.020010405410813625,phash_adaptive,0.02,ahash32,1024,spatial,mean,hash_spectral,mad,0.353,0.19
0.5227669081632653,0.5130296836734693,0.021091217632622707,0.002,0.041,0.002,0.02,0.5178146710257459,0.5084008990600736,0.0,0.0,0.5178146710257459,1.0,0.008,0.0,0.0016326530612244899,0.0,0.0,0.0,80,0.020032051282051284,phash_adaptive,0.02,ahash32,1024,spatial,mean,hash_stability,mad,0.353,0.035
0.4153821836734694,0.5134987040816327,0.01573169249672607,0.0,0.02,0.0,0.02,0.411419391091132,0.5137396812423376,0.011,0.01,0.588580608908868,-1.0,0.011,0.0,0.0013061224489795918,0.0,0.0,0.0,64,0.020025632809996797,phash_adaptive,0.02,mhash,64,spatial,median,bit_llr,mad,0.171,0.056
0.4100705816326531,0.576047693877551,0.019518236204480222,0.0,0.0,0.0,0.02,0.4355406620351452,0.533315181855333,0.0,0.0,0.5644593379648548,-1.0,0.0,0.548,0.37314285714285716,0.029099405267629566,0.548,0.05526421944332392,18832,0.014502053388090349,phash_adaptive,0.02,mhash,64,spatial,median,bit_em,mad,0.171,0.293
0.4302515204081633,0.49830578571428574,0.017542649333953407,0.015,0.05,0.016,0.02,0.39600684511646916,0.49731048222313035,0.0,0.001,0.6039931548835309,-1.0,0.027,0.0,2.0408163265306123e-05,0.0,0.0,0.0,1,0.02000040000800016,phash_adaptive,0.02,mhash,64,spatial,median,hamming_knn,mad,0.171,0.428
0.506938163265306,0.17467467346938773,0.02402743455219039,0.0,0.0,0.0,0.02,0.4383624846751123,0.4383624846751123,0.0,0.0,0.5616375153248877,-1.0,0.0,0.021,0.15971428571428573,0.0026761819803746653,0.021,0.004747371990505256,7847,0.023224918748369038,phash_adaptive,0.02,mhash,64,spatial,median,hamming_ball,mad,0.171,0.422
0.4185061836734695,0.4841335816326531,0.017655872635227374,0.0,0.036,0.0,0.02,0.39802043318348995,0.48303851655087854,0.0,0.0,0.60197956681651,-1.0,0.021,0.13,0.10228571428571429,0.025281991443018282,0.13,0.04233148811462065,5142,0.019394533862410274,phash_adaptive,0.02,mhash,64,spatial,median,block_collision,mad,0.171,0.16
0.47307703061224493,0.4811728775510204,0.018184496279688808,0.002,0.037,0.002,0.02,0.45942644053943604,0.48727114834491214,0.006,0.006,0.540573559460564,-1.0,0.011,0.0,0.0003061224489795918,0.0,0.0,0.0,15,0.02000600180054016,phash_adaptive,0.02,mhash,64,spatial,median,hash_spectral,mad,0.171,0.046
0.4015378571428571,0.5297814489795918,0.015929101576536993,0.004,0.019,0.004,0.02,0.3995804045770331,0.5193653453208009,0.006,0.006,0.600419595422967,-1.0,0.017,0.0,0.0021020408163265306,0.0,0.0,0.0,103,0.020041285047197228,phash_adaptive,0.02,mhash,64,spatial,median,hash_stability,mad,0.171,0.026
0.3401724183673469,0.5733346428571429,0.013679832885907905,0.0,0.001,0.03,0.02,0.3509384961176951,0.5682317123007765,0.005,0.026,0.6490615038823049,-1.0,0.026,0.0,0.0014081632653061224,0.0,0.0,0.0,69,0.020027638140634074,phash_adaptive,0.02,ahash_rgb,192,spatial,mean,bit_llr,mad,0.378,0.097
0.6760509897959184,0.5081392857142857,0.07610059618531864,0.0,0.404,0.0,0.02,0.4556488557417246,0.4521414997956681,0.0,0.0,0.5443511442582754,-1.0,0.0,0.426,0.3930612244897959,0.02163974398049375,0.426,0.041187276418834,19686,0.018935145477337205,phash_adaptive,0.02,ahash_rgb,192,spatial,mean,bit_em,mad,0.378,0.658
0.39000223469387757,0.5179057959183674,0.015547316332566731,0.008,0.042,0.007,0.02,0.3653193706579485,0.5131209644462608,0.007,0.007,0.6346806293420515,-1.0,0.027,0.0,0.0,0.0,0.0,0.0,0,0.02,phash_adaptive,0.02,ahash_rgb,192,spatial,mean,hamming_knn,mad,0.378,0.452
0.5036666734693878,0.2242576530612245,0.02289054868297404,0.0,0.0,0.0,0.02,0.42854587249693504,0.42854587249693504,0.004,0.004,0.5714541275030649,-1.0,0.004,0.017,0.1483061224489796,0.0023338824821526635,0.017,0.004104297440849831,7284,0.023012454349658207,phash_adaptive,0.02,ahash_rgb,192,spatial,mean,hamming_ball,mad,0.378,0.44
0.41891116326530614,0.4811711326530612,0.01739295858928925,0.0,0.0,0.0,0.02,0.3596072742133224,0.487098079280752,0.0,0.0,0.6403927257866776,-1.0,0.031,0.0,0.041612244897959186,0.0,0.0,0.0,2039,0.02085027418110548,phash_adaptive,0.02,ahash_rgb,192,spatial,mean,block_collision,mad,0.378,0.408
0.5032763163265306,0.4935438367346938,0.02035066445852888,0.008,0.052,0.008,0.02,0.482697997548018,0.4942411115651819,0.009,0.009,0.517302002451982,-1.0,0.01,0.0,0.0010612244897959184,0.0,0.0,0.0,52,0.020020821654520703,phash_adaptive,0.02,ahash_rgb,192,spatial,mean,hash_spectral,mad,0.378,0.051
0.3817146224489796,0.5070717857142858,0.014856016631166162,0.001,0.006,0.001,0.02,0.3728453208009808,0.5232571516142215,0.005,0.013,0.6271546791990192,-1.0,0.018,0.0,0.000673469387755102,0.0,0.0,0.0,33,0.02001320871775372,phash_adaptive,0.02,ahash_rgb,192,spatial,mean,hash_stability,mad,0.378,0.033
0.3835431938775511,0.49983146938775513,0.014844936130991635,0.007,0.023,0.01,0.02,0.35211728647323254,0.4989564773191663,0.001,0.01,0.6478827135267675,-1.0,0.029,0.0,2.0408163265306123e-05,0.0,0.0,0.0,1,0.02000040000800016,phash_adaptive,0.02,dhash,64,spatial,pairwise,bit_llr,mad,0.146,0.057
0.5600905306122449,0.5657571224489795,0.027578707487051563,0.0,0.0,0.0,0.02,0.4901651001225991,0.47639517776869633,0.0,0.0,0.5098348998774009,-1.0,0.0,0.256,0.10630612244897959,0.04684354986276304,0.256,0.07919566898685228,5465,0.016705961603233413,phash_adaptive,0.02,dhash,64,spatial,pairwise,bit_em,mad,0.146,0.299
0.4084710918367347,0.5130214795918367,0.016622495606765417,0.009,0.039,0.009,0.02,0.3884609726195341,0.5093418471597875,0.005,0.005,0.611539027380466,-1.0,0.024,0.01,0.011918367346938775,0.016835016835016835,0.01,0.012547051442910916,594,0.02003805205845444,phash_adaptive,0.02,dhash,64,spatial,pairwise,hamming_knn,mad,0.146,0.441
0.41781936734693875,0.5376259081632653,0.020409218144404,0.022,0.069,0.022,0.02,0.39476849203105846,0.4677219043727013,0.004,0.004,0.6052315079689415,-1.0,0.004,0.114,0.08691836734693878,0.0260690601417791,0.114,0.04243439419318816,4373,0.019418326867863326,phash_adaptive,0.02,dhash,64,spatial,pairwise,hamming_ball,mad,0.146,0.454
0.4351325510204081,0.5800939285714286,0.02171049625334282,0.026,0.077,0.026,0.02,0.41906456885982835,0.4569114221495709,0.0,0.0,0.5809354311401717,-1.0,0.0,0.129,0.10851020408163266,0.023687109805361733,0.129,0.040024821594787464,5446,0.01954931094851192,phash_adaptive,0.02,dhash,64,spatial,pairwise,block_collision,mad,0.146,0.152
0.4857105102040816,0.49787224489795917,0.019625351378520003,0.015,0.057,0.015,0.02,0.47652043318349,0.4935565999182673,0.004,0.004,0.52347956681651,-1.0,0.011,0.0,0.0018571428571428571,0.0,0.0,0.0,91,0.0200364663687912,phash_adaptive,0.02,dhash,64,spatial,pairwise,hash_spectral,mad,0.146,0.044
0.5675111632653063,0.5206519081632653,0.02506499305092577,0.006,0.051,0.012,0.02,0.5607395790764201,0.4971715365753985,0.006,0.005,0.5607395790764201,1.0,0.006,0.0,0.0005714285714285715,0.0,0.0,0.0,28,0.02001120627551429,phash_adaptive,0.02,dhash,64,spatial,pairwise,hash_stability,mad,0.146,0.027
0.4039361224489796,0.47756790816326533,0.015266343509232621,0.003,0.015,0.006,0.02,0.3844035553739273,0.4690962402942378,0.003,0.013,0.6155964446260727,-1.0,0.016,0.0,0.0003061224489795918,0.0,0.0,0.0,15,0.02000600180054016,phash_adaptive,0.02,dhash_v,64,spatial,pairwise,bit_llr,mad,0.137,0.057
0.416078,0.5976019081632653,0.017645053933377786,0.0,0.0,0.0,0.02,0.5078739272578667,0.46583776052308945,0.0,0.0,0.5078739272578667,1.0,0.0,0.0,0.06342857142857143,0.0,0.0,0.0,3108,0.021325599249338908,phash_adaptive,0.02,dhash_v,64,spatial,pairwise,bit_em,mad,0.137,0.298
0.3604722346938775,0.5147180612244898,0.01434624277744166,0.002,0.01,0.002,0.02,0.34430598692276254,0.5099204127503064,0.004,0.004,0.6556940130772375,-1.0,0.036,0.0,0.0020204081632653062,0.0,0.0,0.0,99,0.02003967856355584,phash_adaptive,0.02,dhash_v,64,spatial,pairwise,hamming_knn,mad,0.137,0.443
0.3661111938775511,0.481686306122449,0.016442506414083402,0.001,0.018,0.001,0.02,0.352985696771557,0.4344196975888844,0.004,0.004,0.647014303228443,-1.0,0.004,0.045,0.0979795918367347,0.009286009079653322,0.045,0.015395141977420458,4846,0.02114984276033131,phash_adaptive,0.02,dhash_v,64,spatial,pairwise,hamming_ball,mad,0.137,0.438
0.3833792959183674,0.4559826020408163,0.015480072953968832,0.0,0.026,0.0,0.02,0.3574585206375153,0.4517059664895791,0.0,0.0,0.6425414793624846,-1.0,0.0,0.068,0.14104081632653062,0.00974351626307494,0.068,0.017044742448928438,6979,0.021663838590455824,phash_adaptive,0.02,dhash_v,64,spatial,pairwise,block_collision,mad,0.137,0.157
0.4258134897959184,0.4587856530612245,0.01586039627132723,0.0,0.002,0.0,0.02,0.4252521454842665,0.45581140171638745,0.002,0.002,0.5747478545157335,-1.0,0.012,0.0,0.0005510204081632653,0.0,0.0,0.0,27,0.020010805835150983,phash_adaptive,0.02,dhash_v,64,spatial,pairwise,hash_spectral,mad,0.137,0.044
0.5649241836734694,0.4376063163265306,0.023625470678400443,0.005,0.037,0.004,0.02,0.605320596648958,0.49534920310584396,0.014,0.005,0.605320596648958,1.0,0.014,0.0,0.00032653061224489796,0.0,0.0,0.0,16,0.02000640204865557,phash_adaptive,0.02,dhash_v,64,spatial,pairwise,hash_stability,mad,0.137,0.027
0.39902459183673467,0.47528902040816334,0.01509411524062075,0.002,0.016,0.002,0.02,0.36751838986514096,0.4725482223130364,0.0,0.002,0.632481610134859,-1.0,0.013,0.0,0.0008979591836734694,0.0,0.0,0.0,44,0.020017615501641446,phash_adaptive,0.02,dhash16,256,spatial,pairwise,bit_llr,mad,0.203,0.108
0.561094418367347,0.5742025612244899,0.057983583236902767,0.0,0.331,0.0,0.02,0.45711493665713115,0.44022803432774826,0.0,0.0,0.5428850633428688,-1.0,0.0,0.406,0.2699591836734694,0.029778494939122782,0.406,0.05548722153888205,13634,0.016333938294010888,phash_adaptive,0.02,dhash16,256,spatial,pairwise,bit_em,mad,0.203,0.891
0.3952694693877551,0.4818509285714285,0.01551466770948954,0.009,0.024,0.009,0.02,0.35512964854924395,0.4784216387413159,0.007,0.007,0.6448703514507561,-1.0,0.018,0.016,0.026653061224489797,0.012102874432677761,0.016,0.013781223083548665,1322,0.02021447060273635,phash_adaptive,0.02,dhash16,256,spatial,pairwise,hamming_knn,mad,0.203,0.464
0.39452198979591835,0.456204306122449,0.02118454040198718,0.02,0.069,0.02,0.02,0.38665529219452394,0.42480690641601965,0.005,0.005,0.6133447078054761,-1.0,0.005,0.114,0.12793877551020408,0.01785994046686511,0.114,0.030881755383990246,6383,0.020313180640575922,phash_adaptive,0.02,dhash16,256,spatial,pairwise,hamming_ball,mad,0.203,0.457
0.40413598979591836,0.49482955102040815,0.016279142902797278,0.0,0.0,0.0,0.02,0.39673375561912544,0.42661432366162644,0.0,0.0,0.6032662443808745,-1.0,0.015,0.104,0.16271428571428573,0.012876067846972886,0.104,0.02291506004186405,8077,0.021372516279846387,phash_adaptive,0.02,dhash16,256,spatial,pairwise,block_collision,mad,0.203,0.717
0.46425677551020406,0.4703357959183674,0.017591673586527676,0.005,0.027,0.005,0.02,0.4477572537801389,0.4657665508786269,0.004,0.004,0.5522427462198611,-1.0,0.011,0.005,0.009979591836734693,0.010121457489878543,0.005,0.006693440428380187,494,0.020098573910233102,phash_adaptive,0.02,dhash16,256,spatial,pairwise,hash_spectral,mad,0.203,0.055
0.5844069897959183,0.48077273469387755,0.025100242489658555,0.004,0.054,0.005,0.02,0.6147315079689416,0.48302370249284843,0.012,0.004,0.6147315079689416,1.0,0.012,0.001,0.0030408163265306124,0.006666666666666667,0.001,0.0017391304347826088,150,0.020040120361083248,phash_adaptive,0.02,dhash16,256,spatial,pairwise,hash_stability,mad,0.203,0.03
0.39887136734693873,0.5017858979591836,0.015304274094322882,0.004,0.018,0.01,0.02,0.36442071924805886,0.5052353902738047,0.004,0.013,0.6355792807519411,-1.0,0.017,0.0,0.0003469387755102041,0.0,0.0,0.0,17,0.020006802312786346,phash_adaptive,0.02,blockhash,256,spatial,median,bit_llr,mad,0.374,0.091
0.504496612244898,0.39879943877551016,0.021827910036600496,0.0,0.0,0.0,0.02,0.49058816918675935,0.4959420719248059,0.0,0.0,0.5094118308132407,-1.0,0.0,0.0,0.33171428571428574,0.0,0.0,0.0,16254,0.029633141705683638,phash_adaptive,0.02,blockhash,256,spatial,median,bit_em,mad,0.374,0.889
0.37975765306122455,0.5417917959183673,0.015541207468232388,0.013,0.036,0.017,0.02,0.3687237433592154,0.5409344094809971,0.003,0.003,0.6312762566407846,-1.0,0.04,0.002,0.0016122448979591837,0.024691358024691357,0.002,0.0037002775208140612,81,0.019992387668022197,phash_adaptive,0.02,blockhash,256,spatial,median,hamming_knn,mad,0.374,0.462
0.4238055306122449,0.409386112244898,0.0165852602249184,0.0,0.002,0.0,0.02,0.3763822026971802,0.48348733142623623,0.002,0.002,0.6236177973028199,-1.0,0.002,0.04,0.13259183673469388,0.0061190148386109835,0.04,0.0106143027729866,6537,0.02208775280123323,phash_adaptive,0.02,blockhash,256,spatial,median,hamming_ball,mad,0.374,0.455
0.4712528775510204,0.4546756224489796,0.02013147698672679,0.0,0.0,0.0,0.02,0.4404626072742133,0.4903288720882714,0.0,0.024,0.5595373927257867,-1.0,0.024,0.0,0.032020408163265304,0.0,0.0,0.0,1569,0.020647932109599223,phash_adaptive,0.02,blockhash,256,spatial,median,block_collision,mad,0.374,0.713
0.49158608163265305,0.47099051020408167,0.02061001184721281,0.013,0.049,0.013,0.02,0.4723841438496118,0.4637090314671026,0.004,0.004,0.5276158561503882,-1.0,0.01,0.002,0.001346938775510204,0.029411764705882353,0.002,0.003745318352059925,68,0.019987182568292877,phash_adaptive,0.02,blockhash,256,spatial,median,hash_spectral,mad,0.374,0.055
0.5875058469387755,0.5223590510204081,0.02721884848442907,0.01,0.07,0.004,0.02,0.5874674090723335,0.51999478953821,0.013,0.005,0.5874674090723335,1.0,0.013,0.0,0.0019183673469387755,0.0,0.0,0.0,94,0.02003767082114375,phash_adaptive,0.02,blockhash,256,spatial,median,hash_stability,mad,0.374,0.029
0.3972994693877551,0.47930255102040814,0.015028684365197527,0.001,0.013,0.005,0.02,0.3709372701266857,0.4740314671025745,0.001,0.014,0.6290627298733142,-1.0,0.014,0.0,0.00020408163265306123,0.0,0.0,0.0,10,0.020004000800160033,phash_adaptive,0.02,phash,64,frequency,median,bit_llr,mad,0.545,0.056
0.36096101020408167,0.467176306122449,0.014207227760292804,0.0,0.0,0.0,0.02,0.4156635676338373,0.5096355741724561,0.004,0.004,0.5843364323661626,-1.0,0.004,0.0,0.0396734693877551,0.0,0.0,0.0,1944,0.020809056101215247,phash_adaptive,0.02,phash,64,frequency,median,bit_em,mad,0.545,0.296
0.3112062244897959,0.5249346122448979,0.013680376162666104,0.001,0.005,0.001,0.02,0.2903692276256641,0.5482332447895382,0.001,0.001,0.7096307723743359,-1.0,0.012,0.0,0.00736734693877551,0.0,0.0,0.0,361,0.020145450150083604,phash_adaptive,0.02,phash,64,frequency,median,hamming_knn,mad,0.545,0.451
0.321332,0.4811074081632653,0.013797623009909644,0.0,0.011,0.0,0.02,0.2884184715978749,0.49260216591744993,0.0,0.0,0.7115815284021251,-1.0,0.026,0.002,0.02230612244897959,0.0018264840182648401,0.002,0.0019093078758949881,1095,0.020406911358756774,phash_adaptive,0.02,phash,64,frequency,median,hamming_ball,mad,0.545,0.43
0.4461971632653061,0.4627177448979592,0.01674871847998436,0.002,0.018,0.002,0.02,0.4329147936248467,0.45795116469145897,0.003,0.003,0.5670852063751533,-1.0,0.019,0.0,0.002510204081632653,0.0,0.0,0.0,123,0.020049321330472963,phash_adaptive,0.02,phash,64,frequency,median,hash_spectral,mad,0.545,0.045
0.6047896530612246,0.5397656224489796,0.02968094187116183,0.02,0.103,0.022,0.02,0.5794373722926032,0.5116667347772783,0.006,0.007,0.5794373722926032,1.0,0.006,0.022,0.00863265306122449,0.04943820224719101,0.022,0.03044982698961938,445,0.019735647260619514,phash_adaptive,0.02,phash,64,frequency,median,hash_stability,mad,0.545,0.025
0.3972994693877551,0.47930253061224487,0.015028684365197529,0.001,0.013,0.005,0.02,0.3709372701266857,0.4740314671025745,0.001,0.014,0.6290627298733142,-1.0,0.014,0.0,0.00020408163265306123,0.0,0.0,0.0,10,0.020004000800160033,phash_adaptive,0.02,phash_nodc,63,frequency,median,bit_llr,mad,0.533,0.057
0.3606734183673469,0.4678587040816326,0.014200970758491981,0.0,0.0,0.0,0.02,0.41567368205966493,0.5097081119738455,0.004,0.004,0.5843263179403351,-1.0,0.004,0.0,0.0396734693877551,0.0,0.0,0.0,1944,0.020809056101215247,phash_adaptive,0.02,phash_nodc,63,frequency,median,bit_em,mad,0.533,0.297
0.3112062244897959,0.5249346122448979,0.013680376162666104,0.001,0.005,0.001,0.02,0.2903692276256641,0.5482332447895382,0.001,0.001,0.7096307723743359,-1.0,0.012,0.0,0.00736734693877551,0.0,0.0,0.0,361,0.020145450150083604,phash_adaptive,0.02,phash_nodc,63,frequency,median,hamming_knn,mad,0.533,0.434
0.321332,0.4811074081632653,0.013797623009909644,0.0,0.011,0.0,0.02,0.2884184715978749,0.49260216591744993,0.0,0.0,0.7115815284021251,-1.0,0.026,0.002,0.02230612244897959,0.0018264840182648401,0.002,0.0019093078758949881,1095,0.020406911358756774,phash_adaptive,0.02,phash_nodc,63,frequency,median,hamming_ball,mad,0.533,0.432
0.45646659183673466,0.47174719387755093,0.017286762741477592,0.005,0.032,0.005,0.02,0.4410735594605639,0.4709003882304863,0.005,0.005,0.5589264405394361,-1.0,0.018,0.0,0.0015918367346938775,0.0,0.0,0.0,78,0.020031248748046952,phash_adaptive,0.02,phash_nodc,63,frequency,median,hash_spectral,mad,0.533,0.045
0.6047896530612246,0.5397656224489796,0.02968094187116183,0.02,0.103,0.022,0.02,0.5794373722926032,0.5116667347772783,0.006,0.007,0.5794373722926032,1.0,0.006,0.022,0.00863265306122449,0.04943820224719101,0.022,0.03044982698961938,445,0.019735647260619514,phash_adaptive,0.02,phash_nodc,63,frequency,median,hash_stability,mad,0.533,0.026
0.39728171428571424,0.4888599897959184,0.015069853899714346,0.001,0.015,0.006,0.02,0.3698496117695137,0.4874158152840212,0.001,0.014,0.6301503882304863,-1.0,0.013,0.0,0.00024489795918367346,0.0,0.0,0.0,12,0.020004801152276545,phash_adaptive,0.02,phash_mean,64,frequency,mean,bit_llr,mad,0.515,0.057
0.32436769387755104,0.6065235,0.013656166362112816,0.0,0.0,0.0,0.02,0.41725939926440536,0.5570264609726195,0.006,0.006,0.5827406007355946,-1.0,0.006,0.0,0.0,0.0,0.0,0.0,0,0.02,phash_adaptive,0.02,phash_mean,64,frequency,mean,bit_em,mad,0.515,0.3
0.3281974285714286,0.5192658469387756,0.013695568055425923,0.001,0.008,0.001,0.02,0.3061058438904782,0.5395883735185941,0.001,0.001,0.6938941561095218,-1.0,0.039,0.0,0.0058367346938775514,0.0,0.0,0.0,286,0.020115058132518,phash_adaptive,0.02,phash_mean,64,frequency,mean,hamming_knn,mad,0.515,0.436
0.31353990816326527,0.5252926836734695,0.014080048126744992,0.001,0.009,0.001,0.02,0.31936125868410303,0.48920239068246835,0.002,0.002,0.680638741315897,-1.0,0.002,0.01,0.05169387755102041,0.003932363350373574,0.01,0.005644933672029354,2543,0.02086098994879575,phash_adaptive,0.02,phash_mean,64,frequency,mean,hamming_ball,mad,0.515,0.429
0.5388802857142857,0.5112422346938775,0.02316580246461899,0.014,0.079,0.014,0.02,0.5377505108295872,0.5109605639558643,0.003,0.003,0.5377505108295872,1.0,0.005,0.001,0.0015102040816326531,0.013333333333333334,0.001,0.0018604651162790699,75,0.0200100150225338,phash_adaptive,0.02,phash_mean,64,frequency,mean,hash_spectral,mad,0.515,0.045
0.4230780102040816,0.5290453571428572,0.017067762660358185,0.009,0.032,0.003,0.02,0.4391976910502656,0.5010632407029014,0.003,0.003,0.5608023089497344,-1.0,0.004,0.001,0.0018979591836734693,0.010638297872340425,0.001,0.0018281535648994515,94,0.020017633150322605,phash_adaptive,0.02,phash_mean,64,frequency,mean,hash_stability,mad,0.515,0.028
0.4069966326530612,0.4742066836734694,0.015295768756043132,0.001,0.011,0.004,0.02,0.38109726195341237,0.47306140171638744,0.001,0.008,0.6189027380465877,-1.0,0.011,0.0,0.00022448979591836734,0.0,0.0,0.0,11,0.02000440096821301,phash_adaptive,0.02,phash16,256,frequency,median,bit_llr,mad,0.629,0.091
0.4519009183673469,0.43373678571428564,0.01671949931351844,0.0,0.0,0.0,0.02,0.41668635063342874,0.40468502247650184,0.001,0.001,0.5833136493665713,-1.0,0.001,0.0,0.1309795918367347,0.0,0.0,0.0,6418,0.022945252627231426,phash_adaptive,0.02,phash16,256,frequency,median,bit_em,mad,0.629,0.875
0.33779349999999997,0.4750912244897959,0.013996206852902445,0.002,0.008,0.002,0.02,0.2752626685737638,0.48623252962811603,0.002,0.002,0.7247373314262362,-1.0,0.029,0.002,0.009795918367346938,0.004149377593360996,0.002,0.002699055330634278,482,0.020154287329859848,phash_adaptive,0.02,phash16,256,frequency,median,hamming_knn,mad,0.629,0.468
0.3143294081632653,0.5334347857142857,0.01397090842502382,0.001,0.017,0.001,0.02,0.2846705149162239,0.4751864527993461,0.0,0.0,0.7153294850837761,-1.0,0.012,0.003,0.01446938775510204,0.004213483146067416,0.003,0.0035046728971962616,712,0.020228047394903425,phash_adaptive,0.02,phash16,256,frequency,median,hamming_ball,mad,0.629,0.463
0.45569563265306123,0.471432806122449,0.017140435122327765,0.003,0.023,0.003,0.02,0.4410098079280752,0.46414415610952187,0.002,0.002,0.5589901920719248,-1.0,0.009,0.003,0.007938775510204082,0.007653061224489796,0.003,0.004310344827586207,392,0.020097564908885663,phash_adaptive,0.02,phash16,256,frequency,median,hash_spectral,mad,0.629,0.054
0.634123,0.4795959387755102,0.0297337086045519,0.009,0.083,0.001,0.02,0.6943077237433593,0.5071175929709849,0.043,0.003,0.6943077237433593,1.0,0.043,0.0,0.001816326530612245,0.0,0.0,0.0,89,0.020035663480996172,phash_adaptive,0.02,phash16,256,frequency,median,hash_stability,mad,0.629,0.027
0.4325459795918367,0.479019306122449,0.01613311478306955,0.003,0.013,0.005,0.02,0.41514957090314675,0.4767584797711483,0.003,0.011,0.5848504290968533,-1.0,0.012,0.0,4.0816326530612245e-05,0.0,0.0,0.0,2,0.02000080003200128,phash_adaptive,0.02,pdq,256,frequency,median,bit_llr,mad,2.257,0.092
0.5345041632653061,0.4957351224489796,0.024021040304611906,0.0,0.088,0.0,0.02,0.45248661626481407,0.4379057008581937,0.001,0.001,0.547513383735186,-1.0,0.003,0.239,0.12928571428571428,0.036355339215089745,0.239,0.06311064166886718,6574,0.017524063924837654,phash_adaptive,0.02,pdq,256,frequency,median,bit_em,mad,2.257,0.883
0.3350266734693878,0.49558942857142857,0.01397112331902872,0.002,0.01,0.002,0.02,0.281991826726604,0.49435053126277073,0.002,0.002,0.718008173273396,-1.0,0.036,0.002,0.008142857142857143,0.004987531172069825,0.002,0.0028551034975017845,401,0.02012137341478659,phash_adaptive,0.02,pdq,256,frequency,median,hamming_knn,mad,2.257,0.466
0.35940869387755103,0.4370244285714286,0.015314336056760821,0.001,0.006,0.001,0.02,0.29657805476093174,0.45220331017572535,0.001,0.001,0.7034219452390682,-1.0,0.019,0.003,0.01183673469387755,0.005145797598627788,0.003,0.003790271636133923,583,0.02017524333731307,phash_adaptive,0.02,pdq,256,frequency,median,hamming_ball,mad,2.257,0.476
0.4614771530612245,0.4723200612244898,0.0186737200050705,0.008,0.028,0.008,0.02,0.442853085410707,0.4635589497343686,0.002,0.002,0.557146914589293,-1.0,0.014,0.006,0.004979591836734694,0.024,0.006,0.0096,250,0.019979899497487436,phash_adaptive,0.02,pdq,256,frequency,median,hash_spectral,mad,2.257,0.055
0.6477841632653061,0.4868345612244898,0.03196370523538797,0.019,0.094,0.003,0.02,0.6914429914180629,0.5052793216183081,0.03,0.006,0.6914429914180629,1.0,0.03,0.0,0.0016938775510204082,0.0,0.0,0.0,83,0.02003325520363804,phash_adaptive,0.02,pdq,256,frequency,median,hash_stability,mad,2.257,0.028
0.41534494897959184,0.5133466224489796,0.015727567602919056,0.0,0.019,0.0,0.02,0.4115198201879853,0.5138941561095219,0.011,0.01,0.5884801798120147,-1.0,0.011,0.0,0.0013061224489795918,0.0,0.0,0.0,64,0.020025632809996797,phash_adaptive,0.02,whash_haar,64,wavelet,median,bit_llr,mad,0.628,0.057
0.3935197857142857,0.5430684693877551,0.017804356953032965,0.0,0.0,0.0,0.02,0.43569431957498983,0.5328216183081323,0.0,0.0,0.5643056804250102,-1.0,0.0,0.547,0.37312244897959185,0.0290493892724376,0.547,0.05516893595562279,18830,0.01453320500481232,phash_adaptive,0.02,whash_haar,64,wavelet,median,bit_em,mad,0.628,0.292
0.43019481632653067,0.4984388163265306,0.017540886142463963,0.015,0.05,0.016,0.02,0.3955781569268492,0.49798263179403357,0.0,0.001,0.6044218430731507,-1.0,0.027,0.001,2.0408163265306123e-05,0.5,0.001,0.001996007984031936,2,0.019980799231969278,phash_adaptive,0.02,whash_haar,64,wavelet,median,hamming_knn,mad,0.628,0.425
0.5069157857142856,0.17465229591836734,0.02402710383963013,0.0,0.0,0.0,0.02,0.438275439313445,0.438275439313445,0.0,0.0,0.5617245606865551,-1.0,0.0,0.021,0.15971428571428573,0.0026761819803746653,0.021,0.004747371990505256,7847,0.023224918748369038,phash_adaptive,0.02,whash_haar,64,wavelet,median,hamming_ball,mad,0.628,0.421
0.4185360714285714,0.48411296938775505,0.01765753162830804,0.0,0.036,0.0,0.02,0.39802666530445435,0.48308449121373104,0.0,0.0,0.6019733346955456,-1.0,0.021,0.13,0.10228571428571429,0.025281991443018282,0.13,0.04233148811462065,5142,0.019394533862410274,phash_adaptive,0.02,whash_haar,64,wavelet,median,block_collision,mad,0.628,0.158
0.47322173469387757,0.4810744897959184,0.018189195971388225,0.002,0.037,0.002,0.02,0.45926604004903965,0.4872010625255415,0.006,0.006,0.5407339599509604,-1.0,0.011,0.0,0.0003061224489795918,0.0,0.0,0.0,15,0.02000600180054016,phash_adaptive,0.02,whash_haar,64,wavelet,median,hash_spectral,mad,0.628,0.045
0.40138623469387746,0.5294665000000001,0.01592976593858321,0.004,0.019,0.004,0.02,0.39929638332652223,0.5188648344912138,0.006,0.006,0.6007036166734778,-1.0,0.017,0.0,0.0021020408163265306,0.0,0.0,0.0,103,0.020041285047197228,phash_adaptive,0.02,whash_haar,64,wavelet,median,hash_stability,mad,0.628,0.027
0.438593581632653,0.48689180612244903,0.0163649560987565,0.0,0.0,0.0,0.02,0.4231935022476502,0.49497834082550063,0.006,0.005,0.5768064977523498,-1.0,0.006,0.0,0.004122448979591836,0.0,0.0,0.0,202,0.020081127756134784,phash_adaptive,0.02,whash_db4,169,wavelet,median,bit_llr,mad,1.568,0.078
0.3316822244897959,0.689691306122449,0.019922417911087467,0.0,0.0,0.0,0.02,0.4514089701675521,0.5476687780956273,0.0,0.0,0.5485910298324479,-1.0,0.0,0.569,0.39208163265306123,0.028764976492593904,0.569,0.05476156104133584,19781,0.014262550051292233,phash_adaptive,0.02,whash_db4,169,wavelet,median,bit_em,mad,1.568,0.603
0.4324498673469388,0.47080436734693876,0.016260940867419027,0.0,0.006,0.0,0.02,0.41069901920719243,0.46833438904781366,0.002,0.009,0.5893009807928076,-1.0,0.024,0.0,0.0,0.0,0.0,0.0,0,0.02,phash_adaptive,0.02,whash_db4,169,wavelet,median,hamming_knn,mad,1.568,0.45
0.47731703061224495,0.32677623469387757,0.020420560580523415,0.0,0.0,0.0,0.02,0.43618931344503475,0.43618931344503475,0.002,0.002,0.5638106865549652,-1.0,0.002,0.02,0.10806122448979592,0.0037629350893697085,0.02,0.006334125098970704,5315,0.021931296855768154,phash_adaptive,0.02,whash_db4,169,wavelet,median,hamming_ball,mad,1.568,0.457
0.46765329591836735,0.4916454897959184,0.01786677280079349,0.0,0.033,0.0,0.02,0.4710722313036371,0.49902165917449937,0.001,0.001,0.5289277686963629,-1.0,0.012,0.0,0.0019387755102040817,0.0,0.0,0.0,95,0.020038072337441138,phash_adaptive,0.02,whash_db4,169,wavelet,median,hash_spectral,mad,1.568,0.052
0.46353287755102035,0.5210931020408164,0.018628170014642634,0.005,0.04,0.004,0.02,0.4426134041683695,0.540330813240703,0.005,0.004,0.5573865958316305,-1.0,0.011,0.001,0.0023673469387755102,0.008547008547008548,0.001,0.0017905102954341987,117,0.02002686285909027,phash_adaptive,0.02,whash_db4,169,wavelet,median,hash_stability,mad,1.568,0.029
0.41053905102040816,0.4487558979591837,0.015310131620413722,0.002,0.011,0.001,0.02,0.38542766653044547,0.4427943400081733,0.002,0.002,0.6145723334695545,-1.0,0.002,0.0,0.00046938775510204083,0.0,0.0,0.0,23,0.020009204233947617,phash_adaptive,0.02,mh,64,frequency,mean,bit_llr,mad,0.959,0.057
0.3518015102040816,0.4973489693877551,0.014443695396487984,0.0,0.0,0.0,0.02,0.48464844707805477,0.44123252962811604,0.004,0.002,0.5153515529219452,-1.0,0.004,0.0,0.02893877551020408,0.0,0.0,0.0,1418,0.02058375530031699,phash_adaptive,0.02,mh,64,frequency,mean,bit_em,mad,0.959,0.298
0.3317278469387755,0.5082487142857142,0.013674135916582836,0.001,0.008,0.001,0.02,0.3040116469145893,0.5047876992235389,0.002,0.002,0.6959883530854107,-1.0,0.032,0.001,0.009122448979591836,0.002232142857142857,0.001,0.0013812154696132596,448,0.020160639328382305,phash_adaptive,0.02,mh,64,frequency,mean,hamming_knn,mad,0.959,0.446
0.3895503265306122,0.40603452040816335,0.01610946487148774,0.004,0.012,0.004,0.02,0.3128874131589701,0.4356589701675522,0.004,0.004,0.6871125868410299,-1.0,0.004,0.009,0.04116326530612245,0.004442250740375123,0.009,0.005948446794448116,2026,0.020657022553883353,phash_adaptive,0.02,mh,64,frequency,mean,hamming_ball,mad,0.959,0.441
0.3757190306122449,0.623972806122449,0.019844609020210374,0.023,0.062,0.023,0.02,0.34847333469554564,0.4559060073559461,0.004,0.004,0.6515266653044544,-1.0,0.004,0.073,0.06326530612244897,0.023006618342262843,0.073,0.034986820033549006,3173,0.01979627138189506,phash_adaptive,0.02,mh,64,frequency,mean,block_collision,mad,0.959,0.152
0.4237937244897959,0.4555977040816327,0.01588012102159127,0.0,0.012,0.0,0.02,0.4216952390682468,0.4500162443808745,0.004,0.004,0.5783047609317532,-1.0,0.017,0.0,0.0038163265306122448,0.0,0.0,0.0,187,0.02007508080220023,phash_adaptive,0.02,mh,64,frequency,mean,hash_spectral,mad,0.959,0.058
0.5064949591836735,0.41510826530612244,0.019899141291382365,0.002,0.031,0.002,0.02,0.4870176747037188,0.4704911115651819,0.003,0.003,0.5129823252962812,-1.0,0.003,0.001,0.0056326530612244895,0.0036101083032490976,0.001,0.0015661707126076742,277,0.020091305834322146,phash_adaptive,0.02,mh,64,frequency,mean,hash_stability,mad,0.959,0.027
0.3887194795918367,0.46900892857142856,0.015088171842062157,0.0,0.0,0.0,0.02,0.2934155087862689,0.5077128116060482,0.006,0.018,0.7065844912137311,-1.0,0.04,0.0,0.036734693877551024,0.0,0.0,0.0,1800,0.02074688796680498,phash_adaptive,0.02,colorhash,42,colour,quantisation,bit_llr,mad,2.515,0.049
0.41742131632653057,0.49067269387755097,0.01656501595180357,0.0,0.0,0.0,0.02,0.31481742950551694,0.3853188598283612,0.0,0.0,0.6851825704944831,-1.0,0.011,0.226,0.4121836734693878,0.011065955050678157,0.226,0.021098819026280167,20423,0.02616898265544173,phash_adaptive,0.02,colorhash,42,colour,quantisation,bit_em,mad,2.515,0.24
0.3766310204081633,0.577184306122449,0.01595249376617624,0.0,0.0,0.031,0.02,0.3761456885982836,0.5306190232938292,0.0,0.021,0.6238543114017163,-1.0,0.021,0.035,0.010857142857142857,0.06172839506172839,0.035,0.04467134652201659,567,0.019521372362591792,phash_adaptive,0.02,colorhash,42,colour,quantisation,hamming_knn,mad,2.515,0.324
0.3994465918367347,0.43550236734693876,0.016764470775568755,0.0,0.0,0.0,0.02,0.36977288516550877,0.3892559256232121,0.0,0.0,0.6302271148344912,-1.0,0.0,0.212,0.26853061224489794,0.01585639491398654,0.212,0.029505915100904664,13370,0.021512421512421512,phash_adaptive,0.02,colorhash,42,colour,quantisation,hamming_ball,mad,2.515,0.322
0.4412004897959184,0.4775950612244898,0.017091348299387295,0.0,0.0,0.0,0.02,0.5100493461381284,0.4907558234572946,0.01,0.007,0.5100493461381284,1.0,0.01,0.0,0.006959183673469388,0.0,0.0,0.0,341,0.020137336635856543,phash_adaptive,0.02,colorhash,42,colour,quantisation,hash_spectral,mad,2.515,0.041
0.6368557040816325,0.5630961020408162,0.03348837189326383,0.021,0.048,0.021,0.02,0.6291331221904373,0.5841795055169595,0.021,0.021,0.6291331221904373,1.0,0.021,0.006,0.0008775510204081633,0.12244897959183673,0.006,0.011439466158245948,49,0.019899501511481253,phash_adaptive,0.02,colorhash,42,colour,quantisation,hash_stability,mad,2.515,0.024
0.465708693877551,0.4633447448979591,0.01747352099489484,0.005,0.023,0.007,0.02,0.45727564364527995,0.46129955046996324,0.005,0.007,0.54272435635472,-1.0,0.009,0.0,0.00042857142857142855,0.0,0.0,0.0,21,0.020008403529482383,phash_adaptive,0.02,rhash8,64,residual,zero,bit_llr,mad,0.515,0.057
0.48678328571428575,0.4876967346938776,0.022398324283253723,0.0,0.09,0.0,0.02,0.4379305271761341,0.3963287699223539,0.002,0.002,0.5620694728238659,-1.0,0.005,0.191,0.09110204081632653,0.04103114930182599,0.191,0.06755083996463307,4655,0.017840996802293528,phash_adaptive,0.02,rhash8,64,residual,zero,bit_em,mad,0.515,0.297
0.4199701632653061,0.4693698877551021,0.016409547449446532,0.002,0.025,0.002,0.02,0.3754506538618717,0.46370719248058845,0.001,0.001,0.6245493461381283,-1.0,0.021,0.001,0.005877551020408163,0.0034602076124567475,0.001,0.0015515903801396431,289,0.020096155780410775,phash_adaptive,0.02,rhash8,64,residual,zero,hamming_knn,mad,0.515,0.445
0.4139486632653061,0.44844339795918375,0.016181226456833932,0.001,0.023,0.001,0.02,0.37794718022067836,0.46048610543522683,0.0,0.0,0.6220528197793216,-1.0,0.008,0.007,0.017163265306122447,0.008254716981132075,0.007,0.007575757575757576,848,0.02020263671875,phash_adaptive,0.02,rhash8,64,residual,zero,hamming_ball,mad,0.515,0.443
0.5334021428571428,0.4410452244897959,0.02194581092086599,0.012,0.033,0.012,0.02,0.4128363302002452,0.4655439313445035,0.003,0.003,0.5871636697997549,-1.0,0.003,0.017,0.018918367346938775,0.018008474576271187,0.017,0.01748971193415638,944,0.020038323548597522,phash_adaptive,0.02,rhash8,64,residual,zero,block_collision,mad,0.515,0.15
0.4466111224489796,0.4812839795918367,0.017044492011188274,0.006,0.022,0.006,0.02,0.43410134859011035,0.4728880261544748,0.003,0.003,0.5658986514098896,-1.0,0.014,0.004,0.00826530612244898,0.009779951100244499,0.004,0.0056777856635912,409,0.020084289488011938,phash_adaptive,0.02,rhash8,64,residual,zero,hash_spectral,mad,0.515,0.045
0.6369863673469388,0.5188393877551021,0.03247716485611772,0.019,0.089,0.02,0.02,0.6249331834899876,0.48797057621577444,0.012,0.006,0.6249331834899876,1.0,0.012,0.005,0.0019183673469387755,0.050505050505050504,0.005,0.009099181073703366,99,0.01993948017073806,phash_adaptive,0.02,rhash8,64,residual,zero,hash_stability,mad,0.515,0.027
0.4569571326530612,0.4726190612244898,0.017457270173168695,0.007,0.034,0.006,0.02,0.43948222313036367,0.4629792603187577,0.004,0.003,0.5605177768696363,-1.0,0.004,0.001,0.0023673469387755102,0.008547008547008548,0.001,0.0017905102954341987,117,0.02002686285909027,phash_adaptive,0.02,rhash16,256,residual,zero,bit_llr,mad,0.615,0.092
0.4706652653061224,0.4872197244897959,0.01842174956773565,0.0,0.0,0.0,0.02,0.446962300776461,0.3855904168369432,0.0,0.0,0.5530376992235391,-1.0,0.0,0.0,0.1113469387755102,0.0,0.0,0.0,5456,0.02244971264367816,phash_adaptive,0.02,rhash16,256,residual,zero,bit_em,mad,0.615,0.889
0.3624583367346939,0.4788183775510204,0.014302369555542626,0.001,0.017,0.001,0.02,0.3206120760114426,0.4852383530854107,0.002,0.002,0.6793879239885574,-1.0,0.038,0.002,0.012959183673469387,0.0031397174254317113,0.002,0.002443494196701283,637,0.020217571865567326,phash_adaptive,0.02,rhash16,256,residual,zero,hamming_knn,mad,0.615,0.467
0.39278027551020406,0.43484761224489793,0.015883882085108554,0.003,0.017,0.003,0.02,0.328082652227217,0.4516652022885166,0.002,0.002,0.671917347772783,-1.0,0.002,0.011,0.02748979591836735,0.008100147275405008,0.011,0.009329940627650551,1358,0.020332223181612596,phash_adaptive,0.02,rhash16,256,residual,zero,hamming_ball,mad,0.615,0.455
0.43768732653061226,0.4866793673469388,0.018121051456275954,0.0,0.039,0.0,0.02,0.38144064160196156,0.4486463015937883,0.006,0.006,0.6185593583980384,-1.0,0.006,0.069,0.08089795918367347,0.017108851971237293,0.069,0.027419034373137294,4033,0.020253660234516066,phash_adaptive,0.02,rhash16,256,residual,zero,block_collision,mad,0.615,0.707
0.40995691836734693,0.4521102551020408,0.015428714393008244,0.001,0.015,0.001,0.02,0.3891538618716796,0.44820719248058843,0.002,0.002,0.6108461381283203,-1.0,0.011,0.002,0.016142857142857143,0.0025220680958385876,0.002,0.002230897936419409,793,0.020281667242465502,phash_adaptive,0.02,rhash16,256,residual,zero,hash_spectral,mad,0.615,0.07
0.6252177653061224,0.5021853979591836,0.029234652918879497,0.009,0.071,0.006,0.02,0.6436740907233348,0.49006855333060895,0.009,0.006,0.6436740907233348,1.0,0.009,0.002,0.005448979591836735,0.007434944237918215,0.002,0.0031520882584712374,269,0.02006796565522511,phash_adaptive,0.02,rhash16,256,residual,zero,hash_stability,mad,0.615,0.03
1.0,1.0,1.0,1.0,1.0,1.0,0.02,1.0,1.0,1.0,1.0,1.0,1.0,1.0,1.0,0.0024285714285714284,0.8936550491510277,1.0,0.9438414346389806,1119,0.0,phash_adaptive,0.02,rhash32,1024,residual,zero,bit_llr,mad,0.464,0.247
0.7158163265306122,0.6714285714285715,0.06693922091921235,0.0,0.0,0.0,0.02,1.0,1.0,1.0,1.0,1.0,1.0,1.0,0.0,0.32357142857142857,0.0,0.0,0.0,15855,0.029286864841118757,phash_adaptive,0.02,rhash32,1024,residual,zero,bit_em,mad,0.464,4.066
0.9994589795918367,0.9994589795918367,0.9612404349897704,1.0,1.0,1.0,0.02,1.0,1.0,1.0,1.0,1.0,1.0,1.0,1.0,0.03353061224489796,0.37835792659856227,1.0,0.5489980785067252,2643,0.0,phash_adaptive,0.02,rhash32,1024,residual,zero,hamming_knn,mad,0.464,0.559
0.758496275510204,0.6125030306122449,0.044267248645041384,0.0,0.026,0.0,0.02,0.8911669391091132,0.8911669391091132,0.774,0.774,0.8911669391091132,1.0,0.774,0.237,0.07626530612244899,0.05963764469048817,0.237,0.09529553679131483,3974,0.016577586581497415,phash_adaptive,0.02,rhash32,1024,residual,zero,hamming_ball,mad,0.464,0.55
0.9990371122448979,0.9998527857142856,0.999017746896429,0.999,0.999,0.999,0.02,0.9990720269718022,0.9997965876583572,0.999,0.999,0.9990720269718022,1.0,0.999,0.999,0.023387755102040816,0.46573426573426574,0.999,0.6352941176470588,2145,2.0896458050360463e-05,phash_adaptive,0.02,rhash32,1024,residual,zero,block_collision,mad,0.464,3.192
0.9999908775510205,0.9999908775510205,0.9995831675831427,1.0,1.0,1.0,0.02,1.0,1.0,1.0,1.0,1.0,1.0,1.0,1.0,0.02810204081632653,0.4206983592763988,1.0,0.5922416345869115,2377,0.0,phash_adaptive,0.02,rhash32,1024,residual,zero,hash_spectral,mad,0.464,0.185
0.8496066530612245,0.6848194897959184,0.06377445518514148,0.006,0.128,0.001,0.02,0.9135042909685329,0.741164180629342,0.056,0.002,0.9135042909685329,1.0,0.056,0.0,0.0052448979591836736,0.0,0.0,0.0,257,0.02010333112196691,phash_adaptive,0.02,rhash32,1024,residual,zero,hash_stability,mad,0.464,0.033
0.4400407448979592,0.47274302040816324,0.01672315281521075,0.007,0.028,0.008,0.02,0.42229689415610955,0.4663522680833674,0.005,0.006,0.5777031058438904,-1.0,0.008,0.0,0.0025306122448979593,0.0,0.0,0.0,124,0.02004972331381827,phash_adaptive,0.02,rhash_rgb,768,residual,zero,bit_llr,mad,1.648,0.193
0.26755784693877555,0.47094894897959183,0.013489634973906168,0.0,0.0,0.0,0.02,0.4302381487535758,0.5196856354720065,0.0,0.0,0.5697618512464242,-1.0,0.0,0.0,0.22640816326530613,0.0,0.0,0.0,11094,0.02570297640466766,phash_adaptive,0.02,rhash_rgb,768,residual,zero,bit_em,mad,1.648,2.956
0.39132494897959186,0.45933633673469393,0.014950960354228144,0.0,0.021,0.0,0.02,0.360105128729056,0.45640151205557833,0.0,0.0,0.639894871270944,-1.0,0.011,0.0,0.014326530612244898,0.0,0.0,0.0,702,0.02028479857195018,phash_adaptive,0.02,rhash_rgb,768,residual,zero,hamming_knn,mad,1.648,0.519
0.40899078571428577,0.4268468979591836,0.01674326198950022,0.006,0.03,0.006,0.02,0.3630965467919902,0.41316520228851655,0.0,0.0,0.6369034532080098,-1.0,0.0,0.025,0.04057142857142857,0.012419274714356682,0.025,0.01659475605708596,2013,0.02031800279242295,phash_adaptive,0.02,rhash_rgb,768,residual,zero,hamming_ball,mad,1.648,0.511
0.4515992244897959,0.48580361224489793,0.017749081034334913,0.0,0.008,0.0,0.02,0.3687517368205967,0.4557996526358806,0.008,0.008,0.6312482631794033,-1.0,0.008,0.015,0.058755102040816326,0.005183137525915688,0.015,0.007704160246533128,2894,0.020910287436844564,phash_adaptive,0.02,rhash_rgb,768,residual,zero,block_collision,mad,1.648,2.102
0.42358329591836735,0.4545895306122449,0.015905188315521297,0.002,0.02,0.002,0.02,0.4095390273804659,0.45092204740498565,0.004,0.004,0.5904609726195341,-1.0,0.008,0.007,0.018530612244897958,0.007650273224043716,0.007,0.007310704960835509,915,0.02023021289599674,phash_adaptive,0.02,rhash_rgb,768,residual,zero,hash_spectral,mad,1.648,0.114
0.6282054081632653,0.4952889081632653,0.028626753908955603,0.007,0.073,0.004,0.02,0.6510026563138536,0.5013269309358399,0.015,0.006,0.6510026563138536,1.0,0.015,0.001,0.006224489795918367,0.0032679738562091504,0.001,0.0015313935681470138,306,0.020103030546947318,phash_adaptive,0.02,rhash_rgb,768,residual,zero,hash_stability,mad,1.648,0.034
0.2805290714285714,0.523063724489796,0.012587203194189265,0.0,0.0,0.0,0.02,0.22028575807110748,0.5452332447895383,0.0,0.011,0.7797142419288925,-1.0,0.011,0.0,0.0007755102040816326,0.0,0.0,0.0,38,0.020015211560786197,phash_adaptive,0.02,rhash_energy,256,residual,mean,bit_llr,mad,0.603,0.091
0.33604036734693876,0.3569233469387755,0.022288386265876863,0.0,0.0,0.0,0.02,0.1874659787494892,0.29484991826726603,0.0,0.0,0.8125340212505108,-1.0,0.0,0.072,0.19869387755102041,0.00734094616639478,0.072,0.013323464100666173,9808,0.02308917197452229,phash_adaptive,0.02,rhash_energy,256,residual,mean,bit_em,mad,0.603,0.883
0.18699580612244898,0.6281344285714286,0.01127731103013326,0.0,0.0,0.0,0.02,0.13873508377605231,0.6752599100939927,0.0,0.054,0.8612649162239476,-1.0,0.186,0.0,0.001142857142857143,0.0,0.0,0.0,56,0.020022425116130067,phash_adaptive,0.02,rhash_energy,256,residual,mean,hamming_knn,mad,0.603,0.481
0.5002168673469388,0.16615874489795915,0.025460902620171248,0.0,0.0,0.0,0.02,0.336549959133633,0.336549959133633,0.0,0.0,0.663450040866367,-1.0,0.0,0.001,0.16885714285714284,0.00012084592145015106,0.001,0.00021563342318059299,8275,0.023942480527261834,phash_adaptive,0.02,rhash_energy,256,residual,mean,hamming_ball,mad,0.603,0.471
0.19862255102040816,0.8283391020408163,0.012476931412539844,0.0,0.0,0.0,0.02,0.1803097670617082,0.8172907642010625,0.0,0.273,0.8196902329382918,-1.0,0.273,0.785,0.1682857142857143,0.08692282139297974,0.785,0.15651480410726748,9031,0.005247870340989528,phash_adaptive,0.02,rhash_energy,256,residual,mean,block_collision,mad,0.603,0.706
0.6543737142857143,0.6063800510204082,0.03510135249712164,0.014,0.113,0.014,0.02,0.697130772374336,0.6366645892930118,0.064,0.064,0.697130772374336,1.0,0.064,0.0,0.0014693877551020407,0.0,0.0,0.0,72,0.0200288415318058,phash_adaptive,0.02,rhash_energy,256,residual,mean,hash_spectral,mad,0.603,0.054
0.2652586632653061,0.559696081632653,0.012521592181840194,0.001,0.004,0.012,0.02,0.22910318757662443,0.5735390273804658,0.001,0.001,0.7708968124233756,-1.0,0.001,0.001,0.0025714285714285713,0.007874015748031496,0.001,0.001774622892635315,127,0.020030878431215288,phash_adaptive,0.02,rhash_energy,256,residual,mean,hash_stability,mad,0.603,0.032
0.45594472448979595,0.4710155816326531,0.017420741280459784,0.005,0.031,0.005,0.02,0.4394919288925214,0.4620236003269309,0.004,0.001,0.5605080711074786,-1.0,0.004,0.001,0.002510204081632653,0.008064516129032258,0.001,0.0017793594306049821,124,0.020029673590504452,phash_adaptive,0.02,ahash_res,256,residual,mean,bit_llr,mad,0.597,0.091
0.4944640714285714,0.5126469285714286,0.020255076555620026,0.0,0.0,0.0,0.02,0.45138536984062116,0.39439640375970575,0.0,0.0,0.5486146301593788,-1.0,0.0,0.0,0.11179591836734694,0.0,0.0,0.0,5478,0.022460805893715467,phash_adaptive,0.02,ahash_res,256,residual,mean,bit_em,mad,0.597,0.884
0.3571131224489796,0.48578691836734694,0.0141869481456086,0.001,0.015,0.001,0.02,0.3187788107887209,0.48453902738046584,0.001,0.001,0.6812211892112792,-1.0,0.033,0.001,0.013367346938775511,0.001524390243902439,0.001,0.0012077294685990338,656,0.020245622568093386,phash_adaptive,0.02,ahash_res,256,residual,mean,hamming_knn,mad,0.597,0.463
0.39468676530612246,0.4349817040816326,0.015895482340245463,0.003,0.019,0.003,0.02,0.32665396403759706,0.4479798733142623,0.001,0.001,0.673346035962403,-1.0,0.001,0.01,0.02963265306122449,0.006839945280437756,0.01,0.008123476848090982,1462,0.020396390456961556,phash_adaptive,0.02,ahash_res,256,residual,mean,hamming_ball,mad,0.597,0.461
0.37374194897959184,0.5998546020408163,0.01915715036019054,0.013,0.068,0.013,0.02,0.3794644462607274,0.4483912954638332,0.006,0.006,0.6205355537392726,-1.0,0.006,0.105,0.08818367346938775,0.023723452327157703,0.105,0.03870254330998894,4426,0.019638390310264625,phash_adaptive,0.02,ahash_res,256,residual,mean,block_collision,mad,0.597,0.71
0.406986306122449,0.45408368367346935,0.015330872117425719,0.001,0.014,0.001,0.02,0.3885461789946874,0.4500503677973029,0.002,0.002,0.6114538210053126,-1.0,0.006,0.002,0.015938775510204083,0.002554278416347382,0.002,0.002243409983174425,783,0.020277546376252106,phash_adaptive,0.02,ahash_res,256,residual,mean,hash_spectral,mad,0.597,0.056
0.6288933163265306,0.502443418367347,0.029651482767163083,0.009,0.079,0.006,0.02,0.6421641806293421,0.49220637515324883,0.009,0.006,0.6421641806293421,1.0,0.009,0.002,0.005,0.008097165991902834,0.002,0.0032076984763432237,247,0.020059091914055433,phash_adaptive,0.02,ahash_res,256,residual,mean,hash_stability,mad,0.597,0.03
0.41135088000000003,0.5000379422222222,0.07815617929037666,0.0,0.0008,0.0,0.1,0.36727279199110124,0.49827528364849827,0.0034,0.018,0.6327272080088988,-1.0,0.018,0.0,0.0009777777777777777,0.0,0.0,0.0,44,0.10008807750820722,phash_adaptive,0.1,ahash,64,spatial,mean,bit_llr,mad,0.144,0.06
0.32967636666666666,0.6270829844444444,0.08582757279817463,0.0,0.0,0.0,0.1,0.402045873192436,0.5868517018909901,0.0,0.0,0.597954126807564,-1.0,0.0,0.563,0.3552888888888889,0.14971015263521778,0.563,0.23652480779733648,18803,0.07003878578068404,phash_adaptive,0.1,ahash,64,spatial,mean,bit_em,mad,0.144,0.295
0.4397100577777778,0.49106478000000003,0.0905897774176086,0.0162,0.0512,0.014,0.1,0.36388573971078975,0.4737719466073415,0.0022,0.0022,0.6361142602892103,-1.0,0.0268,0.0,0.0,0.0,0.0,0.0,0,0.1,phash_adaptive,0.1,ahash,64,spatial,mean,hamming_knn,mad,0.144,0.43
0.515502271111111,0.1959655866666667,0.11312695087481983,0.0,0.0,0.0,0.1,0.39484498331479423,0.39484498331479423,0.0026,0.0026,0.6051550166852058,-1.0,0.0026,0.0214,0.15202222222222223,0.015400115141047784,0.0214,0.017910947438901908,6948,0.11365325652699061,phash_adaptive,0.1,ahash,64,spatial,mean,hamming_ball,mad,0.144,0.422
0.4522394622222222,0.47574096,0.09995689085224903,0.0,0.0562,0.0,0.1,0.38609259176863187,0.4587335928809789,0.0,0.0,0.6139074082313681,-1.0,0.0184,0.1654,0.11024444444444445,0.1428818244644091,0.1654,0.15331850203930292,5788,0.0943861395096354,phash_adaptive,0.1,ahash,64,spatial,mean,block_collision,mad,0.144,0.16
0.5111437333333333,0.46832543111111113,0.09945740669797162,0.0012,0.0468,0.0012,0.1,0.4863802892102336,0.4582833370411568,0.0088,0.0088,0.5136197107897664,-1.0,0.0114,0.0,0.0009555555555555555,0.0,0.0,0.0,43,0.10008607402366035,phash_adaptive,0.1,ahash,64,spatial,mean,hash_spectral,mad,0.144,0.047
0.44301207555555555,0.46969237333333336,0.08590005491275593,0.001,0.0148,0.001,0.1,0.38338142380422696,0.4952109899888766,0.0062,0.0084,0.616618576195773,-1.0,0.0122,0.0,0.0005777777777777778,0.0,0.0,0.0,26,0.10005202705406811,phash_adaptive,0.1,ahash,64,spatial,mean,hash_stability,mad,0.144,0.032
0.4121948888888889,0.5447084311111111,0.08040990032584677,0.0,0.0,0.0,0.1,0.3863911012235818,0.5387821134593993,0.0092,0.0362,0.6136088987764182,-1.0,0.0362,0.0,0.0015777777777777778,0.0,0.0,0.0,71,0.10014220192673597,phash_adaptive,0.1,ahash4,16,spatial,mean,bit_llr,mad,0.136,0.049
0.6490837822222222,0.5447085577777778,0.24465296366559264,0.0466,0.4166,0.0,0.1,0.4199851612903226,0.46077764182424913,0.0,0.0,0.5800148387096774,-1.0,0.0,0.0,0.11346666666666666,0.0,0.0,0.0,5106,0.11137345747761393,phash_adaptive,0.1,ahash4,16,spatial,mean,bit_em,mad,0.136,0.15
0.4499946888888889,0.4813976355555555,0.09347827066326246,0.0,0.0534,0.0016,0.1,0.3916654727474972,0.4767144382647386,0.0,0.0156,0.6083345272525028,-1.0,0.0156,0.0,2.2222222222222223e-05,0.0,0.0,0.0,1,0.1000020000400008,phash_adaptive,0.1,ahash4,16,spatial,mean,hamming_knn,mad,0.136,0.41
0.45381111555555553,0.43158838888888895,0.0953868178064124,0.0,0.0674,0.0,0.1,0.3990893437152392,0.42458260289210237,0.0,0.0,0.6009106562847608,-1.0,0.0,0.0926,0.12464444444444445,0.07625164690382082,0.0926,0.08363439306358382,6072,0.10328264432708067,phash_adaptive,0.1,ahash4,16,spatial,mean,hamming_ball,mad,0.136,0.392
0.4831580911111111,0.4981405466666667,0.1048651648750758,0.0312,0.0478,0.0312,0.1,0.4101978642936596,0.4285011123470523,0.0,0.0,0.5898021357063403,-1.0,0.0,0.1708,0.18226666666666666,0.09430212014134276,0.1708,0.12151394422310757,9056,0.10126025791324736,phash_adaptive,0.1,ahash4,16,spatial,mean,block_collision,mad,0.136,0.041
0.5170552022222222,0.47172588,0.10199429084978534,0.0,0.051,0.0,0.1,0.5007501446051168,0.4694388431590656,0.0,0.0,0.5007501446051168,1.0,0.0132,0.0,0.0024444444444444444,0.0,0.0,0.0,110,0.10022048506714773,phash_adaptive,0.1,ahash4,16,spatial,mean,hash_spectral,mad,0.136,0.044
0.4936609977777778,0.5259998977777778,0.10121993934453798,0.0046,0.0544,0.0046,0.1,0.4023271190211346,0.44282015572858735,0.0014,0.0014,0.5976728809788654,-1.0,0.0014,0.0046,0.004955555555555556,0.09349593495934959,0.0046,0.008768585589020206,246,0.1000321582184347,phash_adaptive,0.1,ahash4,16,spatial,mean,hash_stability,mad,0.136,0.026
0.4156680711111111,0.4751020955555556,0.0782689183509624,0.0,0.0008,0.0,0.1,0.35782734149054507,0.4651895884315907,0.0014,0.0092,0.6421726585094549,-1.0,0.0092,0.0,0.0006666666666666666,0.0,0.0,0.0,30,0.10006003602161297,phash_adaptive,0.1,ahash16,256,spatial,mean,bit_llr,mad,0.195,0.094
0.4121034622222222,0.36882983555555554,0.10624171408455177,0.0,0.0,0.0,0.1,0.4030025139043381,0.5969974860956618,0.0,0.0,0.5969974860956619,-1.0,0.0,0.0,0.2952444444444444,0.0,0.0,0.0,13286,0.13618783025548836,phash_adaptive,0.1,ahash16,256,spatial,mean,bit_em,mad,0.195,0.908
0.4221143088888889,0.49292214444444443,0.08429930027217136,0.0116,0.0442,0.0108,0.1,0.33764996662958846,0.47291096774193553,0.0032,0.0032,0.6623500333704115,-1.0,0.0374,0.0,0.0,0.0,0.0,0.0,0,0.1,phash_adaptive,0.1,ahash16,256,spatial,mean,hamming_knn,mad,0.195,0.454
0.5321598822222222,0.2146312777777778,0.11800386282113688,0.0,0.0,0.0,0.1,0.39353679644048944,0.39353679644048944,0.0042,0.0042,0.6064632035595106,-1.0,0.0042,0.0196,0.16755555555555557,0.012830583922492799,0.0196,0.015508783035290394,7638,0.11571691610405552,phash_adaptive,0.1,ahash16,256,spatial,mean,hamming_ball,mad,0.195,0.441
0.34794434,0.696284228888889,0.08626654029214845,0.0,0.0,0.0,0.1,0.37825704115684095,0.595010233592881,0.0,0.0288,0.6217429588431591,-1.0,0.0288,0.3448,0.06784444444444444,0.3608959598074105,0.3448,0.35266441648767516,4777,0.07244101452800566,phash_adaptive,0.1,ahash16,256,spatial,mean,block_collision,mad,0.195,0.689
0.5094098,0.4638945377777778,0.09862433707318038,0.0036,0.0426,0.0036,0.1,0.48238355951056733,0.4452413125695217,0.006,0.006,0.5176164404894327,-1.0,0.0074,0.0,0.0007333333333333333,0.0,0.0,0.0,33,0.10006604358876858,phash_adaptive,0.1,ahash16,256,spatial,mean,hash_spectral,mad,0.195,0.057
0.4786324933333333,0.5240207355555555,0.09882532967870075,0.0118,0.0544,0.0126,0.1,0.4565352836484983,0.5185250723025583,0.0052,0.0052,0.5434647163515016,-1.0,0.0088,0.0016,0.0013111111111111112,0.11940298507462686,0.0016,0.0031576869942766925,67,0.09997396511325175,phash_adaptive,0.1,ahash16,256,spatial,mean,hash_stability,mad,0.195,0.033
0.5637630977777778,0.552316928888889,0.18863227877639308,0.0774,0.132,0.0108,0.1,0.661048275862069,0.5387151946607341,0.2392,0.0024,0.661048275862069,1.0,0.2392,0.0,0.0005777777777777778,0.0,0.0,0.0,26,0.10005202705406811,phash_adaptive,0.1,ahash32,1024,spatial,mean,bit_llr,mad,0.352,0.282
0.43893625111111106,0.46848253555555547,0.10781647945299563,0.0,0.0,0.0,0.1,0.3809315016685206,0.6190684983314794,0.0,0.0,0.6190684983314794,-1.0,0.0,0.0,0.09973333333333333,0.0,0.0,0.0,4488,0.10986113552469678,phash_adaptive,0.1,ahash32,1024,spatial,mean,bit_em,mad,0.352,4.081
0.4218995466666667,0.45606711333333333,0.08253729691963649,0.0106,0.0362,0.0106,0.1,0.3196066740823137,0.4086393548387096,0.002,0.002,0.6803933259176863,-1.0,0.0048,0.0,0.0,0.0,0.0,0.0,0,0.1,phash_adaptive,0.1,ahash32,1024,spatial,mean,hamming_knn,mad,0.352,0.546
0.4809448311111111,0.23991297777777779,0.10885518159754032,0.0,0.0,0.0,0.1,0.3730880533926585,0.3730880533926585,0.0024,0.0024,0.6269119466073415,-1.0,0.0024,0.0158,0.14004444444444444,0.012380504623099827,0.0158,0.0138827871013092,6381,0.11281780875306632,phash_adaptive,0.1,ahash32,1024,spatial,mean,hamming_ball,mad,0.352,0.532
0.3614196888888889,0.7032547199999999,0.08403117521862653,0.0,0.0,0.0042,0.1,0.3363014238042269,0.606969276974416,0.0,0.0898,0.6636985761957731,-1.0,0.0898,0.5212,0.1632222222222222,0.26188322781629986,0.5212,0.34860544445187613,9951,0.059776773452520665,phash_adaptive,0.1,ahash32,1024,spatial,mean,block_collision,mad,0.352,2.973
0.4985593444444445,0.45678346222222227,0.09623224695612834,0.005,0.0442,0.005,0.1,0.4523918576195773,0.41649515016685207,0.004,0.004,0.5476081423804227,-1.0,0.0066,0.0,0.0005555555555555556,0.0,0.0,0.0,25,0.10005002501250625,phash_adaptive,0.1,ahash32,1024,spatial,mean,hash_spectral,mad,0.352,0.19
0.5068709222222222,0.5039171822222223,0.10030409668668064,0.0036,0.0412,0.0044,0.1,0.5084264961067854,0.5012777975528365,0.0006,0.0004,0.5084264961067854,1.0,0.0036,0.0,0.001511111111111111,0.0,0.0,0.0,68,0.10013618521188816,phash_adaptive,0.1,ahash32,1024,spatial,mean,hash_stability,mad,0.352,0.038
0.4460859088888889,0.4960157,0.08511145098278315,0.0,0.026,0.0,0.1,0.3975462736373748,0.49948320355951054,0.0044,0.0124,0.6024537263626252,-1.0,0.0124,0.0,0.0013333333333333333,0.0,0.0,0.0,60,0.1001201441730076,phash_adaptive,0.1,mhash,64,spatial,median,bit_llr,mad,0.17,0.059
0.45750272222222227,0.4496370266666666,0.0959108074284476,0.0,0.0,0.0,0.1,0.4241330367074527,0.5387565294771969,0.0,0.0,0.5758669632925473,-1.0,0.0,0.0,0.32622222222222225,0.0,0.0,0.0,14680,0.14156285390713477,phash_adaptive,0.1,mhash,64,spatial,median,bit_em,mad,0.17,0.292
0.4641766688888888,0.5013045133333334,0.09689749247149732,0.0138,0.0544,0.0138,0.1,0.39980985539488323,0.4727349276974416,0.003,0.0,0.6001901446051168,-1.0,0.0196,0.003,0.0010222222222222223,0.2459016393442623,0.003,0.005927682276229994,61,0.09982178257474118,phash_adaptive,0.1,mhash,64,spatial,median,hamming_knn,mad,0.17,0.428
0.5138292622222221,0.1886025688888889,0.11233605016534715,0.0,0.0,0.0,0.1,0.4192201557285873,0.4192201557285873,0.003,0.003,0.5807798442714127,-1.0,0.003,0.0212,0.16066666666666668,0.014449291166848418,0.0212,0.017185473411154346,7336,0.11471029439339958,phash_adaptive,0.1,mhash,64,spatial,median,hamming_ball,mad,0.17,0.428
0.4641223577777777,0.4854529511111111,0.09634054631279951,0.0,0.0592,0.0,0.1,0.4022217575083426,0.46816126807563957,0.0,0.0,0.5977782424916573,-1.0,0.0236,0.1246,0.10384444444444445,0.11763595166163142,0.1246,0.12101787101787102,5296,0.09791070150322119,phash_adaptive,0.1,mhash,64,spatial,median,block_collision,mad,0.17,0.161
0.48154643333333336,0.47830692888888887,0.09287461258444989,0.0016,0.0404,0.0016,0.1,0.4518909677419355,0.4712969299221357,0.007,0.007,0.5481090322580645,-1.0,0.0116,0.0,0.00044444444444444447,0.0,0.0,0.0,20,0.10004001600640255,phash_adaptive,0.1,mhash,64,spatial,median,hash_spectral,mad,0.17,0.048
0.4464397288888889,0.5109909511111111,0.08859315567650883,0.0034,0.0288,0.0034,0.1,0.38842300333704116,0.48464527252502787,0.0034,0.0034,0.6115769966629588,-1.0,0.0128,0.0002,0.0022222222222222222,0.009900990099009901,0.0002,0.00039207998431680063,101,0.10018236838413595,phash_adaptive,0.1,mhash,64,spatial,median,hash_stability,mad,0.17,0.028
0.3985951644444445,0.5135248066666667,0.07664363414020048,0.0,0.0006,0.0,0.1,0.3370538153503893,0.5275163292547276,0.0034,0.0266,0.6629461846496107,-1.0,0.0266,0.0,0.0016,0.0,0.0,0.0,72,0.100144207659029,phash_adaptive,0.1,ahash_rgb,192,spatial,mean,bit_llr,mad,0.377,0.082
0.34589109777777777,0.63220206,0.09422734817103577,0.0,0.0,0.0,0.1,0.4071341935483871,0.5888096551724138,0.0,0.0,0.5928658064516129,-1.0,0.0,0.5678,0.38306666666666667,0.14140558848433532,0.5678,0.22642261833552657,20077,0.07221869464960064,phash_adaptive,0.1,ahash_rgb,192,spatial,mean,bit_em,mad,0.377,0.667
0.44415839333333335,0.4852781333333333,0.08952040560886423,0.0146,0.0484,0.0134,0.1,0.37922180200222466,0.4620763515016685,0.0024,0.0024,0.6207781979977753,-1.0,0.0128,0.0,0.0,0.0,0.0,0.0,0,0.1,phash_adaptive,0.1,ahash_rgb,192,spatial,mean,hamming_knn,mad,0.377,0.451
0.5230230466666668,0.20944484222222223,0.11709209248943035,0.0,0.0,0.0,0.1,0.41636024471635147,0.41636024471635147,0.0026,0.0026,0.5836397552836485,-1.0,0.0026,0.0208,0.169,0.013490725126475547,0.0208,0.01636635455189236,7709,0.11576931261970633,phash_adaptive,0.1,ahash_rgb,192,spatial,mean,hamming_ball,mad,0.377,0.437
0.4562717311111111,0.47644169555555554,0.10240730335588828,0.0,0.0,0.0,0.1,0.38258538375973306,0.4626657397107897,0.0,0.0,0.617414616240267,-1.0,0.0276,0.0,0.04151111111111111,0.0,0.0,0.0,1868,0.10388099393334996,phash_adaptive,0.1,ahash_rgb,192,spatial,mean,block_collision,mad,0.377,0.411
0.5169303511111111,0.48699316666666664,0.10452487894918584,0.0084,0.0592,0.0084,0.1,0.49543652947719685,0.4795110122358176,0.0108,0.0108,0.5045634705228031,-1.0,0.012,0.0,0.0010888888888888888,0.0,0.0,0.0,49,0.10009809613421153,phash_adaptive,0.1,ahash_rgb,192,spatial,mean,hash_spectral,mad,0.377,0.055
0.43413618222222217,0.48248510888888896,0.08366993894431116,0.0018,0.0188,0.0018,0.1,0.3672286540600668,0.48512961067853166,0.006,0.0068,0.6327713459399332,-1.0,0.0128,0.0,0.0006888888888888888,0.0,0.0,0.0,31,0.10006203846384759,phash_adaptive,0.1,ahash_rgb,192,spatial,mean,hash_stability,mad,0.377,0.034
0.4365892311111111,0.4813436466666666,0.08462847873983362,0.0088,0.03,0.0116,0.1,0.3625934593993326,0.46037285873192435,0.0022,0.0052,0.6374065406006675,-1.0,0.0254,0.0002,0.0,1.0,0.0002,0.0003999200159968006,1,0.0999819996399928,phash_adaptive,0.1,dhash,64,spatial,pairwise,bit_llr,mad,0.146,0.06
0.5617806288888889,0.5582320955555556,0.12310582789228568,0.0,0.0,0.0,0.1,0.4978620244716352,0.4859491879866519,0.0,0.0,0.5021379755283648,-1.0,0.0,0.0,0.07628888888888889,0.0,0.0,0.0,3433,0.10737217342753452,phash_adaptive,0.1,dhash,64,spatial,pairwise,bit_em,mad,0.146,0.3
0.4675055444444444,0.4864956088888888,0.09329748124754011,0.0086,0.0408,0.0086,0.1,0.42135187986651834,0.4691183982202447,0.0016,0.0016,0.5786481201334817,-1.0,0.0126,0.0094,0.01151111111111111,0.0831858407079646,0.0094,0.016891284815813118,565,0.10019217153838374,phash_adaptive,0.1,dhash,64,spatial,pairwise,hamming_knn,mad,0.146,0.447
0.4455854644444444,0.5136361844444444,0.09132904518915315,0.007,0.0412,0.007,0.1,0.4238996885428254,0.4592563070077864,0.0042,0.0042,0.5761003114571746,-1.0,0.0042,0.0762,0.08657777777777778,0.08908113163432313,0.0762,0.0821386223994826,4277,0.1010213678017628,phash_adaptive,0.1,dhash,64,spatial,pairwise,hamming_ball,mad,0.146,0.443
0.46327263111111106,0.5214905222222221,0.10005682391403287,0.0184,0.0646,0.0184,0.1,0.44752140155728576,0.4492367964404894,0.0,0.0,0.5524785984427143,-1.0,0.0,0.1056,0.09715555555555555,0.10775510204081633,0.1056,0.10666666666666667,4900,0.09915742793791574,phash_adaptive,0.1,dhash,64,spatial,pairwise,block_collision,mad,0.146,0.154
0.4899670555555556,0.49363421333333335,0.09704684258950205,0.0086,0.0478,0.0086,0.1,0.47885230255839817,0.4907409121245829,0.0052,0.0052,0.5211476974416018,-1.0,0.0104,0.0006,0.0018222222222222223,0.03529411764705882,0.0006,0.0011799410029498525,85,0.10011018731844135,phash_adaptive,0.1,dhash,64,spatial,pairwise,hash_spectral,mad,0.146,0.047
0.5079253266666665,0.5140171288888888,0.1038843652412318,0.0074,0.0346,0.0122,0.1,0.5565720578420467,0.4888388876529477,0.012,0.0064,0.5565720578420467,1.0,0.012,0.0014,0.00046666666666666666,0.25,0.0014,0.0027844073190135244,28,0.09991595293364285,phash_adaptive,0.1,dhash,64,spatial,pairwise,hash_stability,mad,0.146,0.028
0.4496275266666667,0.4794458111111112,0.08595828559435999,0.0048,0.0296,0.0048,0.1,0.3888733481646274,0.4651638264738598,0.0026,0.0054,0.6111266518353726,-1.0,0.014,0.0,0.00022222222222222223,0.0,0.0,0.0,10,0.10002000400080016,phash_adaptive,0.1,dhash_v,64,spatial,pairwise,bit_llr,mad,0.138,0.068
0.44882381111111114,0.53603784,0.08786818463213908,0.0,0.0,0.0,0.1,0.5062057619577308,0.46906907675194665,0.0,0.0,0.5062057619577308,1.0,0.0,0.0,0.06853333333333333,0.0,0.0,0.0,3084,0.10657345042203087,phash_adaptive,0.1,dhash_v,64,spatial,pairwise,bit_em,mad,0.138,0.3
0.41738856444444444,0.4786875533333333,0.08106578323925075,0.0024,0.0206,0.0024,0.1,0.3459054282536151,0.48190251390433814,0.0026,0.0026,0.6540945717463849,-1.0,0.0284,0.0006,0.003088888888888889,0.02112676056338028,0.0006,0.0011668611435239206,142,0.10022463797184003,phash_adaptive,0.1,dhash_v,64,spatial,pairwise,hamming_knn,mad,0.138,0.447
0.4201759822222222,0.4713631888888889,0.0879589751611205,0.0008,0.0266,0.0008,0.1,0.3528540378197998,0.4276696329254728,0.0034,0.0034,0.6471459621802003,-1.0,0.0034,0.0552,0.09573333333333334,0.060209424083769635,0.0552,0.05759599332220367,4584,0.10401620574246961,phash_adaptive,0.1,dhash_v,64,spatial,pairwise,hamming_ball,mad,0.138,0.443
0.44207836,0.45509352666666664,0.08825291044763951,0.0,0.0332,0.0,0.1,0.3682529922135706,0.43388153503893206,0.0,0.0,0.6317470077864293,-1.0,0.0,0.1116,0.15106666666666665,0.07585644371941272,0.1116,0.09032049206863063,7356,0.1041647125035175,phash_adaptive,0.1,dhash_v,64,spatial,pairwise,block_collision,mad,0.138,0.158
0.46514867111111113,0.4767959044444445,0.08800680021128263,0.0,0.016,0.0,0.1,0.44273414905450503,0.4637913014460512,0.0052,0.0052,0.557265850945495,-1.0,0.0092,0.0,0.0005333333333333334,0.0,0.0,0.0,24,0.10004802305106451,phash_adaptive,0.1,dhash_v,64,spatial,pairwise,hash_spectral,mad,0.138,0.048
0.5678485933333335,0.5247993111111111,0.12655237770110458,0.0122,0.0896,0.0094,0.1,0.5979661846496106,0.48889830923248057,0.0122,0.0094,0.5979661846496106,1.0,0.0122,0.0014,0.0005111111111111112,0.23333333333333334,0.0014,0.002783300198807157,30,0.09991995197118271,phash_adaptive,0.1,dhash_v,64,spatial,pairwise,hash_stability,mad,0.138,0.028
0.4419063111111111,0.46689392444444444,0.0840586612334798,0.0056,0.0268,0.0054,0.1,0.370568765294772,0.43076774193548384,0.001,0.0018,0.629431234705228,-1.0,0.0114,0.0,0.0011555555555555555,0.0,0.0,0.0,52,0.1001041082726035,phash_adaptive,0.1,dhash16,256,spatial,pairwise,bit_llr,mad,0.199,0.095
0.57762806,0.5944189888888889,0.17079774169711365,0.0,0.0,0.0,0.1,0.46690941045606227,0.4583140378197998,0.0,0.0,0.5330905895439377,-1.0,0.0,0.4446,0.27182222222222224,0.1537876167416119,0.4446,0.22852737085582112,14455,0.07812631875087916,phash_adaptive,0.1,dhash16,256,spatial,pairwise,bit_em,mad,0.199,0.921
0.44580816444444443,0.45884392222222226,0.0863755094907047,0.0072,0.0372,0.0072,0.1,0.3720969966629589,0.41892191323692984,0.0016,0.0016,0.6279030033370411,-1.0,0.0154,0.0228,0.030577777777777777,0.07651006711409396,0.0228,0.035130970724191066,1490,0.10072150072150073,phash_adaptive,0.1,dhash16,256,spatial,pairwise,hamming_knn,mad,0.199,0.471
0.4766639733333334,0.48874478,0.10845878441207064,0.0198,0.0692,0.0198,0.1,0.3801812013348165,0.3946901668520578,0.001,0.001,0.6198187986651835,-1.0,0.001,0.1458,0.13857777777777777,0.1046661880832735,0.1458,0.12185541161721689,6965,0.0992448007435808,phash_adaptive,0.1,dhash16,256,spatial,pairwise,hamming_ball,mad,0.199,0.46
0.4876441111111111,0.5073420044444444,0.11378588529033694,0.0,0.0918,0.0,0.1,0.3925654727474973,0.3885313014460512,0.0,0.0,0.6074345272525027,-1.0,0.0028,0.1794,0.17493333333333333,0.10229216558330483,0.1794,0.13029268646960562,8769,0.0995125027285295,phash_adaptive,0.1,dhash16,256,spatial,pairwise,block_collision,mad,0.199,0.717
0.4769169266666667,0.47335816444444445,0.09175757503956235,0.0066,0.038,0.0066,0.1,0.44180402669632923,0.45168649610678535,0.003,0.003,0.5581959733036708,-1.0,0.0104,0.007,0.010666666666666666,0.06796116504854369,0.007,0.012692656391659111,515,0.10033343437405275,phash_adaptive,0.1,dhash16,256,spatial,pairwise,hash_spectral,mad,0.199,0.056
0.5510808266666667,0.48236957555555554,0.11336083830998406,0.0074,0.0568,0.0042,0.1,0.6140885428253615,0.4523733704115684,0.0208,0.0012,0.6140885428253615,1.0,0.0208,0.0012,0.0036888888888888887,0.03488372093023256,0.0012,0.002320185614849188,172,0.10022477321987637,phash_adaptive,0.1,dhash16,256,spatial,pairwise,hash_stability,mad,0.199,0.031
0.44320254000000003,0.4872456688888889,0.08572230041282916,0.0072,0.0336,0.0038,0.1,0.36906177975528365,0.47576787541713017,0.0008,0.0032,0.6309382202447164,-1.0,0.0146,0.0,0.0002888888888888889,0.0,0.0,0.0,13,0.10002600676175806,phash_adaptive,0.1,blockhash,256,spatial,median,bit_llr,mad,0.374,0.094
0.4409905644444444,0.43022563999999996,0.09688568365879907,0.0,0.0,0.0,0.1,0.4855941045606229,0.5149734593993326,0.0,0.0,0.5144058954393771,-1.0,0.0,0.0,0.3352,0.0,0.0,0.0,15084,0.14320082483675106,phash_adaptive,0.1,blockhash,256,spatial,median,bit_em,mad,0.374,0.898
0.45618699777777777,0.5118537888888889,0.09433724558891987,0.018,0.0514,0.0182,0.1,0.41875083426028925,0.5196183982202447,0.005,0.005,0.5812491657397107,-1.0,0.02,0.0044,0.0019333333333333333,0.2018348623853211,0.0044,0.008612252887062048,109,0.0997775149826622,phash_adaptive,0.1,blockhash,256,spatial,median,hamming_knn,mad,0.374,0.47
0.45714055333333337,0.4264232111111111,0.08716680066893075,0.0,0.0042,0.0,0.1,0.42543152391546163,0.4931717908787542,0.006,0.006,0.5745684760845384,-1.0,0.006,0.0644,0.14295555555555556,0.04766839378238342,0.0644,0.05478519778817525,6755,0.1081743554168112,phash_adaptive,0.1,blockhash,256,spatial,median,hamming_ball,mad,0.374,0.46
0.47545102,0.47465966444444446,0.10352937627623955,0.0,0.0,0.0,0.1,0.44517804226918795,0.4749909899888765,0.0,0.0162,0.554821957730812,-1.0,0.0162,0.0,0.023666666666666666,0.0,0.0,0.0,1065,0.1021763563911311,phash_adaptive,0.1,blockhash,256,spatial,median,block_collision,mad,0.374,0.732
0.5048434955555556,0.5001921666666667,0.10217865719503288,0.01,0.0602,0.01,0.1,0.5055040934371524,0.5006737041156841,0.0052,0.0052,0.5055040934371524,1.0,0.0092,0.0,0.0006222222222222223,0.0,0.0,0.0,28,0.10005603137757144,phash_adaptive,0.1,blockhash,256,spatial,median,hash_spectral,mad,0.374,0.057
0.5429184711111111,0.50124026,0.11598871444015009,0.0112,0.0696,0.0052,0.1,0.5711903448275862,0.4940791101223582,0.0192,0.0112,0.5711903448275862,1.0,0.0192,0.0004,0.001911111111111111,0.022727272727272728,0.0004,0.0007861635220125787,88,0.10013623978201634,phash_adaptive,0.1,blockhash,256,spatial,median,hash_stability,mad,0.374,0.031
0.44222846000000005,0.4711679111111111,0.0849358287473713,0.0068,0.0308,0.0058,0.1,0.3748376640711902,0.44412611790878753,0.002,0.0058,0.6251623359288099,-1.0,0.0124,0.0,0.00022222222222222223,0.0,0.0,0.0,10,0.10002000400080016,phash_adaptive,0.1,phash,64,frequency,median,bit_llr,mad,0.547,0.059
0.4377824533333333,0.39579773111111105,0.08130648155429315,0.0,0.0,0.0,0.1,0.41481626251390435,0.4240626028921023,0.0016,0.0016,0.5851837374860956,-1.0,0.0084,0.0,0.03933333333333333,0.0,0.0,0.0,1770,0.1036699149906697,phash_adaptive,0.1,phash,64,frequency,median,bit_em,mad,0.547,0.302
0.40631451333333335,0.47787988222222216,0.08120698113998401,0.0012,0.0104,0.0012,0.1,0.3249396440489433,0.464819021134594,0.001,0.001,0.6750603559510566,-1.0,0.0198,0.001,0.008088888888888889,0.013550135501355014,0.001,0.0018625442354255914,369,0.10064274344663618,phash_adaptive,0.1,phash,64,frequency,median,hamming_knn,mad,0.547,0.429
0.3954148622222222,0.45413010000000004,0.07903331845140292,0.0006,0.011,0.0006,0.1,0.3239450055617353,0.43748758620689654,0.0006,0.0006,0.6760549944382648,-1.0,0.0164,0.004,0.02968888888888889,0.014749262536873156,0.004,0.0062932662051604785,1356,0.10237644930515583,phash_adaptive,0.1,phash,64,frequency,median,hamming_ball,mad,0.547,0.427
0.4662738111111111,0.4710825066666666,0.08877790334415711,0.004,0.0292,0.004,0.1,0.43417038932146834,0.44875490545050056,0.0034,0.0034,0.5658296106785317,-1.0,0.0128,0.0006,0.002577777777777778,0.025210084033613446,0.0006,0.001172103926548154,119,0.10017842465066859,phash_adaptive,0.1,phash,64,frequency,median,hash_spectral,mad,0.547,0.048
0.4841886022222222,0.515298271111111,0.0988495521716047,0.0054,0.0506,0.0102,0.1,0.5821100778642936,0.47095886540600673,0.0054,0.0034,0.5821100778642936,1.0,0.0054,0.0102,0.008866666666666667,0.11333333333333333,0.0102,0.01871559633027523,450,0.09987891019172553,phash_adaptive,0.1,phash,64,frequency,median,hash_stability,mad,0.547,0.027
0.44222846222222223,0.47116792444444444,0.08493582893066681,0.0068,0.0308,0.0058,0.1,0.37483764182424917,0.4441261401557286,0.002,0.0058,0.6251623581757508,-1.0,0.0124,0.0,0.00022222222222222223,0.0,0.0,0.0,10,0.10002000400080016,phash_adaptive,0.1,phash_nodc,63,frequency,median,bit_llr,mad,0.541,0.06
0.43735921999999994,0.3960139133333333,0.08124889502503385,0.0,0.0,0.0,0.1,0.41482100111234704,0.4245339488320356,0.0016,0.0016,0.585178998887653,-1.0,0.0084,0.0,0.03933333333333333,0.0,0.0,0.0,1770,0.1036699149906697,phash_adaptive,0.1,phash_nodc,63,frequency,median,bit_em,mad,0.541,0.298
0.40631451333333335,0.47787988222222216,0.08120698113998401,0.0012,0.0104,0.0012,0.1,0.3249396440489433,0.464819021134594,0.001,0.001,0.6750603559510566,-1.0,0.0198,0.001,0.008088888888888889,0.013550135501355014,0.001,0.0018625442354255914,369,0.10064274344663618,phash_adaptive,0.1,phash_nodc,63,frequency,median,hamming_knn,mad,0.541,0.426
0.3954148622222222,0.45413010000000004,0.07903331845140292,0.0006,0.011,0.0006,0.1,0.3239450055617353,0.43748758620689654,0.0006,0.0006,0.6760549944382648,-1.0,0.0164,0.004,0.02968888888888889,0.014749262536873156,0.004,0.0062932662051604785,1356,0.10237644930515583,phash_adaptive,0.1,phash_nodc,63,frequency,median,hamming_ball,mad,0.541,0.428
0.47113694222222224,0.48094907777777773,0.09318170914031737,0.0124,0.0438,0.0124,0.1,0.43429323692992217,0.4636153726362625,0.0034,0.0034,0.5657067630700778,-1.0,0.0144,0.0026,0.0021555555555555555,0.11818181818181818,0.0026,0.005088062622309198,110,0.09995991180597315,phash_adaptive,0.1,phash_nodc,63,frequency,median,hash_spectral,mad,0.541,0.048
0.4841886022222222,0.515298271111111,0.0988495521716047,0.0054,0.0506,0.0102,0.1,0.5821100778642936,0.47095886540600673,0.0054,0.0034,0.5821100778642936,1.0,0.0054,0.0102,0.008866666666666667,0.11333333333333333,0.0102,0.01871559633027523,450,0.09987891019172553,phash_adaptive,0.1,phash_nodc,63,frequency,median,hash_stability,mad,0.541,0.027
0.4391160133333334,0.4754853955555555,0.08392646421777995,0.0056,0.0294,0.0034,0.1,0.371141979977753,0.4542260289210234,0.0036,0.0086,0.628858020022247,-1.0,0.0132,0.0,0.0003111111111111111,0.0,0.0,0.0,14,0.10002800784219582,phash_adaptive,0.1,phash_mean,64,frequency,mean,bit_llr,mad,0.504,0.059
0.39834230666666665,0.5496549444444444,0.0785363636147348,0.0,0.0,0.0,0.1,0.43075719688542824,0.567156084538376,0.0088,0.0112,0.5692428031145718,-1.0,0.0112,0.0,0.0,0.0,0.0,0.0,0,0.1,phash_adaptive,0.1,phash_mean,64,frequency,mean,bit_em,mad,0.504,0.302
0.4097044844444445,0.48898384,0.08133377267944984,0.0034,0.0204,0.0034,0.1,0.3472314571746385,0.4881578642936596,0.002,0.002,0.6527685428253616,-1.0,0.0242,0.002,0.0068,0.03164556962025317,0.002,0.003762227238525207,316,0.10043474760486273,phash_adaptive,0.1,phash_mean,64,frequency,mean,hamming_knn,mad,0.504,0.442
0.4246907333333333,0.4486762955555555,0.08323929713064653,0.0002,0.015,0.0002,0.1,0.35491254727474975,0.4586281423804227,0.0056,0.0056,0.6450874527252503,-1.0,0.0094,0.0162,0.053288888888888886,0.0326744655102864,0.0162,0.021660649819494584,2479,0.10351213147871467,phash_adaptive,0.1,phash_mean,64,frequency,mean,hamming_ball,mad,0.504,0.437
0.5340959711111111,0.5154723977777778,0.11244105941940517,0.0142,0.0716,0.0142,0.1,0.5570078976640711,0.5313505895439377,0.0098,0.0098,0.5570078976640711,1.0,0.0098,0.0018,0.0014,0.125,0.0018,0.003548895899053628,72,0.09996394808524275,phash_adaptive,0.1,phash_mean,64,frequency,mean,hash_spectral,mad,0.504,0.048
0.4631583266666667,0.5242049177777778,0.09487619941016276,0.0086,0.042,0.0098,0.1,0.43576685205784205,0.48391261401557284,0.0048,0.0054,0.564233147942158,-1.0,0.0048,0.002,0.0014222222222222223,0.13513513513513514,0.002,0.003941663381947182,74,0.09994792292593038,phash_adaptive,0.1,phash_mean,64,frequency,mean,hash_stability,mad,0.504,0.028
0.4555492488888888,0.4773627711111111,0.08739399493647063,0.0062,0.0316,0.004,0.1,0.40678687430478305,0.46144191323692996,0.0028,0.0044,0.5932131256952169,-1.0,0.0098,0.0,0.00022222222222222223,0.0,0.0,0.0,10,0.10002000400080016,phash_adaptive,0.1,phash16,256,frequency,median,bit_llr,mad,0.632,0.095
0.3867551955555556,0.3893555111111111,0.07552383354938777,0.0,0.0,0.0,0.1,0.4178154171301446,0.4651812458286986,0.0018,0.0066,0.5821845828698554,-1.0,0.0066,0.0,0.12826666666666667,0.0,0.0,0.0,5772,0.11305055620873655,phash_adaptive,0.1,phash16,256,frequency,median,bit_em,mad,0.632,0.923
0.41182205777777775,0.47131713777777784,0.08147196522902454,0.003,0.0184,0.003,0.1,0.31324763070077866,0.42039194660734147,0.001,0.001,0.6867523692992213,-1.0,0.0202,0.0032,0.011577777777777777,0.0297951582867784,0.0032,0.0057793028715911144,537,0.10076218587631158,phash_adaptive,0.1,phash16,256,frequency,median,hamming_knn,mad,0.632,0.461
0.4100284622222222,0.49608024444444443,0.08556109285295563,0.0034,0.0256,0.0034,0.1,0.321322447163515,0.4162305450500556,0.0012,0.0012,0.678677552836485,-1.0,0.013,0.0074,0.017066666666666667,0.04596273291925466,0.0074,0.012747631352282515,805,0.10088423620286614,phash_adaptive,0.1,phash16,256,frequency,median,hamming_ball,mad,0.632,0.456
0.4722675088888889,0.4715332177777778,0.09010166139587003,0.0036,0.0312,0.0036,0.1,0.4478188431590656,0.4474353726362625,0.0014,0.0014,0.5521811568409344,-1.0,0.0098,0.0026,0.00848888888888889,0.03291139240506329,0.0026,0.004819277108433735,395,0.10053422034069147,phash_adaptive,0.1,phash16,256,frequency,median,hash_spectral,mad,0.632,0.057
0.5908980533333333,0.47265114222222226,0.1259117204697601,0.0068,0.06,0.0042,0.1,0.6880445161290323,0.48346162402669635,0.044,0.0042,0.6880445161290323,1.0,0.044,0.0006,0.0015333333333333334,0.041666666666666664,0.0006,0.0011829652996845426,72,0.10008412113443359,phash_adaptive,0.1,phash16,256,frequency,median,hash_stability,mad,0.632,0.029
0.48415784222222225,0.49582521777777777,0.095792370707836,0.009,0.0458,0.0104,0.1,0.4724923248053393,0.4878026251390434,0.0072,0.008,0.5275076751946607,-1.0,0.0098,0.0,0.00013333333333333334,0.0,0.0,0.0,6,0.10001200144017282,phash_adaptive,0.1,pdq,256,frequency,median,bit_llr,mad,2.279,0.095
0.5318494511111111,0.5123111577777777,0.10453177615356696,0.0,0.0,0.0,0.1,0.5430130812013348,0.5523704560622915,0.0176,0.0176,0.5430130812013348,1.0,0.021,0.0,0.1342,0.0,0.0,0.0,6039,0.11373717613339096,phash_adaptive,0.1,pdq,256,frequency,median,bit_em,mad,2.279,0.912
0.4098651622222222,0.4616032333333333,0.08100848415047301,0.0028,0.0176,0.0028,0.1,0.3326069187986652,0.4431906562847609,0.001,0.001,0.6673930812013348,-1.0,0.0226,0.0028,0.008911111111111111,0.033734939759036145,0.0028,0.005170821791320407,415,0.1005546032066149,phash_adaptive,0.1,pdq,256,frequency,median,hamming_knn,mad,2.279,0.463
0.4088562177777777,0.4442861111111111,0.08286858460586456,0.001,0.014,0.001,0.1,0.33899479421579537,0.4272213570634038,0.0008,0.0008,0.6610052057842046,-1.0,0.0078,0.0016,0.014,0.012539184952978056,0.0016,0.002837885775097552,638,0.10113042421295733,phash_adaptive,0.1,pdq,256,frequency,median,hamming_ball,mad,2.279,0.465
0.5200725088888889,0.51013476,0.10644663481915989,0.0122,0.0592,0.0122,0.1,0.5401363959955506,0.5215643381535039,0.0194,0.0194,0.5401363959955506,1.0,0.0194,0.0026,0.0029555555555555555,0.08904109589041095,0.0026,0.005052467936261173,146,0.10003209371364384,phash_adaptive,0.1,pdq,256,frequency,median,hash_spectral,mad,2.279,0.058
0.6052588266666666,0.4754120133333334,0.13196689340575235,0.0096,0.0708,0.0034,0.1,0.6859976195773081,0.48636413793103445,0.0274,0.0048,0.6859976195773081,1.0,0.0274,0.0006,0.0016666666666666668,0.038461538461538464,0.0006,0.0011815675462780622,78,0.10009614999399062,phash_adaptive,0.1,pdq,256,frequency,median,hash_stability,mad,2.279,0.029
0.44620597555555563,0.49584135777777777,0.08512033541045183,0.0,0.0256,0.0,0.1,0.39762151279199115,0.49954084538375976,0.0044,0.0124,0.6023784872080089,-1.0,0.0124,0.0,0.0013111111111111112,0.0,0.0,0.0,59,0.1001181394044973,phash_adaptive,0.1,whash_haar,64,wavelet,median,bit_llr,mad,0.636,0.059
0.45791635555555554,0.4530512355555555,0.09590855966643089,0.0,0.0,0.0,0.1,0.42423345939933255,0.5386132591768632,0.0,0.0,0.5757665406006675,-1.0,0.0,0.0,0.3262,0.0,0.0,0.0,14679,0.1415588460122873,phash_adaptive,0.1,whash_haar,64,wavelet,median,bit_em,mad,0.636,0.294
0.4641801888888889,0.5013568377777777,0.09689980307885226,0.0138,0.0544,0.0138,0.1,0.3996890989988876,0.47300872080088985,0.003,0.0,0.6003109010011124,-1.0,0.0196,0.003,0.0010222222222222223,0.2459016393442623,0.003,0.005927682276229994,61,0.09982178257474118,phash_adaptive,0.1,whash_haar,64,wavelet,median,hamming_knn,mad,0.636,0.449
0.5138245866666666,0.18859789333333335,0.11233556154426422,0.0,0.0,0.0,0.1,0.4191772636262514,0.4191772636262514,0.003,0.003,0.5808227363737486,-1.0,0.003,0.0212,0.16066666666666668,0.014449291166848418,0.0212,0.017185473411154346,7336,0.11471029439339958,phash_adaptive,0.1,whash_haar,64,wavelet,median,hamming_ball,mad,0.636,0.425
0.46415601777777776,0.48547777333333336,0.09633992808597452,0.0,0.0592,0.0,0.1,0.40225225806451614,0.4681011568409343,0.0,0.0,0.5977477419354839,-1.0,0.0236,0.1246,0.10384444444444445,0.11763595166163142,0.1246,0.12101787101787102,5296,0.09791070150322119,phash_adaptive,0.1,whash_haar,64,wavelet,median,block_collision,mad,0.636,0.161
0.48137953111111115,0.47821553111111115,0.09282290636214681,0.0016,0.0404,0.0016,0.1,0.451818998887653,0.4712786429365962,0.007,0.007,0.548181001112347,-1.0,0.0114,0.0,0.0004222222222222222,0.0,0.0,0.0,19,0.10003801444548929,phash_adaptive,0.1,whash_haar,64,wavelet,median,hash_spectral,mad,0.636,0.048
0.44641932888888886,0.5108921377777778,0.08859160963433653,0.0036,0.0288,0.0036,0.1,0.3883100778642936,0.4843810456062291,0.0036,0.0036,0.6116899221357064,-1.0,0.0128,0.0002,0.0022222222222222222,0.009900990099009901,0.0002,0.00039207998431680063,101,0.10018236838413595,phash_adaptive,0.1,whash_haar,64,wavelet,median,hash_stability,mad,0.636,0.028
0.4683460844444445,0.4783935022222222,0.08943026108549257,0.0,0.0242,0.0,0.1,0.4144669632925473,0.47595350389321467,0.0052,0.0074,0.5855330367074527,-1.0,0.0074,0.0,0.004333333333333333,0.0,0.0,0.0,195,0.10039152695512499,phash_adaptive,0.1,whash_db4,169,wavelet,median,bit_llr,mad,1.57,0.08
0.3737958066666667,0.6443217355555555,0.10336140403662424,0.0,0.0,0.0,0.1,0.4481263848720801,0.5472472747497219,0.0,0.0,0.5518736151279199,-1.0,0.0,0.5388,0.38866666666666666,0.13347205707491083,0.5388,0.2139453621346887,20184,0.07734102495304535,phash_adaptive,0.1,whash_db4,169,wavelet,median,bit_em,mad,1.57,0.614
0.4695140022222222,0.47696328,0.09124148533136914,0.0,0.0362,0.0,0.1,0.4206867185761958,0.4570004226918799,0.0034,0.0038,0.5793132814238042,-1.0,0.0084,0.0,0.0,0.0,0.0,0.0,0,0.1,phash_adaptive,0.1,whash_db4,169,wavelet,median,hamming_knn,mad,1.57,0.461
0.4744369933333333,0.33904296666666667,0.09761889637018853,0.0,0.0,0.0,0.1,0.4354628921023359,0.4354628921023359,0.0038,0.0038,0.5645371078976641,-1.0,0.0038,0.0288,0.11273333333333334,0.027602070155261643,0.0288,0.028188313594988745,5217,0.10843400397472255,phash_adaptive,0.1,whash_db4,169,wavelet,median,hamming_ball,mad,1.57,0.448
0.48188336444444446,0.4859006911111111,0.09225251090134276,0.0,0.031,0.0,0.1,0.46960705228031147,0.49412278086763073,0.0076,0.0076,0.5303929477196885,-1.0,0.0102,0.0,0.001977777777777778,0.0,0.0,0.0,89,0.10017831740498087,phash_adaptive,0.1,whash_db4,169,wavelet,median,hash_spectral,mad,1.57,0.054
0.4635811111111111,0.5086505644444445,0.09315045381428486,0.0074,0.0404,0.0072,0.1,0.4409821357063404,0.5331296551724138,0.0074,0.0082,0.5590178642936596,-1.0,0.0126,0.002,0.003266666666666667,0.06369426751592357,0.002,0.0038782237735117317,157,0.10011435908753485,phash_adaptive,0.1,whash_db4,169,wavelet,median,hash_stability,mad,1.57,0.031
0.4746292377777778,0.47565337333333335,0.09343630939259627,0.0124,0.0398,0.0062,0.1,0.4352098776418242,0.4488030478309233,0.005,0.0054,0.5647901223581757,-1.0,0.007,0.0004,0.00037777777777777777,0.10526315789473684,0.0004,0.0007969715082685794,19,0.09999799923971109,phash_adaptive,0.1,mh,64,frequency,mean,bit_llr,mad,0.961,0.059
0.48202579777777776,0.44635330666666667,0.08904974495833098,0.0,0.0,0.0,0.1,0.49185879866518356,0.4300260956618465,0.0062,0.0062,0.5081412013348164,-1.0,0.0062,0.0,0.025133333333333334,0.0,0.0,0.0,1131,0.10231435061081667,phash_adaptive,0.1,mh,64,frequency,mean,bit_em,mad,0.961,0.3
0.4140018288888888,0.4677194911111112,0.08087713162438287,0.0006,0.0164,0.0006,0.1,0.33411884315906565,0.4657659399332591,0.0036,0.0036,0.6658811568409344,-1.0,0.0268,0.0002,0.007933333333333334,0.002793296089385475,0.0002,0.0003732736095558044,358,0.10070101929817493,phash_adaptive,0.1,mh,64,frequency,mean,hamming_knn,mad,0.961,0.444
0.4493653688888889,0.4253320755555556,0.08823702871133984,0.0018,0.0192,0.0018,0.1,0.3368524582869855,0.41903030033370414,0.0026,0.0026,0.6631475417130145,-1.0,0.0026,0.0144,0.0358,0.0427807486631016,0.0144,0.021547209337124045,1683,0.10199308731916303,phash_adaptive,0.1,mh,64,frequency,mean,hamming_ball,mad,0.961,0.437
0.44462574444444447,0.5967355577777778,0.10871424910242954,0.022,0.0714,0.022,0.1,0.3580584427141268,0.4209716796440489,0.0032,0.0032,0.6419415572858732,-1.0,0.0032,0.0976,0.06448888888888889,0.143952802359882,0.0976,0.1163289630512515,3390,0.09680326110276764,phash_adaptive,0.1,mh,64,frequency,mean,block_collision,mad,0.961,0.154
0.46692766444444445,0.48559964222222224,0.0898765128952936,0.0034,0.0308,0.0034,0.1,0.4445489432703003,0.46685426028921023,0.0062,0.0062,0.5554510567296997,-1.0,0.0108,0.0002,0.0034222222222222223,0.0064516129032258064,0.0002,0.0003879728419010669,155,0.10029090179556625,phash_adaptive,0.1,mh,64,frequency,mean,hash_spectral,mad,0.961,0.047
0.49128412,0.4941619088888889,0.09722605700477074,0.0084,0.0326,0.0088,0.1,0.47366616240266957,0.45986260289210235,0.007,0.0072,0.5263338375973304,-1.0,0.007,0.0072,0.006155555555555556,0.11501597444089456,0.0072,0.01355166572557877,313,0.09990540785316078,phash_adaptive,0.1,mh,64,frequency,mean,hash_stability,mad,0.961,0.028
0.47306790666666665,0.4933039088888889,0.10893612792277188,0.0196,0.1066,0.0,0.1,0.300530233592881,0.38975862068965517,0.003,0.003,0.699469766407119,-1.0,0.0348,0.0,0.037177777777777775,0.0,0.0,0.0,1673,0.10346183292983219,phash_adaptive,0.1,colorhash,42,colour,quantisation,bit_llr,mad,2.518,0.051
0.49255386444444443,0.5249345955555555,0.10393469414317759,0.0,0.0,0.0,0.1,0.31781557285873197,0.3267341045606229,0.0,0.0,0.682184427141268,-1.0,0.0202,0.3292,0.4252222222222222,0.07920696790337327,0.3292,0.12769093518482602,20781,0.11478832266675792,phash_adaptive,0.1,colorhash,42,colour,quantisation,bit_em,mad,2.518,0.242
0.4756778822222222,0.5048476044444444,0.11237964426608614,0.0,0.0,0.0042,0.1,0.3865973081201335,0.4976456284760845,0.0,0.0182,0.6134026918798665,-1.0,0.0182,0.0042,0.009777777777777778,0.0455531453362256,0.0042,0.007690899102728438,461,0.10050667151133451,phash_adaptive,0.1,colorhash,42,colour,quantisation,hamming_knn,mad,2.518,0.331
0.4077044155555556,0.5014488333333333,0.09358790683436713,0.0,0.0,0.0,0.1,0.38496042269187986,0.4071208008898776,0.0,0.0,0.6150395773081201,-1.0,0.0,0.2316,0.2708888888888889,0.08675456997302966,0.2316,0.12622629169391758,13348,0.10482374768089053,phash_adaptive,0.1,colorhash,42,colour,quantisation,hamming_ball,mad,2.518,0.33
0.4578122377777778,0.41354688666666667,0.08614586898100146,0.0,0.0,0.0,0.1,0.43148522803114575,0.42148482758620687,0.003,0.0032,0.5685147719688542,-1.0,0.0032,0.0,0.005044444444444444,0.0,0.0,0.0,227,0.10045607056034396,phash_adaptive,0.1,colorhash,42,colour,quantisation,hash_spectral,mad,2.518,0.043
0.6338433488888888,0.5606054866666668,0.1580730332085184,0.0176,0.0558,0.0176,0.1,0.6273362402669633,0.582439532814238,0.0176,0.0176,0.6273362402669633,1.0,0.0176,0.0058,0.0008888888888888889,0.42028985507246375,0.0058,0.01144209903333991,69,0.09955738919709199,phash_adaptive,0.1,colorhash,42,colour,quantisation,hash_stability,mad,2.518,0.026
0.5721514933333334,0.4938717222222222,0.11700009396317637,0.0044,0.0476,0.0028,0.1,0.6501377753058954,0.494514660734149,0.0392,0.0032,0.6501377753058954,1.0,0.0392,0.0,0.0002666666666666667,0.0,0.0,0.0,12,0.10002400576138273,phash_adaptive,0.1,rhash8,64,residual,zero,bit_llr,mad,0.518,0.059
0.48737894000000004,0.4821630688888889,0.09944474896290795,0.0,0.003,0.0,0.1,0.42761381535038934,0.41767993325917685,0.0022,0.0022,0.5723861846496107,-1.0,0.0062,0.1182,0.08048888888888889,0.14028008544979825,0.1182,0.12829697167046564,4213,0.09629370782099722,phash_adaptive,0.1,rhash8,64,residual,zero,bit_em,mad,0.518,0.299
0.49139006444444444,0.4425200622222222,0.0956301758017613,0.0036,0.0268,0.0036,0.1,0.4484325917686318,0.44637802002224697,0.002,0.002,0.5515674082313682,-1.0,0.0072,0.002,0.005644444444444444,0.03787878787878788,0.002,0.003799392097264438,264,0.10032974103265241,phash_adaptive,0.1,rhash8,64,residual,zero,hamming_knn,mad,0.518,0.446
0.4661366933333334,0.47241078888888893,0.09298467232749971,0.0044,0.0288,0.0044,0.1,0.4517130144605117,0.4537658064516129,0.0026,0.0026,0.5482869855394883,-1.0,0.0032,0.008,0.017777777777777778,0.047619047619047616,0.008,0.0136986301369863,840,0.10089503661513426,phash_adaptive,0.1,rhash8,64,residual,zero,hamming_ball,mad,0.518,0.438
0.6185283422222222,0.42669517333333334,0.13024242214985088,0.019,0.073,0.019,0.1,0.4242616017797553,0.4357143937708565,0.003,0.003,0.5757383982202446,-1.0,0.003,0.0246,0.017355555555555555,0.13606194690265486,0.0246,0.041666666666666664,904,0.09933599478572593,phash_adaptive,0.1,rhash8,64,residual,zero,block_collision,mad,0.518,0.152
0.47620974222222223,0.4838768111111111,0.09236188545928381,0.0062,0.0384,0.0062,0.1,0.44838981090100105,0.46450954393770855,0.0026,0.0026,0.551610189098999,-1.0,0.0152,0.0056,0.008866666666666667,0.06557377049180328,0.0056,0.010318776487930717,427,0.1002965323865814,phash_adaptive,0.1,rhash8,64,residual,zero,hash_spectral,mad,0.518,0.048
0.5796813888888889,0.49824648444444447,0.12580445115215233,0.0176,0.06,0.0116,0.1,0.6234189098998887,0.462028809788654,0.0106,0.0038,0.6234189098998887,1.0,0.0106,0.0024,0.0018444444444444443,0.12631578947368421,0.0024,0.004710500490677135,95,0.0999499048191564,phash_adaptive,0.1,rhash8,64,residual,zero,hash_stability,mad,0.518,0.044
0.5902274422222222,0.48523323333333335,0.12213478700178276,0.0068,0.0526,0.0068,0.1,0.6803014460511679,0.47239833147942156,0.0248,0.0062,0.6803014460511679,1.0,0.0248,0.0008,0.0014,0.05970149253731343,0.0008,0.0015788434971383462,67,0.10005407245709251,phash_adaptive,0.1,rhash16,256,residual,zero,bit_llr,mad,0.599,0.096
0.517904271111111,0.520062651111111,0.10672065006907265,0.0,0.0,0.0,0.1,0.46001116796440483,0.40822331479421575,0.0,0.0,0.5399888320355952,-1.0,0.0,0.0,0.10093333333333333,0.0,0.0,0.0,4542,0.10999164063531172,phash_adaptive,0.1,rhash16,256,residual,zero,bit_em,mad,0.599,0.921
0.4460162533333333,0.47145928888888894,0.0869220457617153,0.0074,0.0336,0.0074,0.1,0.37013101223581757,0.4273372858731925,0.0038,0.0038,0.6298689877641824,-1.0,0.0192,0.0104,0.014555555555555556,0.07355021216407355,0.0104,0.018223234624145785,707,0.10037936420992839,phash_adaptive,0.1,rhash16,256,residual,zero,hamming_knn,mad,0.599,0.469
0.4805284066666667,0.4503247555555556,0.09609118416834207,0.0084,0.0352,0.0084,0.1,0.3726728809788654,0.4074969076751947,0.0032,0.0032,0.6273271190211346,-1.0,0.0032,0.0268,0.0352,0.0779976717112922,0.0268,0.03989282524560881,1718,0.10078290045979868,phash_adaptive,0.1,rhash16,256,residual,zero,hamming_ball,mad,0.599,0.46
0.4434441955555556,0.5840780377777779,0.11498029284387475,0.031,0.0942,0.031,0.1,0.378205828698554,0.42553873192436037,0.0038,0.0038,0.621794171301446,-1.0,0.0038,0.142,0.08386666666666667,0.15834076717216772,0.142,0.14972585407001265,4484,0.09425257052465068,phash_adaptive,0.1,rhash16,256,residual,zero,block_collision,mad,0.599,0.71
0.4479962,0.46353646,0.08544513833901901,0.0062,0.027,0.0062,0.1,0.3959615795328143,0.4345481423804227,0.0066,0.0066,0.6040384204671857,-1.0,0.0184,0.011,0.017066666666666667,0.06682867557715674,0.011,0.018890606216726773,823,0.10055513756430852,phash_adaptive,0.1,rhash16,256,residual,zero,hash_spectral,mad,0.599,0.057
0.5668565533333334,0.46605330888888885,0.1164155109957934,0.0084,0.0534,0.0046,0.1,0.6407139265850945,0.4389651835372636,0.0128,0.0032,0.6407139265850945,1.0,0.0128,0.0016,0.005555555555555556,0.031007751937984496,0.0016,0.0030429821224800305,258,0.10035784648787745,phash_adaptive,0.1,rhash16,256,residual,zero,hash_stability,mad,0.599,0.032
0.6756480355555554,0.25839041555555553,0.13292395567400295,0.0,0.0,0.0,0.1,1.0,0.0,1.0,0.0,1.0,1.0,1.0,0.0,0.0005777777777777778,0.0,0.0,0.0,26,0.10005202705406811,phash_adaptive,0.1,rhash32,1024,residual,zero,bit_llr,mad,0.466,0.25
0.549142648888889,0.0011481999999999966,0.19747176170080058,0.0,0.0,0.0,0.1,0.9995,0.0005,0.999,0.0,0.9995,1.0,0.999,0.0,0.28071111111111113,0.0,0.0,0.0,12632,0.13380432455576965,phash_adaptive,0.1,rhash32,1024,residual,zero,bit_em,mad,0.466,4.097
0.6618769822222222,0.2541764911111111,0.12919668062807255,0.0,0.0,0.0,0.1,1.0,1.646273637374973e-06,1.0,0.0,1.0,1.0,1.0,0.0,0.03471111111111111,0.0,0.0,0.0,1562,0.10322474090590032,phash_adaptive,0.1,rhash32,1024,residual,zero,hamming_knn,mad,0.466,0.555
0.56021366,0.2554688733333333,0.12239858761687453,0.0,0.0278,0.0,0.1,0.6218852280311457,0.6218852280311457,0.2392,0.2392,0.6218852280311457,1.0,0.2392,0.0532,0.07993333333333333,0.06885840020709293,0.0532,0.06002482229493399,3863,0.10260745171987776,phash_adaptive,0.1,rhash32,1024,residual,zero,hamming_ball,mad,0.466,0.544
0.7167131688888888,0.40858506666666666,0.22865329497376213,0.0,0.0,0.0,0.1,0.9999051167964405,9.488320355951064e-05,0.9994,0.0,0.9999051167964405,1.0,0.9994,0.002,0.11213333333333333,0.001977848101265823,0.002,0.001988862370723946,5056,0.11102705589177643,phash_adaptive,0.1,rhash32,1024,residual,zero,block_collision,mad,0.466,3.174
0.35232982888888886,0.7452549111111111,0.0843314849226306,0.0,0.0424,0.045,0.1,0.36032916573971074,0.8638059176863181,0.185,0.5778,0.6396708342602893,-1.0,0.4588,0.1356,0.028511111111111112,0.3457419683834778,0.1356,0.19479959775894268,1961,0.08996856720581195,phash_adaptive,0.1,rhash32,1024,residual,zero,hash_spectral,mad,0.466,0.186
0.6835449933333334,0.37761584000000004,0.13899282895419598,0.0012,0.0126,0.0002,0.1,0.9126256952169076,0.27803081201334817,0.0704,0.0,0.9126256952169076,1.0,0.0704,0.0,0.005933333333333333,0.0,0.0,0.0,267,0.1005368668690809,phash_adaptive,0.1,rhash32,1024,residual,zero,hash_stability,mad,0.466,0.034
0.5908489422222223,0.48553471555555555,0.122226880029481,0.0058,0.0532,0.0054,0.1,0.6873961512791992,0.4798850055617353,0.0406,0.0062,0.6873961512791992,1.0,0.0406,0.0008,0.0017111111111111112,0.04938271604938271,0.0008,0.001574493209998032,81,0.10008213305554998,phash_adaptive,0.1,rhash_rgb,768,residual,zero,bit_llr,mad,1.65,0.193
0.30620899777777777,0.40113661777777776,0.07163047506964122,0.0,0.0,0.0,0.1,0.4476062291434928,0.48892596218020024,0.0,0.0,0.5523937708565072,-1.0,0.0,0.0,0.18173333333333333,0.0,0.0,0.0,8178,0.11955430156377027,phash_adaptive,0.1,rhash_rgb,768,residual,zero,bit_em,mad,1.65,3.0
0.4703769644444445,0.4632852644444445,0.09020335403685122,0.008,0.034,0.008,0.1,0.42340193548387095,0.4211679199110122,0.0068,0.0068,0.576598064516129,-1.0,0.0068,0.0108,0.014844444444444445,0.07479224376731301,0.0108,0.018874519398811605,722,0.10036933317098909,phash_adaptive,0.1,rhash_rgb,768,residual,zero,hamming_knn,mad,1.65,0.525
0.516326128888889,0.4247489844444444,0.10137217778030107,0.0078,0.0308,0.0078,0.1,0.42373993325917686,0.4197299443826474,0.0056,0.0056,0.5762600667408231,-1.0,0.0056,0.0268,0.0408,0.06802030456852792,0.0268,0.038450502152080346,1970,0.10131168019987508,phash_adaptive,0.1,rhash_rgb,768,residual,zero,hamming_ball,mad,1.65,0.519
0.4562842044444444,0.5278898777777777,0.0952654754486848,0.0,0.0442,0.0,0.1,0.3697934816462737,0.4223739043381535,0.005,0.005,0.6302065183537263,-1.0,0.0184,0.0676,0.065,0.10358565737051793,0.0676,0.08181048045504054,3263,0.09974966300789524,phash_adaptive,0.1,rhash_rgb,768,residual,zero,block_collision,mad,1.65,2.071
0.45243714444444444,0.46883983333333334,0.08699545597870362,0.0084,0.032,0.0084,0.1,0.4059241601779755,0.43796482758620686,0.0068,0.0068,0.5940758398220245,-1.0,0.0108,0.0136,0.01937777777777778,0.07234042553191489,0.0136,0.022895622895622896,940,0.10052996331023237,phash_adaptive,0.1,rhash_rgb,768,residual,zero,hash_spectral,mad,1.65,0.12
0.5743604044444445,0.46504272,0.11732241261415097,0.0068,0.0546,0.0042,0.1,0.6517051390433816,0.44441030033370404,0.0146,0.0038,0.6517051390433816,1.0,0.0146,0.0028,0.006377777777777777,0.046511627906976744,0.0028,0.005282022259950953,301,0.10032395018008411,phash_adaptive,0.1,rhash_rgb,768,residual,zero,hash_stability,mad,1.65,0.035
0.58148846,0.5086612066666667,0.18673208066120356,0.0804,0.1474,0.0394,0.1,0.6236272747497219,0.5121330367074527,0.117,0.0568,0.6236272747497219,1.0,0.117,0.0082,0.0013555555555555556,0.4019607843137255,0.0082,0.016072128577028617,102,0.09938274079121408,phash_adaptive,0.1,rhash_energy,256,residual,mean,bit_llr,mad,0.625,0.094
0.4157464266666666,0.4218319511111111,0.10380014808098907,0.0,0.0,0.0,0.1,0.13398260289210234,0.18765904338153502,0.0,0.0,0.8660173971078977,-1.0,0.0,0.2006,0.2653333333333333,0.0774936258981689,0.2006,0.11179847294209441,12943,0.10786086299484578,phash_adaptive,0.1,rhash_energy,256,residual,mean,bit_em,mad,0.625,0.904
0.33560822888888886,0.44630169999999997,0.06877092729699008,0.0,0.001,0.0,0.1,0.1661999110122358,0.4124553503893215,0.0,0.0,0.8338000889877641,-1.0,0.1394,0.0,0.0011111111111111111,0.0,0.0,0.0,50,0.1001001001001001,phash_adaptive,0.1,rhash_energy,256,residual,mean,hamming_knn,mad,0.625,0.449
0.5048465533333334,0.15636583777777774,0.1257711546954726,0.0,0.0,0.0,0.1,0.28747561735261407,0.28747561735261407,0.0,0.0,0.7125243826473859,-1.0,0.0,0.0012,0.16211111111111112,0.0008218052321599781,0.0012,0.0009755304446792943,7301,0.11695824258179348,phash_adaptive,0.1,rhash_energy,256,residual,mean,hamming_ball,mad,0.625,0.442
0.33451938,0.6982002933333333,0.07369025196328946,0.0,0.0,0.0,0.1,0.1728441824249166,0.786526318131257,0.0,0.2688,0.8271558175750834,-1.0,0.2688,0.2946,0.15188888888888888,0.17729898892633605,0.2946,0.22137060414788098,8308,0.08459656528830471,phash_adaptive,0.1,rhash_energy,256,residual,mean,block_collision,mad,0.625,0.708
0.4721950622222222,0.51419264,0.09312684692219278,0.0016,0.0362,0.0016,0.1,0.4742591768631813,0.5383408231368187,0.0748,0.0748,0.5257408231368187,-1.0,0.0748,0.0,0.0015333333333333334,0.0,0.0,0.0,69,0.10013819070317037,phash_adaptive,0.1,rhash_energy,256,residual,mean,hash_spectral,mad,0.625,0.058
0.36873493555555553,0.4375346222222222,0.0736217384644292,0.0034,0.0108,0.005,0.1,0.23115377085650723,0.382817597330367,0.0028,0.0026,0.7688462291434928,-1.0,0.0028,0.0004,0.001977777777777778,0.02197802197802198,0.0004,0.000785700255352583,91,0.10014225891121842,phash_adaptive,0.1,rhash_energy,256,residual,mean,hash_stability,mad,0.625,0.034
0.5877042133333333,0.4816527466666667,0.12072074648809336,0.0074,0.0486,0.0068,0.1,0.6796319021134594,0.4672967964404895,0.0222,0.0068,0.6796319021134594,1.0,0.0222,0.0008,0.0016444444444444445,0.05128205128205128,0.0008,0.0015754233950374162,78,0.10007611874524258,phash_adaptive,0.1,ahash_res,256,residual,mean,bit_llr,mad,0.595,0.095
0.5273682266666666,0.5258680533333333,0.10947499378476588,0.0,0.0,0.0,0.1,0.4642974193548387,0.413422892102336,0.0,0.0,0.5357025806451613,-1.0,0.0,0.249,0.1448888888888889,0.16033483580167418,0.249,0.19506462984723855,7765,0.08890730436841482,phash_adaptive,0.1,ahash_res,256,residual,mean,bit_em,mad,0.595,0.916
0.43952946,0.46074499999999996,0.08483679052892039,0.0052,0.0296,0.0052,0.1,0.36747775305895436,0.4317261401557286,0.0034,0.0034,0.6325222469410456,-1.0,0.0194,0.009,0.014844444444444445,0.06311360448807854,0.009,0.01575354454752319,713,0.10053360926816401,phash_adaptive,0.1,ahash_res,256,residual,mean,hamming_knn,mad,0.595,0.465
0.4810337866666667,0.45129090666666666,0.09611408263977488,0.008,0.0374,0.008,0.1,0.37090144605116804,0.40690647385984424,0.0026,0.0026,0.629098553948832,-1.0,0.0026,0.0282,0.03715555555555555,0.07777164920022063,0.0282,0.041391457507705856,1813,0.1008363251499367,phash_adaptive,0.1,ahash_res,256,residual,mean,hamming_ball,mad,0.595,0.457
0.44461853333333334,0.5854136977777777,0.11451576761500566,0.0298,0.1,0.0298,0.1,0.3787719688542825,0.4259307007786429,0.0038,0.0038,0.6212280311457175,-1.0,0.0038,0.1472,0.08575555555555556,0.1601741022850925,0.1472,0.15341323606044815,4595,0.09391036229490145,phash_adaptive,0.1,ahash_res,256,residual,mean,block_collision,mad,0.595,0.711
0.4483665133333334,0.4623041311111111,0.08539240406518808,0.0056,0.0266,0.0056,0.1,0.3953260066740823,0.4334496106785317,0.0068,0.0068,0.6046739933259178,-1.0,0.015,0.0104,0.017266666666666666,0.06272617611580217,0.0104,0.017841825355978728,829,0.10062841919017307,phash_adaptive,0.1,ahash_res,256,residual,mean,hash_spectral,mad,0.595,0.058
0.5654383177777778,0.46754592222222224,0.11604339182543051,0.0084,0.054,0.0056,0.1,0.6383739710789766,0.4432621357063404,0.013,0.0038,0.6383739710789766,1.0,0.013,0.0016,0.005022222222222222,0.03418803418803419,0.0016,0.003056935422239205,234,0.10030944821765864,phash_adaptive,0.1,ahash_res,256,residual,mean,hash_stability,mad,0.595,0.031
